tree
version=v4
num_class=1
num_tree_per_iteration=1
label_index=0
max_feature_idx=44
objective=binary sigmoid:1
feature_names=elevation_mean slope_mean_deg slope_max_deg aspect_mean_deg distance_to_nearest_river_m nearest_river_order nearest_river_discharge_cms upslope_basin_area_km2 length_m maxspeed cell_dist_m soil_clay_0_5cm_pct soil_sand_0_5cm_pct soil_silt_0_5cm_pct soil_soc_0_5cm_dg_kg soil_bdod_0_5cm_cg_cm3 soil_cfvo_0_5cm_cm3_dm3 soil_phh2o_0_5cm_ph10 rain_1d_mm rain_3d_mm rain_7d_mm rain_15d_mm rain_30d_mm rain_max_1d_in_3d_mm api_mm days_since_rain id_ratio_1d id_ratio_3d id_ratio_7d month aspect_sin aspect_cos doy_sin doy_cos bridge tunnel is_monsoon soil_is_missing id_exceed_1d id_exceed_3d id_exceed_7d highway surface landcover_class lithology_class
monotone_constraints=0 0 0 0 0 0 0 0 0 0 0 0 0 0 0 0 0 0 1 1 1 1 1 1 1 0 1 1 1 0 0 0 0 0 0 0 0 0 1 1 1 0 0 0 0
feature_infos=[-167.97732993822504:5084.8126656214754] [-3.2919748174810572:53.636696366998841] [-5.7697748630135584:90.759113155572706] [-7.1170623705808387:358.85485923121672] [-256.24664899366383:3430.0367456774766] [0.43009967125662163:8.1974827525017719] [-150.95006562977122:21298.506041846904] [-15796.684976057557:918837.44017673586] [-668.12724558274249:53618.282214540362] [3.0909459115809765:102.855927216149] [-778.56435563318291:19643.247697747782] [-0.075289155065096036:47.196136899769073] [0.68633832988950316:60.267253944337035] [0.73812811791850685:62.397701394241558] [-19.520872580234528:1045.5601656738527] [0.028268507626998222:1.4813381751296444] [-10.537854279571388:344.58916613984331] [0.27483580955947745:7.528493803357124] [-7.0665341850846719:190.57291950785401] [-14.949916206449887:339.76042846758463] [-25.113156329389906:502.39809863511726] [-41.111582381875152:877.32506940081089] [-85.579440303926035:1345.0429621832877] [-10.354492437227892:198.71666412369973] [-34.005683241819916:617.12091335253069] [-6.1687343910311716:64.429527266438228] [-0.17933081997444109:5.0959332250675136] [-0.19137432635447643:4.7255814627110295] [-0.24356872328791646:4.2587839813190982] [0.26126843766014207:12.874118088185654] [-1.2166065758308588:1.2024430945547808] [-1.202122628853723:1.0903419221734254] [-1.232098399670853:1.1993679018818668] [-1.2327240711814129:1.2111072083596908] [-0.098109010353907927:1.0759465625472999] [-0.0099223063463043087:1.005942880690798] [-0.17510601362614878:1.1801297052962436] [-0.060646915917380494:1.0498659384080251] [-0.10210394073161655:1.1109351321127541] [-0.14358828848943173:1.1186677728354444] [-0.16225097591622026:1.1669390962198971] -1:3:11:8:6:9:1:4:10:2:5:7 -1:1:18:10:2:14:5:9:6:4:3:8:17:7:15:13:16:0:11:12:20 -1:0:3:4:2:5:6:1 -1:18:0:1:19:9:17:12:14:20:10:6:2:13:4:8:7:3:11:16
tree_sizes=565 600 600 600 582 602 600 602 602 604 582 603 600 603 604 603 607 602 599 584 600 603 583 588 585 591 604 605 601 586 601 606 606 584 590 585 602 607 585 589 603 610 603 611 587 582 597 609 591 592 589 593 603 598 585 598 606 609 597 608 586 605 601 585 595 588 590 609 588 595 598 596 608 606 596 591 588 599 588 589 590 588 600 605 596 590 605 587 607 605 590 586 587 608 597 585 596 607 604 595 593 591 595 594 601 590 592 597 599 610 592 597 590 600 612 591 588 612 590 588 608 595 600 606 597 595 609 582 606 605 591 593 593 578 599 613 594 611 612 590 610 604 592 616 606 591 612 600 607 601 613 596 591 613 593 593 591 593 586 592 591 590 578 590 607 593 605 613 595 589 597 587 618 590 600 591 603 580 590 575 613 587 595 602 608 590 610 588 595 592 610 596 594 585 592 581 604 597 591 610 577 593 604 589 601 600 599 596 586 593 609 597 609 598 606 591 584 619 592 589 611 613 592 587 590 612 595 573 585 598 613 613 591 593 591 593 590 614 609 591 588 603 563 609 592 619 613 616 593 606 591 595 606 596 562 591 594 591 592 596 603 574 614 592 612 593 585 592 593 592 618 597 592 614 593 587 591 597 594 588 583 593 615 595 595 597 597 608 570 610 618 614 593 595 592 592 589 616 583 614 610 598 619 612 594 607 597 590 614 598 593 593 610 614 589 597 593 570 590 614 592 600 590 616 594 601 597 590 591 568 603 557 594 596 595 572 595 591 590 592 613 595 618 595 594 598 583 582 584 595 588 615 593 586 598 596 568 612 577 588 605 587 605 591 592 609 611 613 584 604 610 619 614 599 577 595 618 613 579 592 611 614 592 584 612 617 583 592 566 591 596 610 586 573 592 588 595 588 594 564 580 600 591 579 591 604 585 592 613 599 590 589 591 606 558 594 615 597 618 597 587 612 596 609 589 594 594 598 590 576 584 592 593 610 587 608 613 595 615 588 588 615 592 613 593 593 616 598 594 584 591 592 605 590 590 609 572 595 590 595 597 611 608 567 611 572 586 588 605 616 593 586 613 610 595 591 592 590 587 592 596 589 593 623 589 616 592 588 589 592 587 589 593 579 613 592 588 611 588 592 593 610 566 595 594 609 611 615 570 592 586 554 598 586 559 592 612 592 588 588 587 584 585 591 615 592 613 619 591 585 612 592 596 600 586 590 612 593 591 594 592 598 590 589 596 595 611 595 589 590 595 611 594 604 591 596 582 608 613 611 569 593 586 616 595 596 592 601 588 583 612 609 585 611 618 598 589 593 600 609 608 590 588 594 607 591 589 577 590 595 590 592 611 575 590 569 615 589 604 588 580 594 613 587 592 578 592 612 614 615 590 613 586 599 615 598 582 607 588 620 592 575 611 612 573 589 590 583 589 577 577 617 591 589 593 599 562 611 572 590 591 610 616 605 617 605 593 612 621 589 604 585 591 615 621 591 613 582 616 608 581 590 568 593 617 584 590 588 612 580 582 595 612 574 597 593 590 596 588 590 592 587 619 589 616 598 614 596 603 612 614 594 588 572 593 595 585 586 613 576 596 598 622 583 595 591 609 591 616 589 595 591 591 583 604 586 590 599 595 597 593 586 613 599 590 587 593 587 614 598 587 575 612 581 598 590 594 585 594 568 586 591 596 593 595 607 592 590 610 597 591 598 591 615 569 585 613 605 575 615 620 590 587 595 589 601 615 582 615 609 593 567 589 596 604 613 616 616 616 592 577 612 607 587 613 590 603 619 590 589 614 578 574 597 590 599 592 582 603 589 587 600 614 608 616 597 592 594 584 588 614 591 585 590 594 574 606 591 605 599 589 594 614 596 611 597 612 595 588 601 613 607 616 585 591 616 595 605 620 591 614 584 574 589 595 595 612 593 578 595 610 591 591 603 596 593 618 615 614 607 595 614 612 586 602 595 588 619 614 593 619 589 589 593 616 611 607 613 591 592 578 583 590 591 619 591 613 603 617 620 597 614 590 617 612 584 583 586 599 590 585 588 617 592 590 596 591 591 615 591 587 573 582 578 576 587 605 594 586 592 612 590 593 600 587 614 590 591 617 595 572 607 593 587 613 602 583 589 598 623 587 597 589 587 587 582 586 610 618 594 607 592 612 610 617 605 616 616 592 596 579 594 616 593 590 589 620 595 598 596 596 602 596 587 597 609 585 592 591 573 612 580 592 602 590 600 586 620 575 612 616 615 589 612 586 604 589 601 594 575 605 601 590 595 598 618 594 593 600 617 595 576 620 591 614 597 583 590 599 610 582 592 590 598 597 596 594 602 593 583 605 585 595 605 590 597 593 568 565 589 590 618 614 617 568 596 612 611 592 590 595 592 589 610 555 593 591 592 593 590 589 619 589 593 598 595 587 606 567 613 594 612 591 596 595 591 589 595 596 604 574 605 584 609 595 596 591 615 619 599 586 608 601 591 587 593 591 589 591 582 600 589 589 601 589 618 603 618 590 595 595 607 588 588 620 599 606 592 596 582 616 623 618 579 613 589 591 599 586 598 592 592 593 616 616 590 599 617 622 594 593 593 597 594 618 593 590 593 590 599 592 594 594 595 594 591 598 595 590 581 589 616 591 598 613 616 617 618 617 618 594 589 560 601 619 606 607 591 590 599 601 597 600 589 589 619 589 618 589 611 594 614 596 616 593 592 592 595 602 595

Tree=0
num_leaves=4
num_cat=0
split_feature=1 40 22
split_gain=6597.62 3997.34 1571.71
threshold=8.201163192230192 0.11115248807602077 187.63025989266677
decision_type=2 2 2
left_child=-1 2 -2
right_child=1 -3 -4
leaf_value=-2.4616473788167572 -2.4370585621513317 -2.257570194546989 -2.3591642960864858
leaf_weight=2082.299604521133 528.70996829867363 263.15262717008591 542.00974035263062
leaf_count=31854 10196 5206 10615
internal_value=-2.42587 -2.36997 -2.39768
internal_weight=3416.17 1333.87 1070.72
internal_count=57871 26017 20811
is_linear=0
shrinkage=1


Tree=1
num_leaves=4
num_cat=1
split_feature=1 43 21
split_gain=5952.96 3351.22 2222.39
threshold=7.1809461889115243 0 133.13349941730024
decision_type=2 9 2
left_child=-1 -2 -3
right_child=1 2 -4
leaf_value=-0.03279827509620107 0.21183908749935748 -0.0024919622294558063 0.081595810760056092
leaf_weight=2010.838170084171 116.72399916686118 684.66722653061152 618.31296749971807
leaf_count=31513 2109 13148 11126
internal_value=0.00280873 0.0532836 0.037085
internal_weight=3430.54 1419.7 1302.98
internal_count=57896 26383 24274
cat_boundaries=0 1
cat_threshold=16
is_linear=0
shrinkage=0.0321881


Tree=2
num_leaves=4
num_cat=1
split_feature=2 21 43
split_gain=5668.6 2849.2 1669.98
threshold=13.028412260347826 130.46247592553286 0
decision_type=2 2 9
left_child=-1 -2 -3
right_child=1 2 -4
leaf_value=-0.033538697578453604 0.0043961636942661808 0.22380114576579244 0.072230588993376449
leaf_weight=1918.2160483784974 745.54825566709042 83.935360848903656 699.62026597186923
leaf_count=30713 14176 1277 11889
internal_value=0.00329194 0.0495346 0.0923879
internal_weight=3447.32 1529.1 783.556
internal_count=58055 27342 13166
cat_boundaries=0 1
cat_threshold=16
is_linear=0
shrinkage=0.0321881


Tree=3
num_leaves=4
num_cat=1
split_feature=1 22 43
split_gain=5278.75 2399.2 1605.56
threshold=4.7997256627729277 170.10956684382882 0
decision_type=2 2 9
left_child=-1 -2 -3
right_child=1 2 -4
leaf_value=-0.03343178586320289 -0.0091880532742218048 0.18251999736534028 0.05796346695894336
leaf_weight=1857.8643188709393 531.3323618248105 120.60427434556186 935.43696621060371
leaf_count=30593 10145 1602 15546
internal_value=0.00337494 0.0464923 0.0745631
internal_weight=3445.24 1587.37 1056.04
internal_count=57886 27293 17148
cat_boundaries=0 1
cat_threshold=16
is_linear=0
shrinkage=0.0321881


Tree=4
num_leaves=4
num_cat=0
split_feature=2 22 6
split_gain=4856.76 2085.93 1629.43
threshold=11.957255155035687 207.544426121844 92.635836902621193
decision_type=2 2 2
left_child=-1 -2 -3
right_child=1 2 -4
leaf_value=-0.033465883722413027 -0.0032061528792414425 0.057112016325010173 0.18862954746276211
leaf_weight=1790.6581097925082 625.24156677350402 917.20505628734827 109.72976560518146
leaf_count=30289 11782 14093 1618
internal_value=0.00323461 0.0430489 0.0712672
internal_weight=3442.83 1652.18 1026.93
internal_count=57782 27493 15711
is_linear=0
shrinkage=0.0321881


Tree=5
num_leaves=4
num_cat=1
split_feature=44 22 6
split_gain=4478.36 1944.04 834.875
threshold=0 258.006237377334 72.364764856822163
decision_type=9 2 2
left_child=1 -1 -3
right_child=-2 2 -4
leaf_value=0.0063203482112874129 -0.027231183195188628 0.066659837556698756 0.15581009625641071
leaf_weight=641.97353237308562 2066.1563782095909 616.26130642555654 134.19198963604867
leaf_count=11694 35403 9105 1747
internal_value=0.00278161 0.0472155 0.0827302
internal_weight=3458.58 1392.43 750.453
internal_count=57949 22546 10852
cat_boundaries=0 1
cat_threshold=8263
is_linear=0
shrinkage=0.0321881


Tree=6
num_leaves=4
num_cat=1
split_feature=1 22 43
split_gain=4217.98 1717.01 1283.05
threshold=6.5793027108615574 98.161246239523436 0
decision_type=2 2 9
left_child=-1 -2 -3
right_child=1 2 -4
leaf_value=-0.032413208262362318 -0.02583236915249968 0.13766123270240241 0.041982575248382233
leaf_weight=1756.5706420214847 339.43571394681931 164.52323620021343 1190.3413744159043
leaf_count=31194 6565 1810 18168
internal_value=0.00251486 0.0387637 0.0549957
internal_weight=3450.87 1694.3 1354.86
internal_count=57737 26543 19978
cat_boundaries=0 1
cat_threshold=16
is_linear=0
shrinkage=0.0321881


Tree=7
num_leaves=4
num_cat=1
split_feature=1 22 44
split_gain=3987.77 1504.6 1000.14
threshold=4.7997256627729277 173.16211286677944 0
decision_type=2 2 9
left_child=-1 -2 -3
right_child=1 2 -4
leaf_value=-0.032787703873912666 -0.0089438480618230891 0.074247851980325907 0.023401582238727885
leaf_weight=1670.6761216558516 528.51583577878773 901.34806791692972 347.16280499845743
leaf_count=30496 10190 11915 5102
internal_value=0.00289219 0.0364725 0.055747
internal_weight=3447.7 1777.03 1248.51
internal_count=57703 27207 17017
cat_boundaries=0 1
cat_threshold=71
is_linear=0
shrinkage=0.0321881


Tree=8
num_leaves=4
num_cat=1
split_feature=2 21 41
split_gain=3695.7 1349.95 847.591
threshold=11.957255155035687 126.4472984038773 0
decision_type=2 2 9
left_child=-1 -2 -3
right_child=1 2 -4
leaf_value=-0.033078403153925989 0.001120546083630491 0.038216876364870991 0.10499915637512446
leaf_weight=1608.0575911384076 773.00577945448458 795.55639652535319 279.22318629547954
leaf_count=30156 13936 10361 3273
internal_value=0.00258047 0.0336478 0.0569774
internal_weight=3455.84 1847.79 1074.78
internal_count=57726 27570 13634
cat_boundaries=0 1
cat_threshold=2368
is_linear=0
shrinkage=0.0321881


Tree=9
num_leaves=4
num_cat=1
split_feature=44 22 36
split_gain=3491.13 1307.07 812.731
threshold=0 98.161246239523436 0.84822263505422868
decision_type=9 2 2
left_child=1 -1 -3
right_child=-2 2 -4
leaf_value=-0.0233817455558719 -0.026648928006192507 0.14117325372994868 0.045022378971098058
leaf_weight=285.81326146237552 1915.4026817772537 99.618161115795374 1150.1400773972273
leaf_count=5613 35348 1500 15312
internal_value=0.00226625 0.0382979 0.0527628
internal_weight=3450.97 1535.57 1249.76
internal_count=57773 22425 16812
cat_boundaries=0 1
cat_threshold=8263
is_linear=0
shrinkage=0.0321881


Tree=10
num_leaves=4
num_cat=0
split_feature=1 40 6
split_gain=3326.77 1177.94 529.062
threshold=4.7997256627729277 0.099043643579008342 72.364764856822163
decision_type=2 2 2
left_child=-1 -2 -3
right_child=1 2 -4
leaf_value=-0.03270102698609393 0.015626784804934395 0.054319483180365398 0.13258401559385061
leaf_weight=1552.7462765686214 1400.4731006789953 378.43057767115533 119.93077550828457
leaf_count=30540 21597 4437 1188
internal_value=0.00222187 0.0308137 0.0733357
internal_weight=3451.58 1898.83 498.361
internal_count=57762 27222 5625
is_linear=0
shrinkage=0.0321881


Tree=11
num_leaves=4
num_cat=1
split_feature=2 22 43
split_gain=3110.13 1146.38 913.939
threshold=11.957255155035687 83.033471018775955 0
decision_type=2 2 9
left_child=-1 -2 -3
right_child=1 2 -4
leaf_value=-0.032634257547026251 -0.028041664867259595 0.10157194973251971 0.029736225606550912
leaf_weight=1491.0030618943274 305.85117582045496 209.09450550191104 1442.5981339793652
leaf_count=30158 6162 1922 19464
internal_value=0.00236818 0.0290618 0.0396769
internal_weight=3448.55 1957.54 1651.69
internal_count=57706 27548 21386
cat_boundaries=0 1
cat_threshold=16
is_linear=0
shrinkage=0.0321881


Tree=12
num_leaves=4
num_cat=1
split_feature=44 22 6
split_gain=2961.24 1021.5 406.306
threshold=0 267.8127503190405 88.335740100194457
decision_type=9 2 2
left_child=1 -1 -3
right_child=-2 2 -4
leaf_value=0.004590217556455601 -0.026090469135947973 0.046112441841679452 0.1032151883055251
leaf_weight=711.85683359950781 1802.9758472600952 770.16667484119534 158.34650097414851
leaf_count=12000 35171 9041 1452
internal_value=0.00229941 0.0334964 0.055943
internal_weight=3443.35 1640.37 928.513
internal_count=57664 22493 10493
cat_boundaries=0 1
cat_threshold=8263
is_linear=0
shrinkage=0.0321881


Tree=13
num_leaves=4
num_cat=1
split_feature=1 22 41
split_gain=2856.13 1012.23 723.057
threshold=4.7997256627729277 83.033471018775955 0
decision_type=2 2 9
left_child=-1 -2 -3
right_child=1 2 -4
leaf_value=-0.032331749818137911 -0.027813032378744322 0.070223626117210794 0.022873060523591407
leaf_weight=1442.1690552448854 294.72113644704223 474.48667719773948 1225.8825799692422
leaf_count=30595 6095 5267 15741
internal_value=0.00215564 0.027118 0.036679
internal_weight=3437.26 1995.09 1700.37
internal_count=57698 27103 21008
cat_boundaries=0 1
cat_threshold=538
is_linear=0
shrinkage=0.0321881


Tree=14
num_leaves=4
num_cat=1
split_feature=1 22 43
split_gain=2693.77 912.845 720.089
threshold=4.7997256627729277 83.033471018775955 0
decision_type=2 2 9
left_child=-1 -2 -3
right_child=1 2 -4
leaf_value=-0.032195846966674942 -0.027711759182458121 0.085579825761841657 0.025517746767320323
leaf_weight=1402.4034484941512 284.08177114650607 239.15207710117102 1525.5135468114167
leaf_count=30607 6012 1976 19334
internal_value=0.00215267 0.0256969 0.0343335
internal_weight=3451.15 2048.75 1764.67
internal_count=57929 27322 21310
cat_boundaries=0 1
cat_threshold=16
is_linear=0
shrinkage=0.0321881


Tree=15
num_leaves=4
num_cat=1
split_feature=2 22 43
split_gain=2604.92 880.843 687.367
threshold=11.957255155035687 83.033471018775955 0
decision_type=2 2 9
left_child=-1 -2 -3
right_child=1 2 -4
leaf_value=-0.032390928720112296 -0.027914562749450068 0.082697520983962242 0.02468078244659714
leaf_weight=1356.3933236226439 281.29180393368006 244.84527761116624 1557.0328189246356
leaf_count=30425 6110 1951 19454
internal_value=0.00229989 0.0249195 0.0332053
internal_weight=3439.56 2083.17 1801.88
internal_count=57940 27515 21405
cat_boundaries=0 1
cat_threshold=16
is_linear=0
shrinkage=0.0321881


Tree=16
num_leaves=4
num_cat=1
split_feature=2 21 41
split_gain=2425.89 808.005 475.86
threshold=11.957255155035687 122.30185429177419 0
decision_type=2 2 9
left_child=-1 -2 -3
right_child=1 2 -4
leaf_value=-0.032239937497202019 -0.0022375623666062864 0.025532141163428588 0.069415692525983563
leaf_weight=1323.7809444665909 793.60348960198462 941.45495245978236 374.80013073608279
leaf_count=30583 13573 10484 3411
internal_value=0.00189294 0.0233402 0.0388077
internal_weight=3433.64 2109.86 1316.26
internal_count=58051 27468 13895
cat_boundaries=0 1
cat_threshold=2368
is_linear=0
shrinkage=0.0321881


Tree=17
num_leaves=4
num_cat=1
split_feature=2 22 43
split_gain=2293.55 735.997 592.973
threshold=11.957255155035687 71.404415889482991 0
decision_type=2 2 9
left_child=-1 -2 -3
right_child=1 2 -4
leaf_value=-0.03215694442911992 -0.028909457691358061 0.073698122019060702 0.021479465643375918
leaf_weight=1278.4377640550956 254.73370511457324 261.3073660787195 1628.2417424600571
leaf_count=30381 5682 2016 19855
internal_value=0.00194362 0.0223056 0.0292465
internal_weight=3422.72 2144.28 1889.55
internal_count=57934 27553 21871
cat_boundaries=0 1
cat_threshold=16
is_linear=0
shrinkage=0.0321881


Tree=18
num_leaves=4
num_cat=1
split_feature=44 20 6
split_gain=2208.97 705.5 260.204
threshold=0 60.733995069994961 61.695072398582347
decision_type=9 2 2
left_child=1 -1 -3
right_child=-2 2 -4
leaf_value=0.0042694751081181195 -0.024827444499830067 0.03615254684095346 0.076354096774872787
leaf_weight=784.74330014362931 1660.0263949539512 741.57911458984017 221.4724458809942
leaf_count=12449 35676 7959 1896
internal_value=0.00167067 0.0268629 0.0454803
internal_weight=3407.82 1747.79 963.052
internal_count=57980 22304 9855
cat_boundaries=0 1
cat_threshold=71
is_linear=0
shrinkage=0.0321881


Tree=19
num_leaves=4
num_cat=0
split_feature=2 22 36
split_gain=2122.08 687.112 516.981
threshold=11.957255155035687 83.033471018775955 0.84822263505422868
decision_type=2 2 2
left_child=-1 -2 -3
right_child=1 2 -4
leaf_value=-0.032041934168130976 -0.027680248185768121 0.082333237366500056 0.022394820574214967
leaf_weight=1227.2297476651147 264.32363829948008 163.89614680223167 1757.9349090196192
leaf_count=30565 6041 2099 19360
internal_value=0.00180757 0.02084 0.0275491
internal_weight=3413.38 2186.15 1921.83
internal_count=58065 27500 21459
is_linear=0
shrinkage=0.0321881


Tree=20
num_leaves=4
num_cat=1
split_feature=44 22 22
split_gain=2024.74 623.345 280.82
threshold=0 282.9950201275978 815.1623047738359
decision_type=9 2 2
left_child=1 -1 -3
right_child=-2 2 -4
leaf_value=0.003676450211308969 -0.024848087458461485 0.037350819403636479 0.10798829072460091
leaf_weight=795.21155229769647 1570.1745777819306 949.83819569461048 63.194305393844843
leaf_count=12506 35314 9332 538
internal_value=0.00179179 0.0249591 0.0418444
internal_weight=3378.42 1808.24 1013.03
internal_count=57690 22376 9870
cat_boundaries=0 1
cat_threshold=8263
is_linear=0
shrinkage=0.0321881


Tree=21
num_leaves=4
num_cat=1
split_feature=2 22 44
split_gain=1920.1 611.205 516.558
threshold=10.97032488748712 71.404415889482991 0
decision_type=2 2 9
left_child=-1 -2 -3
right_child=1 2 -4
leaf_value=-0.032084472070880006 -0.02932370463245745 0.033793105268803872 -0.0022505265621942743
leaf_weight=1160.4104750864208 241.01532485149801 1526.2732275854796 466.19141478464007
leaf_count=30284 5700 15726 6329
internal_value=0.00148008 0.0189487 0.0248227
internal_weight=3393.89 2233.48 1992.46
internal_count=58039 27755 22055
cat_boundaries=0 1
cat_threshold=71
is_linear=0
shrinkage=0.0321881


Tree=22
num_leaves=4
num_cat=0
split_feature=2 40 24
split_gain=1842.1 649.77 335.136
threshold=11.957255155035687 0.11115248807602077 22.419449171175881
decision_type=2 2 2
left_child=-1 2 -2
right_child=1 -3 -4
leaf_value=-0.031939799445832036 -0.027814580858266758 0.046059324406952727 0.013601650832455198
leaf_weight=1134.2150554396212 236.31699065677822 631.9685286693275 1376.9564342629164
leaf_count=30486 5472 5650 16417
internal_value=0.0014716 0.0183798 0.00749221
internal_weight=3379.46 2245.24 1613.27
internal_count=58025 27539 21889
is_linear=0
shrinkage=0.0321881


Tree=23
num_leaves=4
num_cat=0
split_feature=2 40 24
split_gain=1736.94 586.217 309.983
threshold=11.957255155035687 0.099043643579008342 22.419449171175881
decision_type=2 2 2
left_child=-1 2 -2
right_child=1 -3 -4
leaf_value=-0.031810363497976418 -0.027782475324931659 0.043301052889629633 0.012763555766979037
leaf_weight=1099.7763699744828 226.26242752559483 650.20370471850038 1392.5772727634758
leaf_count=30436 5388 5688 16408
internal_value=0.00136353 0.0174722 0.00705393
internal_weight=3368.82 2269.04 1618.84
internal_count=57920 27484 21796
is_linear=0
shrinkage=0.0321881


Tree=24
num_leaves=4
num_cat=0
split_feature=2 24 36
split_gain=1689.71 507.058 607.177
threshold=11.957255155035687 38.505433788049807 0.84822263505422868
decision_type=2 2 2
left_child=-1 -2 -3
right_child=1 2 -4
leaf_value=-0.031798054415630203 -0.020076709874147194 0.08611225550789707 0.018190971110681117
leaf_weight=1070.7468268624507 322.82322797551751 147.98268461041152 1815.7368481867015
leaf_count=30507 7154 1671 18670
internal_value=0.00154667 0.0171909 0.0233516
internal_weight=3357.29 2286.54 1963.72
internal_count=58002 27495 20341
is_linear=0
shrinkage=0.0321881


Tree=25
num_leaves=4
num_cat=2
split_feature=44 43 22
split_gain=1608.06 498.129 402.287
threshold=0 1 56.574079724648783
decision_type=9 9 2
left_child=1 -1 -3
right_child=-2 2 -4
leaf_value=-0.013002230243729599 -0.023469805872354491 -0.028729822771478737 0.034232153459301889
leaf_weight=349.37396937981248 1466.3391394736245 112.3160102814436 1411.665058594197
leaf_count=5530 35675 2790 13822
internal_value=0.00166981 0.021393 0.0293538
internal_weight=3339.69 1873.36 1523.98
internal_count=57817 22142 16612
cat_boundaries=0 1 2
cat_threshold=71 46
is_linear=0
shrinkage=0.0321881


Tree=26
num_leaves=4
num_cat=1
split_feature=2 43 6
split_gain=1497.01 545.301 435.485
threshold=11.957255155035687 0 103.78797870538706
decision_type=2 9 2
left_child=-1 -2 -3
right_child=1 2 -4
leaf_value=-0.031404301100557717 0.055152265277812328 0.0045146546164267932 0.057885006696598393
leaf_weight=1019.3153311167844 300.90100657567382 1839.4616726227105 173.58819726668298
leaf_count=30483 2289 23584 1549
internal_value=0.00107179 0.0154071 0.00910952
internal_weight=3333.27 2313.95 2013.05
internal_count=57905 27422 25133
cat_boundaries=0 1
cat_threshold=16
is_linear=0
shrinkage=0.0321881


Tree=27
num_leaves=4
num_cat=1
split_feature=44 22 22
split_gain=1402.34 461.989 221.985
threshold=0 282.9950201275978 815.1623047738359
decision_type=9 2 2
left_child=1 -1 -3
right_child=-2 2 -4
leaf_value=0.00025047931176373517 -0.023735839187184429 0.028324177637055328 0.087915814320873961
leaf_weight=824.01986586116254 1403.1925733680837 1027.9512416254729 70.277990374714136
leaf_count=12592 35637 9336 542
internal_value=0.000614365 0.0184507 0.0322137
internal_weight=3325.44 1922.25 1098.23
internal_count=58107 22470 9878
cat_boundaries=0 1
cat_threshold=8263
is_linear=0
shrinkage=0.0321881


Tree=28
num_leaves=4
num_cat=1
split_feature=2 43 22
split_gain=1368.03 508.608 380.741
threshold=10.97032488748712 0 762.76982938141362
decision_type=2 9 2
left_child=-1 -2 -3
right_child=1 2 -4
leaf_value=-0.031482006602587598 0.052552155468806268 0.0054979944061378525 0.081497952734709653
leaf_weight=961.187794319354 300.45211858488619 1975.0962802041322 70.700523924082518
leaf_count=30104 2283 24845 618
internal_value=0.000835973 0.0141047 0.00812502
internal_weight=3307.44 2346.25 2045.8
internal_count=57850 27746 25463
cat_boundaries=0 1
cat_threshold=16
is_linear=0
shrinkage=0.0321881


Tree=29
num_leaves=4
num_cat=0
split_feature=1 22 22
split_gain=1329.29 472.766 294.922
threshold=4.4602160956301491 469.67975607805278 67.359039741379192
decision_type=2 2 2
left_child=-1 2 -2
right_child=1 -3 -4
leaf_value=-0.030977063600309492 -0.029159658593236343 0.039833240451706761 0.010944661784401743
leaf_weight=943.15564145706594 215.39163358695805 568.22184629552066 1564.2149651153013
leaf_count=30214 5557 4896 17046
internal_value=0.00127341 0.0142578 0.00605168
internal_weight=3290.98 2347.83 1779.61
internal_count=57713 27499 22603
is_linear=0
shrinkage=0.0321881


Tree=30
num_leaves=4
num_cat=1
split_feature=2 43 6
split_gain=1255.23 435.703 372.032
threshold=9.7054335455254339 0 97.411782435290277
decision_type=2 9 2
left_child=-1 -2 -3
right_child=1 2 -4
leaf_value=-0.031403867442697325 0.04813848046543566 0.0033177113349781517 0.050114598909314509
leaf_weight=897.3169636875391 311.94833173416555 1884.4926256379113 194.45784827321768
leaf_count=29748 2353 24107 1669
internal_value=0.00103288 0.0132351 0.00769377
internal_weight=3288.22 2390.9 2078.95
internal_count=57877 28129 25776
cat_boundaries=0 1
cat_threshold=16
is_linear=0
shrinkage=0.0321881


Tree=31
num_leaves=4
num_cat=1
split_feature=1 43 40
split_gain=1223.71 400.066 343.469
threshold=4.4602160956301491 0 0.11115248807602077
decision_type=2 9 2
left_child=-1 -2 -3
right_child=1 2 -4
leaf_value=-0.030937978747051686 0.046516885190496376 -0.00023326826565724516 0.029012340111016964
leaf_weight=896.77830399759114 313.56453769467771 1494.8265769518912 574.0434874240309
leaf_count=30424 2352 20357 4880
internal_value=0.0010853 0.0131679 0.00781527
internal_weight=3279.21 2382.43 2068.87
internal_count=58013 27589 25237
cat_boundaries=0 1
cat_threshold=16
is_linear=0
shrinkage=0.0321881


Tree=32
num_leaves=4
num_cat=1
split_feature=44 13 24
split_gain=1173.56 394.668 364.805
threshold=0 38.402748766987891 30.277204533563211
decision_type=9 8 2
left_child=1 2 -1
right_child=-2 -3 -4
leaf_value=-0.021652920176959706 -0.022698603776080309 -0.017699970324348124 0.027724899231680394
leaf_weight=170.9700814075768 1287.5788782653399 292.19945111125708 1520.6026258748025
leaf_count=3982 35342 4333 14266
internal_value=0.00111022 0.016627 0.0226942
internal_weight=3271.35 1983.77 1691.57
internal_count=57923 22581 18248
cat_boundaries=0 1
cat_threshold=8263
is_linear=0
shrinkage=0.0321881


Tree=33
num_leaves=4
num_cat=0
split_feature=2 22 22
split_gain=1140.93 379.535 269.149
threshold=11.957255155035687 476.3215658382889 56.574079724648783
decision_type=2 2 2
left_child=-1 2 -2
right_child=1 -3 -4
leaf_value=-0.030542371284286624 -0.030547486389712709 0.035512535529283823 0.0098109551103575908
leaf_weight=851.56907548010349 190.5171414501965 579.70816741883755 1630.1894635688514
leaf_count=30465 5124 4799 17479
internal_value=0.00144038 0.012815 0.00554948
internal_weight=3251.98 2400.41 1820.71
internal_count=57867 27402 22603
is_linear=0
shrinkage=0.0321881


Tree=34
num_leaves=4
num_cat=2
split_feature=2 43 41
split_gain=1092.85 392.936 346.751
threshold=10.97032488748712 0 1
decision_type=2 9 9
left_child=-1 -2 -3
right_child=1 2 -4
leaf_value=-0.03087638606888729 0.044722568023825009 0.059429930357684811 0.0035734762347394305
leaf_weight=818.01940551958978 322.17128754220903 112.60259504057467 1990.5299623068422
leaf_count=30112 2332 1024 24327
internal_value=0.00126869 0.012139 0.00686758
internal_weight=3243.32 2425.3 2103.13
internal_count=57795 27683 25351
cat_boundaries=0 1 2
cat_threshold=16 528
is_linear=0
shrinkage=0.0321881


Tree=35
num_leaves=4
num_cat=0
split_feature=1 22 36
split_gain=1025.72 363.684 361.332
threshold=4.0472241386797627 67.359039741379192 0.84822263505422868
decision_type=2 2 2
left_child=-1 -2 -3
right_child=1 2 -4
leaf_value=-0.030916945588978107 -0.029452447182936926 0.054508112742180648 0.010618264888922015
leaf_weight=799.1878415052779 208.49447011947632 216.02942246571183 2020.0708827925846
leaf_count=30101 5698 2513 19945
internal_value=0.000713102 0.0110817 0.0148923
internal_weight=3243.78 2444.59 2236.1
internal_count=58257 28156 22458
is_linear=0
shrinkage=0.0321881


Tree=36
num_leaves=4
num_cat=1
split_feature=2 43 22
split_gain=983.005 369.484 308.664
threshold=9.7054335455254339 0 815.1623047738359
decision_type=2 9 2
left_child=-1 -2 -3
right_child=1 2 -4
leaf_value=-0.031086892912158742 0.042021667437928213 0.0035621546353073494 0.076938555711705534
leaf_weight=762.61914831725881 327.97556581906974 2083.7073201620951 61.04654499143362
leaf_count=29728 2382 25500 496
internal_value=0.000834321 0.010707 0.00566225
internal_weight=3235.35 2472.73 2144.75
internal_count=58106 28378 25996
cat_boundaries=0 1
cat_threshold=16
is_linear=0
shrinkage=0.0321881


Tree=37
num_leaves=4
num_cat=1
split_feature=44 22 36
split_gain=984.726 322.054 230.727
threshold=0 267.8127503190405 0.84822263505422868
decision_type=9 2 2
left_child=1 -1 -3
right_child=-2 2 -4
leaf_value=-0.0010745802808196324 -0.021894722760198201 0.085354535515268101 0.021930440023761686
leaf_weight=783.45484821498394 1194.5623680748977 63.331438265740871 1159.1409990014508
leaf_count=11990 35455 452 9978
internal_value=0.00111442 0.0148844 0.0252842
internal_weight=3200.49 2005.93 1222.47
internal_count=57875 22420 10430
cat_boundaries=0 1
cat_threshold=8263
is_linear=0
shrinkage=0.0321881


Tree=38
num_leaves=4
num_cat=0
split_feature=1 22 22
split_gain=909.433 343.741 219.79
threshold=4.4602160956301491 473.03342829255786 56.574079724648783
decision_type=2 2 2
left_child=-1 2 -2
right_child=1 -3 -4
leaf_value=-0.030205075526872776 -0.030308796911137633 0.031289947991535963 0.0070044374155058412
leaf_weight=751.01437246194109 180.65010218136013 606.7648157607764 1674.4813392749056
leaf_count=30373 5111 4908 17627
internal_value=0.000773618 0.0102517 0.00333319
internal_weight=3212.91 2461.9 1855.13
internal_count=58019 27646 22738
is_linear=0
shrinkage=0.0321881


Tree=39
num_leaves=4
num_cat=2
split_feature=44 13 41
split_gain=913.99 307.319 282.314
threshold=0 38.402748766987891 1
decision_type=9 8 9
left_child=1 2 -1
right_child=-2 -3 -4
leaf_value=0.040646771004972777 -0.021804789906660134 -0.017181133754745566 0.01100013706194888
leaf_weight=457.47617274522781 1148.3853842206299 278.64577146526426 1287.9668357241899
leaf_count=4134 35231 4189 14108
internal_value=0.001 0.0140095 0.0191072
internal_weight=3172.47 2024.09 1745.44
internal_count=57662 22431 18242
cat_boundaries=0 1 2
cat_threshold=8263 536
is_linear=0
shrinkage=0.0321881


Tree=40
num_leaves=4
num_cat=1
split_feature=2 22 43
split_gain=873.453 324.635 284.648
threshold=10.97032488748712 762.76982938141362 0
decision_type=2 2 9
left_child=-1 2 -2
right_child=1 -3 -4
leaf_value=-0.030472502735768077 0.035206399303967711 0.062914517286211197 0.0031524506229690156
leaf_weight=705.89763599541038 291.91983367316425 115.07615251839161 2072.5270982105285
leaf_count=30171 2078 860 24905
internal_value=0.00108871 0.0101016 0.00749828
internal_weight=3185.42 2479.52 2364.45
internal_count=58014 27843 26983
cat_boundaries=0 1
cat_threshold=16
is_linear=0
shrinkage=0.0321881


Tree=41
num_leaves=4
num_cat=1
split_feature=44 40 24
split_gain=812.213 317.918 173.907
threshold=0 0.090973024701827207 21.229444823363476
decision_type=9 2 2
left_child=1 2 -1
right_child=-2 -3 -4
leaf_value=-0.026662134976762852 -0.021345959516210215 0.032296173904623339 0.0085556725433143938
leaf_weight=163.20644861832261 1104.7594244014472 610.756497586146 1270.1848876820877
leaf_count=4335 35154 4766 13485
internal_value=0.000755746 0.0127748 0.00449759
internal_weight=3148.91 2044.15 1433.39
internal_count=57740 22586 17820
cat_boundaries=0 1
cat_threshold=8279
is_linear=0
shrinkage=0.0321881


Tree=42
num_leaves=4
num_cat=1
split_feature=1 43 6
split_gain=796.649 293.238 277.762
threshold=4.0472241386797627 0 103.78797870538706
decision_type=2 9 2
left_child=-1 -2 -3
right_child=1 2 -4
leaf_value=-0.029887191016791843 0.037325578830574975 0.0014477042298492668 0.042165200439229618
leaf_weight=673.52168498001993 331.3400737317279 1959.1481111617759 190.69030720926821
leaf_count=29893 2460 24025 1530
internal_value=0.00112953 0.00957681 0.00506963
internal_weight=3154.7 2481.18 2149.84
internal_count=57908 28015 25555
cat_boundaries=0 1
cat_threshold=16
is_linear=0
shrinkage=0.0321881


Tree=43
num_leaves=4
num_cat=1
split_feature=1 39 41
split_gain=772.898 291.766 235.755
threshold=3.9020173235851172 0.091523100308811819 0
decision_type=2 2 9
left_child=-1 2 -2
right_child=1 -3 -4
leaf_value=-0.030259108808065417 0.017767362786574491 0.031788074324272095 -0.0031736920048516986
leaf_weight=649.27301549818367 546.95889019872993 478.00902365986258 1452.6481359433383
leaf_count=29669 5930 3877 18279
internal_value=0.000972664 0.00918494 0.00374665
internal_weight=3126.89 2477.62 1999.61
internal_count=57755 28086 24209
cat_boundaries=0 1
cat_threshold=538
is_linear=0
shrinkage=0.0321881


Tree=44
num_leaves=4
num_cat=0
split_feature=2 21 5
split_gain=743.402 282.152 236.717
threshold=9.7054335455254339 130.46247592553286 3.1738517113575733
decision_type=2 2 2
left_child=-1 -2 -3
right_child=1 2 -4
leaf_value=-0.030267105423962284 -0.0051280945510362606 0.010876203957415858 0.042262556201601818
leaf_weight=629.31702622910962 928.2664316482842 1249.7730172201991 314.23622033558786
leaf_count=29758 14551 11228 2349
internal_value=0.000962859 0.00887632 0.0172284
internal_weight=3121.59 2492.28 1564.01
internal_count=57886 28128 13577
is_linear=0
shrinkage=0.0321881


Tree=45
num_leaves=4
num_cat=0
split_feature=2 22 24
split_gain=705.531 283.076 249.016
threshold=8.8274492482647844 815.1623047738359 21.229444823363476
decision_type=2 2 2
left_child=-1 2 -2
right_child=1 -3 -4
leaf_value=-0.030410793399450253 -0.02835626135274303 0.062175451120751721 0.0092263675426331581
leaf_weight=603.7445489470847 198.10200922843069 97.231015924364328 2225.8940325789154
leaf_count=29387 5570 736 22405
internal_value=0.000813967 0.00831861 0.00612617
internal_weight=3124.97 2521.23 2424
internal_count=58098 28711 27975
is_linear=0
shrinkage=0.0321881


Tree=46
num_leaves=4
num_cat=2
split_feature=44 22 41
split_gain=663.235 261.227 230.724
threshold=0 71.404415889482991 1
decision_type=9 2 9
left_child=1 -1 -3
right_child=-2 2 -4
leaf_value=-0.027034221570470481 -0.02576429186335398 0.028623874294918056 0.0053699307467474982
leaf_weight=190.11814389750361 737.78365039709024 622.24524921178818 1554.7491519413888
leaf_count=5665 31038 5604 15774
internal_value=0.000652449 0.00898558 0.0122043
internal_weight=3104.9 2367.11 2176.99
internal_count=58081 27043 21378
cat_boundaries=0 1 2
cat_threshold=8911 538
is_linear=0
shrinkage=0.0321881


Tree=47
num_leaves=4
num_cat=1
split_feature=2 21 41
split_gain=653.226 276.081 206.901
threshold=9.2387110830268515 130.46247592553286 0
decision_type=2 2 9
left_child=-1 -2 -3
right_child=1 2 -4
leaf_value=-0.030261685142271975 -0.0061368019475726045 0.0083737798543844222 0.034469841903374765
leaf_weight=573.4255457916297 923.95904191862792 1146.4110370930284 442.13142911344767
leaf_count=29311 14629 10257 3419
internal_value=0.000707444 0.00780303 0.0159508
internal_weight=3085.93 2512.5 1588.54
internal_count=57616 28305 13676
cat_boundaries=0 1
cat_threshold=2368
is_linear=0
shrinkage=0.0321881


Tree=48
num_leaves=4
num_cat=2
split_feature=44 13 43
split_gain=630.959 249.586 230.424
threshold=0 37.94395408730643 1
decision_type=9 8 9
left_child=1 2 -1
right_child=-2 -3 -4
leaf_value=0.043634051291011548 -0.019600036619092581 -0.015153643372804322 0.010694692397309861
leaf_weight=257.57049817033112 1039.6228546113707 313.3626763895154 1462.3448140304536
leaf_count=1855 35509 4624 15606
internal_value=0.000664198 0.0110996 0.0159858
internal_weight=3072.9 2033.28 1719.92
internal_count=57594 22085 17461
cat_boundaries=0 1 2
cat_threshold=71 16
is_linear=0
shrinkage=0.0321881


Tree=49
num_leaves=4
num_cat=2
split_feature=2 43 41
split_gain=601.279 246.647 233.909
threshold=8.8274492482647844 0 1
decision_type=2 9 9
left_child=-1 -2 -3
right_child=1 2 -4
leaf_value=-0.029834308160386798 0.03310668291733581 0.054953101572541456 0.0011491964220458916
leaf_weight=549.3998276644852 323.9825372537598 77.149727378040552 2116.6194711886346
leaf_count=29383 2420 639 25492
internal_value=0.000644491 0.00732276 0.00331671
internal_weight=3067.15 2517.75 2193.77
internal_count=57934 28551 26131
cat_boundaries=0 1 2
cat_threshold=16 512
is_linear=0
shrinkage=0.0321881


Tree=50
num_leaves=4
num_cat=0
split_feature=2 22 36
split_gain=583.158 249.485 313.504
threshold=9.2387110830268515 56.574079724648783 0.84822263505422868
decision_type=2 2 2
left_child=-1 -2 -3
right_child=1 2 -4
leaf_value=-0.029824785946229115 -0.030195974909351112 0.045378091880688892 0.0059701592536309887
leaf_weight=535.64233141299337 171.58908356539905 232.92036657035351 2112.2707992866635
leaf_count=29487 5350 2723 20289
internal_value=0.00064128 0.00715283 0.00991543
internal_weight=3052.42 2516.78 2345.19
internal_count=57849 28362 23012
is_linear=0
shrinkage=0.0321881


Tree=51
num_leaves=4
num_cat=2
split_feature=44 43 13
split_gain=561.103 239.532 177.439
threshold=0 1 37.577290131780316
decision_type=9 9 8
left_child=1 -1 -3
right_child=-2 2 -4
leaf_value=-0.013873143308421218 -0.018928511199149196 0.019698052568792822 -0.009562835439866588
leaf_weight=343.14031061157584 1006.205338969361 1450.6459326958284 248.71541530452669
leaf_count=5517 35852 13588 3108
internal_value=0.000611885 0.0103126 0.0152873
internal_weight=3048.71 2042.5 1699.36
internal_count=58065 22213 16696
cat_boundaries=0 1 2
cat_threshold=71 46
is_linear=0
shrinkage=0.0321881


Tree=52
num_leaves=4
num_cat=1
split_feature=2 22 41
split_gain=539.788 243.492 232.195
threshold=9.7054335455254339 815.1623047738359 0
decision_type=2 2 9
left_child=-1 2 -2
right_child=1 -3 -4
leaf_value=-0.029446657867946018 0.020424930028089924 0.057979676936235451 -0.0015792926841557402
leaf_weight=518.04065113328397 681.34522228781134 92.106158154085279 1750.3522462639958
leaf_count=29814 6699 696 20752
internal_value=0.000451605 0.006616 0.00463883
internal_weight=3041.84 2523.8 2431.7
internal_count=57961 28147 27451
cat_boundaries=0 1
cat_threshold=538
is_linear=0
shrinkage=0.0321881


Tree=53
num_leaves=4
num_cat=2
split_feature=44 24 41
split_gain=540.674 226.628 193.543
threshold=0 30.277204533563211 1
decision_type=9 2 9
left_child=1 -1 -3
right_child=-2 2 -4
leaf_value=-0.022873550765299601 -0.025603210656342829 0.026021958390739088 0.0046525093379670476
leaf_weight=226.37562310136855 631.7851676363498 615.83980747312307 1556.5052803335711
leaf_count=6188 30729 5431 15523
internal_value=0.000625613 0.00763716 0.0108832
internal_weight=3030.51 2398.72 2172.35
internal_count=57871 27142 20954
cat_boundaries=0 1 2
cat_threshold=8927 538
is_linear=0
shrinkage=0.0321881


Tree=54
num_leaves=4
num_cat=0
split_feature=1 21 6
split_gain=507.214 235.011 197.903
threshold=3.7677192314145578 131.81221141592286 112.21981466774385
decision_type=2 2 2
left_child=-1 -2 -3
right_child=1 2 -4
leaf_value=-0.029340548039632704 -0.0064341740092897183 0.0098306074321455241 0.046482459908074654
leaf_weight=495.26508885924704 935.6653244132176 1401.3230127175339 172.75324956327677
leaf_count=29534 14819 12311 1181
internal_value=0.000397786 0.00629385 0.0139
internal_weight=3005.01 2509.74 1574.08
internal_count=57845 28311 13492
is_linear=0
shrinkage=0.0321881


Tree=55
num_leaves=4
num_cat=1
split_feature=44 22 36
split_gain=479.82 205.67 250.013
threshold=0 56.574079724648783 0.84822263505422868
decision_type=9 2 2
left_child=1 -1 -3
right_child=-2 2 -4
leaf_value=-0.029105573665314587 -0.024497463446315242 0.042005487994800465 0.0056336422470856014
leaf_weight=154.09106959309429 640.62980851926841 217.99651916697621 1994.247027493082
leaf_count=5107 31029 2495 19238
internal_value=0 0.00669511 0.00925066
internal_weight=3006.96 2366.33 2212.24
internal_count=57869 26840 21733
cat_boundaries=0 1
cat_threshold=719
is_linear=0
shrinkage=0.0321881


Tree=56
num_leaves=4
num_cat=1
split_feature=2 22 41
split_gain=493.01 236.916 198.146
threshold=9.7054335455254339 815.1623047738359 0
decision_type=2 2 9
left_child=-1 2 -2
right_child=1 -3 -4
leaf_value=-0.029492957055180711 0.018898137326323245 0.057781817529125784 -0.0012578229903873282
leaf_weight=467.93931869510561 697.85795044992119 89.834665531292558 1749.5608603637666
leaf_count=29673 6789 688 20771
internal_value=0.000832183 0.00645231 0.00453678
internal_weight=3005.19 2537.25 2447.42
internal_count=57921 28248 27560
cat_boundaries=0 1
cat_threshold=538
is_linear=0
shrinkage=0.0321881


Tree=57
num_leaves=4
num_cat=1
split_feature=2 43 40
split_gain=461.424 247.155 199.161
threshold=8.8274492482647844 0 0.090973024701827207
decision_type=2 9 2
left_child=-1 -2 -3
right_child=1 2 -4
leaf_value=-0.029346290472657039 0.031633160759563503 -0.004181865962223667 0.016931289933132455
leaf_weight=448.57037124224007 329.27793713659048 1554.0361105250195 657.80322536174208
leaf_count=29281 2441 20694 5367
internal_value=0.000718116 0.00605254 0.00206024
internal_weight=2989.69 2541.12 2211.84
internal_count=57783 28502 26061
cat_boundaries=0 1
cat_threshold=16
is_linear=0
shrinkage=0.0321881


Tree=58
num_leaves=4
num_cat=2
split_feature=44 13 43
split_gain=438.894 243.024 189.849
threshold=0 37.850004269089219 1
decision_type=9 8 9
left_child=1 2 -1
right_child=-2 -3 -4
leaf_value=0.038960352353744919 -0.01838694676070712 -0.017108577016361905 0.0087166549980775068
leaf_weight=247.06818970758468 883.43241757038049 321.75960044562817 1539.9463104614988
leaf_count=1797 35250 4853 16121
internal_value=0.000512178 0.00850784 0.0132051
internal_weight=2992.21 2108.77 1787.01
internal_count=58021 22771 17918
cat_boundaries=0 1 2
cat_threshold=8407 16
is_linear=0
shrinkage=0.0321881


Tree=59
num_leaves=4
num_cat=1
split_feature=44 22 29
split_gain=429.23 201.656 164.997
threshold=0 56.574079724648783 9.4911541874110679
decision_type=9 2 2
left_child=1 -1 -3
right_child=-2 2 -4
leaf_value=-0.030007924218336597 -0.025018593935612489 0.0062767823806423161 0.043192621899442528
leaf_weight=149.3890146324411 559.44850595691241 2110.2500096224248 134.0447094431147
leaf_count=5120 30606 20558 1384
internal_value=8.14856e-05 0.00605556 0.00851435
internal_weight=2953.13 2393.68 2244.29
internal_count=57668 27062 21942
cat_boundaries=0 1
cat_threshold=8927
is_linear=0
shrinkage=0.0321881


Tree=60
num_leaves=4
num_cat=0
split_feature=2 21 5
split_gain=414.737 202.312 174.99
threshold=9.2387110830268515 127.83172752737175 3.1497373757702074
decision_type=2 2 2
left_child=-1 -2 -3
right_child=1 2 -4
leaf_value=-0.02896658509337446 -0.0068132645521608668 0.0068684458373144269 0.033378354053006251
leaf_weight=424.03065383201465 897.84074449632317 1311.1333035677671 324.42324941046536
leaf_count=29499 14313 11524 2443
internal_value=0.000463738 0.00541706 0.0121699
internal_weight=2957.43 2533.4 1635.56
internal_count=57779 28280 13967
is_linear=0
shrinkage=0.0321881


Tree=61
num_leaves=4
num_cat=1
split_feature=1 43 22
split_gain=396.762 225.179 172.7
threshold=10.284704465615452 0 486.60178452567897
decision_type=2 9 2
left_child=-1 -2 -3
right_child=1 2 -4
leaf_value=-0.022174725504815362 0.034162988770451361 -0.0020254505661154608 0.021056634236649205
leaf_weight=645.57749235467054 257.23558533936739 1633.5521421954036 421.4865888915956
leaf_count=33018 1777 19820 3265
internal_value=0.000109574 0.00636044 0.00266658
internal_weight=2957.85 2312.27 2055.04
internal_count=57880 24862 23085
cat_boundaries=0 1
cat_threshold=16
is_linear=0
shrinkage=0.0321881


Tree=62
num_leaves=4
num_cat=1
split_feature=2 22 44
split_gain=384.719 220.15 180.99
threshold=8.8274492482647844 815.1623047738359 0
decision_type=2 2 9
left_child=-1 2 -2
right_child=1 -3 -4
leaf_value=-0.028740920186779342 0.013868594776776983 0.052984196957037911 -0.0039011763335184677
leaf_weight=400.62861668830737 985.01990273781121 95.997411092743278 1458.33221819764
leaf_count=29316 9223 741 18624
internal_value=0.00053997 0.00518689 0.00327795
internal_weight=2939.98 2539.35 2443.35
internal_count=57904 28588 27847
cat_boundaries=0 1
cat_threshold=70
is_linear=0
shrinkage=0.0321881


Tree=63
num_leaves=4
num_cat=0
split_feature=1 22 22
split_gain=364.927 199.54 169.122
threshold=3.7677192314145578 815.1623047738359 59.892469227739241
decision_type=2 2 2
left_child=-1 2 -2
right_child=1 -3 -4
leaf_value=-0.028426923111358169 -0.029028118478545754 0.051414943351655286 0.0051919432987416409
leaf_weight=398.52182210353203 159.55068410653621 91.249182197265327 2278.2775614047423
leaf_count=29360 5516 692 22225
internal_value=0.000169463 0.00470299 0.00292358
internal_weight=2927.6 2529.08 2437.83
internal_count=57793 28433 27741
is_linear=0
shrinkage=0.0321881


Tree=64
num_leaves=4
num_cat=2
split_feature=44 13 43
split_gain=356.676 197.505 166.957
threshold=0 37.94395408730643 1
decision_type=9 8 9
left_child=1 2 -1
right_child=-2 -3 -4
leaf_value=0.036050968897899174 -0.017002204466327522 -0.016186600753686768 0.0076409540191020213
leaf_weight=245.56857001967728 840.7689745016396 303.33775834739208 1542.5966601744294
leaf_count=1836 35383 4686 16010
internal_value=0.000559471 0.00769521 0.0118267
internal_weight=2932.27 2091.5 1788.17
internal_count=57915 22532 17846
cat_boundaries=0 1 2
cat_threshold=8263 16
is_linear=0
shrinkage=0.0321881


Tree=65
num_leaves=4
num_cat=0
split_feature=1 22 32
split_gain=363.916 182.047 153.72
threshold=3.7677192314145578 476.3215658382889 -0.80127182464670466
decision_type=2 2 2
left_child=-1 2 -2
right_child=1 -3 -4
leaf_value=-0.028500781056200603 0.010366931558328289 0.020482363016528889 -0.0062937286989258601
leaf_weight=383.24872411927208 644.97536506969482 608.64163256948814 1277.6998951095156
leaf_count=29374 6688 4978 16721
internal_value=0.000694813 0.00514252 0.0002515
internal_weight=2914.57 2531.32 1922.68
internal_count=57761 28387 23409
is_linear=0
shrinkage=0.0321881


Tree=66
num_leaves=4
num_cat=0
split_feature=2 22 36
split_gain=341.875 183.665 283.697
threshold=8.8274492482647844 56.574079724648783 0.84822263505422868
decision_type=2 2 2
left_child=-1 -2 -3
right_child=1 2 -4
leaf_value=-0.028484411212845701 -0.029890879101634533 0.039434000901811761 0.0031933619682170621
leaf_weight=364.26045051706024 147.57155018951744 250.56085841916502 2139.4939823243767
leaf_count=29313 5340 2745 20386
internal_value=0.000640422 0.00484848 0.00702282
internal_weight=2901.89 2537.63 2390.05
internal_count=57784 28471 23131
is_linear=0
shrinkage=0.0321881


Tree=67
num_leaves=4
num_cat=1
split_feature=44 23 6
split_gain=317.565 177.462 135.123
threshold=0 5.2564470288657743 112.21981466774385
decision_type=9 2 2
left_child=1 -1 -3
right_child=-2 2 -4
leaf_value=-0.0089630429518998012 -0.022764593014838217 0.0077251891309572523 0.037715478483752375
leaf_weight=644.59973446466029 490.69213468092494 1579.4077545488253 174.3401539423503
leaf_count=10366 30582 15424 1248
internal_value=0.00053317 0.00540052 0.0107475
internal_weight=2889.04 2398.35 1753.75
internal_count=57620 27038 16672
cat_boundaries=0 1
cat_threshold=8927
is_linear=0
shrinkage=0.0321881


Tree=68
num_leaves=4
num_cat=0
split_feature=1 21 5
split_gain=323.78 174.548 158.114
threshold=3.7677192314145578 130.46247592553286 2.2448717033133412
decision_type=2 2 2
left_child=-1 -2 -3
right_child=1 2 -4
leaf_value=-0.028255570905558022 -0.0066969873329735452 0.0046855269172777804 0.027573296160223835
leaf_weight=358.13099210592918 921.97065488621593 1181.7654584110714 429.95695919916034
leaf_count=29524 14704 10269 3397
internal_value=0.000357728 0.00442954 0.0108339
internal_weight=2891.82 2533.69 1611.72
internal_count=57894 28370 13666
is_linear=0
shrinkage=0.0321881


Tree=69
num_leaves=4
num_cat=2
split_feature=1 41 44
split_gain=305.081 177.395 179.986
threshold=3.7677192314145578 0 1
decision_type=2 9 9
left_child=-1 -2 -3
right_child=1 2 -4
leaf_value=-0.027845527582075563 0.044776860103447579 0.012804408960123437 -0.0048704723339450867
leaf_weight=348.48298455425538 97.24250756483525 1006.5428899824619 1431.7704088483006
leaf_count=29511 769 9237 18453
internal_value=0.000358709 0.00426242 0.00242279
internal_weight=2884.04 2535.56 2438.31
internal_count=57970 28459 27690
cat_boundaries=0 1 2
cat_threshold=512 70
is_linear=0
shrinkage=0.0321881


Tree=70
num_leaves=4
num_cat=2
split_feature=44 24 41
split_gain=293.487 156.435 154.691
threshold=0 30.277204533563211 1
decision_type=9 2 9
left_child=1 -1 -3
right_child=-2 2 -4
leaf_value=-0.021727709604960729 -0.022450297992818318 0.021981865121275437 0.0023350827317482549
leaf_weight=207.18109789304435 479.36140462267213 555.1556679578498 1631.3625737810507
leaf_count=6241 30965 4970 15826
internal_value=0.000243488 0.00488987 0.00746556
internal_weight=2873.06 2393.7 2186.52
internal_count=58002 27037 20796
cat_boundaries=0 1 2
cat_threshold=8911 536
is_linear=0
shrinkage=0.0321881


Tree=71
num_leaves=4
num_cat=2
split_feature=44 13 43
split_gain=286.145 194.993 184.224
threshold=0 37.577290131780316 1
decision_type=9 8 9
left_child=1 2 -1
right_child=-2 -3 -4
leaf_value=0.03641125842058817 -0.016277145341594693 -0.015679178780461822 0.0064295500458777122
leaf_weight=241.64967915602028 776.05958062200807 342.09062565816566 1528.1471580248326
leaf_count=1832 35442 5117 15672
internal_value=0.000288366 0.00645354 0.0108056
internal_weight=2887.95 2111.89 1769.8
internal_count=58063 22621 17504
cat_boundaries=0 1 2
cat_threshold=8263 16
is_linear=0
shrinkage=0.0321881


Tree=72
num_leaves=4
num_cat=1
split_feature=1 22 41
split_gain=268.661 176.229 148.231
threshold=3.6661070323841889 851.83023505095173 0
decision_type=2 2 9
left_child=-1 2 -2
right_child=1 -3 -4
leaf_value=-0.027295535755881659 0.014680778483256728 0.051158282826016581 -0.0027482739691756701
leaf_weight=325.75814492860809 695.26405680691823 78.576958332210779 1766.3740963735618
leaf_count=29318 7317 613 20888
internal_value=0.000190067 0.00374212 0.00219792
internal_weight=2865.97 2540.22 2461.64
internal_count=58136 28818 28205
cat_boundaries=0 1
cat_threshold=538
is_linear=0
shrinkage=0.0321881


Tree=73
num_leaves=4
num_cat=1
split_feature=2 6 43
split_gain=268.918 168.215 178.208
threshold=8.8274492482647844 88.335740100194457 0
decision_type=2 2 9
left_child=-1 2 -2
right_child=1 -3 -4
leaf_value=-0.028257543926304859 0.02443641797019163 0.026750585601144281 -0.002850463788296191
leaf_weight=310.33001619437709 272.66260351613164 285.32521713711321 1993.2648864407092
leaf_count=29172 2070 2293 24310
internal_value=5.39769e-07 0.00346507 0.000502368
internal_weight=2861.58 2551.25 2265.93
internal_count=57845 28673 26380
cat_boundaries=0 1
cat_threshold=16
is_linear=0
shrinkage=0.0321881


Tree=74
num_leaves=4
num_cat=2
split_feature=1 41 44
split_gain=266.092 199.911 156.442
threshold=10.284704465615452 0 1
decision_type=2 9 9
left_child=2 -2 -1
right_child=1 -3 -4
leaf_value=0.03212975045171837 0.02092709729025629 -0.00029351208877143378 -0.025140384744453556
leaf_weight=46.653366949409246 618.49507126957178 1700.1966111827642 483.54187990282662
leaf_count=467 5535 19332 32510
internal_value=0.000704038 0.00543001 -0.0198371
internal_weight=2848.89 2318.69 530.195
internal_count=57844 24867 32977
cat_boundaries=0 1 2
cat_threshold=538 578
is_linear=0
shrinkage=0.0321881


Tree=75
num_leaves=4
num_cat=0
split_feature=15 24 36
split_gain=253.304 161.845 265.529
threshold=1.2259853370935125 21.229444823363476 0.84822263505422868
decision_type=10 2 2
left_child=1 -1 -3
right_child=-2 2 -4
leaf_value=-0.026488701591662587 -0.02602991613906545 0.038710513945262391 0.0023099158386086574
leaf_weight=170.26825639419258 336.37419074517675 230.93708135769702 2095.3378966181772
leaf_count=7288 22041 3193 25450
internal_value=0.000157899 0.00371399 0.00595448
internal_weight=2832.92 2496.54 2326.27
internal_count=57972 35931 28643
is_linear=0
shrinkage=0.0321881


Tree=76
num_leaves=4
num_cat=0
split_feature=2 40 6
split_gain=240.154 154.988 146.393
threshold=8.8274492482647844 0.090973024701827207 88.335740100194457
decision_type=2 2 2
left_child=-1 -2 -3
right_child=1 2 -4
leaf_value=-0.027621497926042227 -0.0018636437879473136 0.0084747109206978651 0.044891984456746879
leaf_weight=291.19313264056109 1794.8433767585084 601.90762730035931 143.28958933055401
leaf_count=29317 22518 5003 1035
internal_value=3.0858e-05 0.00322831 0.0155747
internal_weight=2831.23 2540.04 745.197
internal_count=57873 28556 6038
is_linear=0
shrinkage=0.0321881


Tree=77
num_leaves=4
num_cat=2
split_feature=43 22 44
split_gain=234.675 177.91 187.281
threshold=0 851.83023505095173 1
decision_type=9 2 9
left_child=1 2 -1
right_child=-2 -3 -4
leaf_value=0.0085374073182756284 -0.018936242396666129 0.053034119661284559 -0.013071382849186974
leaf_weight=1690.0774651822867 512.55236364481971 77.017564760986716 538.9714267058298
leaf_count=17502 20217 741 19399
internal_value=0.000521889 0.00493652 0.00326278
internal_weight=2818.62 2306.07 2229.05
internal_count=57859 37642 36901
cat_boundaries=0 1 2
cat_threshold=81 132167
is_linear=0
shrinkage=0.0321881


Tree=78
num_leaves=4
num_cat=0
split_feature=15 22 6
split_gain=229.526 190.662 152.851
threshold=1.2429532060118731 851.83023505095173 103.78797870538706
decision_type=10 2 2
left_child=1 2 -1
right_child=-2 -3 -4
leaf_value=-0.00098769313018396993 -0.02810012114286484 0.053049476912297791 0.027260383946329948
leaf_weight=2234.547260234016 270.90861531510018 76.496549530886114 213.33054135274142
leaf_count=34437 20507 710 2113
internal_value=1.90799e-05 0.00306434 0.00147129
internal_weight=2795.28 2524.37 2447.88
internal_count=57767 37260 36550
is_linear=0
shrinkage=0.0321881


Tree=79
num_leaves=4
num_cat=0
split_feature=15 22 22
split_gain=230.019 168.181 151.609
threshold=1.2351276993319955 851.83023505095173 50.345600348008233
decision_type=10 2 2
left_child=1 2 -1
right_child=-2 -3 -4
leaf_value=-0.030049415203221182 -0.026676844239887369 0.049491970870344917 0.0041991292270160624
leaf_weight=141.65177856618538 286.76348798745312 80.426856471691281 2309.7183479821542
leaf_count=6939 21195 743 29016
internal_value=0.000606067 0.00372362 0.00219139
internal_weight=2818.56 2531.8 2451.37
internal_count=57893 36698 35955
is_linear=0
shrinkage=0.0321881


Tree=80
num_leaves=4
num_cat=0
split_feature=15 22 36
split_gain=216.022 156.122 203.58
threshold=1.2404154817014275 39.924736701745594 0.84822263505422868
decision_type=10 2 2
left_child=1 -1 -3
right_child=-2 2 -4
leaf_value=-0.031550852277245502 -0.026985574448052871 0.031639384233279957 0.0018985637529946161
leaf_weight=125.21209020586684 267.72169447923079 268.8421406140551 2155.5800584093668
leaf_count=6364 20696 4143 26710
internal_value=0.000480452 0.00339171 0.00522554
internal_weight=2817.36 2549.63 2424.42
internal_count=57913 37217 30853
is_linear=0
shrinkage=0.0321881


Tree=81
num_leaves=4
num_cat=0
split_feature=2 21 5
split_gain=209.273 149.081 142.911
threshold=8.8274492482647844 120.87750147600546 2.2448717033133412
decision_type=2 2 2
left_child=-1 -2 -3
right_child=1 2 -4
leaf_value=-0.026859431379853489 -0.0078811786095428181 0.003129551430736077 0.024456330070834632
leaf_weight=263.56932062655687 829.17407887475565 1254.244201826863 443.93256337800995
leaf_count=29151 13859 11118 3595
internal_value=0.000395034 0.00326477 0.00874487
internal_weight=2790.92 2527.35 1698.18
internal_count=57723 28572 14713
is_linear=0
shrinkage=0.0321881


Tree=82
num_leaves=4
num_cat=2
split_feature=43 22 44
split_gain=204.741 151.722 170.134
threshold=0 851.83023505095173 1
decision_type=9 2 9
left_child=1 2 -1
right_child=-2 -3 -4
leaf_value=0.0077530936286067734 -0.018260312779503848 0.047915879646594967 -0.013280101449795209
leaf_weight=1699.8357253829017 490.57874967507087 80.296626206487417 508.49076929455623
leaf_count=17706 20159 764 19152
internal_value=0.000366869 0.00444935 0.00285521
internal_weight=2779.2 2288.62 2208.33
internal_count=57781 37622 36858
cat_boundaries=0 1 2
cat_threshold=81 132183
is_linear=0
shrinkage=0.0321881


Tree=83
num_leaves=4
num_cat=1
split_feature=44 1 5
split_gain=205.131 156.76 161.262
threshold=0 10.284704465615452 1.3086033542725337
decision_type=9 2 2
left_child=-1 -2 -3
right_child=1 2 -4
leaf_value=0.011777087236851065 -0.022986779542417832 -0.011459714883627493 0.011162392732136067
leaf_weight=1039.7860728371888 434.86199015250895 684.33802212961018 623.31007851473987
leaf_count=9480 32703 8692 6968
internal_value=0.000508975 -0.00621098 -0.00062778
internal_weight=2782.3 1742.51 1307.65
internal_count=57843 48363 15660
cat_boundaries=0 1
cat_threshold=70
is_linear=0
shrinkage=0.0321881


Tree=84
num_leaves=4
num_cat=2
split_feature=44 43 5
split_gain=195.197 137.204 137.477
threshold=0 1 2.2448717033133412
decision_type=9 9 2
left_child=1 -1 -3
right_child=-2 2 -4
leaf_value=0.02377286303910324 -0.020230217123528606 -0.0044425423485192888 0.014036845248246867
leaf_weight=295.76802502572536 406.96413693681825 1505.9509021141566 576.14870272949338
leaf_count=2880 31029 18038 6071
internal_value=6.11064e-05 0.00363215 0.000638348
internal_weight=2784.83 2377.87 2082.1
internal_count=58018 26989 24109
cat_boundaries=0 1 2
cat_threshold=735 16
is_linear=0
shrinkage=0.0321881


Tree=85
num_leaves=4
num_cat=2
split_feature=44 41 7
split_gain=206.244 179.941 162.334
threshold=0 1 18496.447156732076
decision_type=9 9 2
left_child=2 -2 -1
right_child=1 -3 -4
leaf_value=0.015819830497624792 0.025136794176692106 -0.0096888148214364211 -0.028577086351117959
leaf_weight=953.44600830040872 160.00979533232749 1573.4580180324847 92.574112817645073
leaf_count=8599 1852 46699 909
internal_value=0.00047 -0.00630897 0.0117122
internal_weight=2779.49 1733.47 1046.02
internal_count=58059 48551 9508
cat_boundaries=0 1 2
cat_threshold=70 530
is_linear=0
shrinkage=0.0321881


Tree=86
num_leaves=4
num_cat=2
split_feature=43 39 44
split_gain=176.651 135.964 121.547
threshold=0 0.091523100308811819 1
decision_type=9 2 9
left_child=1 2 -1
right_child=-2 -3 -4
leaf_value=0.0098803087719104409 -0.017254216441811535 0.019652663540590316 -0.0066021138186381769
leaf_weight=726.57839517027605 476.77281428733841 464.15018797572702 1097.1047316333279
leaf_count=7533 20251 5576 24498
internal_value=0.000332884 0.00408475 0.000107954
internal_weight=2764.61 2287.83 1823.68
internal_count=57858 37607 32031
cat_boundaries=0 1 2
cat_threshold=81 131142
is_linear=0
shrinkage=0.0321881


Tree=87
num_leaves=4
num_cat=0
split_feature=15 22 29
split_gain=193.98 149.706 133.32
threshold=1.2429532060118731 56.574079724648783 9.4911541874110679
decision_type=10 2 2
left_child=1 -1 -3
right_child=-2 2 -4
leaf_value=-0.02916329344419416 -0.027076335619539298 0.0029947664002538958 0.034601994702335749
leaf_weight=140.31402025092393 242.16155964462087 2248.9796061035013 147.81006552814506
leaf_count=7408 20671 28197 1810
internal_value=0.000407524 0.00305819 0.00497378
internal_weight=2779.27 2537.1 2396.79
internal_count=58086 37415 30007
is_linear=0
shrinkage=0.0321881


Tree=88
num_leaves=4
num_cat=1
split_feature=43 6 22
split_gain=180.846 131.793 136.219
threshold=0 103.78797870538706 896.99644631003537
decision_type=9 2 2
left_child=1 2 -1
right_child=-2 -3 -4
leaf_value=0.00033183267917968363 -0.017448162249616744 0.028555117865694837 0.051208604914751217
leaf_weight=2012.1597069385462 472.69278698973358 209.83634082088247 55.896135276649147
leaf_count=34789 20261 2065 521
internal_value=0.000428382 0.00422543 0.00174345
internal_weight=2750.58 2277.89 2068.06
internal_count=57636 37375 35310
cat_boundaries=0 1
cat_threshold=81
is_linear=0
shrinkage=0.0321881


Tree=89
num_leaves=4
num_cat=1
split_feature=43 22 22
split_gain=164.385 136.332 118.572
threshold=0 815.1623047738359 42.415843571300897
decision_type=9 2 2
left_child=1 2 -1
right_child=-2 -3 -4
leaf_value=-0.030867670110552015 -0.01718896786226853 0.042638070575954291 0.0037585931154505239
leaf_weight=107.24836957082152 463.07821278413758 89.243826854042709 2096.8239206289873
leaf_count=6636 20191 920 30070
internal_value=6.5287e-05 0.00363763 0.00204168
internal_weight=2756.39 2293.32 2204.07
internal_count=57817 37626 36706
cat_boundaries=0 1
cat_threshold=81
is_linear=0
shrinkage=0.0321881


Tree=90
num_leaves=4
num_cat=0
split_feature=15 22 36
split_gain=165.635 140.522 180.482
threshold=1.2429532060118731 56.574079724648783 0.84822263505422868
decision_type=10 2 2
left_child=1 -1 -3
right_child=-2 2 -4
leaf_value=-0.029519838890577271 -0.026092972014039723 0.029633387224699499 0.001202797534677436
leaf_weight=133.48521764529869 228.4625596361002 260.46955565595999 2109.3890196894063
leaf_count=7428 20508 3464 26336
internal_value=0.000104123 0.00252263 0.00435711
internal_weight=2731.81 2503.34 2369.86
internal_count=57736 37228 29800
is_linear=0
shrinkage=0.0321881


Tree=91
num_leaves=4
num_cat=3
split_feature=44 41 43
split_gain=167.824 129.343 118.055
threshold=0 1 2
decision_type=9 9 9
left_child=1 -1 -3
right_child=-2 2 -4
leaf_value=0.039810379699578818 -0.019041616388687396 0.020938168434085531 -0.00098059956400854643
leaf_weight=86.89497806597501 394.59044447913766 281.10155643196777 1987.0332698146813
leaf_count=671 31110 2781 23352
internal_value=8.58847e-05 0.00338585 0.00178982
internal_weight=2749.62 2355.03 2268.13
internal_count=57914 26804 26133
cat_boundaries=0 1 2 3
cat_threshold=719 512 16
is_linear=0
shrinkage=0.0321881


Tree=92
num_leaves=4
num_cat=0
split_feature=15 40 6
split_gain=168.732 135.757 116.36
threshold=1.229141731429455 0.090973024701827207 61.695072398582347
decision_type=10 2 2
left_child=1 -1 -3
right_child=-2 2 -4
leaf_value=-0.0023448121797871734 -0.0250310843332174 0.0065606180678079813 0.036288292952199035
leaf_weight=1750.4436491981614 253.90523220400792 552.2427900377661 184.59532808244694
leaf_count=28162 21826 6464 1662
internal_value=-2.58703e-05 0.00250323 0.0141038
internal_weight=2741.19 2487.28 736.838
internal_count=58114 36288 8126
is_linear=0
shrinkage=0.0321881


Tree=93
num_leaves=4
num_cat=1
split_feature=43 23 36
split_gain=165.144 131.112 115.455
threshold=0 5.2564470288657743 0.84822263505422868
decision_type=9 2 2
left_child=1 -1 -3
right_child=-2 2 -4
leaf_value=-0.0088730902801727064 -0.017004334153751785 0.039563343462465581 0.0063915469145301084
leaf_weight=587.26972929132171 447.7728673547972 117.69274417450652 1578.8688303874806
leaf_count=14178 20198 1943 21605
internal_value=0.000620013 0.004161 0.00873546
internal_weight=2731.6 2283.83 1696.56
internal_count=57924 37726 23548
cat_boundaries=0 1
cat_threshold=81
is_linear=0
shrinkage=0.0321881


Tree=94
num_leaves=4
num_cat=2
split_feature=1 41 43
split_gain=150.861 118.265 125.744
threshold=3.4290132034682572 0 1
decision_type=2 9 9
left_child=-1 -2 -3
right_child=1 2 -4
leaf_value=-0.025770928263160648 0.035222963644122904 0.020190685999649197 -0.0021948474425077837
leaf_weight=219.92935151723213 96.23567315377295 285.73288733838126 2119.7558068574872
leaf_count=28404 782 2595 25926
internal_value=-0.000205405 0.00201886 0.000512116
internal_weight=2721.65 2501.72 2405.49
internal_count=57707 29303 28521
cat_boundaries=0 1 2
cat_threshold=512 16
is_linear=0
shrinkage=0.0321881


Tree=95
num_leaves=4
num_cat=0
split_feature=21 5 22
split_gain=159.699 133.911 120.258
threshold=120.87750147600546 3.2089577728088581 851.83023505095173
decision_type=2 2 2
left_child=-1 2 -2
right_child=1 -3 -4
leaf_value=-0.010819669972485195 -0.00040203002596307126 0.024162197389781603 0.04385983284198202
leaf_weight=900.9490403237287 1410.01803192019 334.30194919416681 66.253606882411987
leaf_count=26855 26034 4063 751
internal_value=0.000227995 0.00576123 0.00154798
internal_weight=2711.52 1810.57 1476.27
internal_count=57703 30848 26785
is_linear=0
shrinkage=0.0321881


Tree=96
num_leaves=4
num_cat=2
split_feature=1 41 43
split_gain=144.886 124.127 126.528
threshold=3.4994622880457835 0 1
decision_type=2 9 9
left_child=-1 -2 -3
right_child=1 2 -4
leaf_value=-0.025113922100277436 0.035763259772855147 0.020598249572229794 -0.0019622475346253057
leaf_weight=215.99107228266075 99.980114534497261 282.96844725590199 2096.9144942914136
leaf_count=28642 816 2559 25649
internal_value=0.00013073 0.00235736 0.000770284
internal_weight=2695.85 2479.86 2379.88
internal_count=57666 29024 28208
cat_boundaries=0 1 2
cat_threshold=512 16
is_linear=0
shrinkage=0.0321881


Tree=97
num_leaves=4
num_cat=1
split_feature=1 23 41
split_gain=143.93 118.269 93.4759
threshold=3.6661070323841889 4.1718739097378075 0
decision_type=2 2 9
left_child=-1 -2 -3
right_child=1 2 -4
leaf_value=-0.025034526476123628 -0.010168855603653744 0.018142253781945211 0.0018582838389047808
leaf_weight=216.92006910603959 596.17023878521286 493.7637962535955 1397.7546099184547
leaf_count=29360 10368 4675 13672
internal_value=7.21897e-05 0.00228921 0.0062502
internal_weight=2704.61 2487.69 1891.52
internal_count=58075 28715 18347
cat_boundaries=0 1
cat_threshold=522
is_linear=0
shrinkage=0.0321881


Tree=98
num_leaves=4
num_cat=1
split_feature=44 7 6
split_gain=146.014 136.914 125.919
threshold=0 18496.447156732076 121.80080594327377
decision_type=9 2 2
left_child=1 -1 -2
right_child=2 -3 -4
leaf_value=0.013002898547393617 -0.0083117556420550381 -0.027348231409209441 0.029762781420219781
leaf_weight=954.04580916557461 1569.17529537878 94.770874230191112 94.632920959033072
leaf_count=8621 46825 947 1721
internal_value=-0.000127961 0.00920298 -0.00606751
internal_weight=2712.62 1048.82 1663.81
internal_count=58114 9568 48546
cat_boundaries=0 1
cat_threshold=70
is_linear=0
shrinkage=0.0321881


Tree=99
num_leaves=4
num_cat=2
split_feature=1 41 44
split_gain=146.48 175.716 117.037
threshold=10.284704465615452 0 1
decision_type=2 9 9
left_child=2 -2 -1
right_child=1 -3 -4
leaf_value=0.028597891697212687 -0.0015408989908036303 0.018491987924262685 -0.022784283788950553
leaf_weight=43.794342793524265 1660.8148136856034 611.56273781973869 366.42586744436994
leaf_count=446 19110 5573 32583
internal_value=0.000679463 0.00389846 -0.0169887
internal_weight=2682.6 2272.38 410.22
internal_count=57712 24683 33029
cat_boundaries=0 1 2
cat_threshold=2368 578
is_linear=0
shrinkage=0.0321881


Tree=100
num_leaves=4
num_cat=0
split_feature=15 22 5
split_gain=137.813 115.715 116.19
threshold=1.2259853370935125 851.83023505095173 1.2765032824519336
decision_type=10 2 2
left_child=1 2 -1
right_child=-2 -3 -4
leaf_value=-0.0055106522468678851 -0.023179715384815867 0.041925997285942665 0.0087679824611221861
leaf_weight=1311.6352751370287 244.70376922225114 73.297020997852087 1071.6381006150041
leaf_count=20049 21997 725 15277
internal_value=-0.000134024 0.00213769 0.000883242
internal_weight=2701.27 2456.57 2383.27
internal_count=58048 36051 35326
is_linear=0
shrinkage=0.0321881


Tree=101
num_leaves=4
num_cat=0
split_feature=22 36 20
split_gain=138.078 219.618 176.73
threshold=71.404415889482991 0.84822263505422868 61.492983862959967
decision_type=2 2 2
left_child=-1 -2 -3
right_child=1 2 -4
leaf_value=-0.026370506074837517 0.030257985493635963 -0.011913301120426758 0.0056045439722933908
leaf_weight=183.31294512795284 264.8060755294282 732.44700313766953 1509.9555488595506
leaf_count=12939 4580 14679 25615
internal_value=0.000548062 0.0025439 -0.000703312
internal_weight=2690.52 2507.21 2242.4
internal_count=57813 44874 40294
is_linear=0
shrinkage=0.0321881


Tree=102
num_leaves=4
num_cat=2
split_feature=44 7 41
split_gain=135.073 126.314 124.843
threshold=0 18496.447156732076 1
decision_type=9 2 9
left_child=1 -1 -2
right_child=2 -3 -4
leaf_value=0.012066216728194851 0.024160861334972486 -0.026689517424006978 -0.0089270363249510255
leaf_weight=944.73833943437785 117.78100668499246 94.883750963956118 1523.9007694268366
leaf_count=8511 1363 960 47265
internal_value=-0.000624654 0.00838194 -0.0063796
internal_weight=2681.3 1039.62 1641.68
internal_count=58099 9471 48628
cat_boundaries=0 1 2
cat_threshold=70 514
is_linear=0
shrinkage=0.0321881


Tree=103
num_leaves=4
num_cat=0
split_feature=24 36 20
split_gain=133.141 190.529 161.686
threshold=21.229444823363476 0.84822263505422868 60.733995069994961
decision_type=2 2 2
left_child=-1 -2 -3
right_child=1 2 -4
leaf_value=-0.026931070947771592 0.028340576628526664 -0.012348663971898766 0.0051164124027683229
leaf_weight=173.13703035842627 259.43017904669978 710.24991706758738 1529.1117175181862
leaf_count=12264 4982 14615 25978
internal_value=0.00031785 0.00223374 -0.000764974
internal_weight=2671.93 2498.79 2239.36
internal_count=57839 45575 40593
is_linear=0
shrinkage=0.0321881


Tree=104
num_leaves=4
num_cat=2
split_feature=15 43 41
split_gain=125.727 118.439 110.723
threshold=1.2429532060118731 0 1
decision_type=10 9 9
left_child=1 -1 -3
right_child=-2 2 -4
leaf_value=0.020392810684121649 -0.024764647961358906 0.034495978094059007 -0.0022472906622167579
leaf_weight=303.9365546660265 197.30370847613085 78.253868505358696 2087.5296163713792
leaf_count=4907 20555 650 31626
internal_value=-3.11796e-05 0.00192115 -0.000734377
internal_weight=2667.02 2469.72 2165.78
internal_count=57738 37183 32276
cat_boundaries=0 1 2
cat_threshold=16 512
is_linear=0
shrinkage=0.0321881


Tree=105
num_leaves=4
num_cat=0
split_feature=1 22 36
split_gain=128.01 100.793 173.472
threshold=3.0275634103300084 39.924736701745594 0.84822263505422868
decision_type=2 2 2
left_child=-1 -2 -3
right_child=1 2 -4
leaf_value=-0.026022522588169367 -0.030503801542365733 0.027239020446913596 0.00025824719172270008
leaf_weight=179.08882186177652 93.731958883814514 279.96924974978901 2119.9945381680736
leaf_count=27063 5095 3545 22294
internal_value=0.000218283 0.00213064 0.00343462
internal_weight=2672.78 2493.7 2399.96
internal_count=57997 30934 25839
is_linear=0
shrinkage=0.0321881


Tree=106
num_leaves=4
num_cat=0
split_feature=21 36 5
split_gain=124.263 102.243 113.623
threshold=99.848556450494854 0.84822263505422868 2.2448717033133412
decision_type=2 2 2
left_child=-1 -2 -3
right_child=1 2 -4
leaf_value=-0.011753135280655488 0.037752363337531999 -0.0023453624931408638 0.015647986797239756
leaf_weight=700.29532348737121 89.029619532637298 1364.9972069375217 493.61175949778408
leaf_count=23612 1449 25097 7746
internal_value=-0.000103454 0.00405354 0.00240045
internal_weight=2647.93 1947.64 1858.61
internal_count=57904 34292 32843
is_linear=0
shrinkage=0.0321881


Tree=107
num_leaves=4
num_cat=2
split_feature=43 22 41
split_gain=123.741 98.6179 90.8031
threshold=0 851.83023505095173 1
decision_type=9 2 9
left_child=1 2 -1
right_child=-2 -3 -4
leaf_value=0.012582715478071596 -0.015213811088554453 0.041093551333222053 -0.0019013777975406916
leaf_weight=619.47613656776957 426.18672851112206 70.109145003836602 1537.0273251703475
leaf_count=16116 20321 731 20656
internal_value=0.000440619 0.00351939 0.00228023
internal_weight=2652.8 2226.61 2156.5
internal_count=57824 37503 36772
cat_boundaries=0 1 2
cat_threshold=81 522
is_linear=0
shrinkage=0.0321881


Tree=108
num_leaves=4
num_cat=1
split_feature=2 41 4
split_gain=123.853 95.8678 104.164
threshold=8.8274492482647844 0 1077.2129424694438
decision_type=2 9 2
left_child=-1 -2 -3
right_child=1 2 -4
leaf_value=-0.025294663677452655 0.032017871886164583 -0.0041999584756611443 0.010168006633724759
leaf_weight=186.24109341355506 94.772732473444194 1574.3400519997813 781.61577060166746
leaf_count=29363 803 19487 8260
internal_value=0 0.00191717 0.000538009
internal_weight=2636.97 2450.73 2355.96
internal_count=57913 28550 27747
cat_boundaries=0 1
cat_threshold=512
is_linear=0
shrinkage=0.0321881


Tree=109
num_leaves=4
num_cat=1
split_feature=44 6 32
split_gain=123.287 120.135 105.804
threshold=0 112.21981466774385 -0.74211460292864684
decision_type=9 2 2
left_child=2 -2 -1
right_child=1 -3 -4
leaf_value=0.021477949301613494 -0.0079065192134028135 0.027140511893961002 0.00039877916224092863
leaf_weight=410.07270163670182 1502.7987328957533 107.77073256997392 634.72491544205695
leaf_count=3323 46598 1936 6170
internal_value=6.66955e-05 -0.00548412 0.00865328
internal_weight=2655.37 1610.57 1044.8
internal_count=58027 48534 9493
cat_boundaries=0 1
cat_threshold=70
is_linear=0
shrinkage=0.0321881


Tree=110
num_leaves=4
num_cat=0
split_feature=15 22 5
split_gain=127.371 106.645 101.443
threshold=1.2429532060118731 851.83023505095173 1.2414692785298518
decision_type=10 2 2
left_child=1 2 -1
right_child=-2 -3 -4
leaf_value=-0.0055938871222682117 -0.025953633386313631 0.04109247039845873 0.0076928558788484733
leaf_weight=1297.1960347017739 186.18766249157488 68.788691146764904 1098.7872339445166
leaf_count=20597 20625 712 16066
internal_value=-0.00027962 0.00163625 0.000472931
internal_weight=2650.96 2464.77 2395.98
internal_count=58000 37375 36663
is_linear=0
shrinkage=0.0321881


Tree=111
num_leaves=4
num_cat=2
split_feature=44 32 43
split_gain=117.275 139.404 128.131
threshold=0 -0.74211460292864684 1
decision_type=9 2 9
left_child=1 -1 -3
right_child=-2 2 -4
leaf_value=0.022976780164932768 -0.005396250450820375 0.034973843148671677 -0.0066886968570176774
leaf_weight=415.18163717957214 1596.1238910303218 78.214415753260255 551.59001528471708
leaf_count=3374 48444 601 5568
internal_value=5.6243e-05 0.00841583 -0.000953449
internal_weight=2641.11 1044.99 629.804
internal_count=57987 9543 6169
cat_boundaries=0 1 2
cat_threshold=70 16
is_linear=0
shrinkage=0.0321881


Tree=112
num_leaves=4
num_cat=0
split_feature=22 36 22
split_gain=113.574 154.882 162.545
threshold=56.574079724648783 0.84822263505422868 213.24070950906631
decision_type=2 2 2
left_child=-1 2 -2
right_child=1 -3 -4
leaf_value=-0.02821298357174935 0.0030920702379842561 -0.0010857387486152212 0.053427579928323615
leaf_weight=138.24807252176106 161.85924787726253 2211.6241407269845 116.14327790075913
leaf_count=11999 3508 40757 1581
internal_value=0.000131979 0.00173408 0.0243776
internal_weight=2627.87 2489.63 278.003
internal_count=57845 45846 5089
is_linear=0
shrinkage=0.0321881


Tree=113
num_leaves=4
num_cat=1
split_feature=13 43 6
split_gain=114.096 124.274 99.8861
threshold=38.142083111126276 0 103.78797870538706
decision_type=10 9 2
left_child=1 -1 -3
right_child=-2 2 -4
leaf_value=0.022851162078713034 -0.015916917735733529 -0.0023023971218542202 0.022737070248414773
leaf_weight=272.5050627773162 391.88194431865122 1780.7650144550717 181.68416611943394
leaf_count=5159 18347 32254 2132
internal_value=7.29884e-05 0.00290658 0
internal_weight=2626.84 2234.95 1962.45
internal_count=57892 39545 34386
cat_boundaries=0 1
cat_threshold=16
is_linear=0
shrinkage=0.0321881


Tree=114
num_leaves=4
num_cat=1
split_feature=22 44 32
split_gain=110.235 105.791 86.2446
threshold=851.83023505095173 0 -0.79544503204379469
decision_type=2 9 2
left_child=1 2 -1
right_child=-2 -3 -4
leaf_value=0.011714088705683717 0.038493797270363533 -0.013139345638784831 -0.0026237685941353636
leaf_weight=650.06822058418766 73.058093485422432 608.65376433392521 1298.626344723627
leaf_count=6321 939 35370 15560
internal_value=-0.000394164 -0.00153348 0.00211652
internal_weight=2630.41 2557.35 1948.69
internal_count=58190 57251 21881
cat_boundaries=0 1
cat_threshold=71
is_linear=0
shrinkage=0.0321881


Tree=115
num_leaves=4
num_cat=0
split_feature=21 36 22
split_gain=109.104 98.5092 91.4786
threshold=91.441809153976649 0.84822263505422868 851.83023505095173
decision_type=2 2 2
left_child=-1 -2 -3
right_child=1 2 -4
leaf_value=-0.011757363292458663 0.034124768242842149 0.00047511993563096222 0.037240030520245299
leaf_weight=625.67694076220505 104.12973351951223 1819.657168996986 72.889122829306871
leaf_count=22212 1634 33030 924
internal_value=-7.10817e-06 0.00364401 0.00192921
internal_weight=2622.35 1996.68 1892.55
internal_count=57800 35588 33954
is_linear=0
shrinkage=0.0321881


Tree=116
num_leaves=4
num_cat=0
split_feature=22 36 22
split_gain=106.062 165.66 170.413
threshold=39.924736701745594 0.84822263505422868 218.15133956520478
decision_type=2 2 2
left_child=-1 2 -2
right_child=1 -3 -4
leaf_value=-0.031070121469267648 0.0034634140896635138 -0.00205329105614523 0.053127281280841099
leaf_weight=111.34890408022329 184.65285473060794 2205.1260078129126 119.92712926038075
leaf_count=10637 4715 41043 1621
internal_value=-0.00034609 0.000994481 0.0232534
internal_weight=2621.05 2509.71 304.58
internal_count=58016 47379 6336
is_linear=0
shrinkage=0.0321881


Tree=117
num_leaves=4
num_cat=1
split_feature=43 26 22
split_gain=111.848 92.5508 70.4599
threshold=0 0.092386028025773018 851.83023505095173
decision_type=9 2 2
left_child=1 -1 -3
right_child=-2 2 -4
leaf_value=-0.0035308447954980429 -0.015029011335565995 0.0076224920322254322 0.043013718337296752
leaf_weight=1073.388896412449 405.61474933743011 1059.1870090013836 62.556966558564454
leaf_count=21391 20155 15410 658
internal_value=0.000258407 0.00316756 0.00966161
internal_weight=2600.75 2195.13 1121.74
internal_count=57614 37459 16068
cat_boundaries=0 1
cat_threshold=81
is_linear=0
shrinkage=0.0321881


Tree=118
num_leaves=4
num_cat=0
split_feature=21 6 16
split_gain=114.983 121.678 91.0441
threshold=130.46247592553286 112.21981466774385 170.85297929064339
decision_type=2 2 8
left_child=-1 2 -2
right_child=1 -3 -4
leaf_value=-0.0091797561816218953 -0.001667801346162163 0.030803668099394832 0.018975010769812763
leaf_weight=931.29628154658712 1238.2305575998034 169.30548342689872 268.4255737841595
leaf_count=28584 24586 1845 2817
internal_value=-8.92307e-05 0.00492477 0.00197006
internal_weight=2607.26 1675.96 1506.66
internal_count=57832 29248 27403
is_linear=0
shrinkage=0.0321881


Tree=119
num_leaves=4
num_cat=0
split_feature=22 36 36
split_gain=102.21 133.047 143.672
threshold=39.924736701745594 0.84822263505422868 0.10992639736769576
decision_type=2 2 2
left_child=-1 2 -2
right_child=1 -3 -4
leaf_value=-0.030748423523593547 0.011740437961409583 -0.0012969981901791265 0.074248348283275728
leaf_weight=106.5960605002474 249.25213290681131 2196.9225803085137 45.749498009681702
leaf_count=10610 5809 41098 396
internal_value=5.58643e-05 0.00140192 0.0217018
internal_weight=2598.52 2491.92 295.002
internal_count=57913 47303 6205
is_linear=0
shrinkage=0.0321881


Tree=120
num_leaves=4
num_cat=1
split_feature=15 23 43
split_gain=110.66 98.5668 81.1704
threshold=1.2429532060118731 3.6039483039302174 0
decision_type=10 2 9
left_child=1 -1 -3
right_child=-2 2 -4
leaf_value=-0.0099129730274843779 -0.024278185813519527 0.023109309636821517 0.002928171674697591
leaf_weight=549.22148971864954 177.2435526275076 229.64608737127855 1657.8309977679746
leaf_count=12923 20582 3470 21036
internal_value=0.00023279 0.00204402 0.00555784
internal_weight=2613.94 2436.7 1887.48
internal_count=58011 37429 24506
cat_boundaries=0 1
cat_threshold=16
is_linear=0
shrinkage=0.0321881


Tree=121
num_leaves=4
num_cat=0
split_feature=15 22 32
split_gain=108.466 91.8772 83.5397
threshold=1.2259853370935125 486.60178452567897 -0.80127182464670466
decision_type=10 2 2
left_child=1 2 -1
right_child=-2 -3 -4
leaf_value=0.006267470297579689 -0.022223234496665155 0.013907494593630589 -0.0063751420036651909
leaf_weight=642.73578735650517 209.49206341279205 519.16418221371714 1230.5016163075343
leaf_count=8226 22029 6386 21405
internal_value=-3.35628e-06 0.00191773 -0.00137255
internal_weight=2601.89 2392.4 1873.24
internal_count=58046 36017 29631
is_linear=0
shrinkage=0.0321881


Tree=122
num_leaves=4
num_cat=2
split_feature=13 43 41
split_gain=106.088 116.98 99.5526
threshold=37.577290131780316 0 1
decision_type=10 9 9
left_child=1 -1 -3
right_child=-2 2 -4
leaf_value=0.023028260548937217 -0.014335050117999106 0.033463175707349552 -0.0015791792615399744
leaf_weight=250.97185517183971 450.55099394288845 77.819359905086458 1810.2967195990495
leaf_count=4990 19760 657 32466
internal_value=-0.000120274 0.00284523 4.21516e-06
internal_weight=2589.64 2139.09 1888.12
internal_count=57873 38113 33123
cat_boundaries=0 1 2
cat_threshold=16 512
is_linear=0
shrinkage=0.0321881


Tree=123
num_leaves=4
num_cat=1
split_feature=44 7 5
split_gain=95.0803 121.762 104.647
threshold=0 18496.447156732076 1.3086033542725337
decision_type=9 2 2
left_child=1 -1 -2
right_child=2 -3 -4
leaf_value=0.0108900714006559 -0.013255061995444611 -0.028240979881201028 0.0034438932665695494
leaf_weight=942.20881440350786 807.91796731937211 89.307379772886634 740.31327817600686
leaf_count=8624 27603 930 20546
internal_value=-0.000140928 0.00736335 -0.00519618
internal_weight=2579.75 1031.52 1548.23
internal_count=57703 9554 48149
cat_boundaries=0 1
cat_threshold=70
is_linear=0
shrinkage=0.0321881


Tree=124
num_leaves=4
num_cat=2
split_feature=43 41 1
split_gain=100.291 84.3657 164.086
threshold=0 1 11.840661852330571
decision_type=9 9 2
left_child=1 -1 -3
right_child=-2 2 -4
leaf_value=-0.001380756006518427 -0.014627588846957858 -0.01411978858950415 0.022087739022217636
leaf_weight=1527.806752379518 397.32886988366954 174.19354240328539 487.63427185546607
leaf_count=20754 20209 12583 4248
internal_value=1.41473e-05 0.00275562 0.0122746
internal_weight=2586.96 2189.63 661.828
internal_count=57794 37585 16831
cat_boundaries=0 1 2
cat_threshold=81 3392
is_linear=0
shrinkage=0.0321881


Tree=125
num_leaves=4
num_cat=0
split_feature=22 36 21
split_gain=97.3265 123.718 136.024
threshold=39.924736701745594 0.84822263505422868 130.46247592553286
decision_type=2 2 2
left_child=-1 -2 -3
right_child=1 2 -4
leaf_value=-0.030652209557081013 0.021145246992011851 -0.014483938032995544 0.0037742677103236228
leaf_weight=100.04447997990064 297.82977343047969 564.97710543090943 1617.3554492676631
leaf_count=10537 6217 12513 28540
internal_value=0.000403139 0.00168433 -0.000944383
internal_weight=2580.21 2480.16 2182.33
internal_count=57807 47270 41053
is_linear=0
shrinkage=0.0321881


Tree=126
num_leaves=4
num_cat=1
split_feature=2 41 1
split_gain=95.6539 83.1281 105.969
threshold=8.8274492482647844 0 11.840661852330571
decision_type=2 9 2
left_child=-1 -2 -3
right_child=1 2 -4
leaf_value=-0.023865099677224662 -0.0020166030054457993 -0.014420351218181192 0.017719579844874298
leaf_weight=161.68637069442775 1733.3892268959899 129.89048423548229 540.99842969421297
leaf_count=29220 21397 2143 5104
internal_value=5.54834e-05 0.00169281 0.0112318
internal_weight=2565.96 2404.28 670.889
internal_count=57864 28644 7247
cat_boundaries=0 1
cat_threshold=3392
is_linear=0
shrinkage=0.0321881


Tree=127
num_leaves=4
num_cat=0
split_feature=24 29 20
split_gain=97.4606 90.7739 96.6494
threshold=21.229444823363476 9.4098958999629367 54.272172757192322
decision_type=2 2 2
left_child=-1 2 -2
right_child=1 -3 -4
leaf_value=-0.025885839890237641 -0.010515335473772034 0.024927120003231058 0.004122267490642248
leaf_weight=141.96920055011287 658.07133548683487 160.24132771196309 1610.2312783877132
leaf_count=12280 14728 2543 28322
internal_value=0 0.00153028 -9.69162e-05
internal_weight=2570.51 2428.54 2268.3
internal_count=57873 45593 43050
is_linear=0
shrinkage=0.0321881


Tree=128
num_leaves=4
num_cat=1
split_feature=43 7 4
split_gain=89.049 83.202 82.7141
threshold=0 23286.098577735549 1068.3348198750739
decision_type=9 2 2
left_child=1 2 -1
right_child=-2 -3 -4
leaf_value=-0.00064366909343277934 -0.013922947021675399 -0.02746826756652708 0.012822190127230872
leaf_weight=1371.696152594639 390.23568985867314 90.614868109114468 714.34287827869412
leaf_count=21656 20247 1191 14810
internal_value=6.6321e-06 0.00258654 0.00393798
internal_weight=2566.89 2176.65 2086.04
internal_count=57904 37657 36466
cat_boundaries=0 1
cat_threshold=81
is_linear=0
shrinkage=0.0321881


Tree=129
num_leaves=4
num_cat=1
split_feature=13 43 4
split_gain=96.1139 111.2 81.87
threshold=38.915126633798501 0 642.77150516582105
decision_type=10 9 2
left_child=1 2 -1
right_child=-2 -3 -4
leaf_value=-0.00349764464477729 -0.017061208529239629 -0.00023416606961852325 0.033832715023612472
leaf_weight=85.304817569209263 296.44136312918272 2010.6904933126643 189.19203038979322
leaf_count=1372 16521 36153 4112
internal_value=0.000148613 0.00241053 0.0212339
internal_weight=2581.63 2285.19 274.497
internal_count=58158 41637 5484
cat_boundaries=0 1
cat_threshold=16
is_linear=0
shrinkage=0.0321881


Tree=130
num_leaves=4
num_cat=0
split_feature=22 36 36
split_gain=84.6331 112.22 136.249
threshold=39.924736701745594 0.84822263505422868 0.10992639736769576
decision_type=2 2 2
left_child=-1 2 -2
right_child=1 -3 -4
leaf_value=-0.030052612318803441 0.0098450794712287275 -0.0016027755322073518 0.070601204352048197
leaf_weight=94.706499830121174 252.53983950149268 2174.7863214509562 45.784439703216776
leaf_count=10622 5883 41005 401
internal_value=-0.00020946 0.000910386 0.0194314
internal_weight=2567.82 2473.11 298.324
internal_count=57911 47289 6284
is_linear=0
shrinkage=0.0321881


Tree=131
num_leaves=4
num_cat=0
split_feature=33 36 32
split_gain=84.7736 122.966 163.645
threshold=0.3884102688835861 0.84822263505422868 0.56195697437545788
decision_type=2 2 2
left_child=1 2 -1
right_child=-2 -3 -4
leaf_value=0.039113299606067083 -0.031934421290786531 -0.0017640278380047039 -0.010653769709381042
leaf_weight=182.58764802094083 84.394129336578771 2184.2513992481399 106.60559001076035
leaf_count=2514 7717 43124 4670
internal_value=-0.000237381 0.000821332 0.0205538
internal_weight=2557.84 2473.44 289.193
internal_count=58025 50308 7184
is_linear=0
shrinkage=0.0321881


Tree=132
num_leaves=4
num_cat=0
split_feature=15 22 5
split_gain=87.1831 82.1245 90.5422
threshold=1.2429532060118731 851.83023505095173 1.2556371802840613
decision_type=10 2 2
left_child=1 2 -1
right_child=-2 -3 -4
leaf_value=-0.0050337182403414754 -0.022492757876395798 0.037310671582854407 0.0077003317868837582
leaf_weight=1268.5461852211738 163.69778558902908 65.344226115848869 1061.1170908967033
leaf_count=20682 20706 727 15744
internal_value=0.000188328 0.00176723 0.000739254
internal_weight=2558.71 2395.01 2329.66
internal_count=57859 37153 36426
is_linear=0
shrinkage=0.0321881


Tree=133
num_leaves=4
num_cat=0
split_feature=22 36 22
split_gain=81.4612 114.799 138.2
threshold=37.884592042394182 0.84822263505422868 228.63740349575338
decision_type=2 2 2
left_child=-1 2 -2
right_child=1 -3 -4
leaf_value=-0.030396063490673902 0.0026282175020369649 -0.0015001220087755007 0.047774539135276906
leaf_weight=87.990810357499868 193.37828558753245 2168.6711004825775 113.14892460464034
leaf_count=10459 5007 41133 1519
internal_value=0 0.00107948 0.0195248
internal_weight=2563.19 2475.2 306.527
internal_count=58118 47659 6526
is_linear=0
shrinkage=0.0321881


Tree=134
num_leaves=4
num_cat=1
split_feature=21 5 43
split_gain=82.958 96.2998 89.9304
threshold=131.81221141592286 3.2089577728088581 0
decision_type=2 2 9
left_child=-1 2 -2
right_child=1 -3 -4
leaf_value=-0.0078536540309925608 0.023170852753589329 0.020339393267495277 -0.0017860785846368025
leaf_weight=903.82084064313676 150.61318452807609 313.23961126990616 1182.7537550962297
leaf_count=28738 4159 3936 21064
internal_value=0 0.0042815 0.000458411
internal_weight=2550.43 1646.61 1333.37
internal_count=57897 29159 25223
cat_boundaries=0 1
cat_threshold=48
is_linear=0
shrinkage=0.0321881


Tree=135
num_leaves=4
num_cat=1
split_feature=13 43 32
split_gain=85.5617 88.6481 81.1549
threshold=38.749744604450051 0 -0.75855943863316988
decision_type=10 9 2
left_child=1 -1 -3
right_child=-2 2 -4
leaf_value=0.019409562536401959 -0.016056880478349359 0.008496834737743807 -0.0050342636807638999
leaf_weight=263.03349372942466 300.4473264637636 718.36068590707146 1271.4695681484882
leaf_count=5391 16876 10734 25138
internal_value=4.54326e-05 0.00222261 -0.0001163
internal_weight=2553.31 2252.86 1989.83
internal_count=58139 41263 35872
cat_boundaries=0 1
cat_threshold=16
is_linear=0
shrinkage=0.0321881


Tree=136
num_leaves=4
num_cat=0
split_feature=15 26 22
split_gain=88.1398 76.6901 69.6423
threshold=1.2321078191594375 0.092386028025773018 851.83023505095173
decision_type=10 2 2
left_child=1 -1 -3
right_child=-2 2 -4
leaf_value=-0.0040320598108861995 -0.021772219072724707 0.0056828757408079631 0.041618964266127975
leaf_weight=1179.1136365797138 177.27412509184796 1125.2764737992547 59.38800544757396
leaf_count=21402 21497 14433 641
internal_value=7.63261e-05 0.00174384 0.00754609
internal_weight=2541.05 2363.78 1184.66
internal_count=57973 36476 15074
is_linear=0
shrinkage=0.0321881


Tree=137
num_leaves=4
num_cat=1
split_feature=1 3 41
split_gain=85.4753 79.2034 81.6366
threshold=2.7390604683298991 89.022957802326687 0
decision_type=2 2 9
left_child=-1 -2 -3
right_child=1 2 -4
leaf_value=-0.024917698288108334 -0.015461216956297513 0.013484174354715911 -0.00032282535828161011
leaf_weight=132.77603314316366 251.28538722521625 607.95686786773149 1548.7041551123839
leaf_count=25503 3077 9231 20411
internal_value=0.000172481 0.00158474 0.00360187
internal_weight=2540.72 2407.95 2156.66
internal_count=58222 32719 29642
cat_boundaries=0 1
cat_threshold=538
is_linear=0
shrinkage=0.0321881


Tree=138
num_leaves=4
num_cat=1
split_feature=44 30 4
split_gain=80.8898 99.0936 69.2103
threshold=0 0.74225320478937828 1068.3348198750739
decision_type=9 2 2
left_child=1 2 -1
right_child=-2 -3 -4
leaf_value=0.001185496756197733 -0.015251647647126531 -0.0095284604323492596 0.015029651643362002
leaf_weight=1075.2403558606748 307.64839060616214 561.45026814867742 583.14175851852633
leaf_count=13804 31207 6650 6344
internal_value=-3.70464e-05 0.00210349 0.00609341
internal_weight=2527.48 2219.83 1658.38
internal_count=58005 26798 20148
cat_boundaries=0 1
cat_threshold=719
is_linear=0
shrinkage=0.0321881


Tree=139
num_leaves=4
num_cat=0
split_feature=22 36 21
split_gain=81.0929 87.6574 122.806
threshold=44.9714512163279 0.84822263505422868 123.70026500646661
decision_type=2 2 2
left_child=-1 -2 -3
right_child=1 2 -4
leaf_value=-0.029727596559465375 0.017542742621362888 -0.014344299195570176 0.0030643196863262435
leaf_weight=91.869855892378837 293.48588981106877 505.84902179788332 1635.8622426367365
leaf_count=11203 5879 11540 29347
internal_value=-5.69814e-05 0.001039 -0.00119452
internal_weight=2527.07 2435.2 2141.71
internal_count=57969 46766 40887
is_linear=0
shrinkage=0.0321881


Tree=140
num_leaves=4
num_cat=1
split_feature=1 16 43
split_gain=78.9132 90.2567 82.5794
threshold=11.840661852330571 95.153390043691942 0
decision_type=2 8 9
left_child=1 -1 -2
right_child=2 -3 -4
leaf_value=-0.031002089857384594 0.022985755526185536 -0.00049648225118773253 0.00078559333388378803
leaf_weight=164.31964147847611 182.02291177213192 269.36860324989539 1898.787630179897
leaf_count=25556 1549 8787 22095
internal_value=0.000246471 -0.0122121 0.00287483
internal_weight=2514.5 433.688 2080.81
internal_count=57987 34343 23644
cat_boundaries=0 1
cat_threshold=16
is_linear=0
shrinkage=0.0321881


Tree=141
num_leaves=4
num_cat=2
split_feature=41 32 44
split_gain=83.0969 82.9217 102.864
threshold=0 -0.74719621300504047 1
decision_type=9 2 9
left_child=-1 2 -2
right_child=1 -3 -4
leaf_value=0.028277763386348902 0.018121009196112113 -0.005870856259339704 -0.0034296204892749174
leaf_weight=92.667059696977958 409.90867376117967 1520.1320635118755 495.53239006316289
leaf_count=962 3417 39621 13816
internal_value=-2.91497e-05 -0.00125092 0.00642079
internal_weight=2518.24 2425.57 905.441
internal_count=57816 56854 17233
cat_boundaries=0 1 2
cat_threshold=512 9282
is_linear=0
shrinkage=0.0321881


Tree=142
num_leaves=4
num_cat=0
split_feature=23 14 6
split_gain=81.0802 74.726 75.0832
threshold=3.6039483039302174 273.01379362969197 112.21981466774385
decision_type=2 8 2
left_child=-1 2 -2
right_child=1 -3 -4
leaf_value=-0.010685024357228508 -0.0036917288786422718 0.0080247523129583706 0.028004803240661624
leaf_weight=550.63425935991108 606.17777467682026 1260.1469273864059 78.488239073660225
leaf_count=20061 23334 13306 1156
internal_value=0.000189105 0.00330157 -0.00369173
internal_weight=2495.45 1944.81 684.666
internal_count=57857 37796 24490
is_linear=0
shrinkage=0.0321881


Tree=143
num_leaves=4
num_cat=1
split_feature=13 44 10
split_gain=80.8901 80.0741 107.78
threshold=38.829994833414197 0 10515.472757853013
decision_type=10 9 2
left_child=1 -1 -3
right_child=-2 2 -4
leaf_value=0.0052211076431517419 -0.016024215169454174 0.0022658611746190298 -0.029573310548440309
leaf_weight=1777.6094071283005 287.38029100280255 281.32633421197534 177.41122480190825
leaf_count=21540 16528 10533 9332
internal_value=1.8361e-05 0.00210986 -0.00970622
internal_weight=2523.73 2236.35 458.738
internal_count=57933 41405 19865
cat_boundaries=0 1
cat_threshold=132167
is_linear=0
shrinkage=0.0321881


Tree=144
num_leaves=4
num_cat=1
split_feature=44 7 5
split_gain=82.4974 105.336 94.9545
threshold=0 18496.447156732076 1.3086033542725337
decision_type=9 2 2
left_child=1 -1 -2
right_child=2 -3 -4
leaf_value=0.01030006994036603 -0.012818845124023207 -0.025943827021966622 0.0033131665239561313
leaf_weight=920.87372631579638 773.2125000199303 90.268078599125147 730.05728816252667
leaf_count=8525 27758 946 20713
internal_value=-0.000116116 0.00692766 -0.00491009
internal_weight=2514.41 1011.14 1503.27
internal_count=57942 9471 48471
cat_boundaries=0 1
cat_threshold=70
is_linear=0
shrinkage=0.0321881


Tree=145
num_leaves=4
num_cat=0
split_feature=33 36 32
split_gain=78.586 120.363 141.371
threshold=0.35712995377516182 0.84822263505422868 0.56195697437545788
decision_type=2 2 2
left_child=1 2 -1
right_child=-2 -3 -4
leaf_value=0.038305887192128366 -0.03086016905295667 -0.0012150151516520235 -0.0086388911343067091
leaf_weight=180.20420414768159 80.838989732670598 2156.7143924640259 102.05838223930914
leaf_count=2421 7901 43367 4537
internal_value=0.000283492 0.00134475 0.0211135
internal_weight=2519.82 2438.98 282.263
internal_count=58226 50325 6958
is_linear=0
shrinkage=0.0321881


Tree=146
num_leaves=4
num_cat=1
split_feature=21 5 43
split_gain=84.5648 82.1314 104.338
threshold=99.848556450494854 2.2448717033133412 0
decision_type=2 2 9
left_child=-1 2 -2
right_child=1 -3 -4
leaf_value=-0.0099742336139380678 0.024220311024017869 0.014822036923888534 -0.0031628696180869926
leaf_weight=630.95065996609628 147.85783131234348 499.59032084373757 1223.5727274741512
leaf_count=23534 4119 8177 22023
internal_value=0.000187022 0.00364849 -0.000377272
internal_weight=2501.97 1871.02 1371.43
internal_count=57853 34319 26142
cat_boundaries=0 1
cat_threshold=16
is_linear=0
shrinkage=0.0321881


Tree=147
num_leaves=4
num_cat=2
split_feature=13 43 41
split_gain=81.768 94.0529 76.7249
threshold=38.829994833414197 0 1
decision_type=10 9 9
left_child=1 -1 -3
right_child=-2 2 -4
leaf_value=0.019710691534525048 -0.016422634457916606 0.028478443899366553 -0.0019088374353970876
leaf_weight=260.46708026924171 283.53667793085333 79.871110408334062 1887.1574929588242
leaf_count=5430 16608 682 35183
internal_value=-0.000126045 0.00192127 -0.000501696
internal_weight=2511.03 2227.5 1967.03
internal_count=57903 41295 35865
cat_boundaries=0 1 2
cat_threshold=16 512
is_linear=0
shrinkage=0.0321881


Tree=148
num_leaves=4
num_cat=1
split_feature=22 1 44
split_gain=76.3763 84.2278 88.0129
threshold=896.99644631003537 11.540044516750113 0
decision_type=2 2 9
left_child=1 2 -1
right_child=-2 -3 -4
leaf_value=0.016557480612989832 0.039089227852668537 0.0019717841774330985 -0.021393642910720993
leaf_weight=70.746043102815747 51.042772897519171 2051.4764994420111 315.63540131226182
leaf_count=776 678 23495 33024
internal_value=0.00019404 -0.000597926 -0.0143993
internal_weight=2488.9 2437.86 386.381
internal_count=57973 57295 33800
cat_boundaries=0 1
cat_threshold=578
is_linear=0
shrinkage=0.0321881


Tree=149
num_leaves=4
num_cat=2
split_feature=22 44 43
split_gain=77.9153 72.869 74.4455
threshold=851.83023505095173 0 1
decision_type=2 9 9
left_child=1 2 -1
right_child=-2 -3 -4
leaf_value=0.016873692189231033 0.034744209957627462 -0.017143898469534388 -0.0012707423626708647
leaf_weight=255.363351042266 64.631818395107985 249.01252398290671 1935.268183172564
leaf_count=3365 908 27008 26408
internal_value=-4.57685e-05 -0.000996826 0.000885431
internal_weight=2504.28 2439.64 2190.63
internal_count=57689 56781 29773
cat_boundaries=0 1 2
cat_threshold=131807 16
is_linear=0
shrinkage=0.0321881


Tree=150
num_leaves=4
num_cat=1
split_feature=13 43 5
split_gain=74.9737 72.9109 71.0633
threshold=38.829994833414197 0 2.2448717033133412
decision_type=10 9 2
left_child=1 -1 -3
right_child=-2 2 -4
leaf_value=0.017607561655274682 -0.016021520841397199 -0.0040031488011231294 0.0099227311410920171
leaf_weight=255.4451183291385 275.17023541324306 1452.8409811635502 513.28014082566369
leaf_count=5386 16529 27868 8159
internal_value=-0.000157042 0.00178081 -0.000332785
internal_weight=2496.74 2221.57 1966.12
internal_count=57942 41413 36027
cat_boundaries=0 1
cat_threshold=16
is_linear=0
shrinkage=0.0321881


Tree=151
num_leaves=4
num_cat=2
split_feature=41 44 7
split_gain=71.7704 74.3407 95.3753
threshold=0 1 18496.447156732076
decision_type=9 9 2
left_child=-1 2 -2
right_child=1 -3 -4
leaf_value=0.025712206108043548 0.0087095286492662807 -0.006005600234662384 -0.027492833733703849
leaf_weight=96.706664061406627 887.87631580652669 1394.6962469607242 81.508972728159279
leaf_count=1005 8288 47416 906
internal_value=-5.54227e-05 -0.0012424 0.00553675
internal_weight=2460.79 2364.08 969.385
internal_count=57615 56610 9194
cat_boundaries=0 1 2
cat_threshold=512 70
is_linear=0
shrinkage=0.0321881


Tree=152
num_leaves=4
num_cat=0
split_feature=22 14 3
split_gain=76.117 68.8759 100.302
threshold=896.99644631003537 270.30398969199899 99.056400492099172
decision_type=2 10 2
left_child=1 -1 -3
right_child=-2 2 -4
leaf_value=-0.008284979679282347 0.039013637628608579 -0.015837807270402349 0.0065800490193033646
leaf_weight=845.33987526781857 50.42613836703822 243.26363714085892 1337.3111435298342
leaf_count=38081 679 3029 16166
internal_value=-8.36843e-06 -0.000849481 0.00308761
internal_weight=2476.34 2425.91 1580.57
internal_count=57955 57276 19195
is_linear=0
shrinkage=0.0321881


Tree=153
num_leaves=4
num_cat=1
split_feature=25 15 44
split_gain=70.8958 72.3754 61.2027
threshold=2.645752076809631 1.2022847064178739 0
decision_type=2 10 9
left_child=1 -1 -2
right_child=2 -3 -4
leaf_value=0.0048192052450219836 0.0024032443770304179 -0.017106283888269579 -0.018827176404200133
leaf_weight=1753.4365272392752 235.59156003035605 170.06922601937549 327.96130096528213
leaf_count=22900 3156 15016 16876
internal_value=-7.02902e-05 0.00284566 -0.0101329
internal_weight=2487.06 1923.51 563.553
internal_count=57948 37916 20032
cat_boundaries=0 1
cat_threshold=70
is_linear=0
shrinkage=0.0321881


Tree=154
num_leaves=4
num_cat=0
split_feature=22 36 20
split_gain=68.3693 103.608 124.401
threshold=39.924736701745594 0.84822263505422868 58.516142791049653
decision_type=2 2 2
left_child=-1 -2 -3
right_child=1 2 -4
leaf_value=-0.03045729556905561 0.01825381738498983 -0.014057374527807052 0.0029995557836077474
leaf_weight=76.590741712949239 294.93038681498729 632.39867790881544 1467.5000427908963
leaf_count=10658 6316 14305 26556
internal_value=-0.000557916 0.000374643 -0.00210793
internal_weight=2471.42 2394.83 2099.9
internal_count=57835 47177 40861
is_linear=0
shrinkage=0.0321881


Tree=155
num_leaves=4
num_cat=0
split_feature=33 29 23
split_gain=68.9459 86.5241 99.8984
threshold=0.41838218092960261 9.590875830725949 4.1718739097378075
decision_type=2 2 2
left_child=1 2 -1
right_child=-2 -3 -4
leaf_value=-0.015210852394729999 -0.032901866724279437 0.025264682227655034 0.0021992955016760544
leaf_weight=418.66819518618286 65.592950929538347 137.46786274481565 1834.3809052441502
leaf_count=12819 7480 2051 35474
internal_value=-0.000390907 0.000477687 -0.0010089
internal_weight=2456.11 2390.52 2253.05
internal_count=57824 50344 48293
is_linear=0
shrinkage=0.0321881


Tree=156
num_leaves=4
num_cat=0
split_feature=33 36 32
split_gain=67.3737 92.9155 137.948
threshold=0.3884102688835861 0.84822263505422868 0.56195697437545788
decision_type=2 2 2
left_child=1 2 -1
right_child=-2 -3 -4
leaf_value=0.034843567872773699 -0.031020355667238767 -0.0010022161612648992 -0.011236408843580474
leaf_weight=187.87015481106937 68.341871234821156 2102.0555235196371 102.00232601317111
leaf_count=2540 7675 43056 4674
internal_value=0.000398353 0.00132565 0.0184131
internal_weight=2460.27 2391.93 289.872
internal_count=57945 50270 7214
is_linear=0
shrinkage=0.0321881


Tree=157
num_leaves=4
num_cat=0
split_feature=26 22 6
split_gain=66.6349 66.6293 65.8302
threshold=0.092386028025773018 98.161246239523436 72.364764856822163
decision_type=2 2 2
left_child=1 -1 -2
right_child=2 -3 -4
leaf_value=-0.026459439390654715 0.0016972563171234526 -0.0029344857570370868 0.022666328782647738
leaf_weight=142.51688395545352 1060.8806337037822 1078.2350452160463 183.37172576691955
leaf_count=13168 21908 20337 2442
internal_value=-0.000371376 -0.00573768 0.00484248
internal_weight=2465 1220.75 1244.25
internal_count=57855 33505 24350
is_linear=0
shrinkage=0.0321881


Tree=158
num_leaves=4
num_cat=0
split_feature=1 3 4
split_gain=65.8885 71.9008 67.1342
threshold=2.9827081890761398 93.232508985041065 1141.5969574843859
decision_type=2 2 2
left_child=-1 -2 -3
right_child=1 2 -4
leaf_value=-0.023075759329731153 -0.01384511752399635 -0.00026068662837402023 0.012236195182298615
leaf_weight=118.65217330836458 277.83523802016862 1434.6250391363865 639.54026571509894
leaf_count=26668 3476 19384 8330
internal_value=0.000271121 0.00147819 0.00356281
internal_weight=2470.65 2352 2074.17
internal_count=57858 31190 27714
is_linear=0
shrinkage=0.0321881


Tree=159
num_leaves=4
num_cat=0
split_feature=14 3 25
split_gain=65.4136 80.6365 66.1427
threshold=270.30398969199899 97.361992591573355 4.6389308061537404
decision_type=8 2 2
left_child=-1 -2 -3
right_child=1 2 -4
leaf_value=-0.0076929887535333525 -0.014094827191294445 0.0087227444364747497 -0.01465370955278862
leaf_weight=839.94965221028542 231.90517596446443 1245.9526173321065 137.38714846165385
leaf_count=37250 2961 13882 3881
internal_value=-0.000385168 0.00337614 0.00635295
internal_weight=2455.19 1615.24 1383.34
internal_count=57974 20724 17763
is_linear=0
shrinkage=0.0321881


Tree=160
num_leaves=4
num_cat=0
split_feature=14 30 2
split_gain=63.7713 79.022 69.7279
threshold=270.30398969199899 0.73228533579509125 41.3433431465334
decision_type=8 2 2
left_child=2 -2 -1
right_child=1 -3 -4
leaf_value=-0.013511029248941193 0.0084509857185245327 -0.0075778665793140246 0.0058451321816247034
leaf_weight=548.55804005765822 1202.1664034232963 429.50938453269191 291.68133431626484
leaf_count=34221 15405 5431 3011
internal_value=0.000458206 0.00419216 -0.00671618
internal_weight=2471.92 1631.68 840.239
internal_count=58068 20836 37232
is_linear=0
shrinkage=0.0321881


Tree=161
num_leaves=4
num_cat=0
split_feature=5 22 4
split_gain=64.2281 79.3134 87.827
threshold=1.2414692785298518 851.83023505095173 1020.1998957454565
decision_type=2 2 2
left_child=1 2 -1
right_child=-2 -3 -4
leaf_value=-0.01429208789355072 0.0054591536328990791 0.037645824235855635 0.0025089463249522016
leaf_weight=689.80237217486138 1130.0106133644003 43.083910970250145 594.65668002224993
leaf_count=17298 25158 561 14979
internal_value=-0.000153561 -0.00497922 -0.00646523
internal_weight=2457.55 1327.54 1284.46
internal_count=57996 32838 32277
is_linear=0
shrinkage=0.0321881


Tree=162
num_leaves=4
num_cat=0
split_feature=6 20 7
split_gain=66.0716 91.3048 74.5904
threshold=112.21981466774385 84.593850152277994 23286.098577735549
decision_type=2 2 2
left_child=2 -2 -1
right_child=1 -3 -4
leaf_value=-0.00047648401461682939 -0.011439139569387698 0.034198528260425694 -0.033708511157170253
leaf_weight=2180.5456378814997 67.902110914932564 126.78372913179919 72.253521806560457
leaf_count=54007 1288 1444 1295
internal_value=0 0.0179598 -0.00157403
internal_weight=2447.48 194.686 2252.8
internal_count=58034 2732 55302
is_linear=0
shrinkage=0.0321881


Tree=163
num_leaves=4
num_cat=0
split_feature=22 5 3
split_gain=62.3124 75.1069 84.6194
threshold=896.99644631003537 1.2765032824519336 250.1140384512797
decision_type=2 2 2
left_child=1 2 -1
right_child=-2 -3 -4
leaf_value=-0.010234325332981424 0.035652913747844975 0.0055421323277761786 0.0096913945056504251
leaf_weight=1015.4455385794863 49.867914234753698 1099.8011538306018 278.86773640930187
leaf_count=29311 692 24465 3398
internal_value=0.000105033 -0.000612261 -0.00589102
internal_weight=2443.98 2394.11 1294.31
internal_count=57866 57174 32709
is_linear=0
shrinkage=0.0321881


Tree=164
num_leaves=4
num_cat=1
split_feature=13 44 10
split_gain=70.7436 74.5334 133.111
threshold=37.577290131780316 0 6989.3102624025469
decision_type=10 9 2
left_child=-1 2 -2
right_child=1 -3 -4
leaf_value=0.002364588755796719 0.080515081649154774 -0.017817676747561757 -0.019418610287747991
leaf_weight=2045.0790079609724 24.042122223880142 345.43050697789295 30.236243006307632
leaf_count=38148 302 18768 521
internal_value=-3.02893e-05 -0.0124369 0.0201408
internal_weight=2444.79 399.709 54.2784
internal_count=57739 19591 823
cat_boundaries=0 1
cat_threshold=580
is_linear=0
shrinkage=0.0321881


Tree=165
num_leaves=4
num_cat=0
split_feature=15 19 22
split_gain=59.1128 60.7478 55.3421
threshold=1.2351276993319955 3.3591856689314183 896.99644631003537
decision_type=10 2 2
left_child=1 -1 -3
right_child=-2 2 -4
leaf_value=-0.0098165214508073462 -0.020032552172008136 0.0027299797248387411 0.037887514869227014
leaf_weight=423.29557855066378 144.7664876707131 1830.1287057512673 47.756094038020819
leaf_count=10894 21307 25220 554
internal_value=-7.50202e-05 0.00115476 0.00366264
internal_weight=2445.95 2301.18 1877.88
internal_count=57975 36668 25774
is_linear=0
shrinkage=0.0321881


Tree=166
num_leaves=4
num_cat=1
split_feature=41 32 27
split_gain=67.9016 67.8276 79.9465
threshold=0 -0.75855943863316988 0.50793972882319438
decision_type=9 2 2
left_child=-1 -2 -3
right_child=1 2 -4
leaf_value=0.025687348626404632 0.0060363434320691274 -0.012322560914836991 0.0025469050955426995
leaf_weight=92.122853298555128 865.81049795390572 788.8184576840722 702.16471680928953
leaf_count=940 16907 27073 13109
internal_value=0 -0.00108959 -0.00527792
internal_weight=2448.92 2356.79 1490.98
internal_count=58029 57089 40182
cat_boundaries=0 1
cat_threshold=512
is_linear=0
shrinkage=0.0321881


Tree=167
num_leaves=4
num_cat=1
split_feature=41 21 14
split_gain=64.2722 64.2949 58.8153
threshold=0 99.848556450494854 280.97289842595563
decision_type=9 2 8
left_child=-1 -2 -3
right_child=1 2 -4
leaf_value=0.0188617550176782 -0.011077450298111002 -0.0047844061885843484 0.0061462830458746944
leaf_weight=162.10211510828231 553.97671355283819 636.18638116115471 1085.7569203143939
leaf_count=1797 23058 22669 10608
internal_value=-6.69017e-05 -0.00152108 0.00150864
internal_weight=2438.02 2275.92 1721.94
internal_count=58132 56335 33277
cat_boundaries=0 1
cat_threshold=514
is_linear=0
shrinkage=0.0321881


Tree=168
num_leaves=4
num_cat=0
split_feature=22 36 21
split_gain=61.1592 77.2396 98.5063
threshold=39.924736701745594 0.8873837458246242 120.87750147600546
decision_type=2 2 2
left_child=-1 -2 -3
right_child=1 2 -4
leaf_value=-0.030477374354683166 0.016029467778797424 -0.014713576361747034 0.0022680095677379314
leaf_weight=66.513718955335207 300.13730358576868 452.47966044628993 1608.1432076189085
leaf_count=10675 6459 11057 29697
internal_value=-6.96646e-05 0.000763059 -0.00143123
internal_weight=2427.27 2360.76 2060.62
internal_count=57888 47213 40754
is_linear=0
shrinkage=0.0321881


Tree=169
num_leaves=4
num_cat=0
split_feature=14 3 24
split_gain=58.4846 84.8608 60.1869
threshold=273.01379362969197 89.022957802326687 22.419449171175881
decision_type=8 2 2
left_child=-1 -2 -3
right_child=1 2 -4
leaf_value=-0.0065930486663374416 -0.016893383523782567 -0.026144608556428417 0.0079613057422862326
leaf_weight=828.05531092663296 178.05199125071522 54.7849048350472 1366.539645631914
leaf_count=37216 2365 3571 14681
internal_value=0.000320821 0.00394065 0.00659775
internal_weight=2427.43 1599.38 1421.32
internal_count=57833 20617 18252
is_linear=0
shrinkage=0.0321881


Tree=170
num_leaves=4
num_cat=2
split_feature=43 41 1
split_gain=59.8749 77.4695 118.846
threshold=0 1 12.87850241848203
decision_type=9 9 2
left_child=1 2 -1
right_child=-2 -3 -4
leaf_value=-0.011093431049214196 -0.01252856818684649 -0.0024216794151346293 0.020320172382034696
leaf_weight=171.82128289196407 357.40304248203756 1467.3210813798942 435.38697335869074
leaf_count=12781 20304 20802 4018
internal_value=-0.000536406 0.00155302 0.011142
internal_weight=2431.93 2074.53 607.208
internal_count=57905 37601 16799
cat_boundaries=0 1 2
cat_threshold=81 538
is_linear=0
shrinkage=0.0321881


Tree=171
num_leaves=4
num_cat=0
split_feature=33 36 21
split_gain=58.7517 88.9789 105.3
threshold=0.35712995377516182 0.84822263505422868 97.094512285138464
decision_type=2 2 2
left_child=1 -1 -3
right_child=-2 2 -4
leaf_value=0.018363644377015532 -0.029369290806031217 -0.018180818261780168 0.0019520609091530762
leaf_weight=275.03940814267844 66.917073857272044 317.12424082134385 1756.9214103540871
leaf_count=6925 7955 9817 33114
internal_value=0.000281144 0.00115577 -0.0010973
internal_weight=2416 2349.09 2074.05
internal_count=57811 49856 42931
is_linear=0
shrinkage=0.0321881


Tree=172
num_leaves=4
num_cat=1
split_feature=21 44 6
split_gain=53.6642 76.9571 56.3245
threshold=120.87750147600546 0 97.411782435290277
decision_type=2 9 2
left_child=1 -1 -2
right_child=2 -3 -4
leaf_value=-0.0024522308093920431 0.00079717764793268953 -0.02981166005261067 0.019864449021072764
leaf_weight=614.11607969447505 1493.8580549822072 122.18126195674995 180.87014183355495
leaf_count=12193 28619 14814 2139
internal_value=-0.000259748 -0.00752492 0.00289698
internal_weight=2411.03 736.297 1674.73
internal_count=57765 27007 30758
cat_boundaries=0 1
cat_threshold=1065303
is_linear=0
shrinkage=0.0321881


Tree=173
num_leaves=4
num_cat=0
split_feature=33 36 36
split_gain=54.3987 79.0964 96.5076
threshold=0.3884102688835861 0.84822263505422868 0.090383134151744329
decision_type=2 2 2
left_child=1 2 -1
right_child=-2 -3 -4
leaf_value=0.0078771593001896543 -0.030579692593842141 -0.0012748194622019047 0.05833117717849641
leaf_weight=225.53761970531195 58.281677685212344 2084.4583817684907 48.605280438321643
leaf_count=6630 7653 43173 521
internal_value=4.82816e-05 0.000835105 0.0170974
internal_weight=2416.88 2358.6 274.143
internal_count=57977 50324 7151
is_linear=0
shrinkage=0.0321881


Tree=174
num_leaves=4
num_cat=0
split_feature=32 21 32
split_gain=60.0733 71.3174 79.3851
threshold=-0.76952604853582696 35.584880318315051 -0.33447160329628733
decision_type=2 2 2
left_child=-1 -2 -3
right_child=1 2 -4
leaf_value=0.006490374563829531 -0.030110605288957103 -0.011482838418232196 0.0038256741195930029
leaf_weight=859.10824025701731 102.23313479381613 581.25468615011778 877.33829612907721
leaf_count=16596 11630 10596 18979
internal_value=-0.000315733 -0.00410316 -0.00223204
internal_weight=2419.93 1560.83 1458.59
internal_count=57801 41205 29575
is_linear=0
shrinkage=0.0321881


Tree=175
num_leaves=4
num_cat=0
split_feature=14 3 6
split_gain=55.4172 72.6241 58.9245
threshold=273.01379362969197 91.168915658061934 97.411782435290277
decision_type=8 2 2
left_child=2 -2 -1
right_child=1 -3 -4
leaf_value=-0.010350943371006029 -0.015515512310065843 0.0057261974519953922 0.016023159481681919
leaf_weight=724.59474612347549 187.98621026752517 1396.2632107881363 97.948758351616561
leaf_count=35340 2494 18018 1821
internal_value=-0.000327996 0.00316353 -0.00712918
internal_weight=2406.79 1584.25 822.544
internal_count=57673 20512 37161
is_linear=0
shrinkage=0.0321881


Tree=176
num_leaves=4
num_cat=2
split_feature=22 44 43
split_gain=54.3372 59.0235 61.6122
threshold=896.99644631003537 0 1
decision_type=2 9 9
left_child=1 2 -1
right_child=-2 -3 -4
leaf_value=0.015571153896733865 0.033218322574600598 -0.015906162526368769 -0.001270616821546342
leaf_weight=244.93666298151948 48.825481407810003 236.45693019242026 1875.7950653110165
leaf_count=3394 686 27334 26353
internal_value=-0.000271611 -0.00099559 0.000710114
internal_weight=2406.01 2357.19 2120.73
internal_count=57767 57081 29747
cat_boundaries=0 1 2
cat_threshold=131791 16
is_linear=0
shrinkage=0.0321881


Tree=177
num_leaves=4
num_cat=2
split_feature=41 43 5
split_gain=57.7453 58.649 73.468
threshold=0 1 2.7363057862341083
decision_type=9 9 2
left_child=-1 2 -2
right_child=1 -3 -4
leaf_value=0.023941121778989147 0.024819943843808347 -0.0029291939855397809 -0.010964158629877156
leaf_weight=89.87873732612934 183.5317801478086 2041.5424730693339 84.822294191224501
leaf_count=957 6583 47572 2759
internal_value=0 -0.00102646 0.0127959
internal_weight=2399.78 2309.9 268.354
internal_count=57871 56914 9342
cat_boundaries=0 1 2
cat_threshold=512 16
is_linear=0
shrinkage=0.0321881


Tree=178
num_leaves=4
num_cat=0
split_feature=5 10 3
split_gain=59.9779 81.6836 75.3437
threshold=1.2291170689551383 17029.25635918682 273.15104167516887
decision_type=2 2 2
left_child=1 2 -1
right_child=-2 -3 -4
leaf_value=-0.0092207836549356749 0.0052967710132181822 0.048321033004564119 0.014058372238285342
leaf_weight=1093.7800222277874 1131.5047356160358 28.744850712944753 163.75653756631073
leaf_count=30255 25341 582 1832
internal_value=-8.11093e-05 -0.00486149 -0.00613665
internal_weight=2417.79 1286.28 1257.54
internal_count=58010 32669 32087
is_linear=0
shrinkage=0.0321881


Tree=179
num_leaves=4
num_cat=0
split_feature=22 6 10
split_gain=57.2498 55.5921 69.8889
threshold=896.99644631003537 112.21981466774385 7194.3906523243122
decision_type=2 2 2
left_child=1 -1 -3
right_child=-2 2 -4
leaf_value=-0.002228497467544722 0.034077080474892871 -0.03414384388795718 0.016680270592162962
leaf_weight=2155.6207882731687 49.802877978421748 27.065640606917441 166.97370645403862
leaf_count=54457 695 364 2330
internal_value=0 -0.000716539 0.0157345
internal_weight=2399.46 2349.66 194.039
internal_count=57846 57151 2694
is_linear=0
shrinkage=0.0321881


Tree=180
num_leaves=4
num_cat=1
split_feature=7 44 33
split_gain=55.6925 68.2285 83.2022
threshold=23286.098577735549 0 -0.63471601346331108
decision_type=2 9 2
left_child=1 2 -1
right_child=-2 -3 -4
leaf_value=-0.00069505725428224533 -0.023606099707894793 -0.0035196005855998333 0.018739617301878821
leaf_weight=509.67457931023091 99.539761250256561 1382.6636674460024 404.42132103722543
leaf_count=4468 1606 47693 4185
internal_value=-3.87071e-05 0.000957286 0.00775157
internal_weight=2396.3 2296.76 914.096
internal_count=57952 56346 8653
cat_boundaries=0 1
cat_threshold=70
is_linear=0
shrinkage=0.0321881


Tree=181
num_leaves=4
num_cat=1
split_feature=1 16 43
split_gain=52.5983 54.1602 71.0092
threshold=2.937983372092599 237.91894101433198 0
decision_type=2 8 9
left_child=-1 2 -2
right_child=1 -3 -4
leaf_value=-0.022133351910324055 0.018561838034026192 -0.02862293026339682 0
leaf_weight=104.77579821139807 229.38275876129046 61.045747601427138 1994.9790287694195
leaf_count=26480 2901 1301 27161
internal_value=0.000111194 0.00116106 0.00201005
internal_weight=2390.18 2285.41 2224.36
internal_count=57843 31363 30062
cat_boundaries=0 1
cat_threshold=16
is_linear=0
shrinkage=0.0321881


Tree=182
num_leaves=4
num_cat=0
split_feature=15 21 32
split_gain=57.9673 58.0483 65.2099
threshold=1.2429532060118731 274.01931949531416 -0.87425594329142475
decision_type=10 2 2
left_child=1 2 -1
right_child=-2 -3 -4
leaf_value=0.0052963958107482443 -0.021592631176172248 0.011970596750582494 -0.0054061073067600118
leaf_weight=538.78996073256712 123.64374426176073 411.20629261760041 1317.5623204958392
leaf_count=7099 20619 5499 24803
internal_value=-0.00012867 0.00101575 -0.00137781
internal_weight=2391.2 2267.56 1856.35
internal_count=58020 37401 31902
is_linear=0
shrinkage=0.0321881


Tree=183
num_leaves=4
num_cat=2
split_feature=41 44 14
split_gain=63.5918 61.4441 96.643
threshold=0 1 493.33348867486205
decision_type=9 9 8
left_child=-1 2 -2
right_child=1 -3 -4
leaf_value=0.019001478914329923 0.0012875558109728701 -0.0059801439296429454 0.035379022776168736
leaf_weight=160.69228375970852 850.46204039489385 1275.9874314625631 96.28131027915515
leaf_count=1795 11350 43775 1067
internal_value=5.44707e-05 -0.00136785 0.00477934
internal_weight=2383.42 2222.73 946.743
internal_count=57987 56192 12417
cat_boundaries=0 1 2
cat_threshold=514 131142
is_linear=0
shrinkage=0.0321881


Tree=184
num_leaves=4
num_cat=1
split_feature=5 44 10
split_gain=54.084 75.5445 237.051
threshold=1.2556371802840613 0 6720.7833034750611
decision_type=2 9 2
left_child=-1 2 -2
right_child=1 -3 -4
leaf_value=-0.0043494386138620209 0.084179603931340802 0.0017787892822358799 -0.00089916013934200471
leaf_weight=1294.858950896305 50.491772713139653 952.08300459058955 98.104540136177093
leaf_count=33133 553 22987 1334
internal_value=8.22411e-05 0.00535342 0.0259279
internal_weight=2395.54 1100.68 148.596
internal_count=58007 24874 1887
cat_boundaries=0 1
cat_threshold=580
is_linear=0
shrinkage=0.0321881


Tree=185
num_leaves=4
num_cat=0
split_feature=33 36 32
split_gain=53.6284 85.4706 108.667
threshold=0.3884102688835861 0.84822263505422868 0.60491889272637911
decision_type=2 2 2
left_child=1 2 -1
right_child=-2 -3 -4
leaf_value=0.03160655814020253 -0.030378984782289255 -0.0012417382217738695 -0.011354046870295028
leaf_weight=188.98440319043584 57.574047371163033 2046.468673321011 87.208719884860329
leaf_count=2673 7714 42934 4515
internal_value=0.000209614 0.000998285 0.0178131
internal_weight=2380.24 2322.66 276.193
internal_count=57836 50122 7188
is_linear=0
shrinkage=0.0321881


Tree=186
num_leaves=4
num_cat=1
split_feature=7 44 6
split_gain=53.2165 59.8582 64.6107
threshold=23286.098577735549 0 134.88545397537021
decision_type=2 9 2
left_child=1 -1 -3
right_child=-2 2 -4
leaf_value=0.0071466437360171581 -0.023430723156585828 -0.0050065581678035778 0.029325008100736776
leaf_weight=912.3073597131297 97.751391651341692 1303.0483418548247 58.735297680832446
leaf_count=8633 1579 46150 1347
internal_value=-0.000183283 0.000790336 -0.00344887
internal_weight=2371.84 2274.09 1361.78
internal_count=57709 56130 47497
cat_boundaries=0 1
cat_threshold=70
is_linear=0
shrinkage=0.0321881


Tree=187
num_leaves=4
num_cat=0
split_feature=14 25 10
split_gain=51.1098 58.5389 57.9756
threshold=273.01379362969197 4.529403417348699 16676.51210080901
decision_type=8 2 2
left_child=-1 2 -2
right_child=1 -3 -4
leaf_value=-0.0063855360423092705 0.0045568035470769817 -0.014758725398551744 0.045312721219447336
leaf_weight=807.31734200945357 1381.5893945220159 160.11174562689848 37.35975497844629
leaf_count=37315 15491 4631 425
internal_value=0.000173224 0.00356727 0.00568214
internal_weight=2386.38 1579.06 1418.95
internal_count=57862 20547 15916
is_linear=0
shrinkage=0.0321881


Tree=188
num_leaves=4
num_cat=0
split_feature=16 14 27
split_gain=51.8106 72.6998 55.7202
threshold=237.91894101433198 638.99993765390536 0.34701588608511752
decision_type=10 10 2
left_child=1 2 -1
right_child=-2 -3 -4
leaf_value=-0.006051305115700103 -0.03052885786997861 0.032845921091019789 0.0041102826013328219
leaf_weight=993.80329097283538 56.26913287374191 70.321746753528714 1275.4158983599627
leaf_count=31716 1119 975 24252
internal_value=-4.83106e-05 0.000660584 -0.000312081
internal_weight=2395.81 2339.54 2269.22
internal_count=58062 56943 55968
is_linear=0
shrinkage=0.0321881


Tree=189
num_leaves=4
num_cat=0
split_feature=33 36 32
split_gain=52.5755 71.4034 98.8327
threshold=0.35712995377516182 0.84822263505422868 0.56195697437545788
decision_type=2 2 2
left_child=1 2 -1
right_child=-2 -3 -4
leaf_value=0.030580913438428222 -0.029943860213987889 -0.0012005590851103755 -0.010146699356179248
leaf_weight=176.71729212976061 58.806851514615119 2052.8407739059767 91.696357620530762
leaf_count=2361 7932 43032 4526
internal_value=2.29727e-05 0.00081257 0.0164336
internal_weight=2380.06 2321.25 268.414
internal_count=57851 49919 6887
is_linear=0
shrinkage=0.0321881


Tree=190
num_leaves=4
num_cat=1
split_feature=7 43 4
split_gain=51.3283 52.7583 54.4256
threshold=27492.448737955616 0 1068.3348198750739
decision_type=2 9 2
left_child=1 2 -1
right_child=-2 -3 -4
leaf_value=-0.00089273150107553546 -0.02874171464221181 -0.010835681551970068 0.010285909961284216
leaf_weight=1304.9444360845955 61.929893839522265 327.89287303062156 682.55367092997767
leaf_count=21958 1135 19803 14796
internal_value=9.09407e-05 0.000892498 0.00290041
internal_weight=2377.32 2315.39 1987.5
internal_count=57692 56557 36754
cat_boundaries=0 1
cat_threshold=81
is_linear=0
shrinkage=0.0321881


Tree=191
num_leaves=4
num_cat=0
split_feature=33 32 22
split_gain=49.6384 85.7493 120.325
threshold=-0.63471601346331108 -0.33447160329628733 486.60178452567897
decision_type=2 2 2
left_child=1 2 -1
right_child=-2 -3 -4
leaf_value=-0.027132552637163382 0.0055006925934373459 0.0024904413197064856 0.0027078568262082275
leaf_weight=309.9629058658611 976.57657095842296 837.95456130453385 248.6144947160501
leaf_count=6430 27328 19529 4678
internal_value=-3.83266e-05 -0.00395757 -0.0137415
internal_weight=2373.11 1396.53 558.577
internal_count=57965 30637 11108
is_linear=0
shrinkage=0.0321881


Tree=192
num_leaves=4
num_cat=0
split_feature=26 33 22
split_gain=51.2633 58.8918 65.7511
threshold=0.099292124889621761 -0.52714636715506902 851.83023505095173
decision_type=2 2 2
left_child=-1 2 -2
right_child=1 -3 -4
leaf_value=-0.0046525532232391123 7.2301910770619632e-05 0.01677573648063117 0.035921818578233317
leaf_weight=1183.638532214798 828.13404842669843 313.62666216737125 52.863860571291298
leaf_count=34030 17048 6146 708
internal_value=6.73539e-05 0.00479716 0.000457258
internal_weight=2378.26 1194.62 880.998
internal_count=57932 23902 17756
is_linear=0
shrinkage=0.0321881


Tree=193
num_leaves=4
num_cat=0
split_feature=16 16 12
split_gain=50.2085 61.685 108.455
threshold=244.42401383167501 167.814157360942 33.160890977200054
decision_type=10 8 8
left_child=1 -1 -3
right_child=-2 2 -4
leaf_value=-0.0021318422942677231 -0.034093105005311597 -0.013621644905385664 0.019562076123617097
leaf_weight=1825.4988834341639 43.773306065937504 137.8032983832527 374.05701473320369
leaf_count=49440 890 1899 5636
internal_value=-6.1684e-06 0.000608345 0.0105018
internal_weight=2381.13 2337.36 511.86
internal_count=57865 56975 7535
is_linear=0
shrinkage=0.0321881


Tree=194
num_leaves=4
num_cat=0
split_feature=33 36 32
split_gain=50.4731 69.3764 92.6219
threshold=0.35712995377516182 0.84822263505422868 0.56195697437545788
decision_type=2 2 2
left_child=1 2 -1
right_child=-2 -3 -4
leaf_value=0.03010705806486285 -0.030187721197389786 -0.0011450260334744491 -0.009251069533807707
leaf_weight=175.00700400513597 55.378020041738637 2050.0523632555269 92.498067032080144
leaf_count=2377 7902 43057 4590
internal_value=8.45188e-05 0.000838366 0.0162637
internal_weight=2372.94 2317.56 267.505
internal_count=57926 50024 6967
is_linear=0
shrinkage=0.0321881


Tree=195
num_leaves=4
num_cat=0
split_feature=15 5 3
split_gain=52.3906 49.3631 75.7135
threshold=1.2713473244819291 1.2765032824519336 253.28684810928368
decision_type=10 2 2
left_child=1 2 -1
right_child=-2 -3 -4
leaf_value=-0.007561013426958591 -0.025357561844739428 0.0061574532782928499 0.01175504585432467
leaf_weight=974.44863913190784 81.16789111320395 1028.9267000480322 265.96606953814626
leaf_count=20303 17172 17119 3062
internal_value=0 0.000923804 -0.00336653
internal_weight=2350.51 2269.34 1240.41
internal_count=57656 40484 23365
is_linear=0
shrinkage=0.0321881


Tree=196
num_leaves=4
num_cat=2
split_feature=1 41 44
split_gain=42.9863 84.1888 63.0946
threshold=13.346054324428007 0 1
decision_type=2 9 9
left_child=2 -2 -1
right_child=1 -3 -4
leaf_value=0.0081585803415932107 0.013418386861030591 -0.0022117375253501914 -0.016636559474260234
leaf_weight=145.54734958766494 463.97896948130801 1424.3819523560815 332.83428970340174
leaf_count=4849 4685 17585 30944
internal_value=-0.000499641 0.00165547 -0.0091364
internal_weight=2366.74 1888.36 478.382
internal_count=58063 22270 35793
cat_boundaries=0 1 2
cat_threshold=538 131650
is_linear=0
shrinkage=0.0321881


Tree=197
num_leaves=4
num_cat=0
split_feature=26 33 22
split_gain=49.3512 51.1933 63.4977
threshold=0.092386028025773018 -0.48131041106682548 851.83023505095173
decision_type=2 2 2
left_child=-1 2 -2
right_child=1 -3 -4
leaf_value=-0.0047752583139236389 -0.00012504073081587953 0.016325367508968222 0.035984042235639793
leaf_weight=1161.8437009764602 862.54001511959359 289.46377122704871 50.722680101869628
leaf_count=33408 17874 5772 710
internal_value=-1.77265e-05 0.00452518 0.00071205
internal_weight=2364.57 1202.73 913.263
internal_count=57764 24356 18584
is_linear=0
shrinkage=0.0321881


Tree=198
num_leaves=4
num_cat=0
split_feature=15 5 4
split_gain=50.8017 49.9277 68.5175
threshold=1.229141731429455 1.2414692785298518 1068.3348198750739
decision_type=10 2 2
left_child=1 2 -1
right_child=-2 -3 -4
leaf_value=-0.010214707687160724 -0.018995160222043714 0.0063989442513828461 0.005159357164489598
leaf_weight=665.77493272407446 137.89911849441705 1016.0883651580662 540.9601428626338
leaf_count=11962 21752 15697 8587
internal_value=-2.86757e-05 0.00112121 -0.00327033
internal_weight=2360.72 2222.82 1206.74
internal_count=57998 36246 20549
is_linear=0
shrinkage=0.0321881


Tree=199
num_leaves=4
num_cat=1
split_feature=13 44 10
split_gain=48.5204 78.7923 87.5351
threshold=37.850004269089219 0 4559.1590269279395
decision_type=8 9 2
left_child=-1 2 -2
right_child=1 -3 -4
leaf_value=0.0017453893166716129 0.10322398756043455 -0.017541945653573639 0.0027511317017502078
leaf_weight=2004.7235675380216 11.641519070020875 299.29279363731621 42.930489927413873
leaf_count=37579 169 18516 1635
internal_value=-0.000167174 -0.0111761 0.0217346
internal_weight=2358.59 353.865 54.572
internal_count=57899 20320 1804
cat_boundaries=0 1
cat_threshold=131652
is_linear=0
shrinkage=0.0321881


Tree=200
num_leaves=4
num_cat=0
split_feature=33 33 21
split_gain=44.897 60.0243 70.5122
threshold=0.41838218092960261 -0.53640347114427689 102.60893384779833
decision_type=2 2 2
left_child=1 2 -1
right_child=-2 -3 -4
leaf_value=-0.018380619575361478 -0.031910652496239061 0.0078420652340847191 0
leaf_weight=261.15781359188259 44.930928580055479 771.87289447092917 1288.4126260727644
leaf_count=8661 7389 16867 25087
internal_value=-0.000105132 0.000486216 -0.00313743
internal_weight=2366.37 2321.44 1549.57
internal_count=58004 50615 33748
is_linear=0
shrinkage=0.0321881


Tree=201
num_leaves=4
num_cat=0
split_feature=15 25 22
split_gain=48.1954 48.554 38.3592
threshold=1.2351276993319955 2.5525615236390373 98.161246239523436
decision_type=10 2 2
left_child=1 -1 -3
right_child=-2 2 -4
leaf_value=0.0036074846186195399 -0.019310105936978381 -0.028977832062870204 -0.0038224101386809383
leaf_weight=1725.9624295694521 127.4686759026954 75.602867813082412 425.63923002569936
leaf_count=23754 21210 6911 5895
internal_value=-5.43598e-05 0.00102104 -0.00775554
internal_weight=2354.67 2227.2 501.242
internal_count=57770 36560 12806
is_linear=0
shrinkage=0.0321881


Tree=202
num_leaves=4
num_cat=1
split_feature=14 17 43
split_gain=44.8237 59.074 70.0304
threshold=638.99993765390536 5.8925854378818796 0
decision_type=10 10 9
left_child=1 2 -1
right_child=-2 -3 -4
leaf_value=0.01682283158605314 0.022618273715578154 -0.023951959613210363 -0.0017239268962002641
leaf_weight=226.32654616399668 87.144299735315144 109.21079203841509 1928.1306333598914
leaf_count=5460 1340 14502 36502
internal_value=0 -0.000876108 0.000266567
internal_weight=2350.81 2263.67 2154.46
internal_count=57804 56464 41962
cat_boundaries=0 1
cat_threshold=112
is_linear=0
shrinkage=0.0321881


Tree=203
num_leaves=4
num_cat=0
split_feature=14 3 2
split_gain=49.267 57.3839 47.6846
threshold=225.64904042671495 86.852306394241808 42.484818221975331
decision_type=8 2 2
left_child=2 -2 -1
right_child=1 -3 -4
leaf_value=-0.015579421064765482 -0.014546468288863978 0.0047659962717755246 0.0046582135482336881
leaf_weight=336.08210553845856 174.95821753272321 1654.4416413680883 181.66476832423359
leaf_count=28829 2444 24585 1954
internal_value=0.000375613 0.00288255 -0.00835668
internal_weight=2347.15 1829.4 517.747
internal_count=57812 27029 30783
is_linear=0
shrinkage=0.0321881


Tree=204
num_leaves=4
num_cat=2
split_feature=41 44 33
split_gain=44.4779 51.4814 73.6541
threshold=0 1 -0.63471601346331108
decision_type=9 9 2
left_child=-1 2 -2
right_child=1 -3 -4
leaf_value=0.021517112630244414 -0.0029737096506118098 -0.0047786009599196612 0.014906555540094466
leaf_weight=87.599089862429537 523.69730588234961 1315.3603304915596 431.49342001089826
leaf_count=964 4723 47661 4589
internal_value=0.000247856 -0.000638777 0.00498628
internal_weight=2358.15 2270.55 955.191
internal_count=57937 56973 9312
cat_boundaries=0 1 2
cat_threshold=512 70
is_linear=0
shrinkage=0.0321881


Tree=205
num_leaves=4
num_cat=1
split_feature=7 1 41
split_gain=46.2474 46.388 77.8349
threshold=27492.448737955616 12.111795491392712 0
decision_type=2 2 9
left_child=1 -1 -3
right_child=-2 2 -4
leaf_value=-0.009859692229966778 -0.027457436583824983 0.014266940358698943 -0.0008481965838352711
leaf_weight=359.35424068634165 61.758043576846831 450.85163726145402 1479.5764187551104
leaf_count=34062 1145 4653 18054
internal_value=0 0.000716947 0.00271978
internal_weight=2351.54 2289.78 1930.43
internal_count=57914 56769 22707
cat_boundaries=0 1
cat_threshold=522
is_linear=0
shrinkage=0.0321881


Tree=206
num_leaves=4
num_cat=2
split_feature=43 41 1
split_gain=46.4506 54.6729 86.5449
threshold=0 1 12.87850241848203
decision_type=9 9 2
left_child=1 2 -1
right_child=-2 -3 -4
leaf_value=-0.0093939394931132139 -0.010562856192560434 -0.0011343960015472829 0.018212960623587991
leaf_weight=158.91813387535512 334.49802014254965 1442.2535300342715 426.28573550772853
leaf_count=12798 20386 20942 4016
internal_value=0.000335698 0.00220743 0.0104283
internal_weight=2361.96 2027.46 585.204
internal_count=58142 37756 16814
cat_boundaries=0 1 2
cat_threshold=81 538
is_linear=0
shrinkage=0.0321881


Tree=207
num_leaves=4
num_cat=0
split_feature=33 32 22
split_gain=42.7324 74.8252 101.793
threshold=-0.64079449640464181 -0.33447160329628733 486.60178452567897
decision_type=2 2 2
left_child=1 2 -1
right_child=-2 -3 -4
leaf_value=-0.025963502206824956 0.0052012829934463415 0.0023759699828266303 0.002167079639678222
leaf_weight=289.22065955167636 974.84908507624641 821.15061835257802 239.76633494812995
leaf_count=6189 27497 19360 4584
internal_value=3.94615e-05 -0.00364066 -0.0130975
internal_weight=2324.99 1350.14 528.987
internal_count=57630 30133 10773
is_linear=0
shrinkage=0.0321881


Tree=208
num_leaves=4
num_cat=0
split_feature=6 20 7
split_gain=50.3619 86.511 57.2274
threshold=112.21981466774385 84.593850152277994 18496.447156732076
decision_type=2 2 2
left_child=2 -2 -1
right_child=1 -3 -4
leaf_value=-4.0635709368324463e-05 -0.013429835018500764 0.032272743051147169 -0.029828086569218801
leaf_weight=2083.5912719370099 63.329571860376745 122.98059498355724 68.955848636222072
leaf_count=53814 1272 1456 1429
internal_value=0.000334845 0.016399 -0.00102763
internal_weight=2338.86 186.31 2152.55
internal_count=57971 2728 55243
is_linear=0
shrinkage=0.0321881


Tree=209
num_leaves=4
num_cat=0
split_feature=33 36 32
split_gain=43.2145 81.6109 83.7109
threshold=0.35712995377516182 0.84822263505422868 0.62874629050047381
decision_type=2 2 2
left_child=1 2 -1
right_child=-2 -3 -4
leaf_value=0.029139049827532335 -0.028178533433714358 -0.0012417470931750884 -0.0098088537600228547
leaf_weight=191.30288122443017 53.762945447815582 2027.943021883897 78.377707717008889
leaf_count=2663 7964 43221 4262
internal_value=0.000246198 0.000941874 0.0175849
internal_weight=2351.39 2297.62 269.681
internal_count=58110 50146 6925
is_linear=0
shrinkage=0.0321881


Tree=210
num_leaves=4
num_cat=1
split_feature=7 43 4
split_gain=41.0474 43.3734 49.8367
threshold=27492.448737955616 0 1035.741195763381
decision_type=2 9 2
left_child=1 2 -1
right_child=-2 -3 -4
leaf_value=-0.001152652777503504 -0.026174254754828357 -0.010374366477802793 0.0094626774749311006
leaf_weight=1277.022137289634 59.582860239315778 297.98727212031372 707.21036603918765
leaf_count=21638 1169 19565 15525
internal_value=0.000114285 0.000831162 0.00258636
internal_weight=2341.8 2282.22 1984.23
internal_count=57897 56728 37163
cat_boundaries=0 1
cat_threshold=113
is_linear=0
shrinkage=0.0321881


Tree=211
num_leaves=4
num_cat=0
split_feature=33 23 33
split_gain=48.7558 70.6268 62.3406
threshold=-0.51828066867581712 28.003845723989873 0.3884102688835861
decision_type=2 2 2
left_child=1 -1 -2
right_child=2 -3 -4
leaf_value=-0.0098011359676322286 0.0089385311859037989 0.0039238161171280149 -0.029678039408742675
leaf_weight=806.03037943335949 744.34595037478721 741.39343260991154 45.115884878323413
leaf_count=20847 16153 13233 7606
internal_value=0.000108461 -0.00318456 0.00664279
internal_weight=2336.89 1547.42 789.462
internal_count=57839 34080 23759
is_linear=0
shrinkage=0.0321881


Tree=212
num_leaves=4
num_cat=1
split_feature=16 14 43
split_gain=45.4191 56.812 47.9789
threshold=237.91894101433198 638.99993765390536 0
decision_type=10 10 9
left_child=1 2 -1
right_child=-2 -3 -4
leaf_value=0.013311990651600918 -0.029452189185526671 0.0298085626507756 -0.0017655964228555912
leaf_weight=235.3846606479492 52.424179184250534 67.555467400932685 1977.8693638451514
leaf_count=9286 1103 938 46575
internal_value=7.09822e-05 0.000780481 -7.98681e-05
internal_weight=2333.23 2280.81 2213.25
internal_count=57902 56799 55861
cat_boundaries=0 1
cat_threshold=16
is_linear=0
shrinkage=0.0321881


Tree=213
num_leaves=4
num_cat=2
split_feature=13 44 43
split_gain=39.7269 57.052 47.2929
threshold=39.497149071547057 0 1
decision_type=10 9 9
left_child=2 -2 -1
right_child=1 -3 -4
leaf_value=0.01450560757549769 0.023899073590544426 -0.021060064718314328 -0.00047375283794657728
leaf_weight=235.34867034875788 26.481104399310425 161.54747273150133 1916.3111615905073
leaf_count=5633 411 14396 37606
internal_value=-1.14999e-05 -0.014217 0.00120172
internal_weight=2339.69 188.029 2151.66
internal_count=58046 14807 43239
cat_boundaries=0 1 2
cat_threshold=576 16
is_linear=0
shrinkage=0.0321881


Tree=214
num_leaves=4
num_cat=1
split_feature=22 2 41
split_gain=45.5 40.8868 65.3615
threshold=762.76982938141362 22.15515246415028 0
decision_type=2 2 9
left_child=1 -1 -3
right_child=-2 2 -4
leaf_value=-0.010889261791781362 0.0236439725619891 -0.0021133803887007749 0.011467354387109847
leaf_weight=332.35837867291411 83.90046858752612 1426.2616454109084 481.69207321968861
leaf_count=33127 1586 18215 4931
internal_value=0.000391141 -0.000453666 0.00133192
internal_weight=2324.21 2240.31 1907.95
internal_count=57859 56273 23146
cat_boundaries=0 1
cat_threshold=2368
is_linear=0
shrinkage=0.0321881


Tree=215
num_leaves=4
num_cat=0
split_feature=25 14 1
split_gain=43.9203 44.1139 68.3833
threshold=3.3986131294768467 280.97289842595563 23.858064852742618
decision_type=2 8 2
left_child=1 2 -1
right_child=-2 -3 -4
leaf_value=-0.011082023485481625 -0.010015244905999712 0.0057157858472562826 0.011022306815354063
leaf_weight=480.21230680169538 362.91335166717181 1279.6114078923129 205.11786568979733
leaf_count=24647 16824 14319 1950
internal_value=0.000237852 0.00216493 -0.00437182
internal_weight=2327.85 1964.94 685.33
internal_count=57740 40916 26597
is_linear=0
shrinkage=0.0321881


Tree=216
num_leaves=4
num_cat=0
split_feature=5 3 4
split_gain=43.5082 70.4262 62.3806
threshold=1.2765032824519336 250.1140384512797 996.80773698112796
decision_type=2 2 2
left_child=1 -1 -3
right_child=-2 2 -4
leaf_value=-0.0081994165194080558 0.0047023755970846005 -0.0060174984436806725 0.024159380586934582
leaf_weight=984.19392102124402 1071.0272319487995 128.806352762389 150.7640323038213
leaf_count=29793 24639 1811 1700
internal_value=-4.24004e-05 -0.00411407 0.010035
internal_weight=2334.79 1263.76 279.57
internal_count=57943 33304 3511
is_linear=0
shrinkage=0.0321881


Tree=217
num_leaves=4
num_cat=1
split_feature=21 44 10
split_gain=41.0206 69.9241 42.355
threshold=130.46247592553286 0 10592.116154716563
decision_type=2 9 2
left_child=1 -1 -2
right_child=2 -3 -4
leaf_value=-0.0017109944351494945 0.0076424086318718238 -0.027931328992650117 -0.0016531851236589567
leaf_weight=654.75728361279471 879.2995952401543 118.11462819925509 669.67621604306623
leaf_count=12805 15353 15768 13883
internal_value=-0.000109173 -0.00619127 0.0028849
internal_weight=2321.85 772.872 1548.98
internal_count=57809 28573 29236
cat_boundaries=0 1
cat_threshold=1065287
is_linear=0
shrinkage=0.0321881


Tree=218
num_leaves=4
num_cat=0
split_feature=3 14 6
split_gain=40.6208 38.4818 45.6708
threshold=71.198994810537343 273.01379362969197 112.21981466774385
decision_type=2 8 2
left_child=-1 2 -2
right_child=1 -3 -4
leaf_value=-0.019369361698797979 -0.0081499247532187749 0.0036757788118787094 0.016910099836328539
leaf_weight=110.36257843964268 667.43218755011912 1462.5310603533289 83.339800472662318
leaf_count=1600 35413 19371 1550
internal_value=-0.000314083 0.000609273 -0.00527886
internal_weight=2323.67 2213.3 750.772
internal_count=57934 56334 36963
is_linear=0
shrinkage=0.0321881


Tree=219
num_leaves=4
num_cat=0
split_feature=22 36 24
split_gain=50.578 46.132 66.2917
threshold=851.83023505095173 0.84822263505422868 33.099191854236231
decision_type=2 2 2
left_child=1 2 -1
right_child=-2 -3 -4
leaf_value=-0.011906108874950911 0.030412629021783905 -0.0027412717480484817 0.01478034908023446
leaf_weight=102.01140514668077 54.662684910465032 1941.3120290155057 216.5713834046619
leaf_count=11190 907 42223 3678
internal_value=-8.30052e-05 -0.000851931 0.0104546
internal_weight=2314.56 2259.89 318.583
internal_count=57998 57091 14868
is_linear=0
shrinkage=0.0321881


Tree=220
num_leaves=4
num_cat=1
split_feature=16 14 43
split_gain=39.3082 56.0565 50.2827
threshold=237.91894101433198 638.99993765390536 0
decision_type=10 10 9
left_child=1 2 -1
right_child=-2 -3 -4
leaf_value=0.013055271632914095 -0.027459347277303245 0.028742531312569899 -0.001981033608693466
leaf_weight=251.05903970799409 52.238435863167979 71.397470901953056 1932.8390839008498
leaf_count=9638 1129 984 46000
internal_value=5.04005e-05 0.000718654 -0.000171379
internal_weight=2307.53 2255.3 2183.9
internal_count=57751 56622 55638
cat_boundaries=0 1
cat_threshold=112
is_linear=0
shrinkage=0.0321881


Tree=221
num_leaves=4
num_cat=1
split_feature=22 44 3
split_gain=41.8026 44.7462 45.8942
threshold=896.99644631003537 0 91.168915658061934
decision_type=2 9 2
left_child=1 2 -1
right_child=-2 -3 -4
leaf_value=-0.012653831749786459 0.030780372666971284 -0.014501734251684682 0.002886169110788075
leaf_weight=219.31160045869183 45.773743922123685 196.34259085927624 1849.7661103634164
leaf_count=2991 698 27283 27019
internal_value=0.000397184 -0.000191764 0.00120116
internal_weight=2311.19 2265.42 2069.08
internal_count=57991 57293 30010
cat_boundaries=0 1
cat_threshold=131807
is_linear=0
shrinkage=0.0321881


Tree=222
num_leaves=4
num_cat=0
split_feature=13 16 12
split_gain=42.451 57.7849 68.9683
threshold=37.577290131780316 170.85297929064339 31.563412686237275
decision_type=10 10 10
left_child=1 -1 -3
right_child=-2 2 -4
leaf_value=-0.00092334371146119212 -0.010572993705473334 -0.022647645158427935 0.020578535458383798
leaf_weight=1634.4910591735388 360.29035538691096 43.19028990296647 263.58202113473089
leaf_count=34304 19648 669 3061
internal_value=-0.000408151 0.00144665 0.0142725
internal_weight=2301.55 1941.26 306.772
internal_count=57682 38034 3730
is_linear=0
shrinkage=0.0321881


Tree=223
num_leaves=4
num_cat=0
split_feature=33 36 36
split_gain=39.3083 53.933 81.6766
threshold=0.4505836462790454 0.84822263505422868 0.10992639736769576
decision_type=2 2 2
left_child=1 2 -1
right_child=-2 -3 -4
leaf_value=0.0061476263612610434 -0.03218883868649991 -0.0011745300920500213 0.054709409196718475
leaf_weight=235.94171427271795 38.124823833524715 1979.189630283392 43.143181617022492
leaf_count=7187 7308 42979 415
internal_value=8.78805e-05 0.000664307 0.0139228
internal_weight=2296.4 2258.27 279.085
internal_count=57889 50581 7602
is_linear=0
shrinkage=0.0321881


Tree=224
num_leaves=4
num_cat=0
split_feature=39 6 7
split_gain=39.42 57.1981 49.7215
threshold=0.091523100308811819 62.913335110231081 18496.447156732076
decision_type=2 2 2
left_child=2 -2 -1
right_child=1 -3 -4
leaf_value=-0.00091519882689189284 0.0033284707686624467 0.029779620350597336 -0.02669515795527052
leaf_weight=1785.9548277085996 327.15352088544751 103.02805811434519 81.224285612930544
leaf_count=47908 6759 1367 1609
internal_value=-2.23621e-05 0.00873095 -0.00207401
internal_weight=2297.36 430.182 1867.18
internal_count=57643 8126 49517
is_linear=0
shrinkage=0.0321881


Tree=225
num_leaves=4
num_cat=1
split_feature=7 1 41
split_gain=41.216 38.4043 69.2534
threshold=27492.448737955616 13.116891647884996 0
decision_type=2 2 9
left_child=1 -1 -3
right_child=-2 2 -4
leaf_value=-0.0080488914193064202 -0.027145579875387564 -0.00089030369111234298 0.01344872931115864
leaf_weight=423.18200467340648 56.414086853154004 1379.9034931205679 454.00414403527975
leaf_count=35035 1151 17182 4689
internal_value=-1.62791e-06 0.000651375 0.00269451
internal_weight=2313.5 2257.09 1833.91
internal_count=58057 56906 21871
cat_boundaries=0 1
cat_threshold=2368
is_linear=0
shrinkage=0.0321881


Tree=226
num_leaves=4
num_cat=0
split_feature=16 14 5
split_gain=37.9238 56.1445 42.2942
threshold=237.91894101433198 638.99993765390536 1.2765032824519336
decision_type=10 10 2
left_child=1 2 -1
right_child=-2 -3 -4
leaf_value=-0.0046465094885530609 -0.027835208715084141 0.028475931747705598 0.0043501064773089192
leaf_weight=1202.6915209652507 50.421430622693151 70.880346897756681 981.17197183892131
leaf_count=32439 1101 962 23447
internal_value=-0.000278237 0.000312618 -0.00057529
internal_weight=2305.17 2254.74 2183.86
internal_count=57949 56848 55886
is_linear=0
shrinkage=0.0321881


Tree=227
num_leaves=4
num_cat=0
split_feature=3 0 2
split_gain=40.0335 44.9869 41.3299
threshold=89.022957802326687 59.828764365484844 45.578184562150263
decision_type=2 2 2
left_child=2 -2 -1
right_child=1 -3 -4
leaf_value=-0.018468397570481996 -0.01746374578762263 0.0025705879278845344 0.023957403480300905
leaf_weight=191.93924280971987 122.70335864403751 1961.6761464240844 25.726816213456914
leaf_count=2950 19102 35742 275
internal_value=0 0.0013588 -0.013141
internal_weight=2302.05 2084.38 217.666
internal_count=58069 54844 3225
is_linear=0
shrinkage=0.0321881


Tree=228
num_leaves=4
num_cat=0
split_feature=26 5 10
split_gain=46.4895 41.1191 46.6768
threshold=0.050191708419783272 1.2414692785298518 17029.25635918682
decision_type=2 2 2
left_child=-1 2 -2
right_child=1 -3 -4
leaf_value=-0.0055595652264079903 -0.00089529023061235167 0.0097461457860402324 0.050441706564298208
leaf_weight=927.37442796124378 713.38240709679667 640.64864748611581 18.134914801514242
leaf_count=28320 16394 12782 301
internal_value=0 0.00376898 -0.00089529
internal_weight=2299.54 1372.17 731.517
internal_count=57797 29477 16695
is_linear=0
shrinkage=0.0321881


Tree=229
num_leaves=4
num_cat=2
split_feature=3 44 43
split_gain=36.4003 46.23 39.4961
threshold=86.852306394241808 0 1
decision_type=2 9 9
left_child=-1 2 -2
right_child=1 -3 -4
leaf_value=-0.013471652357528688 0.014472903642680635 -0.017221728455442595 0.0004183027298963401
leaf_weight=200.55143146857154 226.71871817630017 126.2698906022124 1759.293415231863
leaf_count=3006 8115 11952 34851
internal_value=-0.000355591 0.00086094 0.00212064
internal_weight=2312.83 2112.28 1986.01
internal_count=57924 54918 42966
cat_boundaries=0 1 2
cat_threshold=393935 16
is_linear=0
shrinkage=0.0321881


Tree=230
num_leaves=4
num_cat=1
split_feature=7 44 14
split_gain=36.3875 39.5057 65.9968
threshold=27492.448737955616 0 621.96710388943609
decision_type=2 9 8
left_child=1 2 -1
right_child=-2 -3 -4
leaf_value=0.0039530159857425187 -0.025612517296015824 -0.0030318368022999283 0.051065335324740974
leaf_weight=894.68909901287407 56.317392029508483 1311.541074125038 32.018203996820375
leaf_count=11826 1128 44598 404
internal_value=-9.0397e-05 0.000525964 0.00560169
internal_weight=2294.57 2238.25 926.707
internal_count=57956 56828 12230
cat_boundaries=0 1
cat_threshold=131142
is_linear=0
shrinkage=0.0321881


Tree=231
num_leaves=4
num_cat=1
split_feature=13 43 5
split_gain=38.7901 43.2697 61.6859
threshold=39.823340033932929 0 2.2448717033133412
decision_type=10 9 2
left_child=1 -1 -3
right_child=-2 2 -4
leaf_value=0.013910443980341474 -0.015445577845746872 -0.0040687032824826596 0.008996313700463384
leaf_weight=231.45255526626715 157.91271473927191 1392.8280760251218 511.04674245440401
leaf_count=5770 13789 29502 8663
internal_value=-3.71972e-05 0.00107405 -0.000524842
internal_weight=2293.24 2135.33 1903.87
internal_count=57724 43935 38165
cat_boundaries=0 1
cat_threshold=16
is_linear=0
shrinkage=0.0321881


Tree=232
num_leaves=4
num_cat=0
split_feature=22 33 29
split_gain=37.7937 39.4964 75.4352
threshold=851.83023505095173 -0.53640347114427689 7.7035967284424256
decision_type=2 2 2
left_child=1 2 -1
right_child=-2 -3 -4
leaf_value=0.0011981307392661393 0.026656473093032245 0.0054100434013588609 -0.014986598630006781
leaf_weight=1003.32057607139 54.89942942513153 794.50714547093958 420.89694575313479
leaf_count=23721 895 24065 9003
internal_value=0.000318429 -0.000307344 -0.0035419
internal_weight=2273.62 2218.72 1424.22
internal_count=57684 56789 32724
is_linear=0
shrinkage=0.0321881


Tree=233
num_leaves=4
num_cat=0
split_feature=16 16 6
split_gain=36.4141 41.4148 51.9674
threshold=244.42401383167501 170.85297929064339 112.21981466774385
decision_type=10 10 2
left_child=1 2 -1
right_child=-2 -3 -4
leaf_value=-0.0036501514403261773 -0.031290907775141472 0.009234027217523106 0.015444461008254484
leaf_weight=1647.3137869338389 38.453608085401356 426.40588421287248 161.16553756815847
leaf_count=48559 909 5577 2494
internal_value=-0.000320365 0.000187281 -0.00191149
internal_weight=2273.34 2234.89 1808.48
internal_count=57539 56630 51053
is_linear=0
shrinkage=0.0321881


Tree=234
num_leaves=4
num_cat=0
split_feature=39 6 7
split_gain=39.7746 66.9271 49.9427
threshold=0.091523100308811819 81.663452474798063 18496.447156732076
decision_type=2 2 2
left_child=2 -2 -1
right_child=1 -3 -4
leaf_value=-0.00052726394919008302 0.0036962145553679797 0.035262802186556856 -0.026782727145665708
leaf_weight=1762.1199169614702 357.51483013288816 82.624971317010932 78.502474205859471
leaf_count=48095 7151 1056 1604
internal_value=0.000364753 0.00907739 -0.00168496
internal_weight=2280.76 440.14 1840.62
internal_count=57906 8207 49699
is_linear=0
shrinkage=0.0321881


Tree=235
num_leaves=4
num_cat=0
split_feature=22 15 5
split_gain=35.1113 35.9308 44.3179
threshold=896.99644631003537 1.2429532060118731 1.2765032824519336
decision_type=2 8 2
left_child=1 2 -1
right_child=-2 -3 -4
leaf_value=-0.004441521071640797 0.028043045795098951 -0.018911730738964534 0.0048503301463663131
leaf_weight=1153.4652112718904 43.379883351037279 111.20494534820318 985.65423786576139
leaf_count=20469 670 21821 15169
internal_value=-0.000506993 -0.00108855 -0.000130227
internal_weight=2293.7 2250.32 2139.12
internal_count=58129 57459 35638
is_linear=0
shrinkage=0.0321881


Tree=236
num_leaves=4
num_cat=0
split_feature=33 36 36
split_gain=37.9664 56.7388 75.1694
threshold=0.3884102688835861 0.84822263505422868 0.10992639736769576
decision_type=2 2 2
left_child=1 2 -1
right_child=-2 -3 -4
leaf_value=0.006456319048456189 -0.030781211694231085 -0.0016700562769706563 0.05369615437462319
leaf_weight=233.30842818366364 41.424030451802537 1971.0973127406905 41.915006497991271
leaf_count=6865 7655 42876 415
internal_value=-0.000323289 0.000213217 0.0139219
internal_weight=2287.74 2246.32 275.223
internal_count=57811 50156 7280
is_linear=0
shrinkage=0.0321881


Tree=237
num_leaves=4
num_cat=1
split_feature=22 44 3
split_gain=40.7843 38.654 41.1936
threshold=896.99644631003537 0 91.168915658061934
decision_type=2 9 2
left_child=1 2 -1
right_child=-2 -3 -4
leaf_value=-0.012582498160284315 0.030256858430260592 -0.013980499375354144 0.0023876013632555329
leaf_weight=211.75102371966932 45.339985119178891 190.78126196941594 1829.9009093017667
leaf_count=2923 694 27495 26766
internal_value=9.09952e-05 -0.000496282 0.000798585
internal_weight=2277.77 2232.43 2041.65
internal_count=57878 57184 29689
cat_boundaries=0 1
cat_threshold=131807
is_linear=0
shrinkage=0.0321881


Tree=238
num_leaves=4
num_cat=1
split_feature=41 0 3
split_gain=35.555 38.4822 43.1222
threshold=0 59.828764365484844 93.232508985041065
decision_type=9 2 2
left_child=-1 -2 -3
right_child=1 2 -4
leaf_value=0.01878408137059891 -0.019286542597355391 -0.013030269781485485 0.0017133378297492722
leaf_weight=89.00485675886739 111.86380059790099 230.93925537238829 1849.9435974696535
leaf_count=1004 18934 3391 34406
internal_value=-3.35149e-05 -0.00090983 4.51692e-05
internal_weight=2281.75 2192.75 2080.88
internal_count=57735 56731 37797
cat_boundaries=0 1
cat_threshold=512
is_linear=0
shrinkage=0.0321881


Tree=239
num_leaves=4
num_cat=0
split_feature=13 14 10
split_gain=36.0947 50.9623 41.0606
threshold=36.846122907447459 621.96710388943609 5529.0430103474591
decision_type=10 10 2
left_child=1 -1 -2
right_child=2 -3 -4
leaf_value=0.0010257150282626901 0.014138406203124615 0.02809635517011393 -0.012412477237896707
leaf_weight=1767.5016419565654 69.736604942998383 75.284580135485157 371.89961079054046
leaf_count=35404 3155 951 18321
internal_value=0.000161489 0.00216968 -0.00807048
internal_weight=2284.42 1842.79 441.636
internal_count=57831 36355 21476
is_linear=0
shrinkage=0.0321881


Tree=240
num_leaves=4
num_cat=0
split_feature=16 16 12
split_gain=36.2259 43.6525 97.5014
threshold=244.42401383167501 172.99339362379638 33.071569434231101
decision_type=10 8 8
left_child=1 -1 -3
right_child=-2 2 -4
leaf_value=-0.001209959166653466 -0.031124015515983167 -0.015423362762795302 0.019804901501440146
leaf_weight=1830.5629233747022 36.941143192816526 108.93182906042784 304.12840220506769
leaf_count=50717 905 1606 4826
internal_value=0.000342323 0.000892033 0.0103569
internal_weight=2280.56 2243.62 413.06
internal_count=58054 57149 6432
is_linear=0
shrinkage=0.0321881


Tree=241
num_leaves=4
num_cat=0
split_feature=21 32 32
split_gain=40.1234 40.6579 58.2388
threshold=264.46039129461843 -0.87052767214666626 -0.45297231588863912
decision_type=2 2 2
left_child=1 -1 -3
right_child=-2 2 -4
leaf_value=0.0029401438977530864 0.0082449334580490287 -0.015433771055060165 -0.00066625737403734511
leaf_weight=553.84567890223116 463.57653332164045 421.90825204155408 831.58387629291974
leaf_count=10530 10083 10671 26582
internal_value=-0.000170164 -0.00236465 -0.00568958
internal_weight=2270.91 1807.34 1253.49
internal_count=57866 47783 37253
is_linear=0
shrinkage=0.0321881


Tree=242
num_leaves=4
num_cat=0
split_feature=22 25 12
split_gain=36.1952 44.0221 41.7788
threshold=37.884592042394182 16.980396812379354 18.885696490464703
decision_type=2 2 8
left_child=-1 -2 -3
right_child=1 2 -4
leaf_value=-0.028057451282861294 0.00073022025649779258 0.090048785658819089 0
leaf_weight=44.36277762032114 2213.6574924571323 10.975431033060888 9.5706238297279906
leaf_count=10483 46732 165 657
internal_value=0.00059691 0.0011973 0.0478739
internal_weight=2278.57 2234.2 20.5461
internal_count=58037 47554 822
is_linear=0
shrinkage=0.0321881


Tree=243
num_leaves=4
num_cat=1
split_feature=41 1 5
split_gain=40.234 73.3239 60.2458
threshold=0 17.105669124344974 2.2448717033133412
decision_type=9 2 2
left_child=1 -1 -2
right_child=2 -3 -4
leaf_value=-0.0044668236009255506 -0.006569284105082048 0.017023995056594105 0.007357991299012088
leaf_weight=310.50001340307062 1202.2754993202398 341.06966501032002 435.68747769360198
leaf_count=20015 26532 3446 8052
internal_value=-8.99782e-05 0.00658607 -0.00280817
internal_weight=2289.53 651.57 1637.96
internal_count=58045 23461 34584
cat_boundaries=0 1
cat_threshold=538
is_linear=0
shrinkage=0.0321881


Tree=244
num_leaves=4
num_cat=0
split_feature=33 29 23
split_gain=33.3417 49.3932 58.8687
threshold=0.4505836462790454 9.4098958999629367 3.6039483039302174
decision_type=2 2 2
left_child=1 2 -1
right_child=-2 -3 -4
leaf_value=-0.012985390953746512 -0.031584803278738117 0.017532798539267369 0.0016057902234746391
leaf_weight=342.53512141900137 33.739865206793183 164.26431867765496 1726.7443671989604
leaf_count=12098 7251 2660 35885
internal_value=3.0634e-05 0.00054003 -0.000779973
internal_weight=2267.28 2233.54 2069.28
internal_count=57894 50643 47983
is_linear=0
shrinkage=0.0321881


Tree=245
num_leaves=4
num_cat=1
split_feature=21 44 5
split_gain=32.7445 55.4529 52.3805
threshold=122.30185429177419 0 3.2089577728088581
decision_type=2 9 2
left_child=1 -1 -2
right_child=2 -3 -4
leaf_value=-0.0022568241953988396 -0.00074550997774455524 -0.027876184440570551 0.014158393036616743
leaf_weight=586.91999232402304 1285.7194594462635 95.669798912567785 299.60591090843081
leaf_count=12252 26674 14831 4112
internal_value=-0.000474857 -0.00639056 0.00203266
internal_weight=2267.92 682.59 1585.33
internal_count=57869 27083 30786
cat_boundaries=0 1
cat_threshold=1065303
is_linear=0
shrinkage=0.0321881


Tree=246
num_leaves=4
num_cat=1
split_feature=33 23 44
split_gain=39.0179 60.6594 50.3457
threshold=-0.57830730159644039 26.949061454146786 0
decision_type=2 2 9
left_child=1 -1 -2
right_child=2 -3 -4
leaf_value=-0.009954564063625021 0.031931969817885937 0.003271757076718884 0.0028947780458651157
leaf_weight=716.14947008923627 58.582838621921837 710.76640064670937 785.58322812875849
leaf_count=19304 499 13200 24742
internal_value=-4.96317e-05 -0.00332227 0.00540615
internal_weight=2271.08 1426.92 844.166
internal_count=57745 32504 25241
cat_boundaries=0 1
cat_threshold=68
is_linear=0
shrinkage=0.0321881


Tree=247
num_leaves=4
num_cat=1
split_feature=7 44 5
split_gain=36.1354 41.8548 54.5956
threshold=27492.448737955616 0 1.3086033542725337
decision_type=2 9 2
left_child=1 -1 -3
right_child=-2 2 -4
leaf_value=0.0059554124213640246 -0.025862682764353398 -0.0096698545881342621 0.0035620922913643001
leaf_weight=925.55505281669321 53.887258964532521 640.6802676418738 642.40357415215112
leaf_count=12288 1138 25764 18701
internal_value=8.88758e-05 0.000753594 -0.00297276
internal_weight=2262.53 2208.64 1283.08
internal_count=57891 56753 44465
cat_boundaries=0 1
cat_threshold=131142
is_linear=0
shrinkage=0.0321881


Tree=248
num_leaves=4
num_cat=0
split_feature=33 22 21
split_gain=36.5598 60.8612 56.3851
threshold=-0.51828066867581712 333.25290221008203 99.848556450494854
decision_type=2 2 2
left_child=2 -2 -1
right_child=1 -3 -4
leaf_value=-0.01734317452695015 -0.002081353066888115 0.016134649764674498 -0.00010228019842418823
leaf_weight=234.3624025688041 429.02501734386897 333.66255726770032 1258.8706485668081
leaf_count=8652 17357 6251 25559
internal_value=4.66928e-05 0.00580688 -0.0028532
internal_weight=2255.92 762.688 1493.23
internal_count=57819 23608 34211
is_linear=0
shrinkage=0.0321881


Tree=249
num_leaves=4
num_cat=1
split_feature=16 14 44
split_gain=32.9927 44.8715 50.8154
threshold=244.42401383167501 493.33348867486205 0
decision_type=10 10 9
left_child=1 -1 -3
right_child=-2 2 -4
leaf_value=-0.0010751726970861309 -0.029981210484220804 0.017073505858325479 -0.020589301386816378
leaf_weight=1918.1482295352325 36.672824294364545 261.43242975021712 34.095765121397562
leaf_count=52997 917 3177 599
internal_value=0.00016231 0.000693607 0.012381
internal_weight=2250.35 2213.68 295.528
internal_count=57690 56773 3776
cat_boundaries=0 1
cat_threshold=7
is_linear=0
shrinkage=0.0321881


Tree=250
num_leaves=4
num_cat=0
split_feature=39 6 7
split_gain=33.5683 41.8186 41.4508
threshold=0.091523100308811819 72.364764856822163 15824.109380995516
decision_type=2 2 2
left_child=2 -2 -1
right_child=1 -3 -4
leaf_value=-0.0014896608228007833 0.0024020522951716549 0.026805548987388336 -0.025721382959239633
leaf_weight=1741.4379955308104 347.80256927147275 91.11897494510049 76.711077496496728
leaf_count=47865 7021 1207 1795
internal_value=-0.000595387 0.00735439 -0.00255029
internal_weight=2257.07 438.922 1818.15
internal_count=57888 8228 49660
is_linear=0
shrinkage=0.0321881


Tree=251
num_leaves=4
num_cat=0
split_feature=16 14 10
split_gain=34.7453 55.4909 61.8221
threshold=237.91894101433198 480.13957949192775 12336.077109752658
decision_type=10 10 2
left_child=1 2 -1
right_child=-2 -3 -4
leaf_value=0.0021073232852062101 -0.027328275113602103 0.013293436699428307 -0.011406192696164429
leaf_weight=1429.7675007078797 45.824559085827786 320.72032232646598 463.06187989586033
leaf_count=37851 1152 3979 15071
internal_value=0.000297908 0.000901456 -0.00116599
internal_weight=2259.37 2213.55 1892.83
internal_count=58053 56901 52922
is_linear=0
shrinkage=0.0321881


Tree=252
num_leaves=4
num_cat=1
split_feature=13 44 4
split_gain=33.0587 45.4074 45.6717
threshold=38.402748766987891 0 2240.1341079672407
decision_type=10 9 2
left_child=-1 -2 -3
right_child=1 2 -4
leaf_value=0.001083413142847361 0.016504897078599094 -0.019745648366593278 0.075593081757841865
leaf_weight=1984.530994684319 43.663629348389804 219.45435090037063 4.8472895822196724
leaf_count=40196 669 16520 573
internal_value=-0.000320759 -0.0109492 -0.0165854
internal_weight=2252.5 267.965 224.302
internal_count=57958 17762 17093
cat_boundaries=0 1
cat_threshold=596
is_linear=0
shrinkage=0.0321881


Tree=253
num_leaves=4
num_cat=1
split_feature=21 44 5
split_gain=34.4355 49.9252 37.7731
threshold=130.46247592553286 0 3.1738517113575733
decision_type=2 9 2
left_child=1 -1 -2
right_child=2 -3 -4
leaf_value=-0.0022792643643337104 0 -0.025917406794335671 0.012829096321870109
leaf_weight=641.17480351607082 1219.0891902309959 101.18544375430793 294.30966689344496
leaf_count=12965 25271 15566 4038
internal_value=-0.000271315 -0.00597392 0.00248437
internal_weight=2255.76 742.36 1513.4
internal_count=57840 28531 29309
cat_boundaries=0 1
cat_threshold=1065303
is_linear=0
shrinkage=0.0321881


Tree=254
num_leaves=4
num_cat=0
split_feature=33 36 22
split_gain=34.6026 51.1723 77.5945
threshold=0.41838218092960261 0.84822263505422868 228.63740349575338
decision_type=2 2 2
left_child=1 2 -1
right_child=-2 -3 -4
leaf_value=0 -0.031898008934654012 -0.0012936860154727137 0.035659890037568059
leaf_weight=172.93534788640682 34.415790730592562 1944.5200802012696 102.58384762413334
leaf_count=6028 7455 42971 1450
internal_value=0 0.000516508 0.0135133
internal_weight=2254.46 2220.04 275.519
internal_count=57904 50449 7478
is_linear=0
shrinkage=0.0321881


Tree=255
num_leaves=4
num_cat=2
split_feature=25 41 44
split_gain=32.6674 42.208 39.3208
threshold=2.645752076809631 0 1
decision_type=2 9 9
left_child=1 -1 -2
right_child=2 -3 -4
leaf_value=0.019479503893229434 0.0022974965698534708 0.00057114769033747472 -0.015768820931630373
leaf_weight=122.81479080521967 226.95967715635197 1662.7716514879721 255.31739427856519
leaf_count=1271 4245 36655 15806
internal_value=0 0.00202204 -0.00741704
internal_weight=2267.86 1785.59 482.277
internal_count=57977 37926 20051
cat_boundaries=0 1 2
cat_threshold=514 4166
is_linear=0
shrinkage=0.0321881


Tree=256
num_leaves=4
num_cat=0
split_feature=7 21 10
split_gain=34.5413 30.9056 51.8839
threshold=27492.448737955616 95.57776208242025 10592.116154716563
decision_type=2 2 2
left_child=1 -1 -3
right_child=-2 2 -4
leaf_value=-0.0065861796490871514 -0.025828689979133953 0.0075691889660834564 -0.0019562305202510859
leaf_weight=474.56332928859047 52.018064326781314 1003.1875616560574 724.40495541971177
leaf_count=22435 1140 18276 16185
internal_value=6.89494e-06 0.000648802 0.00267372
internal_weight=2254.17 2202.16 1727.59
internal_count=58036 56896 34461
is_linear=0
shrinkage=0.0321881


Tree=257
num_leaves=4
num_cat=0
split_feature=14 30 2
split_gain=37.5885 43.409 43.1685
threshold=215.32728180580281 0.77252711792581741 43.069685355244197
decision_type=8 2 2
left_child=2 -2 -1
right_child=1 -3 -4
leaf_value=-0.01572732648947367 0.0053421681617138025 -0.0064112162661053053 0.0054988731981826531
leaf_weight=274.18787392615923 1382.6162001026678 421.55065138294594 149.79212614474818
leaf_count=26040 23795 6308 1643
internal_value=0.000506462 0.00256016 -0.00807908
internal_weight=2228.15 1804.17 423.98
internal_count=57786 30103 27683
is_linear=0
shrinkage=0.0321881


Tree=258
num_leaves=4
num_cat=0
split_feature=3 14 25
split_gain=32.1217 36.7425 45.0926
threshold=71.198994810537343 273.01379362969197 4.6389308061537404
decision_type=2 8 2
left_child=-1 -2 -3
right_child=1 2 -4
leaf_value=-0.017381243853874351 -0.0049272351189799573 0.005791289949682493 -0.014225786740789306
leaf_weight=103.50371325443848 721.14779106940841 1300.1913519139052 126.32742650364526
leaf_count=1602 37067 15090 4246
internal_value=8.08494e-05 0.000953888 0.00397194
internal_weight=2251.17 2147.67 1426.52
internal_count=58005 56403 19336
is_linear=0
shrinkage=0.0321881


Tree=259
num_leaves=4
num_cat=0
split_feature=22 33 32
split_gain=31.5176 36.2457 77.963
threshold=896.99644631003537 -0.51828066867581712 -0.4225416159543674
decision_type=2 2 2
left_child=1 2 -1
right_child=-2 -3 -4
leaf_value=-0.013812511898117734 0.027001549599992441 0.0045342919695516735 0.0015681116172926546
leaf_weight=542.17221948498627 41.663387636654079 754.19504070605035 905.33963502023835
leaf_count=11587 657 23846 21928
internal_value=-0.000592224 -0.00114616 -0.00415009
internal_weight=2243.37 2201.71 1447.51
internal_count=58018 57361 33515
is_linear=0
shrinkage=0.0321881


Tree=260
num_leaves=4
num_cat=2
split_feature=43 41 1
split_gain=32.2137 39.1906 59.3676
threshold=0 1 17.712153852972431
decision_type=9 9 2
left_child=1 2 -1
right_child=-2 -3 -4
leaf_value=-0.00091036677741973451 -0.009181064055271547 -0.00082514616207190398 0.020607760005001148
leaf_weight=264.15260207845131 304.14420651891851 1423.3153171009035 256.44354315055534
leaf_count=14019 20291 21242 2508
internal_value=0.000350753 0.00191318 0.00939132
internal_weight=2248.06 1943.91 520.596
internal_count=58060 37769 16527
cat_boundaries=0 1 2
cat_threshold=81 522
is_linear=0
shrinkage=0.0321881


Tree=261
num_leaves=4
num_cat=0
split_feature=23 22 33
split_gain=36.7543 40.5265 30.9534
threshold=5.6904442301428189 105.07576463595075 -0.51828066867581712
decision_type=2 2 2
left_child=1 -1 -2
right_child=2 -3 -4
leaf_value=-0.026157992495780807 0 -0.0027200883189733281 0.0096107920405355211
leaf_weight=94.052434822282521 1217.2568152071908 452.49048727354966 481.99654744126019
leaf_count=12985 25738 9837 9426
internal_value=0.000346724 -0.0068795 0.00270906
internal_weight=2245.8 546.543 1699.25
internal_count=57986 22822 35164
is_linear=0
shrinkage=0.0321881


Tree=262
num_leaves=4
num_cat=1
split_feature=7 44 6
split_gain=31.802 34.8189 56.5343
threshold=23286.098577735549 0 134.88545397537021
decision_type=2 9 2
left_child=1 -1 -3
right_child=-2 2 -4
leaf_value=0.0055497148022008169 -0.019605564458754998 -0.0042133694934786527 0.028893922223122027
leaf_weight=890.50908204988809 82.879565193783492 1217.1899257519108 55.308208818722051
leaf_count=11938 1602 43204 1177
internal_value=-4.07461e-05 0.000681538 -0.00269803
internal_weight=2245.89 2163.01 1272.5
internal_count=57921 56319 44381
cat_boundaries=0 1
cat_threshold=131142
is_linear=0
shrinkage=0.0321881


Tree=263
num_leaves=4
num_cat=0
split_feature=22 36 36
split_gain=30.0513 48.6711 70.8652
threshold=37.884592042394182 0.84822263505422868 0.10992639736769576
decision_type=2 2 2
left_child=-1 2 -2
right_child=1 -3 -4
leaf_value=-0.028753292801805143 0.0057416251373534951 -0.0017649646895056819 0.053028296580992187
leaf_weight=37.963282332144445 235.21911153016845 1922.2628604467609 38.916095629800111
leaf_count=10371 6075 40987 393
internal_value=-0.000447379 1.59227e-05 0.0127266
internal_weight=2234.36 2196.4 274.135
internal_count=57826 47455 6468
is_linear=0
shrinkage=0.0321881


Tree=264
num_leaves=4
num_cat=1
split_feature=17 43 4
split_gain=33.4664 49.0378 45.035
threshold=5.8828654669101246 0 745.66370540223522
decision_type=10 9 2
left_child=1 2 -1
right_child=-2 -3 -4
leaf_value=-0.0040045667587575474 -0.016753589451206273 -0.00095587804737608142 0.026547627550565035
leaf_weight=72.844289657601621 120.24409352024668 1903.9801067907538 138.65147479850566
leaf_count=1625 15205 37521 3550
internal_value=-0.000231419 0.000679371 0.0150217
internal_weight=2235.72 2115.48 211.496
internal_count=57901 42696 5175
cat_boundaries=0 1
cat_threshold=16
is_linear=0
shrinkage=0.0321881


Tree=265
num_leaves=4
num_cat=0
split_feature=13 16 12
split_gain=30.2615 40.2832 61.4502
threshold=37.127280305086792 164.85649907814363 29.593775951288723
decision_type=10 10 10
left_child=1 -1 -3
right_child=-2 2 -4
leaf_value=-0.0010504882341459856 -0.0086059958509251671 -0.027640389448392373 0.01590060727550693
leaf_weight=1481.3128401246213 393.48305867225281 36.498459701193497 309.98092689912301
leaf_count=32623 20707 620 3738
internal_value=-0.000491163 0.00122183 0.0111145
internal_weight=2221.28 1827.79 346.479
internal_count=57688 36981 4358
is_linear=0
shrinkage=0.0321881


Tree=266
num_leaves=4
num_cat=1
split_feature=10 10 44
split_gain=32.1001 48.7452 88.723
threshold=2871.2572040001296 5053.332276350563 0
decision_type=2 2 9
left_child=-1 2 -2
right_child=1 -3 -4
leaf_value=-0.021890477226250326 0.042930833950646154 -0.0010646101646371896 0
leaf_weight=67.953664054715773 66.17881672270596 1944.7559168985172 154.72129469714127
leaf_count=2067 741 51002 4036
internal_value=-0.000122875 0.000533059 0.0148727
internal_weight=2233.61 2165.66 220.9
internal_count=57846 55779 4777
cat_boundaries=0 1
cat_threshold=580
is_linear=0
shrinkage=0.0321881


Tree=267
num_leaves=4
num_cat=0
split_feature=33 36 32
split_gain=30.5578 44.8646 65.2131
threshold=0.35712995377516182 0.84822263505422868 0.56195697437545788
decision_type=2 2 2
left_child=1 2 -1
right_child=-2 -3 -4
leaf_value=0.025458077886599418 -0.02725237164574628 -0.00049778108942103371 -0.0083815482313194193
leaf_weight=170.0235971736256 39.636788887728471 1939.1840602910088 86.573876988317352
leaf_count=2372 7934 43249 4543
internal_value=0.000610003 0.00114485 0.0137957
internal_weight=2235.42 2195.78 256.597
internal_count=58098 50164 6915
is_linear=0
shrinkage=0.0321881


Tree=268
num_leaves=4
num_cat=0
split_feature=33 36 32
split_gain=32.1995 47.0017 72.8782
threshold=0.3293159384861461 0.84822263505422868 0.56195697437545788
decision_type=2 2 2
left_child=1 2 -1
right_child=-2 -3 -4
leaf_value=0.026391049834633449 -0.026174790075031422 -0.00061819491354951075 -0.0094453329444143634
leaf_weight=169.45587427541614 45.591477387701161 1941.8613626161532 86.569910912076011
leaf_count=2279 8110 43125 4480
internal_value=0.000475652 0.00106021 0.0140276
internal_weight=2243.48 2197.89 256.026
internal_count=57994 49884 6759
is_linear=0
shrinkage=0.0321881


Tree=269
num_leaves=4
num_cat=0
split_feature=33 36 36
split_gain=28.5169 44.5213 62.0354
threshold=0.41838218092960261 0.84822263505422868 0.090383134151744329
decision_type=2 2 2
left_child=1 2 -1
right_child=-2 -3 -4
leaf_value=0.0057027346687571522 -0.030622402663656675 -0.0009434599052734582 0.047453973300952905
leaf_weight=222.42674667856772 30.177642764960183 1919.7318105922604 45.348303551028948
leaf_count=6857 7523 42935 525
internal_value=0.00028248 0.000741211 0.0130468
internal_weight=2217.68 2187.51 267.775
internal_count=57840 50317 7382
is_linear=0
shrinkage=0.0321881


Tree=270
num_leaves=4
num_cat=1
split_feature=22 5 44
split_gain=32.2744 31.2747 70.7961
threshold=851.83023505095173 1.2765032824519336 0
decision_type=2 2 9
left_child=1 2 -1
right_child=-2 -3 -4
leaf_value=-0.00061799213257671235 0.024244187603507442 0.0029749775850530682 -0.020359706014304136
leaf_weight=936.29790902871173 52.935610438231379 1016.3063314371684 228.82900052823243
leaf_count=23269 898 24333 9486
internal_value=-0.000481182 -0.00111294 -0.00473325
internal_weight=2234.37 2181.43 1165.13
internal_count=57986 57088 32755
cat_boundaries=0 1
cat_threshold=1458247
is_linear=0
shrinkage=0.0321881


Tree=271
num_leaves=4
num_cat=0
split_feature=21 33 32
split_gain=31.4563 45.7214 115.25
threshold=266.71895866067712 -0.55348119691277764 -0.45297231588863912
decision_type=2 2 2
left_child=1 2 -1
right_child=-2 -3 -4
leaf_value=-0.02249560023751241 0.0079272012607025395 0.0031684945387453552 0.00084135775472749072
leaf_weight=309.45442422945052 449.86525925504975 738.40420868186629 734.39081163995434
leaf_count=7300 9807 22977 17935
internal_value=0.000300054 -0.00159021 -0.00601956
internal_weight=2232.11 1782.25 1043.85
internal_count=58019 48212 25235
is_linear=0
shrinkage=0.0321881


Tree=272
num_leaves=4
num_cat=0
split_feature=14 3 25
split_gain=32.0327 34.5901 33.5132
threshold=217.20090221136556 86.852306394241808 16.980396812379354
decision_type=8 2 2
left_child=2 -2 -1
right_child=1 -3 -4
leaf_value=-0.0097703670500604717 -0.012129417671171398 0.0032976554466427736 0.037538832600999335
leaf_weight=415.56409681896912 164.38608369522262 1637.3192208947148 15.395481833926167
leaf_count=24737 2534 27071 3644
internal_value=-3.89512e-06 0.00185335 -0.00791289
internal_weight=2232.66 1801.71 430.96
internal_count=57986 29605 28381
is_linear=0
shrinkage=0.0321881


Tree=273
num_leaves=4
num_cat=1
split_feature=14 17 43
split_gain=29.0857 51.1041 40.1701
threshold=621.96710388943609 5.8925854378818796 0
decision_type=10 10 9
left_child=1 2 -1
right_child=-2 -3 -4
leaf_value=0.013286045769816015 0.016742025232545751 -0.024490448769738122 -0.0014830367446532686
leaf_weight=202.7220873516635 99.827967977849767 91.639009379985509 1821.7104952461086
leaf_count=5402 1559 14628 36403
internal_value=-0.000179846 -0.00101003 2.41249e-05
internal_weight=2215.9 2116.07 2024.43
internal_count=57992 56433 41805
cat_boundaries=0 1
cat_threshold=112
is_linear=0
shrinkage=0.0321881


Tree=274
num_leaves=4
num_cat=0
split_feature=15 30 5
split_gain=30.4628 32.1339 47.7545
threshold=1.2429532060118731 0.77252711792581741 2.1827784079505679
decision_type=10 2 2
left_child=1 -1 -3
right_child=-2 2 -4
leaf_value=0.0026477812328097238 -0.018282863989503313 -0.013648419050856689 0.007915848137702285
leaf_weight=1640.1358403992781 93.383348079340067 333.64096766730654 151.97931369900471
leaf_count=30131 20527 5093 1898
internal_value=-0.000295845 0.000466306 -0.00676802
internal_weight=2219.14 2125.76 485.62
internal_count=57649 37122 6991
is_linear=0
shrinkage=0.0321881


Tree=275
num_leaves=4
num_cat=0
split_feature=10 10 5
split_gain=31.6348 32.633 85.4584
threshold=2143.8089962931526 5294.6140866398246 4.5081477168508153
decision_type=2 2 2
left_child=-1 2 -2
right_child=1 -3 -4
leaf_value=-0.030228788931946374 0.015593341648093454 -0.0014141506025986553 -0.051456842759072016
leaf_weight=36.003373366314918 258.99114463711157 1897.8649712817278 20.736781952553429
leaf_count=1159 6122 50202 261
internal_value=-0.000397685 6.95191e-05 0.0103559
internal_weight=2213.6 2177.59 279.728
internal_count=57744 56585 6383
is_linear=0
shrinkage=0.0321881


Tree=276
num_leaves=4
num_cat=0
split_feature=14 16 10
split_gain=28.4033 52.6754 31.134
threshold=606.36106320122462 212.45005693481622 14466.452381367189
decision_type=10 10 2
left_child=1 -1 -2
right_child=2 -3 -4
leaf_value=-0.00045371087110622244 0.0055281209008527926 -0.032456878500967769 0.047363692975217128
leaf_weight=2037.7773026340001 91.713714692625217 54.651760199980345 24.559282332658768
leaf_count=54881 1478 1198 317
internal_value=-0.000434478 -0.00132361 0.0149897
internal_weight=2208.7 2092.43 116.273
internal_count=57874 56079 1795
is_linear=0
shrinkage=0.0321881


Tree=277
num_leaves=4
num_cat=0
split_feature=27 22 33
split_gain=30.0479 25.5024 33.1972
threshold=0.013730838879531524 762.76982938141362 -0.51828066867581712
decision_type=2 2 2
left_child=-1 2 -2
right_child=1 -3 -4
leaf_value=-0.01043839848448218 -0.0024703156896490812 0.019328042813053965 0.0066220566259633067
leaf_weight=258.51378065056633 1278.3269339190156 77.391896578134038 614.91271156066796
leaf_count=12219 28676 1584 15636
internal_value=-9.9461e-05 0.00122561 0.000449652
internal_weight=2229.15 1970.63 1893.24
internal_count=58115 45896 44312
is_linear=0
shrinkage=0.0321881


Tree=278
num_leaves=4
num_cat=0
split_feature=27 6 40
split_gain=27.8047 31.1024 62.9398
threshold=0.013730838879531524 112.21981466774385 0.066119921281801289
decision_type=2 2 2
left_child=-1 -2 -3
right_child=1 2 -4
leaf_value=-0.0098467326511675664 0.00018033034125072308 -0.004204921025459391 0.032434411840450914
leaf_weight=255.57673734027776 1788.9403457757435 68.065258665243164 92.960205510782544
leaf_count=12171 43299 1081 1216
internal_value=9.95591e-05 0.00143689 0.0149811
internal_weight=2205.54 1949.97 161.025
internal_count=57767 45596 2297
is_linear=0
shrinkage=0.0321881


Tree=279
num_leaves=4
num_cat=0
split_feature=26 5 30
split_gain=28.9543 36.5361 44.2453
threshold=0.050191708419783272 1.2765032824519336 -0.33051234272766183
decision_type=2 2 2
left_child=-1 -2 -3
right_child=1 2 -4
leaf_value=-0.0044959096887619053 -0.00074229013610682291 -0.00074229013610682291 0.015500320108338593
leaf_weight=885.88010429526912 710.61601815235917 233.21697068918729 388.91278015403077
leaf_count=28275 16951 3938 8701
internal_value=0 0.00301133 0.00880508
internal_weight=2218.63 1332.75 622.13
internal_count=57865 29590 12639
is_linear=0
shrinkage=0.0321881


Tree=280
num_leaves=4
num_cat=0
split_feature=28 14 30
split_gain=29.7194 29.64 33.0682
threshold=0.32781862975633519 285.90683856383868 0.78303027715190754
decision_type=2 8 2
left_child=-1 -2 -3
right_child=1 2 -4
leaf_value=-0.0067138761469815256 -0.002316577757562902 0.0086659411588164703 -0.002316577757562902
leaf_weight=521.31133358835359 620.94409066467779 812.98752972565126 247.87672783911694
leaf_count=23789 22962 8610 2525
internal_value=0 0.00208072 0.00542111
internal_weight=2203.12 1681.81 1060.86
internal_count=57886 34097 11135
is_linear=0
shrinkage=0.0321881


Tree=281
num_leaves=4
num_cat=0
split_feature=36 22 21
split_gain=32.3334 75.9742 55.2654
threshold=0.84822263505422868 218.15133956520478 85.647467094545561
decision_type=2 2 2
left_child=1 -1 -2
right_child=2 -3 -4
leaf_value=-0.0015783081053496793 -0.016700748726565115 0.032041808120083094 0.00067472896353080287
leaf_weight=192.65398763518897 212.47412423015339 105.9990529109491 1706.4963537279691
leaf_count=13294 8300 1584 34812
internal_value=0.000286315 0.0101571 -0.00121777
internal_weight=2217.62 298.653 1918.97
internal_count=57990 14878 43112
is_linear=0
shrinkage=0.0321881


Tree=282
num_leaves=4
num_cat=1
split_feature=14 17 43
split_gain=31.5335 50.6184 39.0836
threshold=606.36106320122462 5.7685079837752964 0
decision_type=10 10 9
left_child=1 2 -1
right_child=-2 -3 -4
leaf_value=0.013674590128261206 0.016252813110886159 -0.020027448669762929 -0.001243353314139928
leaf_weight=192.35773879068438 115.10749343840871 135.73628666030709 1761.6814582345833
leaf_count=5056 1791 17595 33476
internal_value=-9.86582e-05 -0.00103153 0.000257684
internal_weight=2204.88 2089.78 1954.04
internal_count=57918 56127 38532
cat_boundaries=0 1
cat_threshold=112
is_linear=0
shrinkage=0.0321881


Tree=283
num_leaves=4
num_cat=0
split_feature=16 16 12
split_gain=27.1938 31.3803 84.9781
threshold=237.91894101433198 170.85297929064339 33.160890977200054
decision_type=10 10 10
left_child=1 -1 -3
right_child=-2 2 -4
leaf_value=-0.00090757129528316156 -0.024900823953326746 -0.014909279378139486 0.017932310353161708
leaf_weight=1758.8579273704381 42.750322569627315 109.92838022543583 299.82406956731575
leaf_count=51545 1137 1646 3709
internal_value=0.000398037 0.000928793 0.00896269
internal_weight=2211.36 2168.61 409.752
internal_count=58037 56900 5355
is_linear=0
shrinkage=0.0321881


Tree=284
num_leaves=4
num_cat=0
split_feature=31 30 5
split_gain=28.6117 38.5822 50.8802
threshold=-0.94831328778062174 0.73228533579509125 2.1827784079505679
decision_type=2 2 2
left_child=-1 -2 -3
right_child=1 2 -4
leaf_value=-0.0085803850140943883 0.0046046802656098925 -0.012323919985514591 0.0090089209736736609
leaf_weight=332.81639653403545 1336.8684407275869 368.76016592397355 165.29126962638111
leaf_count=16157 31915 7207 2555
internal_value=8.13363e-05 0.00165709 -0.00560103
internal_weight=2203.74 1870.92 534.051
internal_count=57834 41677 9762
is_linear=0
shrinkage=0.0321881


Tree=285
num_leaves=4
num_cat=0
split_feature=31 19 33
split_gain=28.9559 31.1235 27.6492
threshold=-0.92177493502855912 3.3591856689314183 -0.48131041106682548
decision_type=2 2 2
left_child=-1 -2 -3
right_child=1 2 -4
leaf_value=-0.0076181086871486428 -0.00753354344345546 0.00094204777820915239 0.011032505795930346
leaf_weight=428.26484228656045 306.6456563671818 1059.0871215026127 391.53632997642853
leaf_count=20353 11264 18739 7514
internal_value=-8.80323e-05 0.00171166 0.00371081
internal_weight=2185.53 1757.27 1450.62
internal_count=57870 37517 26253
is_linear=0
shrinkage=0.0321881


Tree=286
num_leaves=4
num_cat=2
split_feature=41 43 4
split_gain=28.4328 28.1519 53.3962
threshold=0 1 760.27744903240614
decision_type=9 9 2
left_child=-1 2 -2
right_child=1 -3 -4
leaf_value=0.013133116703195244 -0.0097719354302309956 -0.002461273372049157 0.022298896546787034
leaf_weight=145.99064863458625 84.652843942662003 1831.9617336216033 137.89361528988229
leaf_count=1742 2674 46857 6592
internal_value=-7.63762e-05 -0.00110596 0.00939469
internal_weight=2200.5 2054.51 222.546
internal_count=57865 56123 9266
cat_boundaries=0 1 2
cat_threshold=514 16
is_linear=0
shrinkage=0.0321881


Tree=287
num_leaves=4
num_cat=1
split_feature=7 1 41
split_gain=28.2 32.3793 51.5728
threshold=23286.098577735549 12.111795491392712 0
decision_type=2 2 9
left_child=1 -1 -3
right_child=-2 2 -4
leaf_value=-0.0083244525185825705 -0.01853847250390591 0.012404542272915643 -0.00026134561285208707
leaf_weight=319.08317223659833 78.439290702110156 426.43137169571128 1372.0954340106109
leaf_count=33951 1566 4648 17611
internal_value=0.000340402 0.00107177 0.00277508
internal_weight=2196.05 2117.61 1798.53
internal_count=57776 56210 22259
cat_boundaries=0 1
cat_threshold=522
is_linear=0
shrinkage=0.0321881


Tree=288
num_leaves=4
num_cat=0
split_feature=33 36 22
split_gain=25.4284 42.3066 60.7713
threshold=0.4505836462790454 0.84822263505422868 228.63740349575338
decision_type=2 2 2
left_child=1 2 -1
right_child=-2 -3 -4
leaf_value=0 -0.03127780817766658 -0.0016290552910802393 0.031954584348190679
leaf_weight=164.8221603037382 26.956960425770376 1906.0638322610466 99.399270785041153
leaf_count=6142 7214 43081 1478
internal_value=-0.000343036 1.52307e-05 0.0121086
internal_weight=2197.24 2170.29 264.221
internal_count=57915 50701 7620
is_linear=0
shrinkage=0.0321881


Tree=289
num_leaves=4
num_cat=1
split_feature=10 10 44
split_gain=27.992 41.9916 91.843
threshold=2871.2572040001296 4969.9182196862394 0
decision_type=2 2 9
left_child=-1 2 -2
right_child=1 -3 -4
leaf_value=-0.020050501944129332 0.043644457299987172 -0.00059023312333398225 -0.00062908052455479117
leaf_weight=68.125420816068072 63.011980077717453 1917.6418505362526 144.20583194468054
leaf_count=2089 704 51133 3864
internal_value=0.000185106 0.000866018 0.0146348
internal_weight=2192.99 2124.86 207.218
internal_count=57790 55701 4568
cat_boundaries=0 1
cat_threshold=580
is_linear=0
shrinkage=0.0321881


Tree=290
num_leaves=4
num_cat=1
split_feature=22 5 44
split_gain=28.4569 29.8538 62.5802
threshold=851.83023505095173 1.2556371802840613 0
decision_type=2 2 9
left_child=1 2 -1
right_child=-2 -3 -4
leaf_value=-0.019770716775630744 0.022932939383069267 0.0032690188779153405 -0.00054661706274943054
leaf_weight=209.38869066772168 53.727413745131344 1007.9495918209141 926.37479158476344
leaf_count=9125 931 24370 23320
internal_value=-0.000116982 -0.000726856 -0.00432906
internal_weight=2197.44 2143.71 1135.76
internal_count=57746 56815 32445
cat_boundaries=0 1
cat_threshold=537088
is_linear=0
shrinkage=0.0321881


Tree=291
num_leaves=4
num_cat=1
split_feature=13 44 16
split_gain=26.5398 44.0724 34.5162
threshold=39.823340033932929 0 170.85297929064339
decision_type=10 9 10
left_child=2 -2 -1
right_child=1 -3 -4
leaf_value=-0.0010462928492651878 0.022091049750809565 -0.020491483082111153 0.0097023530407860936
leaf_weight=1674.8546751125832 22.254572649486363 122.24973208582378 377.93950040981872
leaf_count=39129 346 13479 4932
internal_value=-7.65319e-06 -0.0133575 0.000902505
internal_weight=2197.3 144.504 2052.79
internal_count=57886 13825 44061
cat_boundaries=0 1
cat_threshold=576
is_linear=0
shrinkage=0.0321881


Tree=292
num_leaves=4
num_cat=0
split_feature=22 14 5
split_gain=27.4683 25.8514 32.0676
threshold=851.83023505095173 123.19074575585485 1.2765032824519336
decision_type=2 10 2
left_child=1 -1 -3
right_child=-2 2 -4
leaf_value=-0.017941145807497737 0.023052647998932918 -0.0035730129153792819 0.0044577366395471682
leaf_weight=84.698327753052581 52.178057179320604 1099.8648932395736 967.45787348944577
leaf_count=4560 913 30141 22467
internal_value=1.73549e-06 -0.000530041 0.000154461
internal_weight=2204.2 2152.02 2067.32
internal_count=58081 57168 52608
is_linear=0
shrinkage=0.0321881


Tree=293
num_leaves=4
num_cat=0
split_feature=21 7 32
split_gain=25.3013 35.6811 44.0126
threshold=137.08038881813371 1978.5901378875712 -0.70771452535603374
decision_type=2 2 2
left_child=-1 -2 -3
right_child=1 2 -4
leaf_value=-0.0050469641849261448 -0.0014212186049496057 0.016657421506646702 0.00029483286747193215
leaf_weight=767.00669693786767 708.31829776632367 305.75538117752876 402.55626287398627
leaf_count=29618 15294 4942 7995
internal_value=-0.00031368 0.00220453 0.00745114
internal_weight=2183.64 1416.63 708.312
internal_count=57849 28231 12937
is_linear=0
shrinkage=0.0321881


Tree=294
num_leaves=4
num_cat=0
split_feature=14 25 29
split_gain=25.3169 37.2136 32.4788
threshold=273.01379362969197 6.0385896662387708 9.3276908983746356
decision_type=8 2 2
left_child=2 -2 -1
right_child=1 -3 -4
leaf_value=-0.0081989235112840068 0.002952359864790081 -0.019290088227899429 0.013486004732806055
leaf_weight=632.05002690057154 1393.0382039881661 81.82734749186784 78.501484575244831
leaf_count=32964 16896 3778 4375
internal_value=-0.000699146 0.00167224 -0.00570987
internal_weight=2185.42 1474.87 710.552
internal_count=58013 20674 37339
is_linear=0
shrinkage=0.0321881


Tree=295
num_leaves=4
num_cat=0
split_feature=33 36 36
split_gain=26.1435 35.2773 56.3293
threshold=0.41838218092960261 0.84822263505422868 0.10992639736769576
decision_type=2 2 2
left_child=1 2 -1
right_child=-2 -3 -4
leaf_value=0.0052404434272596964 -0.030993984142294598 -0.0010260845653515562 0.048801980074292504
leaf_weight=229.21487942626118 27.469395205407636 1917.4570083219733 36.320539351552725
leaf_count=6957 7538 43137 392
internal_value=4.35916e-05 0.000466644 0.0114767
internal_weight=2210.46 2182.99 265.535
internal_count=58024 50486 7349
is_linear=0
shrinkage=0.0321881


Tree=296
num_leaves=4
num_cat=0
split_feature=10 10 6
split_gain=30.8969 37.1611 45.7844
threshold=3152.1796032268294 5053.332276350563 103.78797870538706
decision_type=2 2 2
left_child=-1 -2 -3
right_child=1 2 -4
leaf_value=-0.019468721877799768 0.0138472019018213 -0.0023543381108283843 0.015108172260464871
leaf_weight=82.362459270865656 198.74475856707431 1733.2306592616951 170.26882978682988
leaf_count=2506 4288 48292 2733
internal_value=-0.000134659 0.000594632 -0.000757166
internal_weight=2184.61 2102.24 1903.5
internal_count=57819 55313 51025
is_linear=0
shrinkage=0.0321881


Tree=297
num_leaves=4
num_cat=1
split_feature=21 44 6
split_gain=25.0348 44.4944 34.7882
threshold=127.83172752737175 0 112.21981466774385
decision_type=2 9 2
left_child=1 -1 -2
right_child=2 -3 -4
leaf_value=-0.0017371634626071309 0.00046788937565073841 -0.02517752353271048 0.017264979414370343
leaf_weight=591.16247078959714 1369.2812886598986 90.26566893744166 141.79432165750768
leaf_count=12656 27914 15442 1834
internal_value=-0.000190854 -0.00533815 0.00208868
internal_weight=2192.5 681.428 1511.08
internal_count=57846 28098 29748
cat_boundaries=0 1
cat_threshold=1065303
is_linear=0
shrinkage=0.0321881


Tree=298
num_leaves=4
num_cat=0
split_feature=15 10 16
split_gain=26.4305 26.2142 33.2598
threshold=1.2713473244819291 17029.25635918682 237.91894101433198
decision_type=10 2 10
left_child=1 2 -1
right_child=-2 -3 -4
leaf_value=0.00057201941545812526 -0.021069082776284841 0.028084106667007534 -0.029065047581001029
leaf_weight=2054.5485960398219 60.45009923298494 34.789940375951119 39.758691958675627
leaf_count=38959 17079 652 1104
internal_value=-9.97023e-05 0.000468034 0
internal_weight=2189.55 2129.1 2094.31
internal_count=57794 40715 40063
is_linear=0
shrinkage=0.0321881


Tree=299
num_leaves=4
num_cat=1
split_feature=22 44 6
split_gain=26.1586 30.111 30.6371
threshold=896.99644631003537 0 76.502891181576857
decision_type=2 9 2
left_child=1 -1 -3
right_child=-2 2 -4
leaf_value=0.00054387979120398594 0.024872870542533194 -0.019827179658037077 0.012156637232326142
leaf_weight=1967.8711146684363 42.495445284759626 143.90373473821091 19.790807866316754
leaf_count=30232 707 25266 1618
internal_value=-3.05281e-05 -0.000559596 -0.0134104
internal_weight=2174.06 2131.57 163.695
internal_count=57823 57116 26884
cat_boundaries=0 1
cat_threshold=132815
is_linear=0
shrinkage=0.0321881


Tree=300
num_leaves=4
num_cat=1
split_feature=43 26 5
split_gain=27.8375 27.1992 34.4201
threshold=0 0.050191708419783272 3.1738517113575733
decision_type=9 2 2
left_child=1 -1 -3
right_child=-2 2 -4
leaf_value=-0.0031431047995118476 -0.0088510799738255701 0.001966938269621707 0.016168623653038998
leaf_weight=729.11046630443889 292.263680863427 929.83525463438127 222.70955323943053
leaf_count=18095 20311 16497 2933
internal_value=0.00018424 0.00166062 0.00476918
internal_weight=2173.92 1881.66 1152.54
internal_count=57836 37525 19430
cat_boundaries=0 1
cat_threshold=81
is_linear=0
shrinkage=0.0321881


Tree=301
num_leaves=4
num_cat=0
split_feature=31 30 4
split_gain=28.8938 36.9524 42.2156
threshold=-0.92177493502855912 0.77252711792581741 745.66370540223522
decision_type=2 2 2
left_child=-1 2 -2
right_child=1 -3 -4
leaf_value=-0.0076640314327701764 -0.00084188157777951634 -0.0057083052275024686 0.010834293231349143
leaf_weight=421.04483567402349 666.65694998859544 492.19894437876064 602.11820070989779
leaf_count=20270 13278 8889 15371
internal_value=-6.35755e-05 0.0017183 0.00465004
internal_weight=2182.02 1760.97 1268.78
internal_count=57808 37538 28649
is_linear=0
shrinkage=0.0321881


Tree=302
num_leaves=4
num_cat=1
split_feature=25 44 15
split_gain=25.3591 31.8848 29.3307
threshold=2.5093114522075508 0 1.2022847064178739
decision_type=2 9 10
left_child=2 -2 -1
right_child=1 -3 -4
leaf_value=0.0031950338458726318 0.0017147540580584606 -0.014519123931519582 -0.012896677337040302
leaf_weight=1571.9298388326715 244.65407112921821 236.49071441480191 125.45177389722085
leaf_count=22375 10173 10649 14733
internal_value=8.87069e-05 -0.00640137 0.00196656
internal_weight=2178.53 481.145 1697.38
internal_count=57930 20822 37108
cat_boundaries=0 1
cat_threshold=266310
is_linear=0
shrinkage=0.0321881


Tree=303
num_leaves=4
num_cat=1
split_feature=14 16 43
split_gain=29.8885 37.4928 33.3928
threshold=621.96710388943609 212.45005693481622 0
decision_type=8 10 9
left_child=1 2 -1
right_child=-2 -3 -4
leaf_value=0.011953644764147125 0.015713030833953211 -0.026988300685766332 -0.0020068905945246434
leaf_weight=185.99748465366429 111.057582354435 57.524466804083204 1810.6097318711691
leaf_count=7973 2856 1288 45823
internal_value=-0.000487173 -0.00139576 -0.000623399
internal_weight=2165.19 2054.13 1996.61
internal_count=57940 55084 53796
cat_boundaries=0 1
cat_threshold=16
is_linear=0
shrinkage=0.0321881


Tree=304
num_leaves=4
num_cat=0
split_feature=14 1 32
split_gain=24.4918 33.3307 31.9179
threshold=189.22314142805959 26.746577173213222 -0.11391272431726579
decision_type=8 2 2
left_child=1 -1 -2
right_child=2 -3 -4
leaf_value=-0.01486610170428798 -0.0013769238931507935 0.013453127115011948 0.0079296913472870715
leaf_weight=217.00987921474734 1369.9712486826465 51.221509820083156 525.71172018887592
leaf_count=16013 25604 534 15677
internal_value=-8.76577e-05 -0.00921391 0.00117106
internal_weight=2163.91 268.231 1895.68
internal_count=57828 16547 41281
is_linear=0
shrinkage=0.0321881


Tree=305
num_leaves=4
num_cat=2
split_feature=7 41 44
split_gain=24.1723 24.0863 33.2955
threshold=27492.448737955616 0 1
decision_type=2 9 9
left_child=1 -1 -3
right_child=-2 2 -4
leaf_value=0.012590910968715889 -0.022495442359065435 0.0042037566852682192 -0.0041591064918982679
leaf_weight=146.44922694456181 48.502914715121733 859.41383373361896 1124.7756627453782
leaf_count=1748 1151 11802 43164
internal_value=-5.72401e-05 0.000426108 -0.000501971
internal_weight=2179.14 2130.64 1984.19
internal_count=57865 56714 54966
cat_boundaries=0 1 2
cat_threshold=514 131142
is_linear=0
shrinkage=0.0321881


Tree=306
num_leaves=4
num_cat=0
split_feature=14 21 36
split_gain=26.3201 31.9745 37.025
threshold=638.99993765390536 137.08038881813371 0.84822263505422868
decision_type=10 2 2
left_child=1 2 -1
right_child=-2 -3 -4
leaf_value=-0.0026292190782751176 0.016441579623465531 0.0015922129478484763 -0.013054861844827416
leaf_weight=231.85125062169391 90.967262714868411 1379.7964142929995 463.69468679933925
leaf_count=13797 1405 27787 14854
internal_value=-0.000434946 -0.00120716 -0.00685065
internal_weight=2166.31 2075.34 695.546
internal_count=57843 56438 28651
is_linear=0
shrinkage=0.0321881


Tree=307
num_leaves=4
num_cat=0
split_feature=14 2 25
split_gain=27.9487 39.9779 43.7316
threshold=225.64904042671495 42.484818221975331 16.980396812379354
decision_type=8 2 2
left_child=1 2 -1
right_child=-2 -3 -4
leaf_value=-0.017288984083421756 0.0020663955974282618 0.0052271049475314888 0.042696881968872391
leaf_weight=269.94641129908268 1713.6059025285067 167.6762674190104 12.422041145735419
leaf_count=25127 27149 1893 3718
internal_value=0.000162751 -0.00694145 -0.0143911
internal_weight=2163.65 450.045 282.368
internal_count=57887 30738 28845
is_linear=0
shrinkage=0.0321881


Tree=308
num_leaves=4
num_cat=1
split_feature=33 41 29
split_gain=28.7177 51.6051 45.1232
threshold=-0.57830730159644039 0 7.7035967284424256
decision_type=2 9 2
left_child=1 -1 -3
right_child=-2 2 -4
leaf_value=-0.012309199911261367 0.004566034809425799 0.0056367753811317504 -0.0099850215194095693
leaf_weight=419.67019340445404 814.34804432594683 670.75636196898995 266.70408523382503
leaf_count=9593 25450 16774 6314
internal_value=-0.000180442 -0.0030758 0.00111125
internal_weight=2171.48 1357.13 937.46
internal_count=58131 32681 23088
cat_boundaries=0 1
cat_threshold=322
is_linear=0
shrinkage=0.0321881


Tree=309
num_leaves=4
num_cat=1
split_feature=10 10 44
split_gain=24.1982 23.2278 71.5706
threshold=1899.4708311970287 5053.332276350563 0
decision_type=2 2 9
left_child=-1 2 -2
right_child=1 -3 -4
leaf_value=-0.030594155477022322 0.034235353267904653 -0.00082761877605674742 -0.0017481177862859474
leaf_weight=26.233762130548712 72.208313179668039 1889.896956423574 182.03112195327412
leaf_count=962 842 51153 5006
internal_value=0 0.000370616 0.0095205
internal_weight=2170.37 2144.14 254.239
internal_count=57963 57001 5848
cat_boundaries=0 1
cat_threshold=580
is_linear=0
shrinkage=0.0321881


Tree=310
num_leaves=4
num_cat=0
split_feature=36 36 22
split_gain=25.4035 62.6327 58.1747
threshold=0.84822263505422868 0.10992639736769576 247.22417548210416
decision_type=2 2 2
left_child=1 2 -1
right_child=-2 -3 -4
leaf_value=-0.0063457512281749166 -0.0014952874914078765 0.046793292568066198 0.028726513570339219
leaf_weight=186.04532308093621 1876.4001600157353 38.747908698685933 65.74138272163691
leaf_count=13420 43019 465 1063
internal_value=-9.45754e-05 0.00872664 0.00257727
internal_weight=2166.93 290.535 251.787
internal_count=57967 14948 14483
is_linear=0
shrinkage=0.0321881


Tree=311
num_leaves=4
num_cat=0
split_feature=33 36 20
split_gain=24.6528 36.9876 55.9816
threshold=0.41838218092960261 0.84822263505422868 54.272172757192322
decision_type=2 2 2
left_child=1 -1 -3
right_child=-2 2 -4
leaf_value=0.012200268250253873 -0.030246955200685804 -0.010052473170683486 0.0025933376955162971
leaf_weight=263.39684047963237 26.359781086503062 488.72288261575159 1396.3763544015819
leaf_count=7387 7439 15156 27822
internal_value=0.000484979 0.000894963 -0.00065223
internal_weight=2174.86 2148.5 1885.1
internal_count=57804 50365 42978
is_linear=0
shrinkage=0.0321881


Tree=312
num_leaves=4
num_cat=1
split_feature=10 10 44
split_gain=24.7051 30.0071 72.2333
threshold=2871.2572040001296 5053.332276350563 0
decision_type=2 2 9
left_child=-1 2 -2
right_child=1 -3 -4
leaf_value=-0.019625983643985479 0.036241693954225773 -0.00077562393239456024 -0.0015976888319774519
leaf_weight=64.876973998267204 69.642877443227917 1883.7040225564706 148.17172575756558
leaf_count=2061 767 51015 4067
internal_value=-7.42882e-05 0.000501141 0.0118238
internal_weight=2166.4 2101.52 217.815
internal_count=57910 55849 4834
cat_boundaries=0 1
cat_threshold=580
is_linear=0
shrinkage=0.0321881


Tree=313
num_leaves=4
num_cat=1
split_feature=7 25 44
split_gain=26.3063 26.4686 41.8526
threshold=27492.448737955616 4.3152142374312188 0
decision_type=2 2 9
left_child=1 -1 -3
right_child=-2 2 -4
leaf_value=0.0018961582545147394 -0.023532332362909646 0.0046441775908453876 -0.022428169766137426
leaf_weight=1877.7111410584766 47.492945545702241 106.19190852442989 113.72379271104001
leaf_count=42507 1128 2684 11355
internal_value=6.26939e-05 0.000629874 -0.00988316
internal_weight=2145.12 2097.63 219.916
internal_count=57674 56546 14039
cat_boundaries=0 1
cat_threshold=4162
is_linear=0
shrinkage=0.0321881


Tree=314
num_leaves=4
num_cat=0
split_feature=10 31 14
split_gain=25.4405 23.5792 29.6199
threshold=2143.8089962931526 0.45137366238430365 401.05712323033475
decision_type=2 2 8
left_child=-1 -2 -3
right_child=1 2 -4
leaf_value=-0.028117221113412805 0.001465779384023912 -0.024794480591852224 0.0019174862258242353
leaf_weight=32.52722996227385 1971.0429988834076 82.787514103431022 80.822765917604556
leaf_count=1189 54482 1139 1079
internal_value=6.51496e-07 0.000462011 -0.0112265
internal_weight=2167.18 2134.65 163.61
internal_count=57889 56700 2218
is_linear=0
shrinkage=0.0321881


Tree=315
num_leaves=4
num_cat=0
split_feature=3 31 13
split_gain=25.036 29.3088 29.5213
threshold=71.198994810537343 -0.91198545743508652 37.127280305086792
decision_type=2 2 10
left_child=-1 -2 -3
right_child=1 2 -4
leaf_value=-0.015564241660608592 -0.0062861083683301358 0.0050069620794369416 -0.0065659338756469034
leaf_weight=99.240282999293413 446.38446069405472 1336.5607019405288 271.02305744276964
leaf_count=1612 21700 22839 11867
internal_value=0.000169654 0.000962573 0.00301559
internal_weight=2153.21 2053.97 1607.58
internal_count=58018 56406 34706
is_linear=0
shrinkage=0.0321881


Tree=316
num_leaves=4
num_cat=0
split_feature=16 14 10
split_gain=24.3535 34.6336 51.6341
threshold=244.42401383167501 493.33348867486205 12336.077109752658
decision_type=10 8 2
left_child=1 2 -1
right_child=-2 -3 -4
leaf_value=0.0019145795277026641 -0.028378815791223169 0.010581838662382539 -0.010605773787573653
leaf_weight=1384.1179632590356 30.421860476693837 304.25300465716282 451.04774574532348
leaf_count=37195 888 5027 14899
internal_value=7.02939e-05 0.000507697 -0.00112895
internal_weight=2169.84 2139.42 1835.17
internal_count=58009 57121 52094
is_linear=0
shrinkage=0.0321881


Tree=317
num_leaves=4
num_cat=0
split_feature=22 36 22
split_gain=23.585 30.2247 55.8891
threshold=34.002281521635773 0.84822263505422868 228.63740349575338
decision_type=2 2 2
left_child=-1 2 -2
right_child=1 -3 -4
leaf_value=-0.027886395397186733 0 -0.00069644254419656945 0.03053672396072895
leaf_weight=30.036098441516515 166.74064216614352 1875.7923203718674 95.601377383456565
leaf_count=9966 5265 41209 1489
internal_value=0.000274925 0.000703362 0.0109464
internal_weight=2168.17 2138.13 262.342
internal_count=57929 47963 6754
is_linear=0
shrinkage=0.0321881


Tree=318
num_leaves=4
num_cat=0
split_feature=22 14 29
split_gain=23.1101 23.8056 31.2206
threshold=896.99644631003537 493.33348867486205 9.590875830725949
decision_type=2 10 2
left_child=1 2 -1
right_child=-2 -3 -4
leaf_value=-0.0029686511624736189 0.023997869629482922 0.0078630747025875136 0.01186927315839767
leaf_weight=1653.4558878507087 41.215277987765148 314.76426656381227 132.36620084664901
leaf_count=47399 687 4435 5317
internal_value=0.000180333 -0.000259323 -0.00172747
internal_weight=2141.8 2100.59 1785.82
internal_count=57838 57151 52716
is_linear=0
shrinkage=0.0321881


Tree=319
num_leaves=4
num_cat=1
split_feature=23 1 41
split_gain=31.9125 26.1015 33.0479
threshold=3.0457856809459103 13.346054324428007 0
decision_type=2 2 9
left_child=-1 -2 -3
right_child=1 2 -4
leaf_value=-0.0078882554770803963 -0.0027864922528463864 0.0015835161019013822 0.013363310269360979
leaf_weight=387.26425914344145 318.75237119619851 1106.9079174938379 317.52662467118353
leaf_count=18850 23622 11872 3155
internal_value=0.000429953 0.00231527 0.00436081
internal_weight=2130.45 1743.19 1424.43
internal_count=57499 38649 15027
cat_boundaries=0 1
cat_threshold=2384
is_linear=0
shrinkage=0.0321881


Tree=320
num_leaves=4
num_cat=0
split_feature=7 32 4
split_gain=24.6744 26.8366 23.6079
threshold=23286.098577735549 -0.87425594329142475 1446.7448790852497
decision_type=2 2 2
left_child=2 -2 -1
right_child=1 -3 -4
leaf_value=-0.0012140641772558328 0.007168510779187791 -0.030880727259605556 0.0075605884243862432
leaf_weight=1690.7663161818637 25.931729799776804 54.104791681660572 389.88743629674718
leaf_count=44765 345 1260 11707
internal_value=-0.000245379 -0.0177746 0.000400257
internal_weight=2160.69 80.0365 2080.65
internal_count=58077 1605 56472
is_linear=0
shrinkage=0.0321881


Tree=321
num_leaves=4
num_cat=2
split_feature=41 44 5
split_gain=27.5717 28.657 53.7535
threshold=0 1 1.2765032824519336
decision_type=9 9 2
left_child=-1 -2 -3
right_child=1 2 -4
leaf_value=0.013644955952110235 0.00359785838678125 -0.011120242979919742 0.002862573731929669
leaf_weight=139.75512409638031 894.2434485166159 566.55773492091976 561.68697348705609
leaf_count=1739 12489 25427 18305
internal_value=0.00030991 -0.000645816 -0.00406739
internal_weight=2162.24 2022.49 1128.24
internal_count=57960 56221 43732
cat_boundaries=0 1 2
cat_threshold=514 131142
is_linear=0
shrinkage=0.0321881


Tree=322
num_leaves=4
num_cat=0
split_feature=7 5 4
split_gain=23.4197 22.6801 26.9849
threshold=29505.817514302365 5.3406612760261511 1446.7448790852497
decision_type=2 2 2
left_child=1 2 -1
right_child=-2 -3 -4
leaf_value=-0.002555769426515116 -0.027014295408067664 0.021061082827295602 0.0067908723666875318
leaf_weight=1667.542506480022 34.135116196979652 50.373170318081975 394.12023167207371
leaf_count=44202 917 980 11575
internal_value=-0.000644505 -0.000185175 -0.000737542
internal_weight=2146.17 2112.04 2061.66
internal_count=57674 56757 55777
is_linear=0
shrinkage=0.0321881


Tree=323
num_leaves=4
num_cat=1
split_feature=22 44 10
split_gain=27.4892 25.0569 96.7011
threshold=896.99644631003537 0 10553.967040397429
decision_type=2 9 2
left_child=1 -1 -3
right_child=-2 2 -4
leaf_value=0.0013986095879832577 0.026519484051081302 0.0041262543682375509 -0.028482131526883631
leaf_weight=1725.757158779219 40.168726554838941 255.81672180964961 146.59185332381458
leaf_count=25864 691 16877 14567
internal_value=0.000201863 -0.000267849 -0.00741983
internal_weight=2168.33 2128.17 402.409
internal_count=57999 57308 31444
cat_boundaries=0 1
cat_threshold=132167
is_linear=0
shrinkage=0.0321881


Tree=324
num_leaves=4
num_cat=0
split_feature=21 10 10
split_gain=24.2681 41.5019 40.2897
threshold=99.848556450494854 10592.116154716563 8555.7987687876575
decision_type=2 2 2
left_child=-1 2 -2
right_child=1 -3 -4
leaf_value=-0.0070832738738025071 8.294782788103329e-05 -0.0029599796549520225 0.013506287188763712
leaf_weight=472.5123550062126 578.29396414075745 695.73555821544142 397.38472940382781
leaf_count=23530 11117 16121 7157
internal_value=-0.000625075 0.00116331 0.00561736
internal_weight=2143.93 1671.41 975.679
internal_count=57925 34395 18274
is_linear=0
shrinkage=0.0321881


Tree=325
num_leaves=4
num_cat=1
split_feature=41 0 22
split_gain=24.6089 29.6508 25.5686
threshold=0 59.828764365484844 851.83023505095173
decision_type=9 2 2
left_child=-1 -2 -3
right_child=1 2 -4
leaf_value=0.016295257194315217 -0.018078952383588087 -0.00055972926061543637 0.023951701645449627
leaf_weight=80.141940737288678 98.44350247499824 1924.9648896287981 44.888632043031976
leaf_count=975 19013 37190 666
internal_value=-0.000113724 -0.000856756 0
internal_weight=2148.44 2068.3 1969.85
internal_count=57844 56869 37856
cat_boundaries=0 1
cat_threshold=512
is_linear=0
shrinkage=0.0321881


Tree=326
num_leaves=4
num_cat=0
split_feature=33 32 22
split_gain=22.8454 52.9432 78.7621
threshold=-0.56189901994432356 -0.33447160329628733 486.60178452567897
decision_type=2 2 2
left_child=1 2 -1
right_child=-2 -3 -4
leaf_value=-0.020090590810834155 0.0044808109549423318 0.0030568272305716883 0.0034138360090776483
leaf_weight=332.59992288125795 775.37623407035426 770.45587877603248 258.26813543777098
leaf_count=7695 24773 19834 5335
internal_value=4.23731e-05 -0.00243921 -0.00971181
internal_weight=2136.7 1361.32 590.868
internal_count=57637 32864 13030
is_linear=0
shrinkage=0.0321881


Tree=327
num_leaves=4
num_cat=2
split_feature=9 41 43
split_gain=23.4674 22.2854 32.4725
threshold=24.764373644362141 0 1
decision_type=10 9 9
left_child=1 -1 -3
right_child=-2 2 -4
leaf_value=0.012040901268586295 -0.033651423659706275 0.01077978722039887 -0.0023570567951197588
leaf_weight=137.73273381066974 21.469722937064944 207.78937955545553 1781.2585771383747
leaf_count=1675 454 9062 46556
internal_value=-0.000352554 0 -0.000904666
internal_weight=2148.25 2126.78 1989.05
internal_count=57747 57293 55618
cat_boundaries=0 1 2
cat_threshold=514 16
is_linear=0
shrinkage=0.0321881


Tree=328
num_leaves=4
num_cat=0
split_feature=39 7 5
split_gain=24.799 38.6724 37.7397
threshold=0.091523100308811819 18496.447156732076 2.1492712409285351
decision_type=2 2 2
left_child=1 -1 -2
right_child=2 -3 -4
leaf_value=-0.00097081101172302048 0.0024338681941824159 -0.025938419714453983 0.020819253467296468
leaf_weight=1660.5872569745407 268.48645543766906 67.060600796743529 137.96894548443379
leaf_count=47973 5813 1611 2290
internal_value=-0.000268429 -0.00198024 0.00684798
internal_weight=2134.1 1727.65 406.455
internal_count=57687 49584 8103
is_linear=0
shrinkage=0.0321881


Tree=329
num_leaves=4
num_cat=0
split_feature=22 25 12
split_gain=22.7765 30.4844 25.9904
threshold=34.002281521635773 16.980396812379354 19.096990302049196
decision_type=2 2 8
left_child=-1 -2 -3
right_child=1 2 -4
leaf_value=-0.028128841936516866 0.00039198556705113301 0.073693576781736589 0
leaf_weight=28.304136357459356 2089.6963703571237 10.719975657120814 7.7709674886718849
leaf_count=10007 46891 180 800
internal_value=0.000373222 0.000789213 0.0417067
internal_weight=2136.49 2108.19 18.4909
internal_count=57878 47871 980
is_linear=0
shrinkage=0.0321881


Tree=330
num_leaves=4
num_cat=1
split_feature=2 4 44
split_gain=22.3111 36.4897 38.9146
threshold=22.15515246415028 1256.1949812698481 0
decision_type=2 2 9
left_child=1 2 -1
right_child=-2 -3 -4
leaf_value=0.0034627786260305305 0.0013282994722492692 0.0071853732161740128 -0.025732145432810369
leaf_weight=69.852564033426461 1833.3986849113135 100.68053956262884 128.45622788459877
leaf_count=9500 23728 11252 13223
internal_value=0 -0.0081511 -0.0162574
internal_weight=2132.39 298.989 198.309
internal_count=57703 33975 22723
cat_boundaries=0 1
cat_threshold=262210
is_linear=0
shrinkage=0.0321881


Tree=331
num_leaves=4
num_cat=0
split_feature=5 28 7
split_gain=22.2783 30.9149 30.1998
threshold=5.3406612760261511 0.92763434483491436 23286.098577735549
decision_type=2 2 2
left_child=2 -2 -1
right_child=1 -3 -4
leaf_value=0 -0.0086029680020857768 0.036711227823046859 -0.026299197072362106
leaf_weight=2025.4599955451267 22.619560864142841 38.912397515494376 45.953891351484344
leaf_count=55316 586 540 1299
internal_value=0 0.0190532 -0.000563785
internal_weight=2132.95 61.532 2071.41
internal_count=57741 1126 56615
is_linear=0
shrinkage=0.0321881


Tree=332
num_leaves=4
num_cat=0
split_feature=16 16 12
split_gain=26.3974 30.2605 67.5499
threshold=237.91894101433198 170.85297929064339 34.12348733883784
decision_type=10 10 10
left_child=1 -1 -3
right_child=-2 2 -4
leaf_value=-0.0012723837873236182 -0.025541451628930491 -0.0098111719527409682 0.017951329704563708
leaf_weight=1704.7544327105134 40.650525284494506 133.93375375698088 267.70203406465589
leaf_count=51452 1143 1972 3412
internal_value=4.12987e-05 0.000568064 0.00853453
internal_weight=2147.04 2106.39 401.636
internal_count=57979 56836 5384
is_linear=0
shrinkage=0.0321881


Tree=333
num_leaves=4
num_cat=0
split_feature=36 22 21
split_gain=20.5347 62.3582 47.0758
threshold=0.84822263505422868 242.08564740325451 99.848556450494854
decision_type=2 2 2
left_child=1 -1 -2
right_child=2 -3 -4
leaf_value=-0.0020959806238609055 -0.014350499898290117 0.030853657758085316 0.00022255353525718673
leaf_weight=196.68859727751988 266.69717124925228 83.248327014269307 1589.283022540767
leaf_count=13450 10126 1331 32925
internal_value=-0.000585219 0.00749314 -0.00183879
internal_weight=2135.92 279.937 1855.98
internal_count=57832 14781 43051
is_linear=0
shrinkage=0.0321881


Tree=334
num_leaves=4
num_cat=0
split_feature=25 33 32
split_gain=23.9397 27.1961 41.794
threshold=1.4425409290309552 -0.51828066867581712 -0.33447160329628733
decision_type=2 2 2
left_child=1 2 -1
right_child=-2 -3 -4
leaf_value=-0.0074129419178451941 -0.004213212235528719 0.0099605155957217736 0.0061279546168344547
leaf_weight=436.26960718384362 782.13579747977201 394.93833264123532 514.13006995784235
leaf_count=9331 27893 8463 12090
internal_value=0.00023141 0.00286299 -2.11297e-05
internal_weight=2127.47 1345.34 950.4
internal_count=57777 29884 21421
is_linear=0
shrinkage=0.0321881


Tree=335
num_leaves=4
num_cat=0
split_feature=14 16 15
split_gain=22.3322 45.7752 31.0102
threshold=606.36106320122462 212.45005693481622 1.0408184864448422
decision_type=10 10 10
left_child=1 -1 -2
right_child=2 -3 -4
leaf_value=3.3923549126750107e-05 0 -0.031847812349704185 0.035126758912042304
leaf_weight=1976.8636133288092 70.314409850514494 47.457992660056334 43.78981079015648
leaf_count=54857 1157 1167 641
internal_value=6.59983e-05 -0.000685688 0.0139325
internal_weight=2138.43 2024.32 114.104
internal_count=57822 56024 1798
is_linear=0
shrinkage=0.0321881


Tree=336
num_leaves=4
num_cat=0
split_feature=21 10 32
split_gain=22.1251 38.6096 43.0925
threshold=102.60893384779833 10592.116154716563 -0.11391272431726579
decision_type=2 2 2
left_child=-1 2 -2
right_child=1 -3 -4
leaf_value=-0.0062949578979467954 0.0017967912125480263 -0.0023937292098008757 0.017582215029186749
leaf_weight=485.87878766948415 721.28474345931318 695.47885739349294 243.4840987487114
leaf_count=24090 12813 16008 5075
internal_value=-0.000229786 0.0015075 0.00584999
internal_weight=2146.13 1660.25 964.769
internal_count=57986 33896 17888
is_linear=0
shrinkage=0.0321881


Tree=337
num_leaves=4
num_cat=0
split_feature=10 16 7
split_gain=27.1307 24.9946 22.8655
threshold=17253.279512906676 237.91894101433198 25635.356685849951
decision_type=2 10 2
left_child=1 2 -1
right_child=-2 -3 -4
leaf_value=0.00088609880121367775 0.032379560606037888 -0.026291474945270982 -0.019640838065051739
leaf_weight=2012.8165026747156 26.62517334491713 37.061941116349772 57.507493931814679
leaf_count=54945 678 1110 1309
internal_value=0.00022259 -0.000157063 0.000282977
internal_weight=2134.01 2107.39 2070.32
internal_count=58042 57364 56254
is_linear=0
shrinkage=0.0321881


Tree=338
num_leaves=4
num_cat=0
split_feature=33 36 32
split_gain=23.118 31.034 44.0827
threshold=0.3293159384861461 0.8873837458246242 0.56195697437545788
decision_type=2 2 2
left_child=1 2 -1
right_child=-2 -3 -4
leaf_value=0.020049123606683591 -0.024093345044120511 -0.0010715034090247235 -0.008463298906437303
leaf_weight=174.66357400349807 40.604918276003445 1840.3969835775206 78.902992158196867
leaf_count=2493 8162 42826 4445
internal_value=-8.57873e-05 0.000352013 0.0109263
internal_weight=2134.57 2093.96 253.567
internal_count=57926 49764 6938
is_linear=0
shrinkage=0.0321881


Tree=339
num_leaves=4
num_cat=0
split_feature=2 32 4
split_gain=21.857 45.5835 46.0635
threshold=28.805737483885327 -0.14989298189417219 361.48476559858562
decision_type=2 2 2
left_child=1 -1 -3
right_child=-2 2 -4
leaf_value=-0.010749920275790354 0.0021051915685625869 -0.023020394516057509 0.014731195321782927
leaf_weight=452.30978872276319 1475.8135975055629 40.370380651656887 171.39668866414286
leaf_count=22923 18609 2713 13541
internal_value=-4.6823e-05 -0.00492428 0.00721627
internal_weight=2139.89 664.077 211.767
internal_count=57786 39177 16254
is_linear=0
shrinkage=0.0321881


Tree=340
num_leaves=4
num_cat=1
split_feature=3 0 44
split_gain=24.949 22.6377 21.9852
threshold=71.198994810537343 81.97374783702152 0
decision_type=2 2 9
left_child=-1 -2 -3
right_child=1 2 -4
leaf_value=-0.016092585782549532 -0.011745568271403672 0.014558577534361601 0.00062739598391196687
leaf_weight=96.339588854461908 140.71531070247875 116.84162560461846 1780.9208677544375
leaf_count=1617 23579 4645 28255
internal_value=-8.06485e-05 0.000646625 0.00160039
internal_weight=2134.82 2038.48 1897.76
internal_count=58096 56479 32900
cat_boundaries=0 1
cat_threshold=262212
is_linear=0
shrinkage=0.0321881


Tree=341
num_leaves=4
num_cat=0
split_feature=33 32 22
split_gain=21.7718 73.1655 77.7196
threshold=-0.63471601346331108 -0.35142700665477272 493.84130367498796
decision_type=2 2 2
left_child=1 2 -1
right_child=-2 -3 -4
leaf_value=-0.024496773675529271 0.0041285651561500242 0.0035239663633891455 0.0014335541382551776
leaf_weight=256.25054730777629 877.34543066573679 777.97593521297676 216.37459515075898
leaf_count=6208 27218 19822 4511
internal_value=0.000214574 -0.00248058 -0.012496
internal_weight=2127.95 1250.6 472.625
internal_count=57759 30541 10719
is_linear=0
shrinkage=0.0321881


Tree=342
num_leaves=4
num_cat=1
split_feature=5 44 30
split_gain=20.5334 32.9028 28.8787
threshold=1.0425438788752022 0 -0.86767968411188823
decision_type=2 9 2
left_child=1 -1 -3
right_child=-2 2 -4
leaf_value=-0.018403289371042145 0.0025324315148781491 0.012315963053322974 -0.0046039701121658649
leaf_weight=126.01942212574068 1411.6759328851331 134.08651758517954 463.97300326322147
leaf_count=5802 36643 1767 13648
internal_value=0.000244115 -0.00412866 -0.000689125
internal_weight=2135.75 724.079 598.06
internal_count=57860 21217 15415
cat_boundaries=0 1
cat_threshold=528896
is_linear=0
shrinkage=0.0321881


Tree=343
num_leaves=4
num_cat=0
split_feature=10 33 36
split_gain=22.7793 20.7666 32.1315
threshold=2143.8089962931526 0.35712995377516182 0.84822263505422868
decision_type=2 2 2
left_child=-1 2 -2
right_child=1 -3 -4
leaf_value=-0.027629283390897322 0.011854487063754514 -0.025212178420224877 -0.00051689084132170641
leaf_weight=30.002320334548131 245.92381094855955 31.631574703802471 1812.2760785660648
leaf_count=1158 6816 7742 41904
internal_value=7.13151e-05 0.000502556 0.000931554
internal_weight=2119.83 2089.83 2058.2
internal_count=57620 56462 48720
is_linear=0
shrinkage=0.0321881


Tree=344
num_leaves=4
num_cat=0
split_feature=22 1 16
split_gain=24.0594 26.3349 52.8254
threshold=896.99644631003537 13.116891647884996 95.153390043691942
decision_type=2 2 8
left_child=1 2 -1
right_child=-2 -3 -4
leaf_value=-0.029957196004580036 0.025249728705834643 0.0010832384541495058 -0.0011930962925773996
leaf_weight=89.153027834443492 37.898285090224817 1724.1352020853083 274.65265797266329
leaf_count=25518 676 22161 9583
internal_value=-5.23683e-05 -0.000544943 -0.00843181
internal_weight=2125.84 2087.94 363.806
internal_count=57938 57262 35101
is_linear=0
shrinkage=0.0321881


Tree=345
num_leaves=4
num_cat=1
split_feature=41 1 4
split_gain=21.8521 49.5505 45.3673
threshold=0 11.540044516750113 477.83683666139831
decision_type=9 2 2
left_child=1 -1 -3
right_child=-2 2 -4
leaf_value=-0.01178582750230057 -0.0019939325190612214 -0.0024885614363040088 0.018391535785354421
leaf_weight=131.24453670500952 1544.5645425253169 166.07010117295431 282.96043848386034
leaf_count=18257 34552 2010 3138
internal_value=0 0.00527943 0.0105302
internal_weight=2124.84 580.275 449.031
internal_count=57957 23405 5148
cat_boundaries=0 1
cat_threshold=538
is_linear=0
shrinkage=0.0321881


Tree=346
num_leaves=4
num_cat=0
split_feature=10 10 5
split_gain=25.9223 22.323 65.5371
threshold=2871.2572040001296 5053.332276350563 4.5081477168508153
decision_type=2 2 2
left_child=-1 2 -2
right_child=1 -3 -4
leaf_value=-0.020214453305968508 0.015978760677793941 -0.0003962522787797014 -0.05019078200109077
leaf_weight=63.002742508906522 196.60707200880279 1857.5972953400196 16.23783380939858
leaf_count=2112 4597 51175 203
internal_value=5.2882e-05 0.000702611 0.0105816
internal_weight=2133.44 2070.44 212.845
internal_count=58087 55975 4800
is_linear=0
shrinkage=0.0321881


Tree=347
num_leaves=4
num_cat=0
split_feature=10 16 14
split_gain=20.8238 20.6585 20.8203
threshold=1636.446172546707 252.14483259218417 606.36106320122462
decision_type=2 10 10
left_child=-1 2 -2
right_child=1 -3 -4
leaf_value=-0.03408308320513867 -5.9602389359981156e-05 -0.032632500433116655 0.014763235568364945
leaf_weight=18.170806908296072 1992.6091524813964 19.242925447208108 102.61065813043388
leaf_count=723 54969 653 1523
internal_value=0 0.000300998 0.000637518
internal_weight=2132.63 2114.46 2095.22
internal_count=57868 57145 56492
is_linear=0
shrinkage=0.0321881


Tree=348
num_leaves=4
num_cat=0
split_feature=22 25 10
split_gain=20.4832 44.9034 24.8387
threshold=39.924736701745594 16.980396812379354 10592.116154716563
decision_type=2 2 2
left_child=-1 2 -2
right_child=1 -3 -4
leaf_value=-0.026510043959657021 0.0029915471662033499 0.048589752295638826 -0.0041303614939304069
leaf_weight=29.305460993753513 1213.0965066500648 19.667611659795512 871.76352492155274
leaf_count=10627 24863 749 21792
internal_value=6.95203e-05 0.000472844 0
internal_weight=2133.83 2104.53 2084.86
internal_count=58031 47404 46655
is_linear=0
shrinkage=0.0321881


Tree=349
num_leaves=4
num_cat=0
split_feature=31 15 5
split_gain=22.1885 21.9987 24.2848
threshold=0.45137366238430365 1.2713473244819291 1.1870717347750068
decision_type=2 10 2
left_child=1 2 -1
right_child=-2 -3 -4
leaf_value=-0.0021697093534749036 -0.011519595438604441 -0.01996066093365494 0.0050839450301368569
leaf_weight=966.73641066050914 164.7830094917299 51.035483992178342 932.91685874763061
leaf_count=20961 2273 17087 17345
internal_value=-0.000161666 0.000766422 0.00135921
internal_weight=2115.47 1950.69 1899.65
internal_count=57666 55393 38306
is_linear=0
shrinkage=0.0321881


Tree=350
num_leaves=4
num_cat=0
split_feature=13 10 12
split_gain=21.9044 35.542 41.1767
threshold=36.551991152851173 5053.332276350563 34.212945484891712
decision_type=10 2 10
left_child=-1 2 -2
right_child=1 -3 -4
leaf_value=0.0017388907570067087 -0.018340561856814271 -0.010441314989030842 0.034958407950265599
leaf_weight=1668.1802074092557 21.720369537899387 361.20820342659135 40.962914495510631
leaf_count=35597 1739 19348 1050
internal_value=4.83252e-05 -0.0064518 0.015478
internal_weight=2092.07 423.891 62.6833
internal_count=57734 22137 2789
is_linear=0
shrinkage=0.0321881


Tree=351
num_leaves=4
num_cat=1
split_feature=13 14 41
split_gain=21.2373 27.6792 26.1148
threshold=37.127280305086792 638.99993765390536 0
decision_type=10 10 9
left_child=1 2 -1
right_child=-2 -3 -4
leaf_value=-0.0058721660663876539 -0.0073081475361487245 0.021719087806309371 0.0029162037549520831
leaf_weight=478.53341585917224 364.85585031744267 65.550206588581204 1218.8136405500991
leaf_count=10842 20781 846 25486
internal_value=-0.000216918 0.00121537 0.00038309
internal_weight=2127.75 1762.9 1697.35
internal_count=57955 37174 36328
cat_boundaries=0 1
cat_threshold=320
is_linear=0
shrinkage=0.0321881


Tree=352
num_leaves=4
num_cat=0
split_feature=10 20 29
split_gain=19.0391 21.6795 29.3556
threshold=17253.279512906676 41.808478199216424 9.2977162652859988
decision_type=2 2 2
left_child=1 2 -1
right_child=-2 -3 -4
leaf_value=-0.011974647750676694 0.027824720238878636 0.0016370942754350482 -0.0021557492481730344
leaf_weight=389.6626592536486 25.151954670727719 1577.2350834077224 127.93269906450587
leaf_count=19191 663 32656 5478
internal_value=9.83561e-05 -0.000207253 -0.00594859
internal_weight=2119.98 2094.83 517.595
internal_count=57988 57325 24669
is_linear=0
shrinkage=0.0321881


Tree=353
num_leaves=4
num_cat=0
split_feature=10 0 21
split_gain=26.2823 66.2723 27.5302
threshold=17029.25635918682 879.52867284296815 88.524577598781832
decision_type=2 2 2
left_child=2 -2 -1
right_child=1 -3 -4
leaf_value=-0.0081969013104445671 -0.0096576374713833058 0.072638380801290481 0.0013946272577459841
leaf_weight=378.22617650218308 20.89735205375473 17.530930952169001 1700.7041302767757
leaf_count=21343 722 202 35591
internal_value=0.000138263 0.0264535 -0.00032049
internal_weight=2117.36 38.4283 2078.93
internal_count=57858 924 56934
is_linear=0
shrinkage=0.0321881


Tree=354
num_leaves=4
num_cat=0
split_feature=33 32 40
split_gain=22.2183 74.0123 70.5884
threshold=-0.64724392757655413 -0.35142700665477272 0.090973024701827207
decision_type=2 2 2
left_child=1 2 -1
right_child=-2 -3 -4
leaf_value=-0.025107824089620819 0.0040699974485141673 0.0033025345855562716 0.00048616966141496029
leaf_weight=236.66110601558466 907.70942604655284 781.0091203515185 202.11985710554291
leaf_count=6361 27721 19821 3930
internal_value=0.000230061 -0.00257546 -0.0131792
internal_weight=2127.5 1219.79 438.781
internal_count=57833 30112 10291
is_linear=0
shrinkage=0.0321881


Tree=355
num_leaves=4
num_cat=0
split_feature=25 15 32
split_gain=23.1242 26.4318 28.0687
threshold=2.3894458681143909 1.1567635644144121 -0.87052767214666626
decision_type=2 10 2
left_child=1 -1 -3
right_child=-2 2 -4
leaf_value=0.0033254225519170908 -0.0063128979780868264 0.0089849264760750655 -0.015763134392773825
leaf_weight=1409.1928609812167 489.61039413559774 63.468176016263897 161.64156822263612
leaf_count=20780 21463 3417 12472
internal_value=-0.000151138 0.0016565 -0.00850083
internal_weight=2123.91 1634.3 225.11
internal_count=58132 36669 15889
is_linear=0
shrinkage=0.0321881


Tree=356
num_leaves=4
num_cat=0
split_feature=31 14 22
split_gain=20.4999 21.942 19.5314
threshold=0.42245439154292785 382.17642065194946 37.884592042394182
decision_type=2 8 2
left_child=2 -2 -1
right_child=1 -3 -4
leaf_value=-0.027139226538632561 -0.023012495801379599 0 0.0015052560835917032
leaf_weight=24.56935770092241 78.383188760621124 95.335959757998353 1913.7892530710087
leaf_count=9942 1132 1304 45512
internal_value=0.00012649 -0.0104239 0.00110605
internal_weight=2112.08 173.719 1938.36
internal_count=57890 2436 55454
is_linear=0
shrinkage=0.0321881


Tree=357
num_leaves=4
num_cat=1
split_feature=22 3 44
split_gain=22.0054 20.3313 25.6509
threshold=896.99644631003537 71.198994810537343 0
decision_type=2 2 9
left_child=1 -1 -3
right_child=-2 2 -4
leaf_value=-0.014603730778590431 0.023866204167794582 0.0015182822742672154 -0.01151667547591049
leaf_weight=98.084186315274565 39.518442816333845 1819.6394432796951 160.4671452154289
leaf_count=1637 697 28348 27349
internal_value=0.00012351 -0.000300001 0.000378031
internal_weight=2117.71 2078.19 1980.11
internal_count=58031 57334 55697
cat_boundaries=0 1
cat_threshold=131655
is_linear=0
shrinkage=0.0321881


Tree=358
num_leaves=4
num_cat=0
split_feature=3 14 1
split_gain=18.8132 20.5134 26.5623
threshold=71.198994810537343 165.38591058341453 24.489660883759381
decision_type=2 8 2
left_child=-1 2 -2
right_child=1 -3 -4
leaf_value=-0.014540746516624174 -0.018614827741097646 0.001023189966794811 0.0086307919700444654
leaf_weight=96.012006957185804 124.37986165758048 1841.8555068628921 48.954738488653675
leaf_count=1659 8645 47171 537
internal_value=-0.000637568 0 -0.0105516
internal_weight=2111.2 2015.19 173.335
internal_count=58012 56353 9182
is_linear=0
shrinkage=0.0321881


Tree=359
num_leaves=4
num_cat=0
split_feature=22 25 12
split_gain=19.8814 27.5408 33.6934
threshold=34.002281521635773 16.980396812379354 20.767539339699706
decision_type=2 2 8
left_child=-1 -2 -3
right_child=1 2 -4
leaf_value=-0.028468211120808246 8.4301772210779185e-05 0.072302482601277709 -0.0069886199211810366
leaf_weight=24.623351156711578 2076.4058298390009 11.912808716093425 7.7251215857686466
leaf_count=9993 46911 203 797
internal_value=0.000106774 0.000476024 0.038195
internal_weight=2120.67 2096.04 19.6379
internal_count=57904 47911 1000
is_linear=0
shrinkage=0.0321881


Tree=360
num_leaves=4
num_cat=1
split_feature=43 4 1
split_gain=20.1863 53.3932 44.1004
threshold=0 642.77150516582105 5.9360298237579938
decision_type=9 2 2
left_child=1 2 -1
right_child=-2 -3 -4
leaf_value=0.038003812823685458 -0.00090689616067387993 0.021235621289158846 -0.022898504822751919
leaf_weight=14.335120980496866 1887.2387177560449 145.44460270965646 65.641738851438276
leaf_count=1372 48246 7318 878
internal_value=0.000167733 0.00907631 -0.0111083
internal_weight=2112.66 225.421 79.9769
internal_count=57814 9568 2250
cat_boundaries=0 1
cat_threshold=16
is_linear=0
shrinkage=0.0321881


Tree=361
num_leaves=4
num_cat=0
split_feature=3 2 14
split_gain=24.9539 32.1641 27.4414
threshold=86.852306394241808 44.785635512791835 225.64904042671495
decision_type=2 2 10
left_child=1 -1 -2
right_child=2 -3 -4
leaf_value=-0.016898589541686191 -0.0056904300520940259 0.021580480123043849 0.0036215310214690187
leaf_weight=150.7023327168281 414.07862960587954 24.917105610831641 1518.684218793991
leaf_count=2712 31398 295 23387
internal_value=0.000508232 -0.0110552 0.00159312
internal_weight=2108.38 175.619 1932.76
internal_count=57792 3007 54785
is_linear=0
shrinkage=0.0321881


Tree=362
num_leaves=4
num_cat=1
split_feature=5 44 4
split_gain=20.6361 35.5109 31.7768
threshold=1.0425438788752022 0 974.69994781087473
decision_type=2 9 2
left_child=1 -1 -3
right_child=-2 2 -4
leaf_value=-0.017024736193526489 0.0027990829586748817 -0.0075175964120936601 0.0078807993202681999
leaf_weight=154.66545531705196 1388.5565924464754 283.34449268451135 271.82240318383265
leaf_count=6137 36704 7762 7201
internal_value=0.000490049 -0.00393655 0
internal_weight=2098.39 709.832 555.167
internal_count=57804 21100 14963
cat_boundaries=0 1
cat_threshold=529220
is_linear=0
shrinkage=0.0321881


Tree=363
num_leaves=4
num_cat=0
split_feature=15 10 21
split_gain=19.656 18.6743 25.392
threshold=1.2665711188038902 17029.25635918682 99.848556450494854
decision_type=10 2 2
left_child=1 2 -1
right_child=-2 -3 -4
leaf_value=-0.0065275331831969961 -0.018493521057526375 0.024840901968225169 0.0023039954302406722
leaf_weight=426.74314264184795 55.690422541083535 32.869693337852368 1590.3128129315155
leaf_count=16063 17896 637 23241
internal_value=0.000285824 0.00082915 0.000403412
internal_weight=2105.62 2049.93 2017.06
internal_count=57837 39941 39304
is_linear=0
shrinkage=0.0321881


Tree=364
num_leaves=4
num_cat=0
split_feature=9 16 12
split_gain=19.6513 21.1092 53.5393
threshold=23.507648675601661 164.85649907814363 32.431266921703184
decision_type=10 10 8
left_child=1 2 -1
right_child=-2 -3 -4
leaf_value=0.001551289329392273 -0.03102162905427502 0.0057889670905460471 -0.01245749759468286
leaf_weight=1190.2900339840417 20.954025456099771 515.43408053927124 368.49210875491553
leaf_count=29865 461 7523 19658
internal_value=-0.000169453 0.000115025 -0.00172089
internal_weight=2095.17 2074.22 1558.78
internal_count=57507 57046 49523
is_linear=0
shrinkage=0.0321881


Tree=365
num_leaves=4
num_cat=1
split_feature=25 44 25
split_gain=19.1774 24.237 31.1518
threshold=2.830966835724579 0 16.980396812379354
decision_type=2 9 2
left_child=-1 2 -2
right_child=1 -3 -4
leaf_value=0.0015160616323614377 -0.0023309891739727311 -0.014019709346706146 0.039718265713791348
leaf_weight=1707.68245204103 179.94176995792077 196.20781330222962 19.920075655492838
leaf_count=38637 6079 9934 3206
internal_value=5.67016e-06 -0.00634279 0.00150841
internal_weight=2103.75 396.07 199.862
internal_count=57856 19219 9285
cat_boundaries=0 1
cat_threshold=266306
is_linear=0
shrinkage=0.0321881


Tree=366
num_leaves=4
num_cat=1
split_feature=10 10 44
split_gain=21.1577 27.9741 71.6136
threshold=2871.2572040001296 4969.9182196862394 0
decision_type=2 2 9
left_child=-1 2 -2
right_child=1 -3 -4
leaf_value=-0.018655289598452363 0.037328365458648198 -0.00070709920014937232 -0.0015750051575996044
leaf_weight=61.10392806569871 63.292270255973563 1829.5562661005242 144.01107324183977
leaf_count=2086 687 51205 3935
internal_value=-4.10504e-08 0.000530438 0.0117476
internal_weight=2097.96 2036.86 207.303
internal_count=57913 55827 4622
cat_boundaries=0 1
cat_threshold=580
is_linear=0
shrinkage=0.0321881


Tree=367
num_leaves=4
num_cat=1
split_feature=3 4 44
split_gain=18.1144 34.8203 22.8881
threshold=91.168915658061934 143.76595110439408 0
decision_type=2 2 9
left_child=1 -1 -2
right_child=2 -3 -4
leaf_value=0.018195489477410582 -0.018506012042021062 -0.015815601588596576 0.0013603143989544429
leaf_weight=36.545197719475254 51.631601355911698 167.15881622498273 1854.4784109260654
leaf_count=591 7838 2875 46383
internal_value=-0.000247787 -0.00938753 0.000696602
internal_weight=2109.81 203.704 1906.11
internal_count=57687 3466 54221
cat_boundaries=0 1
cat_threshold=1582352
is_linear=0
shrinkage=0.0321881


Tree=368
num_leaves=4
num_cat=0
split_feature=30 5 10
split_gain=20.6815 47.0696 50.3029
threshold=0.77252711792581741 2.1827784079505679 8060.6461651789996
decision_type=2 2 2
left_child=-1 -2 -3
right_child=1 2 -4
leaf_value=0.0020947065549394204 -0.012430371007502879 -0.023018884569471449 0.019984783370277922
leaf_weight=1642.1577256316959 327.25623929900758 36.09022195552825 113.7336512064212
leaf_count=49058 6535 666 1684
internal_value=0.000352562 -0.0055087 0.00918143
internal_weight=2119.24 477.08 149.824
internal_count=57943 8885 2350
is_linear=0
shrinkage=0.0321881


Tree=369
num_leaves=4
num_cat=1
split_feature=43 4 1
split_gain=18.1492 48.1632 38.6195
threshold=0 745.66370540223522 5.2742211666593741
decision_type=9 2 2
left_child=1 2 -1
right_child=-2 -3 -4
leaf_value=0.037020489739990448 -0.001193547153907177 0.021103352183233618 -0.019762305884939366
leaf_weight=14.220798835769527 1885.1584494412236 132.32549665824627 71.31178449804429
leaf_count=1787 48274 6819 987
internal_value=-0.000133019 0.00841218 -0.00950269
internal_weight=2103.02 217.858 85.5326
internal_count=57867 9593 2774
cat_boundaries=0 1
cat_threshold=16
is_linear=0
shrinkage=0.0321881


Tree=370
num_leaves=4
num_cat=1
split_feature=16 14 44
split_gain=19.1519 19.2446 46.8184
threshold=237.91894101433198 493.33348867486205 0
decision_type=10 10 9
left_child=1 -1 -3
right_child=-2 2 -4
leaf_value=-0.0011262673722967657 -0.023762962803255589 0.012888435760469625 -0.023834347306600129
leaf_weight=1803.0376417188236 35.264268951315898 243.95622193982126 31.906314999447204
leaf_count=53172 1102 2974 548
internal_value=-0.000315258 5.45124e-05 0.00799712
internal_weight=2114.16 2078.9 275.863
internal_count=57796 56694 3522
cat_boundaries=0 1
cat_threshold=7
is_linear=0
shrinkage=0.0321881


Tree=371
num_leaves=4
num_cat=1
split_feature=31 43 16
split_gain=19.1017 23.6351 19.8202
threshold=-0.94831328778062174 0 163.02342041136083
decision_type=2 9 10
left_child=2 -2 -1
right_child=1 -3 -4
leaf_value=-0.012118256602482495 0.0025205598689764723 -0.0087357849410163672 0.0058417013305886037
leaf_weight=240.26808892944246 1572.7318264368223 208.68785114004277 81.041158026142512
leaf_count=15051 28679 12980 1199
internal_value=-0.000141951 0.00113029 -0.00738931
internal_weight=2102.73 1781.42 321.309
internal_count=57909 41659 16250
cat_boundaries=0 1
cat_threshold=113
is_linear=0
shrinkage=0.0321881


Tree=372
num_leaves=4
num_cat=1
split_feature=10 10 44
split_gain=22.5093 21.7975 116.81
threshold=1636.446172546707 10283.316616369719 0
decision_type=2 2 9
left_child=-1 -2 -3
right_child=1 2 -4
leaf_value=-0.034606194388243187 0.0032165363300682955 0.0020190349342340602 -0.026322446881183688
leaf_weight=19.228653131358442 1125.7024685187062 778.22999716959021 175.64800081963767
leaf_count=725 28317 12985 15903
internal_value=-0.000137833 0.000154158 -0.003393
internal_weight=2098.81 2079.58 953.878
internal_count=57930 57205 28888
cat_boundaries=0 1
cat_threshold=132099
is_linear=0
shrinkage=0.0321881


Tree=373
num_leaves=4
num_cat=0
split_feature=35 13 10
split_gain=22.0602 18.2469 30.2584
threshold=-0.0024489519160709656 36.551991152851173 16391.174043107767
decision_type=2 10 2
left_child=-1 -2 -3
right_child=1 2 -4
leaf_value=-0.0078490275886806873 0.0029679166814201006 -0.0068664172684148343 0.050168508907062072
leaf_weight=321.10162694678002 1425.7531505952502 346.55964936845703 9.4614853421517164
leaf_count=9053 30220 18001 518
internal_value=-5.75222e-05 0.00131173 -0.00513953
internal_weight=2102.88 1781.77 356.021
internal_count=57792 48739 18519
is_linear=0
shrinkage=0.0321881


Tree=374
num_leaves=4
num_cat=0
split_feature=10 10 5
split_gain=22.4128 26.8072 45.8341
threshold=3152.1796032268294 5053.332276350563 4.0962394542733565
decision_type=2 2 2
left_child=-1 2 -2
right_child=1 -3 -4
leaf_value=-0.017285124386610069 0.01675592808677355 -0.00053413266884453259 -0.036574381972882326
leaf_weight=74.464647949062055 184.74770219523634 1820.9448365783319 17.486367984674871
leaf_count=2499 4121 50926 255
internal_value=0 0.000667797 0.0117927
internal_weight=2097.64 2023.18 202.234
internal_count=57801 55302 4376
is_linear=0
shrinkage=0.0321881


Tree=375
num_leaves=4
num_cat=0
split_feature=16 33 36
split_gain=19.2337 17.8683 25.2879
threshold=244.42401383167501 0.4505836462790454 0.84822263505422868
decision_type=10 2 2
left_child=1 2 -1
right_child=-2 -3 -4
leaf_value=0.010116306754187105 -0.027683809795160007 -0.030192494865090902 -0.00082792987539620207
leaf_weight=247.98376536866999 25.79714083741419 19.631695904550725 1806.2252832781232
leaf_count=7539 906 7154 42390
internal_value=-0.000175652 0.000138945 0.000463268
internal_weight=2099.64 2073.84 2054.21
internal_count=57989 57083 49929
is_linear=0
shrinkage=0.0321881


Tree=376
num_leaves=4
num_cat=1
split_feature=25 44 33
split_gain=19.9792 32.7627 23.6034
threshold=3.3986131294768467 0 -0.63471601346331108
decision_type=2 9 2
left_child=2 -2 -1
right_child=1 -3 -4
leaf_value=-0.0014603182077521707 0.0027005974906105013 -0.017799657147241372 0.0061130728575250559
leaf_weight=1116.8028804447677 156.74122469124268 147.69222435652046 681.31179544852057
leaf_count=25874 8157 8711 15257
internal_value=5.2923e-05 -0.00753749 0.00137428
internal_weight=2102.55 304.433 1798.11
internal_count=57999 16868 41131
cat_boundaries=0 1
cat_threshold=266306
is_linear=0
shrinkage=0.0321881


Tree=377
num_leaves=4
num_cat=1
split_feature=14 16 43
split_gain=18.2694 33.5899 24.8626
threshold=621.96710388943609 212.45005693481622 0
decision_type=8 10 9
left_child=1 2 -1
right_child=-2 -3 -4
leaf_value=0.010821325555739654 0.01313600520462449 -0.026558718979189523 -0.0011218426724513393
leaf_weight=190.80946079317073 105.76889375125756 50.015518267086009 1757.8828893417231
leaf_count=8377 2834 1287 45402
internal_value=8.84657e-05 -0.000571604 6.58531e-05
internal_weight=2104.48 1998.71 1948.69
internal_count=57900 55066 53779
cat_boundaries=0 1
cat_threshold=112
is_linear=0
shrinkage=0.0321881


Tree=378
num_leaves=4
num_cat=0
split_feature=5 40 0
split_gain=19.6385 28.5908 21.6571
threshold=5.3406612760261511 0.085753763869869076 81.97374783702152
decision_type=2 2 2
left_child=2 -2 -1
right_child=1 -3 -4
leaf_value=-0.013337326989334019 -0.0061555517721750691 0.03718087918194117 0.00030077206232201277
leaf_weight=128.08099332530401 24.631004216178553 34.822099783632439 1917.2135202501231
leaf_count=23051 650 515 33790
internal_value=0 0.0182067 -0.000523585
internal_weight=2104.75 59.4531 2045.29
internal_count=58006 1165 56841
is_linear=0
shrinkage=0.0321881


Tree=379
num_leaves=4
num_cat=0
split_feature=33 36 36
split_gain=17.2059 24.5338 52.0333
threshold=0.4505836462790454 0.84822263505422868 0.10992639736769576
decision_type=2 2 2
left_child=1 2 -1
right_child=-2 -3 -4
leaf_value=0.0034005120927995984 -0.030099826433670533 -0.00091535216135526576 0.044836297286877672
leaf_weight=221.36815012057195 19.13776882631646 1828.3973671573767 37.326860234636115
leaf_count=7247 7198 43037 431
internal_value=5.55811e-05 0.000365994 0.00966079
internal_weight=2106.23 2087.09 258.695
internal_count=57913 50715 7678
is_linear=0
shrinkage=0.0321881


Tree=380
num_leaves=4
num_cat=1
split_feature=22 14 44
split_gain=19.4203 20.2433 37.9625
threshold=896.99644631003537 438.81803833619693 0
decision_type=2 10 9
left_child=1 -1 -3
right_child=-2 2 -4
leaf_value=-0.0020767777339087573 0.022638123221223404 -0.017059495207970482 0.0087266224457733851
leaf_weight=1568.8371594520431 38.827439254615456 57.781719619932119 434.68415057381208
leaf_count=50467 685 1105 5733
internal_value=0.00013537 -0.000260157 0.00539595
internal_weight=2100.13 2061.3 492.466
internal_count=57990 57305 6838
cat_boundaries=0 1
cat_threshold=1856
is_linear=0
shrinkage=0.0321881


Tree=381
num_leaves=4
num_cat=1
split_feature=5 44 4
split_gain=18.3276 35.0399 34.5052
threshold=1.074410112853875 0 989.15087472254538
decision_type=2 9 2
left_child=1 -1 -3
right_child=-2 2 -4
leaf_value=-0.017496868911417655 0.0026557697812441021 -0.0073255363194208029 0.0071411752050641484
leaf_weight=141.02559216060035 1282.6401287265908 353.01419917924795 329.86543484157301
leaf_count=6758 33595 9339 8353
internal_value=0.000221322 -0.00349097 -0.000240568
internal_weight=2106.55 823.905 682.88
internal_count=58045 24450 17692
cat_boundaries=0 1
cat_threshold=528896
is_linear=0
shrinkage=0.0321881


Tree=382
num_leaves=4
num_cat=0
split_feature=9 25 5
split_gain=21.9511 20.8727 23.829
threshold=23.507648675601661 2.645752076809631 2.2448717033133412
decision_type=10 2 2
left_child=1 2 -1
right_child=-2 -3 -4
leaf_value=-0.00017137833227965268 -0.032885216415796378 -0.0058596555908694836 0.0082760088470855246
leaf_weight=1183.8401697491208 20.217048040998634 410.14493127651076 480.62730302967248
leaf_count=28478 470 19799 9311
internal_value=0.000242618 0.000599864 0.00223044
internal_weight=2094.83 2074.61 1664.47
internal_count=58058 57588 37789
is_linear=0
shrinkage=0.0321881


Tree=383
num_leaves=4
num_cat=0
split_feature=10 4 5
split_gain=20.648 66.7572 23.2527
threshold=17029.25635918682 1584.512524493766 1.2556371802840613
decision_type=2 2 2
left_child=2 -2 -1
right_child=1 -3 -4
leaf_value=-0.0035214528720452333 -0.0077082821659451503 0.079257006865430663 0.0032900817269883747
leaf_weight=1083.1836192297269 22.551784135735943 13.955062315362737 994.42903760544141
leaf_count=32537 728 225 24709
internal_value=0.00016212 0.0240983 -0.000230521
internal_weight=2114.12 36.5068 2077.61
internal_count=58199 953 57246
is_linear=0
shrinkage=0.0321881


Tree=384
num_leaves=4
num_cat=1
split_feature=14 1 41
split_gain=17.1204 27.8934 20.6947
threshold=170.2504625770205 24.489660883759381 0
decision_type=8 2 9
left_child=1 -1 -2
right_child=2 -3 -4
leaf_value=-0.017707833326321434 0.011780209984876099 0.0085056823251365554 -0.00039622438660262668
leaf_weight=133.93006145666004 146.71604133523942 57.357246989384294 1758.3659350789021
leaf_count=9775 1759 625 45625
internal_value=-0.000321501 -0.00951439 0.000569187
internal_weight=2096.37 191.287 1905.08
internal_count=57784 10400 47384
cat_boundaries=0 1
cat_threshold=530
is_linear=0
shrinkage=0.0321881


Tree=385
num_leaves=4
num_cat=1
split_feature=31 10 44
split_gain=21.0963 25.2269 37.6718
threshold=-0.86165002458918039 10089.876878520592 0
decision_type=2 2 9
left_child=1 2 -1
right_child=-2 -3 -4
leaf_value=0.019080926182100853 0.0025473478146991681 -0.012411161197176411 -0.0052648314347544982
leaf_weight=79.514561623320333 1530.9624009491527 248.41503301360353 234.09887924023496
leaf_count=1793 30873 14090 11051
internal_value=0.000562241 -0.00473069 0.00115489
internal_weight=2092.99 562.028 313.613
internal_count=57807 26934 12844
cat_boundaries=0 1
cat_threshold=4672
is_linear=0
shrinkage=0.0321881


Tree=386
num_leaves=4
num_cat=0
split_feature=15 30 5
split_gain=16.8319 18.5138 36.9817
threshold=1.2713473244819291 0.71244602350300024 2.2448717033133412
decision_type=10 2 2
left_child=1 -1 -3
right_child=-2 2 -4
leaf_value=0.0022679349930489257 -0.018639133037979313 -0.010578141592978263 0.0079306118774635954
leaf_weight=1532.260138948579 48.694065196184965 357.75946633314015 158.69596508199174
leaf_count=32243 17285 6152 2186
internal_value=0 0.000463213 -0.00476649
internal_weight=2097.41 2048.72 516.455
internal_count=57866 40581 8338
is_linear=0
shrinkage=0.0321881


Tree=387
num_leaves=4
num_cat=0
split_feature=22 32 4
split_gain=20.0343 21.2764 91.1397
threshold=896.99644631003537 -0.12379593262957245 260.48712550895743
decision_type=2 2 2
left_child=1 -1 -3
right_child=-2 2 -4
leaf_value=-0.0021162896091560259 0.023530203882343458 -0.018156128249707908 0.011754929740017395
leaf_weight=1473.0931130047393 37.787396771134809 132.51145368524885 454.73459970570548
leaf_count=34711 671 3961 18487
internal_value=0.000376058 -2.03444e-05 0.0051276
internal_weight=2098.13 2060.34 587.246
internal_count=57830 57159 22448
is_linear=0
shrinkage=0.0321881


Tree=388
num_leaves=4
num_cat=0
split_feature=7 4 16
split_gain=22.706 18.2524 17.4987
threshold=25635.356685849951 565.18010936695089 237.91894101433198
decision_type=2 2 10
left_child=2 -2 -1
right_child=1 -3 -4
leaf_value=0.0010831070317954795 0 -0.034349541238541025 -0.021927715615712707
leaf_weight=1990.4437792953686 23.710841997584794 34.991545978875365 34.43472890483099
leaf_count=55409 466 892 1116
internal_value=5.41912e-05 -0.0196055 0.000657817
internal_weight=2083.58 58.7024 2024.88
internal_count=57883 1358 56525
is_linear=0
shrinkage=0.0321881


Tree=389
num_leaves=4
num_cat=0
split_feature=31 7 5
split_gain=21.2595 22.4064 26.5117
threshold=-0.93423914540484099 18496.447156732076 5.3406612760261511
decision_type=2 2 2
left_child=-1 2 -2
right_child=1 -3 -4
leaf_value=-0.0075011024855022685 0.0013803817321274626 -0.016730769799114628 0.035334310466690985
leaf_weight=355.20170742485061 1632.4071741493535 68.85197199297545 24.158740660874173
leaf_count=18595 37395 1387 545
internal_value=-0.000308874 0.00113567 0.00191898
internal_weight=2080.62 1725.42 1656.57
internal_count=57922 39327 37940
is_linear=0
shrinkage=0.0321881


Tree=390
num_leaves=4
num_cat=0
split_feature=22 5 30
split_gain=19.3417 25.8363 45.3899
threshold=851.83023505095173 1.2414692785298518 -0.31254904025631364
decision_type=2 2 2
left_child=1 -1 -3
right_child=-2 2 -4
leaf_value=-0.0041401635860960325 0.020410771072856767 -0.0052181205373964994 0.0088645594078880421
leaf_weight=1062.9917898777931 45.947304633678868 394.68928643978143 580.84393446684408
leaf_count=32282 883 8268 16329
internal_value=-0.000146465 -0.000643375 0.00310171
internal_weight=2084.47 2038.53 975.533
internal_count=57762 56879 24597
is_linear=0
shrinkage=0.0321881


Tree=391
num_leaves=4
num_cat=1
split_feature=9 43 4
split_gain=18.5069 22.9725 34.2027
threshold=23.507648675601661 0 668.76732610180682
decision_type=10 9 2
left_child=1 2 -1
right_child=-2 -3 -4
leaf_value=-0.0070692612887191721 -0.030770762939387679 -0.00096554243335708059 0.019900211440526512
leaf_weight=70.498691919521661 19.976250027131755 1849.4658189687616 138.85409534750215
leaf_count=2223 452 47991 7280
internal_value=-0.000102643 0.000167496 0.0100378
internal_weight=2078.79 2058.82 209.353
internal_count=57946 57494 9503
cat_boundaries=0 1
cat_threshold=16
is_linear=0
shrinkage=0.0321881


Tree=392
num_leaves=4
num_cat=0
split_feature=8 31 31
split_gain=15.7168 15.9249 21.2978
threshold=73.565200873056526 -0.91198545743508652 0.42245439154292785
decision_type=2 2 2
left_child=-1 -2 -3
right_child=1 2 -4
leaf_value=-0.0073587754870289099 -0.0048017840113621551 0.0039624405600825162 -0.0089044553867734175
leaf_weight=262.15967304411606 373.03388274391182 1302.9009636791743 145.7247771446855
leaf_count=12771 16814 26328 1975
internal_value=0 0.0010671 0.00262289
internal_weight=2083.82 1821.66 1448.63
internal_count=57888 45117 28303
is_linear=0
shrinkage=0.0321881


Tree=393
num_leaves=4
num_cat=0
split_feature=31 10 7
split_gain=17.4494 22.1954 19.1111
threshold=-0.93575154654114845 10204.877137629688 18496.447156732076
decision_type=2 2 2
left_child=1 -1 -2
right_child=2 -3 -4
leaf_value=0 0.0018288306231678058 -0.016313795322032545 -0.015631994718451492
leaf_weight=206.4931549052053 1654.4047257098428 146.39900041373039 66.851221209275536
leaf_count=8917 38030 9357 1362
internal_value=-0.000193717 -0.00673743 0.00111162
internal_weight=2074.15 352.892 1721.26
internal_count=57666 18274 39392
is_linear=0
shrinkage=0.0321881


Tree=394
num_leaves=4
num_cat=0
split_feature=33 36 36
split_gain=19.0421 23.6094 41.1866
threshold=0.3884102688835861 0.84822263505422868 0.10992639736769576
decision_type=2 2 2
left_child=1 2 -1
right_child=-2 -3 -4
leaf_value=0.0042954245197597022 -0.028541140851393105 -0.00058379712528987629 0.042257546753047971
leaf_weight=215.20959800553101 23.12030869811133 1825.5624160830921 35.282869271875825
leaf_count=6739 7736 43087 413
internal_value=0.000300171 0.000655264 0.00993146
internal_weight=2099.18 2076.05 250.492
internal_count=57975 50239 7152
is_linear=0
shrinkage=0.0321881


Tree=395
num_leaves=4
num_cat=0
split_feature=14 1 25
split_gain=17.9534 20.7358 20.3281
threshold=172.8777575402959 24.019096089840772 16.980396812379354
decision_type=8 2 2
left_child=1 2 -1
right_child=-2 -3 -4
leaf_value=-0.01982709549278712 0.0004860286332630594 0.0050182507552338817 0.036206561256405138
leaf_weight=130.16324179249204 1887.6579231887881 61.616996785043739 6.0958665714861118
leaf_count=8989 46833 700 1344
internal_value=-0.000449291 -0.00968327 -0.0167952
internal_weight=2085.53 197.876 136.259
internal_count=57866 11033 10333
is_linear=0
shrinkage=0.0321881


Tree=396
num_leaves=4
num_cat=0
split_feature=7 5 32
split_gain=18.4256 18.5536 19.5721
threshold=29505.817514302365 5.3406612760261511 -0.11391272431726579
decision_type=2 2 2
left_child=1 2 -1
right_child=-2 -3 -4
leaf_value=-0.0028226469688365161 -0.025702386624541239 0.019604907626869825 0.0042213427228537295
leaf_weight=1429.6989029914985 29.884038704512932 46.985651753289858 567.97131007778808
leaf_count=34251 921 999 21614
internal_value=-0.000685517 -0.000285795 -0.000787779
internal_weight=2074.54 2044.66 1997.67
internal_count=57785 56864 55865
is_linear=0
shrinkage=0.0321881


Tree=397
num_leaves=4
num_cat=0
split_feature=6 22 30
split_gain=18.8587 49.1256 27.4461
threshold=112.21981466774385 270.42790383936727 -0.57941221679903798
decision_type=2 2 2
left_child=-1 -2 -3
right_child=1 2 -4
leaf_value=-0.0011612557561965519 -0.025823998802989936 -0.0034475715680629482 0.027152629382126248
leaf_weight=1905.9062144040072 30.187211641168687 31.085157597903162 101.77373225952033
leaf_count=55275 865 297 1549
internal_value=-0.000231898 0.0102275 0.0189289
internal_weight=2068.95 163.046 132.859
internal_count=57986 2711 1846
is_linear=0
shrinkage=0.0321881


Tree=398
num_leaves=4
num_cat=0
split_feature=31 11 5
split_gain=16.625 18.9421 18.0983
threshold=0.45137366238430365 22.654020271439872 1.2414692785298518
decision_type=2 8 2
left_child=2 -2 -1
right_child=1 -3 -4
leaf_value=-0.0022347844085373828 -0.023743862761281657 -8.5151431255012155e-05 0.0039895068856132714
leaf_weight=1011.2996553793564 63.492600012687035 90.275852838152787 919.27134424181713
leaf_count=31537 933 1342 24134
internal_value=-8.47982e-05 -0.0102892 0.000696146
internal_weight=2084.34 153.768 1930.57
internal_count=57946 2275 55671
is_linear=0
shrinkage=0.0321881


Tree=399
num_leaves=4
num_cat=0
split_feature=10 5 20
split_gain=20.8339 18.515 30.5013
threshold=1899.4708311970287 5.1644207369585571 97.283282603426741
decision_type=2 2 2
left_child=-1 -2 -3
right_child=1 2 -4
leaf_value=-0.030986908144284678 0 -0.009193777754941691 0.031920783782512424
leaf_weight=21.567399188032141 1968.4755328877145 27.140237350904499 48.101227180566639
leaf_count=933 55483 693 661
internal_value=0.000254555 0.000618964 0.0162642
internal_weight=2065.28 2043.72 75.2415
internal_count=57770 56837 1354
is_linear=0
shrinkage=0.0321881


Tree=400
num_leaves=4
num_cat=0
split_feature=7 4 32
split_gain=16.9353 26.674 19.2102
threshold=23286.098577735549 844.30378990432439 -0.33447160329628733
decision_type=2 2 2
left_child=2 -2 -1
right_child=1 -3 -4
leaf_value=-0.0019895398119095776 0.00097262224998808289 -0.037531876349749145 0.0044303130977929039
leaf_weight=1219.6521178803523 37.887372183206026 31.438117087396677 794.67392666805245
leaf_count=28940 748 825 27459
internal_value=0 -0.0156414 0.00051177
internal_weight=2083.65 69.3255 2014.33
internal_count=57972 1573 56399
is_linear=0
shrinkage=0.0321881


Tree=401
num_leaves=4
num_cat=0
split_feature=10 33 32
split_gain=20.4059 21.001 38.0629
threshold=2871.2572040001296 -0.51828066867581712 -0.39360743035969875
decision_type=2 2 2
left_child=-1 2 -2
right_child=1 -3 -4
leaf_value=-0.019489403519170272 -0.0090964465617736356 0.0045934409392110126 0.0020279194730335646
leaf_weight=56.821758048761694 524.38576315806131 687.46577755380713 795.96242173248902
leaf_count=2068 12260 22955 20510
internal_value=-0.000507053 6.71078e-07 -0.00234281
internal_weight=2064.64 2007.81 1320.35
internal_count=57793 55725 32770
is_linear=0
shrinkage=0.0321881


Tree=402
num_leaves=4
num_cat=0
split_feature=5 7 4
split_gain=19.4488 21.0297 21.3263
threshold=5.3406612760261511 23286.098577735549 1068.3348198750739
decision_type=2 2 2
left_child=1 2 -1
right_child=-2 -3 -4
leaf_value=-0.0021941657548553966 0.019422709986754886 -0.023545379584621991 0.0047958504641588476
leaf_weight=1303.1025484276106 53.209470032248646 39.123631150680012 690.96613498049555
leaf_count=34213 1063 1282 21264
internal_value=0.000240954 -0.000231922 0.000196294
internal_weight=2086.4 2033.19 1994.07
internal_count=57822 56759 55477
is_linear=0
shrinkage=0.0321881


Tree=403
num_leaves=4
num_cat=0
split_feature=33 36 22
split_gain=15.7744 25.7273 51.2198
threshold=0.41838218092960261 0.84822263505422868 473.03342829255786
decision_type=2 2 2
left_child=1 2 -1
right_child=-2 -3 -4
leaf_value=0.0056524582047710551 -0.028565747552579387 -0.0010339631683916745 0.063253647559973911
leaf_weight=232.90099210977496 19.60867451896047 1814.755995382031 17.379359118174762
leaf_count=7059 7534 43207 316
internal_value=0 0.000268954 0.00996256
internal_weight=2084.65 2065.04 250.28
internal_count=58116 50582 7375
is_linear=0
shrinkage=0.0321881


Tree=404
num_leaves=4
num_cat=0
split_feature=21 5 33
split_gain=16.525 35.0861 23.4725
threshold=271.5064896703916 3.2089577728088581 -0.54510589923720265
decision_type=2 2 2
left_child=2 -2 -1
right_child=1 -3 -4
leaf_value=-0.0043646110587036348 0.0024969618887840219 0.024731191268725097 0.0024969618887840219
leaf_weight=999.36830870123231 310.44742489096825 84.621683514327742 679.42340542947204
leaf_count=25764 7912 1365 22769
internal_value=0.000204673 0.00615144 -0.00115751
internal_weight=2073.86 395.069 1678.79
internal_count=57810 9277 48533
is_linear=0
shrinkage=0.0321881


Tree=405
num_leaves=4
num_cat=1
split_feature=14 17 44
split_gain=18.1673 32.6315 27.9204
threshold=638.99993765390536 6.0899936480823085 0
decision_type=8 10 9
left_child=1 -1 -2
right_child=2 -3 -4
leaf_value=-3.3802512201958635e-05 0.03893610488763978 -0.030541703518228824 0.000435506784524585
leaf_weight=1935.1560167455973 20.716716473456472 36.871507769632444 73.646022812536103
leaf_count=43390 327 11494 2297
internal_value=0 -0.000640112 0.0137996
internal_weight=2066.39 1972.03 94.3627
internal_count=57508 54884 2624
cat_boundaries=0 1
cat_threshold=131074
is_linear=0
shrinkage=0.0321881


Tree=406
num_leaves=4
num_cat=1
split_feature=31 14 44
split_gain=18.7749 21.324 20.2364
threshold=0.42245439154292785 382.17642065194946 0
decision_type=2 8 9
left_child=-1 -2 -3
right_child=1 2 -4
leaf_value=0.00094104063607832562 -0.02267070623219971 0.016157750579984937 -0.010897668804334537
leaf_weight=1896.4551405062302 77.329015358205652 37.402796915266663 61.580676126322942
leaf_count=55254 1151 376 998
internal_value=0 -0.0100333 0
internal_weight=2072.77 176.312 98.9835
internal_count=57779 2525 1374
cat_boundaries=0 1
cat_threshold=6
is_linear=0
shrinkage=0.0321881


Tree=407
num_leaves=4
num_cat=0
split_feature=33 36 32
split_gain=16.0276 21.2353 37.5242
threshold=0.4505836462790454 0.8873837458246242 0.56195697437545788
decision_type=2 2 2
left_child=1 2 -1
right_child=-2 -3 -4
leaf_value=0.0170405269539914 -0.029937333103002239 -0.0010763688226504088 -0.0088451358891222503
leaf_weight=180.33751324772311 18.263751113518083 1791.3595459851495 81.711071702738991
leaf_count=2966 7316 42891 4944
internal_value=-9.35038e-05 0.000144347 0.00872541
internal_weight=2071.67 2053.41 262.049
internal_count=58117 50801 7910
is_linear=0
shrinkage=0.0321881


Tree=408
num_leaves=4
num_cat=1
split_feature=10 44 4
split_gain=19.4222 105.04 57.4207
threshold=10592.116154716563 0 1457.2151973198245
decision_type=2 9 2
left_child=-1 2 -2
right_child=1 -3 -4
leaf_value=0.0031601999317390273 -0.0022433389943515795 -0.026788227351828824 0.0210660217273499
leaf_weight=1209.9236741712157 569.74224685263471 149.00264161617815 134.52091376630415
leaf_count=30760 10608 14253 1999
internal_value=0.000511317 -0.00316999 0.00209442
internal_weight=2063.19 853.266 704.263
internal_count=57620 26860 12607
cat_boundaries=0 1
cat_threshold=148611
is_linear=0
shrinkage=0.0321881


Tree=409
num_leaves=4
num_cat=0
split_feature=10 33 32
split_gain=21.4176 18.9522 40.0953
threshold=2143.8089962931526 -0.51828066867581712 -0.33447160329628733
decision_type=2 2 2
left_child=-1 2 -2
right_child=1 -3 -4
leaf_value=-0.027692826615189566 -0.0087063516016048902 0.0041234568355951696 0.002456891842930142
leaf_weight=29.54249024103774 591.53038883653062 696.02742171786667 750.2369214163482
leaf_count=1172 13757 23253 19662
internal_value=-0.000579553 -0.000152058 -0.00241773
internal_weight=2067.34 2037.79 1341.77
internal_count=57844 56672 33419
is_linear=0
shrinkage=0.0321881


Tree=410
num_leaves=4
num_cat=2
split_feature=8 41 43
split_gain=17.9659 17.1651 20.0352
threshold=67.14345215876601 0 1
decision_type=2 9 9
left_child=-1 -2 -3
right_child=1 2 -4
leaf_value=-0.0084920656989802262 0.015688963880881503 0.010575606316287782 -0.0011037156040996218
leaf_weight=251.87492437024048 65.276758311607409 157.99915263768344 1583.8075460944528
leaf_count=12437 830 6265 38447
internal_value=-0.000423805 0.000666489 0
internal_weight=2058.96 1807.08 1741.81
internal_count=57979 45542 44712
cat_boundaries=0 1 2
cat_threshold=512 16
is_linear=0
shrinkage=0.0321881


Tree=411
num_leaves=4
num_cat=0
split_feature=25 36 22
split_gain=18.7975 23.8143 32.048
threshold=4.4156757531794346 0.8873837458246242 105.07576463595075
decision_type=2 2 2
left_child=-1 2 -2
right_child=1 -3 -4
leaf_value=0.0014376036250554293 -0.025225752491134255 -0.020648372696364627 0.013412220453243182
leaf_weight=1865.7312767254916 31.503971363679739 94.765609021764249 72.765228982738336
leaf_count=43718 8128 4763 1354
internal_value=0.000404655 -0.00894866 0.00109792
internal_weight=2064.77 199.035 104.269
internal_count=57963 14245 9482
is_linear=0
shrinkage=0.0321881


Tree=412
num_leaves=4
num_cat=0
split_feature=33 36 22
split_gain=15.9998 19.4397 38.1712
threshold=0.35712995377516182 0.8873837458246242 469.67975607805278
decision_type=2 2 2
left_child=1 2 -1
right_child=-2 -3 -4
leaf_value=0.0047633718498976017 -0.024994259235401727 -0.00059918682755334793 0.049838747486514408
leaf_weight=235.58909324021079 25.419376689416822 1782.6345435984695 21.640492830250878
leaf_count=6738 7881 42703 393
internal_value=0.000213237 0.000561442 0.00884529
internal_weight=2065.28 2039.86 257.23
internal_count=57715 49834 7131
is_linear=0
shrinkage=0.0321881


Tree=413
num_leaves=4
num_cat=1
split_feature=9 43 5
split_gain=17.5834 16.0313 40.091
threshold=24.764373644362141 0 2.7363057862341083
decision_type=10 9 2
left_child=1 2 -1
right_child=-2 -3 -4
leaf_value=0.018160227778465231 -0.032509368894686412 -0.001050676636561738 -0.011654440088524887
leaf_weight=144.67454317418742 17.23092958550842 1836.7420145008582 66.105806682695402
leaf_count=6789 444 48014 2667
internal_value=-0.000345621 -4.01119e-05 0.00812038
internal_weight=2064.75 2047.52 210.78
internal_count=57914 57470 9456
cat_boundaries=0 1
cat_threshold=16
is_linear=0
shrinkage=0.0321881


Tree=414
num_leaves=4
num_cat=0
split_feature=22 14 15
split_gain=14.8647 14.8934 25.5725
threshold=34.002281521635773 606.36106320122462 1.0408184864448422
decision_type=2 10 10
left_child=-1 -2 -3
right_child=1 2 -4
leaf_value=-0.026467792540207816 -0.00037486850634004416 0 0.030563546813606832
leaf_weight=21.564562801017019 1948.5641770609 67.188827711390331 44.489029419375584
leaf_count=9902 46625 943 594
internal_value=0 0.000249293 0.0116866
internal_weight=2081.81 2060.24 111.678
internal_count=58064 48162 1537
is_linear=0
shrinkage=0.0321881


Tree=415
num_leaves=4
num_cat=0
split_feature=16 14 32
split_gain=16.5309 22.7975 48.0716
threshold=237.91894101433198 480.13957949192775 0.24718666733377465
decision_type=10 10 2
left_child=1 -1 -3
right_child=-2 2 -4
leaf_value=-0.00069516449234864705 -0.021696690465365535 0.0024965065788467391 0.035773425147758095
leaf_weight=1725.7079513268764 34.378844484715955 251.03720763523597 56.061898399580969
leaf_count=53025 1131 2998 970
internal_value=0.000303157 0.000709033 0.00880145
internal_weight=2067.19 2032.81 307.099
internal_count=58124 56993 3968
is_linear=0
shrinkage=0.0321881


Tree=416
num_leaves=4
num_cat=1
split_feature=44 32 4
split_gain=17.1353 44.12 55.1456
threshold=0 -0.45297231588863912 2192.9868308172595
decision_type=9 2 2
left_child=-1 2 -2
right_child=1 -3 -4
leaf_value=0.0035101688948712836 -0.0098527029288205271 0.004074465359980484 0.060633555964338809
leaf_weight=900.35154884200892 596.67086458957056 557.45205257686757 11.266711559495887
leaf_count=13327 19513 24457 522
internal_value=0.000168758 -0.00236808 -0.00841856
internal_weight=2065.74 1165.39 607.938
internal_count=57819 44492 20035
cat_boundaries=0 1
cat_threshold=132166
is_linear=0
shrinkage=0.0321881


Tree=417
num_leaves=4
num_cat=0
split_feature=33 32 22
split_gain=19.5218 64.4364 60.0257
threshold=-0.64724392757655413 -0.33447160329628733 503.56536201543787
decision_type=2 2 2
left_child=1 2 -1
right_child=-2 -3 -4
leaf_value=-0.023527453887197881 0.0029551553250819051 0.0022496734298467114 0.00026966776666167102
leaf_weight=250.19319234033173 872.82602779072477 755.68815547479608 186.2870632543345
leaf_count=6497 27617 19477 4142
internal_value=-0.000663356 -0.00336606 -0.0132305
internal_weight=2064.99 1192.17 436.48
internal_count=57733 30116 10639
is_linear=0
shrinkage=0.0321881


Tree=418
num_leaves=4
num_cat=1
split_feature=21 44 7
split_gain=16.4523 28.6236 23.3262
threshold=135.91622393897674 0 1199.4113450535899
decision_type=2 9 2
left_child=1 -1 -2
right_child=2 -3 -4
leaf_value=-0.020661978733800459 -0.00106190461209957 -0.0013310837441721925 0.0058981613069718462
leaf_weight=83.952568902801431 590.82112266591867 600.56855215478572 763.34262121049687
leaf_count=15969 13471 13353 14806
internal_value=-2.56209e-05 -0.00412243 0.00199862
internal_weight=2038.68 684.521 1354.16
internal_count=57599 29322 28277
cat_boundaries=0 1
cat_threshold=923136
is_linear=0
shrinkage=0.0321881


Tree=419
num_leaves=4
num_cat=0
split_feature=33 32 40
split_gain=18.1306 37.0402 64.8898
threshold=-0.57830730159644039 -0.33447160329628733 0.090973024701827207
decision_type=2 2 2
left_child=1 2 -1
right_child=-2 -3 -4
leaf_value=-0.019746936977884526 0.0036156183637763035 0.0019042537631230683 0.0026074418978562601
leaf_weight=281.58810573149822 777.793529404742 755.42830966369365 248.88140480211587
leaf_count=7816 25420 19678 4833
internal_value=-0.000228932 -0.00260412 -0.00914239
internal_weight=2063.69 1285.9 530.47
internal_count=57747 32327 12649
is_linear=0
shrinkage=0.0321881


Tree=420
num_leaves=4
num_cat=0
split_feature=30 5 22
split_gain=17.1352 38.317 37.2727
threshold=0.77252711792581741 2.1827784079505679 195.99176876873187
decision_type=2 2 2
left_child=-1 -2 -3
right_child=1 2 -4
leaf_value=0.0019114193303753123 -0.011481884381149868 -0.021316517761780084 0.017060001658058977
leaf_weight=1597.1598485799695 317.54894965876883 32.489643076434731 115.38870425205096
leaf_count=49115 6528 990 1346
internal_value=0.000298512 -0.00509772 0.00817784
internal_weight=2062.59 465.427 147.878
internal_count=57979 8864 2336
is_linear=0
shrinkage=0.0321881


Tree=421
num_leaves=4
num_cat=1
split_feature=25 44 25
split_gain=16.6633 31.6952 27.7744
threshold=4.032474144692646 0 16.980396812379354
decision_type=2 9 2
left_child=-1 2 -2
right_child=1 -3 -4
leaf_value=0.0011232500853594015 -0.0021103165892693214 -0.019575760306594997 0.041534664297433264
leaf_weight=1839.1893108483782 94.946127544542833 109.90293544283486 17.308312573295552
leaf_count=42794 1933 12006 1048
internal_value=8.65758e-05 -0.00820146 0.00378947
internal_weight=2061.35 222.157 112.254
internal_count=57781 14987 2981
cat_boundaries=0 1
cat_threshold=4162
is_linear=0
shrinkage=0.0321881


Tree=422
num_leaves=4
num_cat=0
split_feature=33 32 22
split_gain=15.5683 40.6206 52.877
threshold=-0.6138751042796281 -0.33447160329628733 503.56536201543787
decision_type=2 2 2
left_child=1 2 -1
right_child=-2 -3 -4
leaf_value=-0.019535526495211192 0.0029696975602860592 0.0018239117645682732 0.0018250047105467222
leaf_weight=269.25129776164249 826.16793395092827 759.70796097544371 207.41920988215134
leaf_count=7036 26454 19619 4538
internal_value=-0.000414147 -0.00272693 -0.0101108
internal_weight=2062.55 1236.38 476.671
internal_count=57647 31193 11574
is_linear=0
shrinkage=0.0321881


Tree=423
num_leaves=4
num_cat=1
split_feature=10 10 44
split_gain=15.1306 22.081 55.749
threshold=3152.1796032268294 5210.2762944062042 0
decision_type=2 2 9
left_child=-1 2 -2
right_child=1 -3 -4
leaf_value=-0.014561403537326245 0.030910252942726962 -0.00069225317235967101 -0.0020071925104950955
leaf_weight=71.733300096246239 73.064303456747439 1772.5626146727373 143.0171270827268
leaf_count=2537 780 50589 3999
internal_value=-3.47735e-05 0.000458871 0.0101866
internal_weight=2060.38 1988.64 216.081
internal_count=57905 55368 4779
cat_boundaries=0 1
cat_threshold=580
is_linear=0
shrinkage=0.0321881


Tree=424
num_leaves=4
num_cat=0
split_feature=21 16 5
split_gain=15.6467 25.2576 24.5028
threshold=266.71895866067712 252.14483259218417 3.1738517113575733
decision_type=2 8 2
left_child=1 -1 -2
right_child=2 -3 -4
leaf_value=-0.0015073360192339167 0.0014418106814175554 -0.034673212507062262 0.019905162816204525
leaf_weight=1618.3783252433277 327.73927159319283 24.15003960672766 89.613128992030397
leaf_count=46335 8325 1685 1460
internal_value=-0.000596992 -0.00203868 0.0049223
internal_weight=2059.88 1642.53 417.352
internal_count=57805 48020 9785
is_linear=0
shrinkage=0.0321881


Tree=425
num_leaves=4
num_cat=0
split_feature=7 21 33
split_gain=17.4337 28.6685 24.9374
threshold=508.74253974427228 141.03951932393917 -0.72400552708235633
decision_type=2 2 2
left_child=-1 -2 -3
right_child=1 2 -4
leaf_value=-0.0036430392990301321 -0.0041665147048274313 0.00091093588252731162 0.012182250007065666
leaf_weight=798.34151177530293 434.96594280692807 453.98808466590708 371.64275978552178
leaf_count=24399 17385 9681 6548
internal_value=4.64733e-05 0.00243382 0.00598839
internal_weight=2058.94 1260.6 825.631
internal_count=58013 33614 16229
is_linear=0
shrinkage=0.0321881


Tree=426
num_leaves=4
num_cat=0
split_feature=31 21 5
split_gain=16.7321 22.0043 30.4605
threshold=-0.92177493502855912 274.01931949531416 3.1738517113575733
decision_type=2 2 2
left_child=-1 -2 -3
right_child=1 2 -4
leaf_value=-0.0060071639074125421 -0.00036434411240030332 0.0043386362667042436 0.02819683578098316
leaf_weight=392.66407451160921 1352.0072439897413 246.62707601379952 68.437427505967207
leaf_count=20472 31711 4757 1019
internal_value=-1.00397e-06 0.00137615 0.00904162
internal_weight=2059.74 1667.07 315.065
internal_count=57959 37487 5776
is_linear=0
shrinkage=0.0321881


Tree=427
num_leaves=4
num_cat=2
split_feature=41 43 5
split_gain=14.6325 20.3924 43.6821
threshold=0 1 2.7363057862341083
decision_type=9 9 2
left_child=-1 2 -2
right_child=1 -3 -4
leaf_value=0.0080591662683248688 0.019439059501495669 -0.0025485322632399594 -0.013160094714085375
leaf_weight=175.94497353750921 129.72844110701408 1688.6993887137141 60.824512180588499
leaf_count=2292 6471 46227 2655
internal_value=-0.000507338 -0.00137972 0.00826305
internal_weight=2055.2 1879.25 190.553
internal_count=57645 55353 9126
cat_boundaries=0 1 2
cat_threshold=530 16
is_linear=0
shrinkage=0.0321881


Tree=428
num_leaves=4
num_cat=0
split_feature=32 4 5
split_gain=16.9441 83.6285 49.7943
threshold=-0.11391272431726579 278.95383188223235 4.5081477168508153
decision_type=2 2 2
left_child=-1 -2 -3
right_child=1 2 -4
leaf_value=-0.0013722050499233366 -0.016873220718278063 0.014397534951444552 -0.036006120337279859
leaf_weight=1469.1249134891405 134.92922483754228 424.86311635206221 20.441482303911471
leaf_count=35539 4140 17574 659
internal_value=0.000433162 0.00511269 0.0119229
internal_weight=2049.36 580.234 445.305
internal_count=57912 22373 18233
is_linear=0
shrinkage=0.0321881


Tree=429
num_leaves=4
num_cat=0
split_feature=7 4 32
split_gain=17.5973 22.6636 17.0695
threshold=23286.098577735549 873.83141618689467 -0.73652571161064828
decision_type=2 2 2
left_child=-1 2 -2
right_child=1 -3 -4
leaf_value=0.00022047547912069866 0.022975843211945898 -0.037034254556720152 -0.020454734647771124
leaf_weight=1989.8692070545294 17.82132320261735 30.237874303813442 19.248258392894058
leaf_count=56395 283 831 485
internal_value=-0.000296397 -0.0164673 0
internal_weight=2057.18 67.3075 37.0696
internal_count=57994 1599 768
is_linear=0
shrinkage=0.0321881


Tree=430
num_leaves=4
num_cat=0
split_feature=22 25 16
split_gain=17.2499 20.5376 17.7162
threshold=39.924736701745594 16.980396812379354 171.93096139674236
decision_type=2 2 8
left_child=-1 2 -2
right_child=1 -3 -4
leaf_value=-0.027800120908904487 -0.0018823157915316929 0.034531838028093002 0.005629453221153346
leaf_weight=23.177938202730729 1590.3913027349772 17.438162428836222 407.49853146006353
leaf_count=10654 40349 730 6050
internal_value=-0.000331393 0 -0.000317819
internal_weight=2038.51 2015.33 1997.89
internal_count=57783 47129 46399
is_linear=0
shrinkage=0.0321881


Tree=431
num_leaves=4
num_cat=0
split_feature=25 14 3
split_gain=23.2227 25.2427 39.3363
threshold=4.6389308061537404 273.01379362969197 166.2902832010432
decision_type=2 8 2
left_child=1 2 -1
right_child=-2 -3 -4
leaf_value=0.004650938439891227 -0.011837338239563766 0.0030030999993614113 -0.012079219828516648
leaf_weight=244.90854827438307 173.2369612312541 1291.1751160370623 344.80233788307669
leaf_count=10194 13689 16101 18143
internal_value=-0.000554521 0.000452172 -0.0050241
internal_weight=2054.12 1880.89 589.711
internal_count=58127 44438 28337
is_linear=0
shrinkage=0.0321881


Tree=432
num_leaves=4
num_cat=0
split_feature=29 23 5
split_gain=19.5154 31.3268 32.5229
threshold=9.2977162652859988 3.6039483039302174 3.803973664660838
decision_type=2 2 2
left_child=1 2 -1
right_child=-2 -3 -4
leaf_value=-0.0058393961713807179 0.0096096007906881983 0.00063906376667186829 -0.035966885221559636
leaf_weight=241.30852708868042 194.11944403239613 1574.2212906997738 45.799514244892634
leaf_count=13314 6795 36098 1789
internal_value=-6.2611e-05 -0.00110664 -0.0108927
internal_weight=2055.45 1861.33 287.108
internal_count=57996 51201 15103
is_linear=0
shrinkage=0.0321881


Tree=433
num_leaves=4
num_cat=1
split_feature=35 42 7
split_gain=18.6608 16.5665 15.5848
threshold=-0.0024489519160709656 0 170.63779753928301
decision_type=2 9 2
left_child=-1 -2 -3
right_child=1 2 -4
leaf_value=-0.0072280705139130819 -0.0097906865515551104 -0.0018962402413154715 0.0046229099632166051
leaf_weight=312.19297527024173 117.25463395905535 584.57673559735849 1031.4130298903838
leaf_count=9040 1850 18647 28713
internal_value=0 0.00131796 0.00221161
internal_weight=2045.44 1733.24 1615.99
internal_count=58250 49210 47360
cat_boundaries=0 1
cat_threshold=17408
is_linear=0
shrinkage=0.0321881


Tree=434
num_leaves=4
num_cat=0
split_feature=10 4 11
split_gain=18.8658 61.6932 23.469
threshold=17029.25635918682 1607.0141870219511 27.093641323194699
decision_type=2 2 10
left_child=2 -2 -1
right_child=1 -3 -4
leaf_value=0.0013726078325182471 -0.0082191438312372925 0.075877376722666381 -0.0074393413391667749
leaf_weight=1628.1267644780673 21.693468696816126 13.976942237350157 386.69920729265141
leaf_count=43698 731 215 13391
internal_value=9.31988e-05 0.0232423 -0.000287709
internal_weight=2050.5 35.6704 2014.83
internal_count=58035 946 57089
is_linear=0
shrinkage=0.0321881


Tree=435
num_leaves=4
num_cat=1
split_feature=9 42 4
split_gain=15.5854 20.1494 30.3169
threshold=24.764373644362141 0 477.83683666139831
decision_type=10 9 2
left_child=1 2 -1
right_child=-2 -3 -4
leaf_value=-0.0014896638832915209 -0.031001014795464771 -0.00038742967804093639 0.039470379097036851
leaf_weight=33.816670204192633 16.459364611524506 1957.1149375018431 35.072826023519156
leaf_count=459 445 56626 467
internal_value=-2.66658e-07 0.000223747 0.0161674
internal_weight=2042.46 2026 68.8895
internal_count=57997 57552 926
cat_boundaries=0 1
cat_threshold=131588
is_linear=0
shrinkage=0.0321881


Tree=436
num_leaves=4
num_cat=1
split_feature=10 44 4
split_gain=15.8964 108.006 58.7996
threshold=10630.4600216089 0 1882.6020048453524
decision_type=2 9 2
left_child=-1 2 -2
right_child=1 -3 -4
leaf_value=0.0023204020821140899 -0.000567597027817559 -0.027449144059908184 0.035198324201124558
leaf_weight=1203.7889777042292 651.00755834057054 148.05555961204664 50.914702494184894
leaf_count=31223 11517 14650 588
internal_value=-2.75891e-05 -0.00342759 0.00191968
internal_weight=2053.77 849.978 701.922
internal_count=57978 26755 12105
cat_boundaries=0 1
cat_threshold=132115
is_linear=0
shrinkage=0.0321881


Tree=437
num_leaves=4
num_cat=0
split_feature=28 10 3
split_gain=15.4478 19.9508 31.6726
threshold=0.31496989753002286 10592.116154716563 122.14695520607368
decision_type=2 2 2
left_child=-1 2 -2
right_child=1 -3 -4
leaf_value=-0.0057514898687483608 -0.0023682585467505435 -0.0023682585467505435 0.00741122046433405
leaf_weight=444.40913500083116 189.49008665053407 661.13701034161204 757.89130872589885
leaf_count=23425 2466 16299 15801
internal_value=-0.000419275 0.00101497 0.00407884
internal_weight=2052.93 1608.52 947.381
internal_count=57991 34566 18267
is_linear=0
shrinkage=0.0321881


Tree=438
num_leaves=4
num_cat=1
split_feature=21 31 44
split_gain=15.6721 27.9422 22.1944
threshold=264.46039129461843 0.070480631395467924 0
decision_type=2 2 9
left_child=2 -2 -1
right_child=1 -3 -4
leaf_value=-0.00074519749361628908 0.0019736283005641407 0.021507299883976955 -0.02126254500871403
leaf_weight=1580.1875426767365 329.53954108260223 89.67049947247142 46.927326902048662
leaf_count=38000 9127 880 9945
internal_value=-5.36493e-05 0.00546158 -0.00151432
internal_weight=2046.32 419.21 1627.11
internal_count=57952 10007 47945
cat_boundaries=0 1
cat_threshold=266959
is_linear=0
shrinkage=0.0321881


Tree=439
num_leaves=4
num_cat=0
split_feature=31 10 30
split_gain=15.4296 25.5883 22.6323
threshold=-0.92177493502855912 10204.877137629688 0.62350717021383939
decision_type=2 2 2
left_child=1 -1 -2
right_child=2 -3 -4
leaf_value=0.00086444472296518231 0.0041331289660494703 -0.015578437071853331 -0.0037115698980220591
leaf_weight=231.00713913313666 1074.9894918934588 161.97796546104655 583.26777025867341
leaf_count=9928 25418 10529 12241
internal_value=0 -0.0057562 0.00133533
internal_weight=2051.24 392.985 1658.26
internal_count=58116 20457 37659
is_linear=0
shrinkage=0.0321881


Tree=440
num_leaves=4
num_cat=0
split_feature=30 5 10
split_gain=17.1961 32.5474 35.0006
threshold=0.77252711792581741 2.1827784079505679 8060.6461651789996
decision_type=2 2 2
left_child=-1 -2 -3
right_child=1 2 -4
leaf_value=0.0020472116343176945 -0.010910429796130213 -0.020053108034686143 0.017033077116344914
leaf_weight=1590.6688798458199 312.27711575903231 33.613722928406787 105.66468005241768
leaf_count=49067 6510 636 1605
internal_value=0.000444848 -0.00505684 0.00760723
internal_weight=2042.22 451.556 139.278
internal_count=57818 8751 2241
is_linear=0
shrinkage=0.0321881


Tree=441
num_leaves=4
num_cat=1
split_feature=9 42 32
split_gain=15.5617 16.749 28.6274
threshold=24.764373644362141 0 -0.38521764513618745
decision_type=10 9 2
left_child=1 2 -1
right_child=-2 -3 -4
leaf_value=-0.00069891880763094279 -0.03073851311443699 -0.00052921630222405069 0.029821587380513704
leaf_weight=68.35674279792147 16.737750278640306 1907.6962075290867 53.636204820868443
leaf_count=1285 428 54862 1297
internal_value=-2.04383e-05 0.000205059 0.0113057
internal_weight=2046.43 2029.69 121.993
internal_count=57872 57444 2582
cat_boundaries=0 1
cat_threshold=393732
is_linear=0
shrinkage=0.0321881


Tree=442
num_leaves=4
num_cat=0
split_feature=6 10 38
split_gain=15.8001 20.3097 20.2256
threshold=5.7071105735372081 5210.2762944062042 0.068871978001122866
decision_type=2 2 2
left_child=1 -1 -2
right_child=2 -3 -4
leaf_value=0.0084495565483728597 0.00093700453039417082 -0.0047992181041736663 0.0130291909310213
leaf_weight=137.84955905109382 939.83706461036491 803.50129683734121 172.32746393502748
leaf_count=3626 26693 24732 3040
internal_value=0.000244614 -0.00278981 0.0028703
internal_weight=2053.52 941.351 1112.16
internal_count=58091 28358 29733
is_linear=0
shrinkage=0.0321881


Tree=443
num_leaves=4
num_cat=1
split_feature=7 10 44
split_gain=15.2444 14.1442 96.83
threshold=29505.817514302365 10748.232873733637 0
decision_type=2 2 9
left_child=1 -1 -3
right_child=-2 2 -4
leaf_value=0.0024039309808407913 -0.023781308895989197 0.0019830579946474827 -0.02683489634801289
leaf_weight=1198.1625541510293 27.681004996149568 673.22370817531191 136.14574665681721
leaf_count=31175 907 11590 14138
internal_value=-0.000143548 0.000153427 -0.0030992
internal_weight=2035.21 2007.53 809.369
internal_count=57810 56903 25728
cat_boundaries=0 1
cat_threshold=132099
is_linear=0
shrinkage=0.0321881


Tree=444
num_leaves=4
num_cat=0
split_feature=3 14 25
split_gain=16.5162 16.5745 27.1463
threshold=71.198994810537343 257.65568968587974 16.980396812379354
decision_type=2 8 2
left_child=-1 2 -2
right_child=1 -3 -4
leaf_value=-0.013623377138272209 -0.0056675104426943653 0.0022282072235633886 0.03605550062234493
leaf_weight=91.644039785314817 540.24968186311162 1396.3622696805469 16.079258809157182
leaf_count=1637 31243 20560 4419
internal_value=-0.000269517 0.000326171 -0.00433234
internal_weight=2044.34 1952.69 556.329
internal_count=57859 56222 35662
is_linear=0
shrinkage=0.0321881


Tree=445
num_leaves=4
num_cat=0
split_feature=22 16 12
split_gain=16.7639 17.9194 50.8748
threshold=896.99644631003537 163.02342041136083 32.89213785357375
decision_type=2 10 10
left_child=1 2 -1
right_child=-2 -3 -4
leaf_value=0.00026077346470981268 0.02083713904244797 0.0041292458992376905 -0.014709112802324578
leaf_weight=1164.7289360176583 37.41175854485482 543.51842353961547 292.06674399582698
leaf_count=32050 673 8143 16933
internal_value=-0.000380215 -0.000811301 -0.00269866
internal_weight=2037.73 2000.31 1456.8
internal_count=57799 57126 48983
is_linear=0
shrinkage=0.0321881


Tree=446
num_leaves=4
num_cat=1
split_feature=22 5 44
split_gain=16.4422 16.0339 38.3107
threshold=896.99644631003537 1.2414692785298518 0
decision_type=2 2 9
left_child=1 2 -1
right_child=-2 -3 -4
leaf_value=0.0028692379806995582 0.021473929010318339 0.0027995885111715517 -0.0093054610196580106
leaf_weight=545.55374191817828 36.697329764952883 954.1712111641682 501.55708075752045
leaf_count=15904 680 24872 16464
internal_value=0.000177108 -0.000184084 -0.00296376
internal_weight=2037.98 2001.28 1047.11
internal_count=57920 57240 32368
cat_boundaries=0 1
cat_threshold=393286
is_linear=0
shrinkage=0.0321881


Tree=447
num_leaves=4
num_cat=2
split_feature=41 1 44
split_gain=16.6261 22.6202 16.807
threshold=0 23.858064852742618 1
decision_type=9 2 9
left_child=1 -1 -2
right_child=2 -3 -4
leaf_value=-0.0035290197664185445 0.011106365817944644 0.030107200527219834 -0.001451070933839388
leaf_weight=32.259675682173111 106.56896177735325 45.472381473751739 1856.0948210077695
leaf_count=565 4598 444 52287
internal_value=-4.19957e-05 0.0136162 -0.000682851
internal_weight=2040.4 77.7321 1962.66
internal_count=57894 1009 56885
cat_boundaries=0 1 2
cat_threshold=512 132164
is_linear=0
shrinkage=0.0321881


Tree=448
num_leaves=4
num_cat=0
split_feature=10 33 21
split_gain=16.2914 16.0187 39.0998
threshold=1636.446172546707 -0.48131041106682548 81.219772601257588
decision_type=2 2 2
left_child=-1 2 -2
right_child=1 -3 -4
leaf_value=-0.030827564041966488 -0.018324793218369616 0.004691837411430577 0.00029749022309940025
leaf_weight=17.021764713099401 128.11335490342753 658.60857134783873 1237.5977268519491
leaf_count=702 6669 22626 27715
internal_value=0.000250644 0.000547007 -0.00140566
internal_weight=2041.34 2024.32 1365.71
internal_count=57712 57010 34384
is_linear=0
shrinkage=0.0321881


Tree=449
num_leaves=4
num_cat=0
split_feature=3 4 0
split_gain=16.3799 25.6939 22.9387
threshold=99.056400492099172 143.76595110439408 83.233169495242549
decision_type=2 2 2
left_child=1 -1 -2
right_child=2 -3 -4
leaf_value=0.014469725921671549 -0.011944157217698941 -0.012310071153375443 0.002472284947052204
leaf_weight=43.17862884895294 121.50243409229734 204.10497359900182 1666.2364737816315
leaf_count=744 23455 3597 30236
internal_value=0.000351295 -0.0073673 0.00145541
internal_weight=2035.02 247.284 1787.74
internal_count=58032 4341 53691
is_linear=0
shrinkage=0.0321881


Tree=450
num_leaves=4
num_cat=0
split_feature=6 10 30
split_gain=14.647 23.1054 44.097
threshold=7.2475427623728779 10169.923348042399 0.81145762969054591
decision_type=2 2 2
left_child=1 2 -1
right_child=-2 -3 -4
leaf_value=0.0061902053682023088 0.0026861112005825438 -0.0083106345966259387 -0.017222384216365565
leaf_weight=433.76044954481767 1065.5957096488346 435.02761794567778 102.33777933678357
leaf_count=12570 28625 14759 2028
internal_value=5.00149e-05 -0.0027769 0.0015965
internal_weight=2036.72 971.126 536.098
internal_count=57982 29357 14598
is_linear=0
shrinkage=0.0321881


Tree=451
num_leaves=4
num_cat=0
split_feature=33 7 24
split_gain=15.5892 48.4506 46.6122
threshold=-0.51828066867581712 3649.6842878008051 123.60155626630159
decision_type=2 2 2
left_child=-1 -2 -3
right_child=1 2 -4
leaf_value=-0.0021379014671559513 -0.0023152903493726612 0.00097118773453737134 0.02929173320862434
leaf_weight=1343.653465630312 461.42045118992246 127.05646063042514 123.20751496765297
leaf_count=34278 16411 5398 1911
internal_value=-6.75014e-05 0.00375134 0.0151825
internal_weight=2055.34 711.684 250.264
internal_count=57998 23720 7309
is_linear=0
shrinkage=0.0321881


Tree=452
num_leaves=4
num_cat=1
split_feature=36 36 44
split_gain=14.1353 43.1574 33.6057
threshold=0.84822263505422868 0.10992639736769576 0
decision_type=2 2 9
left_child=1 2 -1
right_child=-2 -3 -4
leaf_value=0.033996583145003763 -0.0010103200123744867 0.040362964987206033 -0.0025459538426845485
leaf_weight=19.161637318044086 1780.5974074603291 34.716319444843975 211.48079907712963
leaf_count=1012 43089 473 13318
internal_value=0 0.00694961 0.00160809
internal_weight=2045.96 265.359 230.642
internal_count=57892 14803 14330
cat_boundaries=0 1
cat_threshold=12292
is_linear=0
shrinkage=0.0321881


Tree=453
num_leaves=4
num_cat=0
split_feature=16 14 10
split_gain=15.83 22.4987 35.4655
threshold=252.14483259218417 500.03114833924212 13102.930612214801
decision_type=10 10 2
left_child=1 -1 -3
right_child=-2 2 -4
leaf_value=-0.00098468556267506898 -0.030903626269800352 0.0023425196231973804 0.030601403080153904
leaf_weight=1743.3819477257348 16.718125208586571 209.52351108018775 61.084258116810815
leaf_count=53227 709 2783 924
internal_value=3.11677e-05 0.000323185 0.00897775
internal_weight=2030.71 2013.99 270.608
internal_count=57643 56934 3707
is_linear=0
shrinkage=0.0321881


Tree=454
num_leaves=4
num_cat=0
split_feature=10 32 4
split_gain=15.7533 15.2843 78.7394
threshold=1636.446172546707 -0.12379593262957245 251.30608424692744
decision_type=2 2 2
left_child=-1 -2 -3
right_child=1 2 -4
leaf_value=-0.031311321961809621 -0.0012847409971090613 -0.017537002100071811 0.011172034751765546
leaf_weight=16.041614009343903 1441.4236263999483 124.92144137507421 456.17503938842128
leaf_count=693 34886 3823 18576
internal_value=0.00017226 0.000457099 0.0048861
internal_weight=2038.56 2022.52 581.096
internal_count=57978 57285 22399
is_linear=0
shrinkage=0.0321881


Tree=455
num_leaves=4
num_cat=1
split_feature=41 2 21
split_gain=14.3409 22.335 17.9479
threshold=0 31.491634698837924 99.848556450494854
decision_type=9 2 2
left_child=1 -1 -2
right_child=2 -3 -4
leaf_value=-0.01261216324783737 -0.0071556600697746326 0.015180270849802991 0.00059917245742509306
leaf_weight=35.795531911062426 387.62703497404436 135.4639905882068 1474.6800071867183
leaf_count=943 22710 1379 32950
internal_value=-0.000109386 0.00849513 -0.000976212
internal_weight=2033.57 171.26 1862.31
internal_count=57982 2322 55660
cat_boundaries=0 1
cat_threshold=530
is_linear=0
shrinkage=0.0321881


Tree=456
num_leaves=4
num_cat=0
split_feature=14 15 17
split_gain=17.9705 23.766 22.7375
threshold=638.99993765390536 1.0375507059179923 6.0899936480823085
decision_type=10 10 10
left_child=2 -2 -1
right_child=1 -3 -4
leaf_value=-0.00068469585995419534 0 0.036320501077862298 -0.027596689329667291
leaf_weight=1914.0267512197097 53.31616714480333 30.907141750853043 33.064103643628187
leaf_count=45020 882 497 11547
internal_value=-0.000517127 0.0139606 -0.00117771
internal_weight=2031.31 84.2233 1947.09
internal_count=57946 1379 56567
is_linear=0
shrinkage=0.0321881


Tree=457
num_leaves=4
num_cat=0
split_feature=35 22 25
split_gain=13.6419 12.523 25.9809
threshold=-0.0029861926022704877 34.002281521635773 16.980396812379354
decision_type=2 2 2
left_child=-1 -2 -3
right_child=1 2 -4
leaf_value=-0.0077421032629287709 -0.025616801112097288 0.00081732035502644917 0.038704905393554541
leaf_weight=207.89870598984271 17.742548827656719 1793.9104698885931 18.825365379743744
leaf_count=6176 8836 41978 903
internal_value=3.36111e-05 0.000952426 0.00125092
internal_weight=2038.38 1830.48 1812.74
internal_count=57893 51717 42881
is_linear=0
shrinkage=0.0321881


Tree=458
num_leaves=4
num_cat=0
split_feature=25 22 25
split_gain=15.506 21.3966 29.5317
threshold=3.3986131294768467 101.74702577129703 15.982821395926058
decision_type=2 2 2
left_child=-1 -2 -3
right_child=1 2 -4
leaf_value=0.0016569975810772767 -0.027455269869909101 -0.0055377459216901558 0.040029827959654901
leaf_weight=1753.8910812243703 42.803191960949334 232.3246456732013 15.317878926551201
leaf_count=41177 10933 5719 315
internal_value=0.000487145 -0.00635362 -0.00242665
internal_weight=2044.34 290.446 247.643
internal_count=58144 16967 6034
is_linear=0
shrinkage=0.0321881


Tree=459
num_leaves=4
num_cat=0
split_feature=31 11 13
split_gain=18.3932 22.6531 15.6001
threshold=0.51452505592600561 22.42719593392108 36.551991152851173
decision_type=2 8 10
left_child=2 -2 -1
right_child=1 -3 -4
leaf_value=0.0019652805141711915 -0.030136157724338836 -0.00043165904875445651 -0.0053129401285716546
leaf_weight=1527.9169033962098 46.221471086188103 72.883733923175896 379.1229005985806
leaf_count=34525 684 1080 21501
internal_value=-0.000250496 -0.0125298 0.000484482
internal_weight=2026.15 119.105 1907.04
internal_count=57790 1764 56026
is_linear=0
shrinkage=0.0321881


Tree=460
num_leaves=4
num_cat=0
split_feature=17 16 12
split_gain=13.9088 27.2193 22.857
threshold=5.6941285280794292 159.28271391690228 35.375072976383542
decision_type=10 10 10
left_child=-1 -2 -3
right_child=1 2 -4
leaf_value=0.00094224722333781439 -0.028190944753194957 -0.017348454645064848 0.0093356552757249064
leaf_weight=1845.1949621234089 51.305495380292996 53.226069934549741 87.054770862319856
leaf_count=37548 17679 1137 1633
internal_value=5.37813e-05 -0.00816171 -0.000347871
internal_weight=2036.78 191.586 140.281
internal_count=57997 20449 2770
is_linear=0
shrinkage=0.0321881


Tree=461
num_leaves=4
num_cat=1
split_feature=7 32 41
split_gain=16.723 19.8125 15.2225
threshold=23286.098577735549 -0.87425594329142475 0
decision_type=2 2 9
left_child=2 -2 -1
right_child=1 -3 -4
leaf_value=0.010492928703714013 0.005812854432498845 -0.028835477257423751 -0.00056462058838025115
leaf_weight=128.27435561077436 23.249764199572382 44.527136491371493 1825.4674669251326
leaf_count=1704 357 1247 54440
internal_value=-0.000333207 -0.0160346 0.000180769
internal_weight=2021.52 67.7769 1953.74
internal_count=57748 1604 56144
cat_boundaries=0 1
cat_threshold=514
is_linear=0
shrinkage=0.0321881


Tree=462
num_leaves=4
num_cat=1
split_feature=7 38 41
split_gain=17.1556 18.5267 16.0173
threshold=23286.098577735549 0.032539010656267076 0
decision_type=2 2 9
left_child=2 -2 -1
right_child=1 -3 -4
leaf_value=0.0053342142854486191 -0.02673776254943875 0.011166970337029607 -0.0010967572704312302
leaf_weight=543.99854436773603 47.48954546591267 15.645187472087853 1419.1176426711972
leaf_count=23318 1265 286 33258
internal_value=0.00011168 -0.016333 0.000674898
internal_weight=2026.25 63.1347 1963.12
internal_count=58127 1551 56576
cat_boundaries=0 1
cat_threshold=538
is_linear=0
shrinkage=0.0321881


Tree=463
num_leaves=4
num_cat=0
split_feature=14 0 29
split_gain=14.2565 25.7266 21.9904
threshold=638.99993765390536 1718.7397494186698 8.3464824930766621
decision_type=10 2 2
left_child=1 -1 -2
right_child=2 -3 -4
leaf_value=7.4871833766366924e-05 0 -0.024693519604774693 0.036243108653153319
leaf_weight=1912.2815224549267 53.951843457412906 44.119865720582311 28.05255680141272
leaf_count=55478 891 1061 436
internal_value=6.63278e-05 -0.000454064 0.0132215
internal_weight=2038.41 1956.4 82.0044
internal_count=57866 56539 1327
is_linear=0
shrinkage=0.0321881


Tree=464
num_leaves=4
num_cat=1
split_feature=44 29 24
split_gain=14.7835 31.2434 22.011
threshold=0 9.590875830725949 98.746109754797899
decision_type=9 2 2
left_child=-1 -2 -3
right_child=1 2 -4
leaf_value=0.00059694708078092775 -0.020989682397590411 -0.018169563172011495 0.064243220602592577
leaf_weight=1928.5867169971898 80.203948765247333 3.8408249918720676 8.1460317995515634
leaf_count=46074 10590 1052 190
internal_value=-1.43573e-06 -0.0119496 0.0327856
internal_weight=2020.78 92.1908 11.9869
internal_count=57906 11832 1242
cat_boundaries=0 1
cat_threshold=394951
is_linear=0
shrinkage=0.0321881


Tree=465
num_leaves=4
num_cat=0
split_feature=31 11 11
split_gain=15.5339 20.9246 17.0883
threshold=0.48187914960482597 23.023069330092699 27.093641323194699
decision_type=2 8 10
left_child=2 -2 -1
right_child=1 -3 -4
leaf_value=0.0018114565420912878 -0.025573277128599702 0 -0.0061266296555720868
leaf_weight=1542.6947774960208 57.666242619947297 78.269027710804949 342.2240341964025
leaf_count=42791 857 1189 13053
internal_value=-0.00038985 -0.0109034 0.00033585
internal_weight=2020.85 135.935 1884.92
internal_count=57890 2046 55844
is_linear=0
shrinkage=0.0321881


Tree=466
num_leaves=4
num_cat=0
split_feature=5 20 7
split_gain=17.0648 21.3811 19.5561
threshold=5.3406612760261511 105.84478087214052 23286.098577735549
decision_type=2 2 2
left_child=2 -2 -1
right_child=1 -3 -4
leaf_value=6.045988616515225e-05 -0.0068616045447916834 0.03317707312181787 -0.022802946458192995
leaf_weight=1945.2601524572528 18.918828998270328 34.911515740095638 39.215865413323627
leaf_count=55632 597 557 1295
internal_value=9.27008e-05 0.0179589 -0.000361928
internal_weight=2038.31 53.8303 1984.48
internal_count=58081 1154 56927
is_linear=0
shrinkage=0.0321881


Tree=467
num_leaves=4
num_cat=0
split_feature=2 32 4
split_gain=15.1149 28.6381 61.3925
threshold=37.787581559995935 -0.13253952680757003 345.94550326759094
decision_type=2 2 2
left_child=1 -1 -3
right_child=-2 2 -4
leaf_value=-0.0050579036688046817 0.0039302279085507517 -0.02082233253719051 0.01160002226221255
leaf_weight=893.0291398227273 739.53871570169576 73.49556961133203 317.87848373981615
leaf_count=29023 9251 3488 15994
internal_value=0.000237431 -0.00183957 0.00533991
internal_weight=2023.94 1284.4 391.374
internal_count=57756 48505 19482
is_linear=0
shrinkage=0.0321881


Tree=468
num_leaves=4
num_cat=1
split_feature=31 42 32
split_gain=13.3402 16.8086 23.6151
threshold=-0.98332377694434181 0 -0.70225841980262338
decision_type=2 9 2
left_child=-1 2 -2
right_child=1 -3 -4
leaf_value=-0.00842451823801235 0.0027630895174534519 0.0017335258970294914 -0.022330961596660707
leaf_weight=178.03064487671509 70.745100424712291 1715.6940141881569 76.430190929342643
leaf_count=9875 852 45975 1442
internal_value=0 0.000792239 -0.00922564
internal_weight=2040.9 1862.87 147.175
internal_count=58144 48269 2294
cat_boundaries=0 1
cat_threshold=17440
is_linear=0
shrinkage=0.0321881


Tree=469
num_leaves=4
num_cat=1
split_feature=0 13 44
split_gain=15.5794 14.9995 37.0296
threshold=21.121694643289302 37.127280305086792 0
decision_type=2 10 9
left_child=-1 -2 -3
right_child=1 2 -4
leaf_value=-0.018195219537077766 0.0021604599832365829 0.013889684291822165 -0.010775479960513356
leaf_weight=45.108317383739632 1632.5836149760726 71.208409327053232 265.51662807862158
leaf_count=10936 31013 5969 9795
internal_value=0.000396473 0.000856805 -0.00527191
internal_weight=2014.42 1969.31 336.725
internal_count=57713 46777 15764
cat_boundaries=0 1
cat_threshold=262724
is_linear=0
shrinkage=0.0321881


Tree=470
num_leaves=4
num_cat=0
split_feature=35 31 14
split_gain=15.7083 13.5903 17.7068
threshold=-0.002567817941856542 0.51452505592600561 401.05712323033475
decision_type=2 2 8
left_child=-1 -2 -3
right_child=1 2 -4
leaf_value=-0.0070846298373479569 0.0018204798512542406 -0.024953276988738973 0.0012269512599845137
leaf_weight=282.33848323380516 1653.2843827928446 46.270114837716392 52.996859241917264
leaf_count=8341 48214 743 761
internal_value=-1.14172e-05 0.00109255 -0.0103664
internal_weight=2034.89 1752.55 99.267
internal_count=58059 49718 1504
is_linear=0
shrinkage=0.0321881


Tree=471
num_leaves=4
num_cat=0
split_feature=14 10 5
split_gain=15.3125 53.5269 41.9167
threshold=480.13957949192775 13451.059223308233 1.2765032824519336
decision_type=10 2 2
left_child=-1 2 -2
right_child=1 -3 -4
leaf_value=-0.0016104171195763441 -0.012799810065877708 0.031667686154079333 0.012822098006637472
leaf_weight=1678.929980641642 138.10789905412821 66.735593035147758 126.22361176443519
leaf_count=52773 2022 956 1907
internal_value=-0.000332746 0.00595093 -0.000323563
internal_weight=2010 331.067 264.332
internal_count=57658 4885 3929
is_linear=0
shrinkage=0.0321881


Tree=472
num_leaves=4
num_cat=1
split_feature=5 44 3
split_gain=13.9391 30.5629 28.4839
threshold=1.0766871640046405 0 250.1140384512797
decision_type=2 9 2
left_child=1 -1 -3
right_child=-2 2 -4
leaf_value=-0.016489386682108018 0.002314760471793144 -0.0039658785264150157 0.011542525392868768
leaf_weight=135.34336871794585 1222.4617027398635 501.28403399251692 162.09549404399877
leaf_count=6832 33343 15767 2044
internal_value=0.000124064 -0.00314881 -7.65293e-05
internal_weight=2021.18 798.723 663.38
internal_count=57986 24643 17811
cat_boundaries=0 1
cat_threshold=529152
is_linear=0
shrinkage=0.0321881


Tree=473
num_leaves=4
num_cat=1
split_feature=10 10 44
split_gain=13.7635 15.2013 55.0434
threshold=2143.8089962931526 5053.332276350563 0
decision_type=2 2 9
left_child=-1 2 -2
right_child=1 -3 -4
leaf_value=-0.023013559000804758 0.028501219668969454 -0.00032680368594026571 -0.0024561117268860457
leaf_weight=25.376816005831643 78.963398591906298 1765.3090148692499 171.03350197921827
leaf_count=1197 885 51103 4862
internal_value=0.00036237 0.000690992 0.00812602
internal_weight=2040.68 2015.31 249.997
internal_count=58047 56850 5747
cat_boundaries=0 1
cat_threshold=580
is_linear=0
shrinkage=0.0321881


Tree=474
num_leaves=4
num_cat=0
split_feature=33 29 20
split_gain=12.8605 16.0943 25.4407
threshold=0.4505836462790454 9.2977162652859988 41.808478199216424
decision_type=2 2 2
left_child=1 2 -1
right_child=-2 -3 -4
leaf_value=-0.0085075193683525965 -0.029266112399086178 0.008910555268604143 0.00091138628063204595
leaf_weight=371.17505715404695 15.498257116287276 188.02055510124774 1450.1222062436136
leaf_count=15761 7238 3303 31493
internal_value=-0.0002752 -1.64672e-05 -0.000974049
internal_weight=2024.82 2009.32 1821.3
internal_count=57795 50557 47254
is_linear=0
shrinkage=0.0321881


Tree=475
num_leaves=4
num_cat=0
split_feature=22 2 16
split_gain=16.7758 15.0306 39.876
threshold=896.99644631003537 22.15515246415028 97.664980552663366
decision_type=2 2 8
left_child=1 2 -1
right_child=-2 -3 -4
leaf_value=-0.031053188554604892 0.021263575420528279 0.0002511373742742055 -0.0006828850877488499
leaf_weight=59.834836982106935 36.04958502878435 1723.2517055451463 194.50154732319788
leaf_count=25582 665 23521 8164
internal_value=-0.000362633 -0.000791563 -0.00810021
internal_weight=2013.64 1977.59 254.336
internal_count=57932 57267 33746
is_linear=0
shrinkage=0.0321881


Tree=476
num_leaves=4
num_cat=0
split_feature=31 21 31
split_gain=15.5271 17.8358 16.9714
threshold=0.48187914960482597 257.55319970741272 -0.81775058961076652
decision_type=2 2 2
left_child=2 -2 -1
right_child=1 -3 -4
leaf_value=-0.0032455729313108591 -0.016467995607716279 0.011970292808608949 0.0031975309082121002
leaf_weight=630.7546004270589 106.48245765658066 26.242045164690353 1259.4687119352748
leaf_count=30242 1797 243 25733
internal_value=0.000235189 -0.0103549 0.00101368
internal_weight=2022.95 132.725 1890.22
internal_count=58015 2040 55975
is_linear=0
shrinkage=0.0321881


Tree=477
num_leaves=4
num_cat=0
split_feature=32 0 6
split_gain=16.734 46.6552 43.6389
threshold=-0.11391272431726579 336.15823875763118 62.913335110231081
decision_type=2 2 2
left_child=2 -2 -1
right_child=1 -3 -4
leaf_value=-0.003989842677165352 -0.0099212204236285399 0.010671758969133941 0.01074305160202881
leaf_weight=1206.9364990080721 153.20694867796192 420.86843187522027 250.27458078922791
leaf_count=31388 15047 7334 4276
internal_value=0.000385286 0.00506326 -0.00141445
internal_weight=2031.29 574.075 1457.21
internal_count=58045 22381 35664
is_linear=0
shrinkage=0.0321881


Tree=478
num_leaves=4
num_cat=0
split_feature=30 4 4
split_gain=15.5886 28.507 36.2348
threshold=0.77252711792581741 2026.2954925786576 179.74410254068792
decision_type=2 2 2
left_child=-1 2 -2
right_child=1 -3 -4
leaf_value=0.0010860712763936515 0.0090578286429204014 0.030411690298366427 -0.012862341094699935
leaf_weight=1566.4562228896903 98.896379893427365 20.643726133675955 327.65691400215292
leaf_count=49029 1651 350 6822
internal_value=-0.000393225 -0.00571514 -0.0076287
internal_weight=2013.65 447.197 426.553
internal_count=57852 8823 8473
is_linear=0
shrinkage=0.0321881


Tree=479
num_leaves=4
num_cat=0
split_feature=36 22 21
split_gain=16.0222 45.0062 31.8123
threshold=0.84822263505422868 469.67975607805278 97.094512285138464
decision_type=2 2 2
left_child=1 -1 -2
right_child=2 -3 -4
leaf_value=0.0033288534375188706 -0.012517964394936586 0.056015773610210609 0.00037509589889561608
leaf_weight=245.85609028785257 226.34042873802537 18.173574475862551 1526.9658265534381
leaf_count=14543 9850 330 33156
internal_value=-0.00010997 0.00724337 -0.00125446
internal_weight=2017.34 264.03 1753.31
internal_count=57879 14873 43006
is_linear=0
shrinkage=0.0321881


Tree=480
num_leaves=4
num_cat=0
split_feature=33 32 22
split_gain=14.6414 44.471 62.044
threshold=-0.63471601346331108 -0.35142700665477272 483.29883370598327
decision_type=2 2 2
left_child=1 2 -1
right_child=-2 -3 -4
leaf_value=-0.023046527037446765 0.0030228977393767877 0.0020724611010277299 0.0013387166765131153
leaf_weight=214.90445289907802 842.33154065587951 757.05802429970936 207.92971017860691
leaf_count=6125 27318 19997 4633
internal_value=-0.000183956 -0.00252746 -0.0109104
internal_weight=2022.22 1179.89 422.834
internal_count=58073 30755 10758
is_linear=0
shrinkage=0.0321881


Tree=481
num_leaves=4
num_cat=0
split_feature=3 4 31
split_gain=13.0217 19.4289 16.0035
threshold=74.123889546897331 269.86201520777246 -0.92177493502855912
decision_type=2 2 2
left_child=1 -1 -2
right_child=2 -3 -4
leaf_value=0.011689327974279353 -0.0047846170625146997 -0.019594421962413268 0.0025093647588564629
leaf_weight=25.56838402338326 386.95967112595099 73.864292621045024 1534.9685910597327
leaf_count=432 20422 1406 35706
internal_value=0.000388695 -0.0109023 0.00100725
internal_weight=2021.36 99.4327 1921.93
internal_count=57966 1838 56128
is_linear=0
shrinkage=0.0321881


Tree=482
num_leaves=4
num_cat=0
split_feature=14 2 2
split_gain=16.2186 35.5665 28.8266
threshold=217.79800525748183 43.069685355244197 13.028412260347826
decision_type=8 2 2
left_child=1 -1 -2
right_child=2 -3 -4
leaf_value=-0.014411550353620208 0.033426688182925726 0.0059007882916807478 0.00025794088491073807
leaf_weight=231.05458728900339 27.475894371818868 139.94262819975847 1611.9629214671149
leaf_count=26805 6962 1671 22310
internal_value=-0.000483827 -0.00657915 0.000857422
internal_weight=2010.44 370.997 1639.44
internal_count=57748 28476 29272
is_linear=0
shrinkage=0.0321881


Tree=483
num_leaves=4
num_cat=1
split_feature=33 44 32
split_gain=14.0417 34.1996 36.9842
threshold=-0.51828066867581712 0 -0.35950140980656853
decision_type=2 9 2
left_child=1 2 -1
right_child=-2 -3 -4
leaf_value=-0.0070274464636302103 0.0039133008100841766 -0.022567665015528728 0.0041673237278807293
leaf_weight=519.34499880023941 692.15650904462746 66.805644785883487 740.20389905468619
leaf_count=10833 23761 6823 16443
internal_value=0.000169165 -0.00173705 -0.00039533
internal_weight=2018.51 1326.35 1259.55
internal_count=57860 34099 27276
cat_boundaries=0 1
cat_threshold=394775
is_linear=0
shrinkage=0.0321881


Tree=484
num_leaves=4
num_cat=0
split_feature=21 11 16
split_gain=13.7316 27.2583 23.2757
threshold=264.46039129461843 30.487582415585987 252.14483259218417
decision_type=2 8 8
left_child=2 -2 -1
right_child=1 -3 -4
leaf_value=-0.0010594495482910606 0.003187476438628759 0.047039774152415052 -0.033455274333041199
leaf_weight=1562.8850573779746 398.97605737074628 15.364439694938481 23.279697009231313
leaf_count=45983 9017 935 1712
internal_value=-0.000186302 0.00499319 -0.00157999
internal_weight=2000.51 414.34 1586.16
internal_count=57647 9952 47695
is_linear=0
shrinkage=0.0321881


Tree=485
num_leaves=4
num_cat=1
split_feature=14 17 43
split_gain=14.0585 24.9193 22.3113
threshold=638.99993765390536 6.0899936480823085 0
decision_type=10 10 9
left_child=1 2 -1
right_child=-2 -3 -4
leaf_value=0.0098647729468505519 0.013106451950885502 -0.02890204972150294 -0.0014567859391140241
leaf_weight=191.048842008473 78.660062777023995 31.826482043794385 1701.4889244404876
leaf_count=5816 1312 11658 39041
internal_value=-0.000168188 -0.000745442 -0.000234727
internal_weight=2003.02 1924.36 1892.54
internal_count=57827 56515 44857
cat_boundaries=0 1
cat_threshold=112
is_linear=0
shrinkage=0.0321881


Tree=486
num_leaves=4
num_cat=0
split_feature=2 3 16
split_gain=14.959 24.3079 25.5564
threshold=40.827641362034569 89.022957802326687 83.272502672246148
decision_type=2 2 8
left_child=1 -1 -3
right_child=-2 2 -4
leaf_value=-0.014866420379556614 0.0049775302882137367 -0.013510157443504015 0.0013569989193963588
leaf_weight=126.15570964664221 519.33669172262307 132.54735294234342 1219.5783023307886
leaf_count=2612 6301 23534 25354
internal_value=0.000252693 -0.00136465 -5.54257e-05
internal_weight=1997.62 1478.28 1352.13
internal_count=57801 51500 48888
is_linear=0
shrinkage=0.0321881


Tree=487
num_leaves=4
num_cat=0
split_feature=14 10 5
split_gain=13.6288 45.2764 36.9661
threshold=480.13957949192775 14100.106308796998 1.2765032824519336
decision_type=10 2 2
left_child=-1 2 -2
right_child=1 -3 -4
leaf_value=-0.0011261377342646108 -0.010256863884379895 0.033107694954025921 0.013157679706345238
leaf_weight=1681.0322832280253 147.48011414556095 53.415950930851977 131.73934424275649
leaf_count=53174 2209 733 2023
internal_value=2.01987e-05 0.00600144 0.000564291
internal_weight=2013.67 332.635 279.219
internal_count=58139 4965 4232
is_linear=0
shrinkage=0.0321881


Tree=488
num_leaves=4
num_cat=0
split_feature=7 4 33
split_gain=13.7246 24.4986 29.9225
threshold=18496.447156732076 773.33099960866389 -0.57014205145283114
decision_type=2 2 2
left_child=-1 2 -2
right_child=1 -3 -4
leaf_value=-2.9007374283115028e-05 -0.022117180337025415 -0.035174385083774726 0.031444463366574867
leaf_weight=1934.1338337778943 23.715310247091111 32.323894900990126 19.277130180846143
leaf_count=55989 432 1002 412
internal_value=-0.000587783 -0.0140491 0.000466351
internal_weight=2009.45 75.3163 42.9924
internal_count=57835 1846 844
is_linear=0
shrinkage=0.0321881


Tree=489
num_leaves=4
num_cat=2
split_feature=5 44 44
split_gain=16.3778 42.7708 36.861
threshold=1.2414692785298518 0 1
decision_type=2 9 9
left_child=1 -1 -2
right_child=2 -3 -4
leaf_value=-0.01677956348563191 0.016813887348733122 0.00017695821658579071 9.805836874160061e-05
leaf_weight=175.40688584330928 156.61107335411361 874.14962654164992 811.33923271897947
leaf_count=9083 2244 23758 22869
internal_value=0 -0.00275752 0.00304654
internal_weight=2017.51 1049.56 967.95
internal_count=57954 32841 25113
cat_boundaries=0 1 2
cat_threshold=528896 1604
is_linear=0
shrinkage=0.0321881


Tree=490
num_leaves=4
num_cat=0
split_feature=33 33 32
split_gain=12.1843 13.7182 47.4161
threshold=0.4505836462790454 -0.65935914711534871 -0.43269228799508486
decision_type=2 2 2
left_child=1 2 -1
right_child=-2 -3 -4
leaf_value=-0.013001913176241846 -0.029164471014890243 0.0030691877376985604 0.001668428315371884
leaf_weight=313.17463374228828 14.721934420977048 856.4931538735982 821.45902963538538
leaf_count=8206 7216 20830 21546
internal_value=-0.000222881 0 -0.00232653
internal_weight=2005.85 1991.13 1134.63
internal_count=57798 50582 29752
is_linear=0
shrinkage=0.0321881


Tree=491
num_leaves=4
num_cat=1
split_feature=9 42 4
split_gain=13.7145 18.3502 22.9499
threshold=19.08276053677719 0 491.15499376274619
decision_type=10 9 2
left_child=1 2 -1
right_child=-2 -3 -4
leaf_value=0 -0.023422289577569477 -0.00033974510492204948 0.027112177648636351
leaf_weight=61.21553483545722 24.982265756931156 1858.2191940346602 60.372787626671197
leaf_count=1066 563 54783 1492
internal_value=0.000118698 0.000450686 0.012068
internal_weight=2004.79 1979.81 121.588
internal_count=57904 57341 2558
cat_boundaries=0 1
cat_threshold=393732
is_linear=0
shrinkage=0.0321881


Tree=492
num_leaves=4
num_cat=0
split_feature=22 6 10
split_gain=14.8789 12.4775 20.9701
threshold=896.99644631003537 -1.6079422006619386 5529.0430103474591
decision_type=2 2 2
left_child=1 2 -1
right_child=-2 -3 -4
leaf_value=0.0081221647032950449 0.021270800821585084 0.0018921259630759492 -0.0059010913395108455
leaf_weight=130.73649909682717 33.983058573561721 1196.6166914164824 624.53728412005512
leaf_count=3449 666 33454 20203
internal_value=0.000218073 -0.000118372 -0.0033876
internal_weight=1985.87 1951.89 755.274
internal_count=57772 57106 23652
is_linear=0
shrinkage=0.0321881


Tree=493
num_leaves=4
num_cat=0
split_feature=33 36 22
split_gain=12.1596 13.1585 43.0174
threshold=0.4505836462790454 0.84822263505422868 456.82972167756253
decision_type=2 2 2
left_child=1 2 -1
right_child=-2 -3 -4
leaf_value=0.0032156361799225131 -0.028993244356074619 -0.00071552780008074784 0.056275968555903326
leaf_weight=227.578499827825 14.615742873003908 1730.916323820973 17.152941807638854
leaf_count=7322 7205 42867 344
internal_value=0 0.000239142 0.00724542
internal_weight=1990.26 1975.65 244.731
internal_count=57738 50533 7666
is_linear=0
shrinkage=0.0321881


Tree=494
num_leaves=4
num_cat=1
split_feature=16 43 5
split_gain=14.6596 20.9251 31.3581
threshold=237.91894101433198 0 2.7363057862341083
decision_type=10 9 2
left_child=1 2 -1
right_child=-2 -3 -4
leaf_value=0.018994381068405571 -0.021550555291770603 -0.00068373418468340656 -0.0074151178329602526
leaf_weight=141.50451601079476 31.682486069010338 1779.6821764145243 65.050708984159428
leaf_count=7029 1129 46919 2844
internal_value=5.22184e-05 0.000431398 0.00989188
internal_weight=2017.92 1986.24 206.555
internal_count=57921 56792 9873
cat_boundaries=0 1
cat_threshold=112
is_linear=0
shrinkage=0.0321881


Tree=495
num_leaves=4
num_cat=0
split_feature=16 12 12
split_gain=11.8776 48.4072 39.6117
threshold=163.02342041136083 32.89213785357375 27.194277004155481
decision_type=8 10 8
left_child=1 -1 -2
right_child=2 -3 -4
leaf_value=0.0011462228529381196 -0.030696417278468856 -0.013433596369855076 0.0059716368443589419
leaf_weight=1154.2716167158578 31.769378340890398 294.60788971240254 524.33207270570711
leaf_count=30938 773 17224 8850
internal_value=-0.000211325 -0.00177612 0.00375017
internal_weight=2004.98 1448.88 556.101
internal_count=57785 48162 9623
is_linear=0
shrinkage=0.0321881


Tree=496
num_leaves=4
num_cat=0
split_feature=7 7 22
split_gain=13.6256 14.6757 23.9029
threshold=29505.817514302365 766.03000640763219 282.9950201275978
decision_type=2 2 2
left_child=1 -1 -3
right_child=-2 2 -4
leaf_value=-0.0030420083436647543 -0.023193267528691618 -0.0035963842674923566 0.006034493031731359
leaf_weight=828.63778915976945 25.901105335065949 407.61912982671129 743.84392988677428
leaf_count=25929 901 15469 15774
internal_value=-8.37492e-05 0.000189116 0.00256981
internal_weight=2006 1980.1 1151.46
internal_count=58073 57172 31243
is_linear=0
shrinkage=0.0321881


Tree=497
num_leaves=4
num_cat=1
split_feature=10 25 44
split_gain=17.3372 14.878 21.6836
threshold=2143.8089962931526 4.4156757531794346 0
decision_type=2 2 9
left_child=-1 -2 -3
right_child=1 2 -4
leaf_value=-0.025767946113446457 0.0015122523375128156 0.0023912483721405349 -0.018831724416335047
leaf_weight=25.901173685793765 1802.63261155484 96.678767890203744 85.222407809971628
leaf_count=1168 42871 2786 10968
internal_value=0.000222399 0.00059674 -0.00811642
internal_weight=2010.43 1984.53 181.901
internal_count=57793 56625 13754
cat_boundaries=0 1
cat_threshold=4162
is_linear=0
shrinkage=0.0321881


Tree=498
num_leaves=4
num_cat=0
split_feature=33 25 22
split_gain=13.8096 18.9545 28.5942
threshold=0.41838218092960261 16.980396812379354 63.474235401342639
decision_type=2 2 2
left_child=1 -1 -3
right_child=-2 2 -4
leaf_value=0.0001840974765101709 -0.02947389916857909 -0.019759164951364525 0.054770659768116056
leaf_weight=1951.6012013943327 15.718570955214089 6.3704166882671442 15.504350882576544
leaf_count=47369 7423 2513 202
internal_value=0.000279964 0.000552732 0.0302062
internal_weight=1989.19 1973.48 21.8748
internal_count=57507 50084 2715
is_linear=0
shrinkage=0.0321881


Tree=499
num_leaves=4
num_cat=0
split_feature=22 25 25
split_gain=11.5841 18.2624 17.7165
threshold=34.002281521635773 16.980396812379354 5.008774948220851
decision_type=2 2 2
left_child=-1 2 -2
right_child=1 -3 -4
leaf_value=-0.025741781359217151 0.00089908945885558617 0.030825303877409789 -0.011900469466302542
leaf_weight=17.391633175553579 1854.3772630606545 20.062010052570258 118.91129852511585
leaf_count=9889 42772 1018 4171
internal_value=0.000177914 0.000439041 9.41718e-05
internal_weight=2010.74 1993.35 1973.29
internal_count=57850 47961 46943
is_linear=0
shrinkage=0.0321881


Tree=500
num_leaves=4
num_cat=0
split_feature=5 9 31
split_gain=14.4878 17.0709 18.8257
threshold=1.0183168914636147 60.924453010766896 -0.81775058961076652
decision_type=2 8 2
left_child=-1 -2 -3
right_child=1 2 -4
leaf_value=-0.0041627296899047197 -0.028108234298457373 -0.0031922833903015556 0.0048657958451408037
leaf_weight=588.6627792053041 18.876350924794679 429.07311132872564 951.13510159951693
leaf_count=18686 445 20202 18473
internal_value=3.97139e-05 0.00185381 0.00231448
internal_weight=1987.75 1399.08 1380.21
internal_count=57806 39120 38675
is_linear=0
shrinkage=0.0321881


Tree=501
num_leaves=4
num_cat=1
split_feature=11 44 4
split_gain=14.9076 25.7453 40.1492
threshold=27.093641323194699 0 2192.9868308172595
decision_type=8 9 2
left_child=-1 -2 -3
right_child=1 2 -4
leaf_value=0.0010230357060382262 0.0036294377273317895 -0.015881824450291335 0.053451690992368926
leaf_weight=1598.0071199490812 164.61350402440439 225.52272066152 8.392880759740363
leaf_count=42897 2356 12248 466
internal_value=-0.000332259 -0.00592377 -0.0125352
internal_weight=1996.54 398.529 233.916
internal_count=57967 15070 12714
cat_boundaries=0 1
cat_threshold=135174
is_linear=0
shrinkage=0.0321881


Tree=502
num_leaves=4
num_cat=0
split_feature=7 5 38
split_gain=12.9456 13.7829 17.3573
threshold=29505.817514302365 5.3406612760261511 0.031934535030631477
decision_type=2 2 2
left_child=1 -1 -3
right_child=-2 2 -4
leaf_value=0.00024278841083753911 -0.022565654246889989 0 0.039180688131615578
leaf_weight=1927.6600345823572 24.787065013450047 23.97366682489519 21.317498493750463
leaf_count=55867 901 655 353
internal_value=0.000366708 0.000689772 0.0182148
internal_weight=1997.74 1972.95 45.2912
internal_count=57776 56875 1008
is_linear=0
shrinkage=0.0321881


Tree=503
num_leaves=4
num_cat=0
split_feature=22 32 4
split_gain=16.7177 12.1878 64.8404
threshold=896.99644631003537 -0.11391272431726579 251.30608424692744
decision_type=2 2 2
left_child=1 -1 -3
right_child=-2 2 -4
leaf_value=-0.0025066828548905122 0.020657853429957636 -0.017183801492441756 0.0089318503735520572
leaf_weight=1392.6278205568706 37.775424776715226 125.40839352010153 443.54840564587721
leaf_count=34782 701 3919 18514
internal_value=-0.000418966 -0.000859768 0.00305883
internal_weight=1999.36 1961.58 568.957
internal_count=57916 57215 22433
is_linear=0
shrinkage=0.0321881


Tree=504
num_leaves=4
num_cat=0
split_feature=10 14 21
split_gain=18.5395 52.5002 31.7981
threshold=12336.077109752658 480.13957949192775 87.091563692131203
decision_type=2 8 2
left_child=2 -2 -1
right_child=1 -3 -4
leaf_value=-0.0086459145118830006 -0.01087271393316987 0.015942444781240458 0.0036811238379510234
leaf_weight=259.59162321088297 394.60383303936396 91.803645453139325 1263.1157463698473
leaf_count=15473 14723 1808 25903
internal_value=-0.000178089 -0.00567549 0.00153677
internal_weight=2009.11 486.407 1522.71
internal_count=57907 16531 41376
is_linear=0
shrinkage=0.0321881


Tree=505
num_leaves=4
num_cat=1
split_feature=14 44 32
split_gain=15.0694 33.4882 31.2399
threshold=500.03114833924212 0 0.41913269350341564
decision_type=10 9 2
left_child=2 -2 -1
right_child=1 -3 -4
leaf_value=0.00024657936999818527 0.011160486245737945 -0.020624026040830447 -0.017835412903346549
leaf_weight=1605.0148439572549 249.80625778526883 29.48208807320043 104.88950876973104
leaf_count=44934 3589 677 8648
internal_value=0.000271533 0.00722421 -0.000827685
internal_weight=1989.19 279.288 1709.9
internal_count=57848 4266 53582
cat_boundaries=0 1
cat_threshold=7
is_linear=0
shrinkage=0.0321881


Tree=506
num_leaves=4
num_cat=1
split_feature=42 16 10
split_gain=14.0059 27.7593 25.3139
threshold=0 194.89446738745156 10325.399110574295
decision_type=9 8 2
left_child=1 2 -1
right_child=-2 -3 -4
leaf_value=0.027608536197072049 -0.0011510658110949028 -0.026310652458889562 -0.0013286670327993413
leaf_weight=72.76557555601903 1877.7576215408153 17.733907379748416 47.813666475907667
leaf_count=1332 54988 482 1198
internal_value=-0.000375972 0.00909752 0.0156267
internal_weight=2016.07 138.313 120.579
internal_count=58000 3012 2530
cat_boundaries=0 1
cat_threshold=393812
is_linear=0
shrinkage=0.0321881


Tree=507
num_leaves=4
num_cat=1
split_feature=13 41 32
split_gain=12.4156 22.43 28.2878
threshold=36.551991152851173 0 -0.14989298189417219
decision_type=10 9 2
left_child=1 2 -1
right_child=-2 -3 -4
leaf_value=0.0017444847138911145 -0.0048833148013859833 -0.00051219858592689376 0.021466309087479759
leaf_weight=221.86419751404901 398.86781850543775 1258.6366870228812 120.64669452198359
leaf_count=6884 22113 24373 4463
internal_value=0.000159887 0.00145653 0.00863527
internal_weight=2000.02 1601.15 342.511
internal_count=57833 35720 11347
cat_boundaries=0 1
cat_threshold=520
is_linear=0
shrinkage=0.0321881


Tree=508
num_leaves=4
num_cat=0
split_feature=33 7 24
split_gain=13.1183 30.684 34.1325
threshold=-0.57830730159644039 3762.3722829889407 123.60155626630159
decision_type=2 2 2
left_child=-1 -2 -3
right_child=1 2 -4
leaf_value=-0.0024849467469771078 -0.0016666581025062269 0 0.02335369393309537
leaf_weight=1223.7311654893419 501.00243260893694 128.90018991704346 131.96516813975177
leaf_count=32326 17769 5573 2147
internal_value=-0.000392638 0.00288423 0.0118619
internal_weight=1985.6 761.868 260.865
internal_count=57815 25489 7720
is_linear=0
shrinkage=0.0321881


Tree=509
num_leaves=4
num_cat=0
split_feature=2 14 3
split_gain=12.5198 25.0553 22.9458
threshold=39.384540250540589 219.9136684187059 95.357311910587086
decision_type=2 8 2
left_child=1 -1 -3
right_child=-2 2 -4
leaf_value=-0.013102623022408734 0.0035134310135857762 -0.012726481521903728 0.0013129655656619452
leaf_weight=182.01571531054651 622.78929939965019 135.6519234216903 1059.7622832177258
leaf_count=26834 7771 2563 21020
internal_value=-0.000236436 -0.00197844 -0.000229123
internal_weight=2000.22 1377.43 1195.41
internal_count=58188 50417 23583
is_linear=0
shrinkage=0.0321881


Tree=510
num_leaves=4
num_cat=0
split_feature=16 12 10
split_gain=15.1733 50.7192 45.3808
threshold=170.85297929064339 34.29015554038579 14214.778988031416
decision_type=8 8 2
left_child=-1 2 -2
right_child=1 -3 -4
leaf_value=-0.0017548289481472423 -0.019092711260787466 0.013105597740270753 0.029608699296862169
leaf_weight=1587.1366567300429 115.5169722053397 279.91751169592317 22.862497647671262
leaf_count=50133 2219 5201 330
internal_value=-0.000287383 0.00512618 -0.0105501
internal_weight=2005.43 418.297 138.379
internal_count=57883 7750 2549
is_linear=0
shrinkage=0.0321881


Tree=511
num_leaves=4
num_cat=0
split_feature=5 28 7
split_gain=11.4375 19.841 14.2726
threshold=5.3406612760261511 0.92763434483491436 25635.356685849951
decision_type=2 2 2
left_child=2 -2 -1
right_child=1 -3 -4
leaf_value=0 -0.008249928544135832 0.029911412932286108 -0.021892821556703142
leaf_weight=1898.723630002889 20.244594164760201 34.11605339020025 31.194602035564458
leaf_count=55507 589 546 1166
internal_value=0 0.0145589 -0.000379156
internal_weight=1984.28 54.3606 1929.92
internal_count=57808 1135 56673
is_linear=0
shrinkage=0.0321881


Tree=512
num_leaves=4
num_cat=1
split_feature=41 2 1
split_gain=14.0309 16.0379 13.8033
threshold=0 38.888032208932309 33.408322795899878
decision_type=9 2 2
left_child=1 -1 -2
right_child=2 -3 -4
leaf_value=-0.0028886014836729894 -0.00015881437686107966 0.026154477912597809 -0.020197327489525272
leaf_weight=27.659567249051179 1862.1219241014333 46.767165239434689 36.258435409690719
leaf_count=530 56433 476 427
internal_value=0 0.0128165 -0.000574538
internal_weight=1972.81 74.4267 1898.38
internal_count=57866 1006 56860
cat_boundaries=0 1
cat_threshold=512
is_linear=0
shrinkage=0.0321881


Tree=513
num_leaves=4
num_cat=0
split_feature=25 22 25
split_gain=13.9601 20.5098 30.1398
threshold=2.5093114522075508 105.07576463595075 15.982821395926058
decision_type=2 2 2
left_child=-1 -2 -3
right_child=1 2 -4
leaf_value=0.0020469549293427409 -0.024374930509376322 -0.0038760969317649862 0.041887633738419756
leaf_weight=1570.0172161803639 48.1560260916267 352.37481051863142 15.208256396930663
leaf_count=37129 11593 8749 288
internal_value=0.00063 -0.00456605 -0.00178375
internal_weight=1985.76 415.739 367.583
internal_count=57759 20630 9037
is_linear=0
shrinkage=0.0321881


Tree=514
num_leaves=4
num_cat=0
split_feature=7 32 23
split_gain=14.2654 23.2302 23.8326
threshold=-1037.3418833205185 -0.11391272431726579 53.766884914525171
decision_type=2 2 2
left_child=1 -1 -3
right_child=-2 2 -4
leaf_value=-0.009163675612398189 0.0016353395116573937 0 0.036201106286670143
leaf_weight=359.84784541561748 1474.25994385167 137.26107524960025 22.166398234083317
leaf_count=9920 41601 6129 424
internal_value=0 -0.00456722 0.00540685
internal_weight=1993.54 519.275 159.427
internal_count=58074 16473 6553
is_linear=0
shrinkage=0.0321881


Tree=515
num_leaves=4
num_cat=0
split_feature=32 10 36
split_gain=16.2975 28.8421 27.2915
threshold=0.58271791634792658 8060.6461651789996 0.84822263505422868
decision_type=2 2 2
left_child=2 -2 -1
right_child=1 -3 -4
leaf_value=0.012567663767127773 0.0082075066947609777 -0.03099110303531909 -0.00065394552863560378
leaf_weight=177.7387268417915 29.984540937974089 45.741157947199099 1725.9627360667946
leaf_count=8288 1982 4567 42964
internal_value=-2.66614e-06 -0.0146543 0.000548445
internal_weight=1979.43 75.7257 1903.7
internal_count=57801 6549 51252
is_linear=0
shrinkage=0.0321881


Tree=516
num_leaves=4
num_cat=1
split_feature=13 41 10
split_gain=13.297 14.8976 39.236
threshold=41.910406701120998 0 5455.3748429715861
decision_type=10 9 2
left_child=1 2 -1
right_child=-2 -3 -4
leaf_value=0.023277946430467794 -0.017509502019513134 -0.0011469728435569459 0.00077604445025962314
leaf_weight=100.83775380113366 42.972317940031644 1422.7265597873557 423.26834310082995
leaf_count=2516 8162 31598 15419
internal_value=0.000109362 0.000533058 0.00513746
internal_weight=1989.8 1946.83 524.106
internal_count=57695 49533 17935
cat_boundaries=0 1
cat_threshold=538
is_linear=0
shrinkage=0.0321881


Tree=517
num_leaves=4
num_cat=0
split_feature=32 5 4
split_gain=13.8027 65.9067 51.9148
threshold=-0.11391272431726579 4.5081477168508153 288.2882691026968
decision_type=2 2 2
left_child=-1 2 -2
right_child=1 -3 -4
leaf_value=-0.0018074277926811058 -0.012167830294101418 -0.035932914088136654 0.012553243774346181
leaf_weight=1428.1331907271124 109.16942646024472 38.790931363495474 413.09619671886321
leaf_count=35507 3874 1013 17519
internal_value=-9.56667e-05 0.00414696 0.00726071
internal_weight=1989.19 561.057 522.266
internal_count=57913 22406 21393
is_linear=0
shrinkage=0.0321881


Tree=518
num_leaves=4
num_cat=0
split_feature=13 6 10
split_gain=14.8026 14.9666 49.9363
threshold=41.140760463161023 112.21981466774385 7394.3508612304513
decision_type=10 2 2
left_child=1 -1 -3
right_child=-2 2 -4
leaf_value=-0.00012806794592688046 -0.015187556185916327 -0.03163274342385422 0.019433398054910875
leaf_weight=1783.1154050538935 62.956372476495744 22.825906719488557 118.70349051708763
leaf_count=45254 10282 353 2081
internal_value=0.000101946 0.000636973 0.010709
internal_weight=1987.6 1924.64 141.529
internal_count=57970 47688 2434
is_linear=0
shrinkage=0.0321881


Tree=519
num_leaves=4
num_cat=0
split_feature=5 4 3
split_gain=13.84 17.9732 23.8693
threshold=1.0337102836079712 1068.3348198750739 181.53948346718639
decision_type=2 2 2
left_child=1 -1 -3
right_child=-2 2 -4
leaf_value=-0.0090667071007187842 0.0016676248050661127 -0.008214227171262644 0.010312701064078987
leaf_weight=345.68344600565615 1352.5289135730382 130.69621178945818 156.75101889986763
leaf_count=11256 37577 4568 4293
internal_value=-0.000137623 -0.00409384 0.00166767
internal_weight=1985.66 633.131 287.447
internal_count=57694 20117 8861
is_linear=0
shrinkage=0.0321881


Tree=520
num_leaves=4
num_cat=0
split_feature=33 21 32
split_gain=15.649 31.363 28.8558
threshold=-0.57830730159644039 102.60893384779833 -0.33447160329628733
decision_type=2 2 2
left_child=1 -1 -3
right_child=-2 2 -4
leaf_value=-0.014714181661499487 0.0037433677764994663 -0.0060926002577058758 0.0046338865554395444
leaf_weight=175.55541306954547 760.60049601486753 459.54586982552428 597.25076536319102
leaf_count=8387 25547 10528 13598
internal_value=8.28709e-05 -0.00212498 0
internal_weight=1992.95 1232.35 1056.8
internal_count=58060 32513 24126
is_linear=0
shrinkage=0.0321881


Tree=521
num_leaves=4
num_cat=0
split_feature=16 14 10
split_gain=12.6186 14.4921 35.4579
threshold=252.14483259218417 493.33348867486205 12336.077109752658
decision_type=10 8 2
left_child=1 2 -1
right_child=-2 -3 -4
leaf_value=0.0016402848065904083 -0.029176419933130911 0.0068047044627124326 -0.0093778657006484707
leaf_weight=1272.2122754823358 15.032929922614128 294.28368742230668 395.08320719939366
leaf_count=37096 672 5189 14769
internal_value=0 0.00019576 -0.000933347
internal_weight=1976.61 1961.58 1667.3
internal_count=57726 57054 51865
is_linear=0
shrinkage=0.0321881


Tree=522
num_leaves=4
num_cat=0
split_feature=10 33 36
split_gain=13.6358 11.3565 17.983
threshold=1636.446172546707 0.30419575848663211 0.84822263505422868
decision_type=2 2 2
left_child=-1 2 -2
right_child=1 -3 -4
leaf_value=-0.029110835908363872 0.0090078032845494291 -0.018046665229281715 -0.00072260820094175175
leaf_weight=16.552925563002646 221.13718800743663 35.167886270537565 1732.5569199377424
leaf_count=723 6455 8244 42587
internal_value=-0.000224085 0 0.000347131
internal_weight=2005.41 1988.86 1953.69
internal_count=58009 57286 49042
is_linear=0
shrinkage=0.0321881


Tree=523
num_leaves=4
num_cat=0
split_feature=14 22 32
split_gain=14.6715 12.7875 12.7001
threshold=165.38591058341453 851.83023505095173 -0.89803045503171364
decision_type=8 2 2
left_child=1 2 -1
right_child=-2 -3 -4
leaf_value=0.0011770449333731736 0.00034923906771653675 0.03115617608988908 -0.017941345759056367
leaf_weight=44.729082165955333 1827.2403076489572 6.4977671634405842 109.00495939683606
leaf_count=1601 48757 130 7513
internal_value=-0.000436626 -0.00978262 -0.0119719
internal_weight=1987.47 160.232 153.734
internal_count=58001 9244 9114
is_linear=0
shrinkage=0.0321881


Tree=524
num_leaves=4
num_cat=1
split_feature=41 2 32
split_gain=13.6638 14.5462 23.9286
threshold=0 40.827641362034569 -0.11391272431726579
decision_type=9 2 2
left_child=-1 2 -2
right_child=1 -3 -4
leaf_value=-0.010671151415412406 -0.0033841924977856363 0.0058465068662887512 0.0058193034449066207
leaf_weight=100.5826253380983 997.99773752029068 472.76720713908435 411.84723080590629
leaf_count=2610 30164 5747 19366
internal_value=0.000271741 0.000943153 -0.000649949
internal_weight=1983.19 1882.61 1409.84
internal_count=57887 55277 49530
cat_boundaries=0 1
cat_threshold=64
is_linear=0
shrinkage=0.0321881


Tree=525
num_leaves=4
num_cat=1
split_feature=44 17 32
split_gain=11.8763 52.4058 27.0471
threshold=0 2.4392300225175325 0.60491889272637911
decision_type=9 10 2
left_child=1 -1 -2
right_child=2 -3 -4
leaf_value=0.11266841635346707 0 0.0042039329306395035 -0.02103845859685298
leaf_weight=5.0231225419120156 1855.5501288940832 52.004592241777573 65.345498387716361
leaf_count=209 47671 4035 5913
internal_value=-0.000227413 0.0130226 -0.000719532
internal_weight=1977.92 57.0277 1920.9
internal_count=57828 4244 53584
cat_boundaries=0 1
cat_threshold=132100
is_linear=0
shrinkage=0.0321881


Tree=526
num_leaves=4
num_cat=1
split_feature=9 42 10
split_gain=13.6563 18.5536 23.1055
threshold=23.507648675601661 0 10283.316616369719
decision_type=10 9 2
left_child=1 2 -1
right_child=-2 -3 -4
leaf_value=0.024269796722806533 -0.028916322164278915 -0.00053187120785851182 -0.0026486946815059893
leaf_weight=74.318537443657988 16.49487689990201 1840.3580691383431 52.312250103255792
leaf_count=1385 453 54597 1275
internal_value=5.58461e-06 0.000283951 0.0117381
internal_weight=1983.48 1966.99 126.631
internal_count=57710 57257 2660
cat_boundaries=0 1
cat_threshold=393812
is_linear=0
shrinkage=0.0321881


Tree=527
num_leaves=4
num_cat=1
split_feature=21 44 10
split_gain=12.8047 35.1307 18.1219
threshold=120.87750147600546 0 12336.077109752658
decision_type=2 9 2
left_child=1 -1 -2
right_child=2 -3 -4
leaf_value=-0.0014035197454640394 0.0039165287385284769 -0.025693073581183248 -0.0014035197454640394
leaf_weight=482.96771861143861 1097.3285138619831 59.561647122827708 342.79011247816379
leaf_count=12123 21895 14820 8893
internal_value=-5.90433e-05 -0.00430304 0.001496
internal_weight=1982.65 542.529 1440.12
internal_count=57731 26943 30788
cat_boundaries=0 1
cat_threshold=1065287
is_linear=0
shrinkage=0.0321881


Tree=528
num_leaves=4
num_cat=0
split_feature=22 5 3
split_gain=11.7475 14.3118 37.2608
threshold=896.99644631003537 1.2414692785298518 273.15104167516887
decision_type=2 2 2
left_child=1 2 -1
right_child=-2 -3 -4
leaf_value=-0.0058127625646861338 0.017946533570835685 0.002322486088968425 0.0087167657140671366
leaf_weight=866.22591657433441 36.090280318865553 932.18244219413464 142.34349607522745
leaf_count=30438 677 24837 1853
internal_value=-0.000141669 -0.000513002 -0.0031968
internal_weight=1976.84 1940.75 1008.57
internal_count=57805 57128 32291
is_linear=0
shrinkage=0.0321881


Tree=529
num_leaves=4
num_cat=0
split_feature=14 2 17
split_gain=11.931 32.1767 50.6266
threshold=215.32728180580281 13.028412260347826 5.593322989137099
decision_type=8 2 8
left_child=-1 2 -2
right_child=1 -3 -4
leaf_value=-0.0055115582656750615 0.10096875088677433 0.00038687754205196206 0.0040067528315311535
leaf_weight=349.32046783851547 8.2943826027767518 1594.1429068193102 20.6674573941782
leaf_count=27626 1475 22463 6208
internal_value=-8.79714e-05 0.00104068 0.0345511
internal_weight=1972.43 1623.1 28.9618
internal_count=57772 30146 7683
is_linear=0
shrinkage=0.0321881


Tree=530
num_leaves=4
num_cat=1
split_feature=25 44 25
split_gain=13.5257 20.9103 24.442
threshold=4.4156757531794346 0 13.455915082263539
decision_type=2 9 2
left_child=-1 2 -2
right_child=1 -3 -4
leaf_value=0.0012522403200116901 -0.0057420029685517375 -0.018587774872599317 0.032172756676185646
leaf_weight=1793.6063686233865 72.418924346857239 83.951441259516287 22.561563206167193
leaf_count=43650 1583 11247 1275
internal_value=0.000379251 -0.00800614 0.00240082
internal_weight=1972.54 178.932 94.9805
internal_count=57755 14105 2858
cat_boundaries=0 1
cat_threshold=4162
is_linear=0
shrinkage=0.0321881


Tree=531
num_leaves=4
num_cat=0
split_feature=11 14 10
split_gain=12.7962 19.2627 29.0347
threshold=27.459678517903736 464.33715273460587 14158.38145479078
decision_type=10 10 2
left_child=-1 -2 -3
right_child=1 2 -4
leaf_value=0.0010051068549246937 -0.013244998517183977 -0.0042205564445793025 0.031494560669617748
leaf_weight=1648.5222142510247 176.06141031306834 124.42238228110364 28.506881028559292
leaf_count=45575 10134 1749 377
internal_value=-0.00011885 -0.00594096 0.00205952
internal_weight=1977.51 328.991 152.929
internal_count=57835 12260 2126
is_linear=0
shrinkage=0.0321881


Tree=532
num_leaves=4
num_cat=0
split_feature=10 30 10
split_gain=12.993 12.2971 19.0611
threshold=2143.8089962931526 0.92106191567533924 10748.232873733637
decision_type=2 2 2
left_child=-1 2 -2
right_child=1 -3 -4
leaf_value=-0.023306120227172013 0.0035861137109624627 -0.0069959567475811075 -0.0033385269657655796
leaf_weight=25.186641236567084 1037.9858792701998 237.10422553415628 676.36278337107797
leaf_count=1181 28222 4430 24094
internal_value=-0.000431139 -0.000100472 0.0008169
internal_weight=1976.64 1951.45 1714.35
internal_count=57927 56746 52316
is_linear=0
shrinkage=0.0321881


Tree=533
num_leaves=4
num_cat=2
split_feature=10 44 44
split_gain=10.6261 87.3835 56.4997
threshold=10283.316616369719 0 1
decision_type=2 9 9
left_child=2 -2 -1
right_child=1 -3 -4
leaf_value=0.014120895252112315 0.0019116434950644991 -0.024753659123044069 -0.0022112246318557768
leaf_weight=287.73727200276699 732.04280389717678 143.05639942505877 813.04408050098573
leaf_count=12342 13411 15290 16623
internal_value=0 -0.00264116 0.00211033
internal_weight=1975.88 875.099 1100.78
internal_count=57666 28701 28965
cat_boundaries=0 1 2
cat_threshold=148627 266820
is_linear=0
shrinkage=0.0321881


Tree=534
num_leaves=4
num_cat=0
split_feature=8 31 16
split_gain=11.8065 11.8422 22.0803
threshold=-29.859799346566877 -0.94831328778062174 163.02342041136083
decision_type=2 2 8
left_child=-1 2 -2
right_child=1 -3 -4
leaf_value=-0.0097296847563854236 -0.011167056650862504 0.0017065242389126439 0.0093128295813271963
leaf_weight=121.53561956366684 200.18068878995837 1590.9575186139591 71.530855074102874
leaf_count=6393 13025 37099 1508
internal_value=0 0.000615006 -0.00553789
internal_weight=1984.2 1862.67 271.712
internal_count=58025 51632 14533
is_linear=0
shrinkage=0.0321881


Tree=535
num_leaves=4
num_cat=0
split_feature=10 10 10
split_gain=18.6149 14.838 21.8569
threshold=17253.279512906676 3152.1796032268294 4969.9182196862394
decision_type=2 2 2
left_child=1 -1 -3
right_child=-2 2 -4
leaf_value=-0.014700516897559459 0.028511361909228723 0.011212741456587029 -0.00026625154586094733
leaf_weight=65.269771727904299 24.422874644435069 190.05206216240185 1687.6562565335298
leaf_count=2527 705 4083 50434
internal_value=0.000691523 0.000305621 0.000862945
internal_weight=1967.4 1942.98 1877.71
internal_count=57749 57044 54517
is_linear=0
shrinkage=0.0321881


Tree=536
num_leaves=4
num_cat=1
split_feature=11 44 12
split_gain=13.1543 18.6788 37.3894
threshold=27.210016681128419 0 35.544217949308148
decision_type=8 9 8
left_child=-1 2 -2
right_child=1 -3 -4
leaf_value=0.0014077222799372666 -0.0085216018063314688 -0.011235193822042844 0.023278615048245108
leaf_weight=1603.9529962681845 101.0686609166296 215.25989728599598 60.339028919959674
leaf_count=43376 1542 12094 903
internal_value=0.000104954 -0.00527099 0.0028148
internal_weight=1980.62 376.668 161.408
internal_count=57915 14539 2445
cat_boundaries=0 1
cat_threshold=136198
is_linear=0
shrinkage=0.0321881


Tree=537
num_leaves=4
num_cat=0
split_feature=36 36 22
split_gain=13.5925 35.9845 34.9697
threshold=0.84822263505422868 0.10992639736769576 469.67975607805278
decision_type=2 2 2
left_child=1 2 -1
right_child=-2 -3 -4
leaf_value=-0.00073556983887144349 -0.0011644201287785826 0.04034138707407809 0.055389589152613557
leaf_weight=206.83734446277595 1725.4302128770942 29.329072521322814 11.841469531005712
leaf_count=14041 42916 446 212
internal_value=-0.000119711 0.00688609 0.00206933
internal_weight=1973.44 248.008 218.679
internal_count=57615 14699 14253
is_linear=0
shrinkage=0.0321881


Tree=538
num_leaves=4
num_cat=0
split_feature=33 29 21
split_gain=13.8637 40.962 86.0222
threshold=-0.65349580339925251 7.7035967284424256 246.78570657160176
decision_type=2 2 2
left_child=1 -1 -3
right_child=-2 2 -4
leaf_value=0.0010875304743114321 0.0033378580197752595 -0.032450387213430701 0.005015707815293949
leaf_weight=882.13623749042745 848.7653876766708 125.49740544982342 123.15133231635264
leaf_count=23255 27783 4164 2659
internal_value=0.000199972 -0.00209921 -0.0136511
internal_weight=1979.55 1130.78 248.649
internal_count=57861 30078 6823
is_linear=0
shrinkage=0.0321881


Tree=539
num_leaves=4
num_cat=0
split_feature=16 14 10
split_gain=11.3185 11.8102 36.8145
threshold=252.14483259218417 500.03114833924212 13102.930612214801
decision_type=10 10 2
left_child=1 -1 -3
right_child=-2 2 -4
leaf_value=-0.001054941499526453 -0.028574622607345671 -0.00015358074411621033 0.027863948492719861
leaf_weight=1688.7468086323861 14.311368218302958 199.13219387846766 62.227253401011694
leaf_count=53524 680 2763 902
internal_value=-0.000280612 -3.68646e-05 0.00629285
internal_weight=1964.42 1950.11 261.359
internal_count=57869 57189 3665
is_linear=0
shrinkage=0.0321881


Tree=540
num_leaves=4
num_cat=0
split_feature=22 14 2
split_gain=13.5286 13.207 21.8822
threshold=896.99644631003537 285.90683856383868 39.631738750424553
decision_type=2 10 2
left_child=1 2 -1
right_child=-2 -3 -4
leaf_value=-0.0090412374395038332 0.020051346827471169 0.0016248552499536673 0.0023592757482157134
leaf_weight=385.77428994249567 34.14196528843604 1247.4875288114054 305.42503061881871
leaf_count=35459 689 17830 3895
internal_value=5.84394e-06 -0.000316732 -0.00391241
internal_weight=1972.83 1938.69 691.199
internal_count=57873 57184 39354
is_linear=0
shrinkage=0.0321881


Tree=541
num_leaves=4
num_cat=0
split_feature=33 33 29
split_gain=10.7559 11.7456 37.9017
threshold=0.4505836462790454 -0.65349580339925251 7.7278592326743665
decision_type=2 2 2
left_child=1 2 -1
right_child=-2 -3 -4
leaf_value=0.00094196204244771458 -0.028746503583778157 0.0029783206500320625 -0.013417231378490662
leaf_weight=890.49631068262534 13.270809445471967 835.71470839665562 239.94772180434666
leaf_count=23362 7211 20788 6729
internal_value=-0.000110348 5.39848e-05 -0.00205176
internal_weight=1979.43 1966.16 1130.44
internal_count=58090 50879 30091
is_linear=0
shrinkage=0.0321881


Tree=542
num_leaves=4
num_cat=0
split_feature=10 5 10
split_gain=12.536 15.3778 13.6014
threshold=3015.4877099897253 2.1648347920218551 5053.332276350563
decision_type=2 2 2
left_child=1 -1 -2
right_child=2 -3 -4
leaf_value=-0.0018476983848044123 0.0079902910177725144 -0.037852522347258361 -0.00073116486003295649
leaf_weight=42.571749337701476 207.09250194413107 19.891679658729117 1712.5105902836622
leaf_count=1678 4658 700 51004
internal_value=-0.000252428 -0.0144291 0.000177425
internal_weight=1982.07 62.4634 1919.6
internal_count=58040 2378 55662
is_linear=0
shrinkage=0.0321881


Tree=543
num_leaves=4
num_cat=0
split_feature=31 14 6
split_gain=10.5428 19.2975 12.2932
threshold=0.51452505592600561 401.05712323033475 112.21981466774385
decision_type=2 8 2
left_child=2 -2 -1
right_child=1 -3 -4
leaf_value=0.00013320043696337489 -0.023705662390093852 0.0022122370189754949 0.010078430476200112
leaf_weight=1704.2865811878619 51.773845789015468 60.404912616540969 140.43335057057266
leaf_count=53377 869 896 2618
internal_value=0.000311515 -0.00920781 0.000926023
internal_weight=1956.9 112.179 1844.72
internal_count=57760 1765 55995
is_linear=0
shrinkage=0.0321881


Tree=544
num_leaves=4
num_cat=0
split_feature=22 5 30
split_gain=11.9517 13.9473 43.7174
threshold=896.99644631003537 1.2765032824519336 -0.55035203424187029
decision_type=2 2 2
left_child=1 -1 -3
right_child=-2 2 -4
leaf_value=-0.0032136671245430073 0.017842280728650347 -0.0076720066745243421 0.0072042339399348426
leaf_weight=1008.5515221261121 36.902948506642133 302.59358602422435 618.91173331184109
leaf_count=32721 685 5750 18633
internal_value=-0.000192346 -0.000572315 0.00224952
internal_weight=1966.96 1930.06 921.505
internal_count=57789 57104 24383
is_linear=0
shrinkage=0.0321881


Tree=545
num_leaves=4
num_cat=0
split_feature=33 36 20
split_gain=10.8534 16.2037 28.067
threshold=0.3884102688835861 0.84822263505422868 58.516142791049653
decision_type=2 2 2
left_child=1 -1 -3
right_child=-2 2 -4
leaf_value=0.0081983141844892745 -0.026231267467410106 -0.0075203382710054608 0.0016353743276443422
leaf_weight=229.72412520366925 16.047893383998598 480.01020966371289 1231.293238028913
leaf_count=7131 7709 16479 26573
internal_value=-3.87236e-05 0.000148195 -0.000896219
internal_weight=1957.08 1941.03 1711.3
internal_count=57892 50183 43052
is_linear=0
shrinkage=0.0321881


Tree=546
num_leaves=4
num_cat=1
split_feature=9 42 13
split_gain=13.4315 14.9252 15.4062
threshold=24.764373644362141 0 29.585631903729873
decision_type=10 9 8
left_child=1 2 -1
right_child=-2 -3 -4
leaf_value=0.027769818402785675 -0.029980244070501417 -0.00037343802656200316 -0.0011345642517939889
leaf_weight=43.017609659655136 15.183501869476457 1882.1942555509904 27.000833874371892
leaf_count=527 462 56326 429
internal_value=-3.17335e-05 0.000172182 0.0137882
internal_weight=1967.4 1952.21 70.0184
internal_count=57744 57282 956
cat_boundaries=0 1
cat_threshold=131652
is_linear=0
shrinkage=0.0321881


Tree=547
num_leaves=4
num_cat=0
split_feature=33 32 22
split_gain=12.2164 41.7606 60.8597
threshold=-0.64724392757655413 -0.38521764513618745 493.84130367498796
decision_type=2 2 2
left_child=1 2 -1
right_child=-2 -3 -4
leaf_value=-0.02385904152785754 0.0033728552210981811 0.0024196112182106847 0.0023793173041867289
leaf_weight=182.73570252572972 849.57191523034999 773.13805803599098 175.38057318646315
leaf_count=5565 27591 20698 3978
internal_value=0.000430849 -0.00172255 -0.0108385
internal_weight=1980.83 1131.25 358.116
internal_count=57832 30241 9543
is_linear=0
shrinkage=0.0321881


Tree=548
num_leaves=4
num_cat=1
split_feature=8 43 5
split_gain=14.2116 13.813 21.8731
threshold=115.76223812868975 0 2.7363057862341083
decision_type=2 9 2
left_child=-1 2 -2
right_child=1 -3 -4
leaf_value=-0.0064581948703313881 0.020148508326428217 0 -0.0064198452714199564
leaf_weight=319.06841921771957 92.850033253285801 1512.9065749383662 44.252749463808868
leaf_count=16063 4019 36199 1632
internal_value=-0.000216207 0.000952987 0.0103587
internal_weight=1969.08 1650.01 137.103
internal_count=57913 41850 5651
cat_boundaries=0 1
cat_threshold=16
is_linear=0
shrinkage=0.0321881


Tree=549
num_leaves=4
num_cat=0
split_feature=30 2 10
split_gain=12.0835 26.1454 25.4127
threshold=0.77252711792581741 46.959560168115836 10169.923348042399
decision_type=2 2 2
left_child=2 -2 -1
right_child=1 -3 -4
leaf_value=0.0056165151237367707 -0.0070600595626685173 0.017658985286992276 -0.0026528481465448736
leaf_weight=865.15091713697984 385.14438483163394 48.752052138443105 681.75813181427293
leaf_count=24132 8210 591 25023
internal_value=0.000571327 -0.00412782 0.001931
internal_weight=1980.81 433.896 1546.91
internal_count=57956 8801 49155
is_linear=0
shrinkage=0.0321881


Tree=550
num_leaves=4
num_cat=0
split_feature=11 31 14
split_gain=12.1032 17.4994 16.9494
threshold=27.093641323194699 0.45137366238430365 320.30197552307209
decision_type=10 2 8
left_child=1 -1 -3
right_child=-2 2 -4
leaf_value=0.0022788066787634569 -0.0050575598037740765 -0.029200949853227406 -0.00047852414027213112
leaf_weight=1485.0149932739914 374.91126874131442 36.036215857486241 63.094141678862798
leaf_count=42401 13640 634 1001
internal_value=0.000105482 0.00136817 -0.0116055
internal_weight=1959.06 1584.15 99.1304
internal_count=57676 44036 1635
is_linear=0
shrinkage=0.0321881


Tree=551
num_leaves=4
num_cat=1
split_feature=44 5 10
split_gain=11.181 74.6761 78.1703
threshold=0 3.005567254610416 6720.7833034750611
decision_type=9 2 2
left_child=-1 -2 -3
right_child=1 2 -4
leaf_value=0.0008387412556758113 -0.013059471589572619 0.072327424652959674 -0.0049556520437674589
leaf_weight=1648.4330299250141 261.09886001778432 23.450482253952941 28.408684847323457
leaf_count=41477 14346 638 1348
internal_value=-0.000197145 -0.00569815 0.0289388
internal_weight=1961.39 312.958 51.8592
internal_count=57809 16332 1986
cat_boundaries=0 1
cat_threshold=394311
is_linear=0
shrinkage=0.0321881


Tree=552
num_leaves=4
num_cat=0
split_feature=22 2 32
split_gain=14.293 13.5524 44.3915
threshold=896.99644631003537 28.805737483885327 -0.11391272431726579
decision_type=2 2 2
left_child=1 2 -1
right_child=-2 -3 -4
leaf_value=-0.011099987773566525 0.020100359973005334 0.0010527271275369437 0.0079271533626621895
leaf_weight=387.55056301055447 34.611631981679238 1344.6104063800449 184.95076452610192
leaf_count=23184 681 18301 15698
internal_value=-0.00027107 -0.000674515 -0.00484118
internal_weight=1951.72 1917.11 572.501
internal_count=57864 57183 38882
is_linear=0
shrinkage=0.0321881


Tree=553
num_leaves=4
num_cat=2
split_feature=9 42 43
split_gain=10.4036 13.6597 19.2144
threshold=23.507648675601661 0 1
decision_type=10 9 9
left_child=1 2 -1
right_child=-2 -3 -4
leaf_value=0.0094776252317999871 -0.025687362676325369 0.013138758457463517 -0.0013346091899251902
leaf_weight=178.40994877962657 15.853907987584533 72.098067003542383 1712.2598569215115
leaf_count=9290 464 1011 47181
internal_value=4.74108e-05 0.000290802 -0.000235278
internal_weight=1978.62 1962.77 1890.67
internal_count=57946 57482 56471
cat_boundaries=0 1 2
cat_threshold=279650 16
is_linear=0
shrinkage=0.0321881


Tree=554
num_leaves=4
num_cat=0
split_feature=31 14 6
split_gain=11.6372 19.2432 12.706
threshold=0.42245439154292785 382.17642065194946 7.2475427623728779
decision_type=2 8 2
left_child=2 -2 -1
right_child=1 -3 -4
leaf_value=-0.002145542872869213 -0.021325725359934024 0.00063027815233268202 0.0032284044391604951
leaf_weight=869.68527021762202 68.538279486703686 90.43587884788576 945.13975573845346
leaf_count=28206 1146 1331 27352
internal_value=-8.1172e-05 -0.00845317 0.000618111
internal_weight=1973.8 158.974 1814.83
internal_count=58035 2477 55558
is_linear=0
shrinkage=0.0321881


Tree=555
num_leaves=4
num_cat=0
split_feature=6 26 30
split_gain=12.9198 16.3103 15.4425
threshold=7.2475427623728779 0.0526517251129777 -0.48875867096253017
decision_type=2 2 2
left_child=-1 -2 -3
right_child=1 2 -4
leaf_value=-0.0033670663330041825 -0.0031230987231237691 0.00098626603608545273 0.0089982407425876001
leaf_weight=936.13875260434361 403.8356388334505 219.37295033889313 413.64697166715632
leaf_count=29278 13998 3673 10918
internal_value=-0.000602035 0.00183319 0.00509563
internal_weight=1972.99 1036.86 633.02
internal_count=57867 28589 14591
is_linear=0
shrinkage=0.0321881


Tree=556
num_leaves=4
num_cat=0
split_feature=10 10 12
split_gain=15.2495 15.7874 34.733
threshold=3414.0612649380187 4969.9182196862394 26.455368721100175
decision_type=2 2 10
left_child=-1 2 -2
right_child=1 -3 -4
leaf_value=-0.013400145316134935 -0.0096163119381241988 -0.00027813557573268884 0.020325073800911538
leaf_weight=83.688166822586936 58.155975155284978 1713.5827854986692 114.84282478464593
leaf_count=2970 1136 51307 2516
internal_value=0 0.000621904 0.0098928
internal_weight=1970.27 1886.58 172.999
internal_count=57929 54959 3652
is_linear=0
shrinkage=0.0321881


Tree=557
num_leaves=4
num_cat=1
split_feature=9 42 2
split_gain=11.4009 10.576 20.8936
threshold=24.764373644362141 0 35.620891439865865
decision_type=10 9 2
left_child=1 2 -1
right_child=-2 -3 -4
leaf_value=-0.0067157806105289071 -0.026455113437884419 -0.00011116027003774518 0.027945656409873509
leaf_weight=26.928370389759948 16.334029292425839 1881.1015809100281 42.265435270383023
leaf_count=516 466 56569 435
internal_value=8.42007e-05 0.000342313 0.0118547
internal_weight=1966.63 1950.3 69.1938
internal_count=57986 57520 951
cat_boundaries=0 1
cat_threshold=131652
is_linear=0
shrinkage=0.0321881


Tree=558
num_leaves=4
num_cat=1
split_feature=13 44 10
split_gain=12.8641 33.0035 13.5018
threshold=41.140760463161023 0 12141.607254782612
decision_type=8 9 2
left_child=2 -2 -1
right_child=1 -3 -4
leaf_value=0.001997377293250125 0.024913146442947998 -0.021578463822405625 -0.0042059051515730425
leaf_weight=1396.8232597798415 11.032246260656391 63.033102605742897 488.91348446649499
leaf_count=32158 562 11047 14133
internal_value=-0.000129764 -0.01329 0.000354959
internal_weight=1959.8 74.0653 1885.74
internal_count=57900 11609 46291
cat_boundaries=0 1
cat_threshold=131648
is_linear=0
shrinkage=0.0321881


Tree=559
num_leaves=4
num_cat=1
split_feature=44 10 12
split_gain=11.625 32.6914 30.9211
threshold=0 10441.683481942566 5.8899483511470523
decision_type=9 2 10
left_child=1 -1 -3
right_child=-2 2 -4
leaf_value=0.018474758253255532 -0.00034605427437202888 0.069713597065240565 -0.019277663217716335
leaf_weight=116.41433271278947 1807.2434131933896 3.943514663304085 49.887980410017917
leaf_count=9915 37721 571 9832
internal_value=0.00039824 0.00820161 -0.0113035
internal_weight=1977.49 170.246 53.8315
internal_count=58039 20318 10403
cat_boundaries=0 1
cat_threshold=394308
is_linear=0
shrinkage=0.0321881


Tree=560
num_leaves=4
num_cat=0
split_feature=11 16 12
split_gain=13.181 16.0348 40.3241
threshold=27.030899922176371 161.10776716745605 31.773173120101216
decision_type=10 10 10
left_child=-1 2 -2
right_child=1 -3 -4
leaf_value=0.0014524996558038837 0.01368365228591569 0 -0.024246934587847265
leaf_weight=1572.226907930326 37.65255821089886 245.81797026967979 104.6424528423031
leaf_count=43805 5386 3466 5051
internal_value=0.000109282 -0.00516559 -0.0137572
internal_weight=1960.34 388.113 142.295
internal_count=57708 13903 10437
is_linear=0
shrinkage=0.0321881


Tree=561
num_leaves=4
num_cat=0
split_feature=7 16 12
split_gain=11.0838 10.6466 50.1014
threshold=29505.817514302365 163.02342041136083 32.89213785357375
decision_type=2 8 10
left_child=1 2 -1
right_child=-2 -3 -4
leaf_value=0.0016419011035422022 -0.021931082863246951 0.0039750528547281292 -0.013496897082629989
leaf_weight=1119.7134419083923 23.723572941296879 533.37932169548731 282.46908724621608
leaf_count=30598 902 9423 16952
internal_value=-0.000161999 7.45668e-05 -0.00136415
internal_weight=1959.29 1935.56 1402.18
internal_count=57875 56973 47550
is_linear=0
shrinkage=0.0321881


Tree=562
num_leaves=4
num_cat=0
split_feature=10 13 10
split_gain=10.8135 15.0064 26.7748
threshold=17253.279512906676 39.497149071547057 4721.7450815190705
decision_type=2 10 2
left_child=1 -1 -3
right_child=-2 2 -4
leaf_value=0.00032357907750574634 0.020389779138763827 0.021242861374293688 -0.01742806979524647
leaf_weight=1798.685187408515 25.9698114023995 20.680911946914421 111.66605352101033
leaf_count=42574 710 1703 12841
internal_value=-0.000101354 -0.00041238 -0.0108777
internal_weight=1957 1931.03 132.347
internal_count=57828 57118 14544
is_linear=0
shrinkage=0.0321881


Tree=563
num_leaves=4
num_cat=1
split_feature=25 44 32
split_gain=11.4243 21.3416 14.2671
threshold=3.5354614879499082 0 0.44839898074906542
decision_type=2 9 2
left_child=-1 2 -2
right_child=1 -3 -4
leaf_value=0.00051185952023380691 0.0058189888301376736 -0.016266917001216654 -0.028798176388773161
leaf_weight=1717.1939483718961 123.07218384607768 115.6621058173223 13.183660496688388
leaf_count=41569 5659 8462 2234
internal_value=-0.000393109 -0.00680909 0.00182502
internal_weight=1969.11 251.918 136.256
internal_count=57924 16355 7893
cat_boundaries=0 1
cat_threshold=266306
is_linear=0
shrinkage=0.0321881


Tree=564
num_leaves=4
num_cat=0
split_feature=33 32 22
split_gain=11.1697 37.949 59.5555
threshold=-0.66535230801079137 -0.4432019556415715 486.60178452567897
decision_type=2 2 2
left_child=1 2 -1
right_child=-2 -3 -4
leaf_value=-0.028153876973099665 0.0025118436912501423 0.0010653212766622616 0.0011435686004062637
leaf_weight=133.50209025089862 874.55900504179226 821.24431351662497 146.84729630123184
leaf_count=4405 28362 21718 3377
internal_value=-0.000168742 -0.00235476 -0.0125928
internal_weight=1976.15 1101.59 280.349
internal_count=57862 29500 7782
is_linear=0
shrinkage=0.0321881


Tree=565
num_leaves=4
num_cat=0
split_feature=35 11 0
split_gain=13.7802 10.7913 19.7321
threshold=-0.002486361156291157 26.528428655941486 847.04677699473075
decision_type=2 10 2
left_child=-1 -2 -3
right_child=1 2 -4
leaf_value=-0.0062412118616431362 0.0028082059418420647 -0.012513138221337709 0.0024451181389815897
leaf_weight=285.93038171291846 1297.0314946399558 148.58511886023734 223.81362997859833
leaf_count=8757 35618 9943 3349
internal_value=0.000244872 0.00139465 -0.00335638
internal_weight=1955.36 1669.43 372.399
internal_count=57667 48910 13292
is_linear=0
shrinkage=0.0321881


Tree=566
num_leaves=4
num_cat=0
split_feature=29 22 28
split_gain=11.6527 29.1507 23.4324
threshold=9.590875830725949 198.89904093345359 0.32781862975633519
decision_type=2 2 2
left_child=2 -2 -1
right_child=1 -3 -4
leaf_value=-0.008135049827078215 -0.0082625717378495452 0.021623945268396467 0.0013072783888566941
leaf_weight=331.4531065609608 53.343322876851744 82.149911164451623 1503.7780974793423
leaf_count=18817 4329 1314 33491
internal_value=0.000275488 0.00939456 -0.000364188
internal_weight=1970.72 135.493 1835.23
internal_count=57951 5643 52308
is_linear=0
shrinkage=0.0321881


Tree=567
num_leaves=4
num_cat=1
split_feature=5 44 3
split_gain=10.9007 12.586 14.4539
threshold=0.96974181942799464 0 273.15104167516887
decision_type=2 9 2
left_child=1 2 -1
right_child=-2 -3 -4
leaf_value=-0.0028188221665929459 0.0012161006415134059 -0.010366510228286862 0.019415444219517335
leaf_weight=177.68394418809476 1546.8234723362657 194.11977248176117 35.975196977626183
leaf_count=6188 44425 6696 374
internal_value=0 -0.00469815 0.000615707
internal_weight=1954.6 407.779 213.659
internal_count=57683 13258 6562
cat_boundaries=0 1
cat_threshold=393282
is_linear=0
shrinkage=0.0321881


Tree=568
num_leaves=4
num_cat=0
split_feature=32 10 28
split_gain=11.9862 28.5879 26.4874
threshold=0.60491889272637911 8420.0965047902901 0.24596694270430583
decision_type=2 2 2
left_child=-1 2 -2
right_child=1 -3 -4
leaf_value=0.00030317888829754167 -0.026680604356615321 -0.031316874217507978 0.033553509816135758
leaf_weight=1878.458876419154 11.380215545668763 40.097248684240185 18.883447598273051
leaf_count=51047 1688 4304 416
internal_value=-0.00015303 -0.013195 0.00878376
internal_weight=1948.82 70.3609 30.2637
internal_count=57455 6408 2104
is_linear=0
shrinkage=0.0321881


Tree=569
num_leaves=4
num_cat=0
split_feature=21 5 16
split_gain=12.2726 29.1993 26.0971
threshold=264.46039129461843 2.1492712409285351 194.89446738745156
decision_type=2 2 8
left_child=-1 2 -2
right_child=1 -3 -4
leaf_value=-0.0010664879034284914 0.0020824639597220224 0.018630801183671285 0.047365770904599896
leaf_weight=1549.1494796235274 265.01545648204046 123.8673952165118 13.98702229070477
leaf_count=47867 7079 2620 272
internal_value=0.000201164 0.00523142 0.00208246
internal_weight=1952.02 402.87 279.002
internal_count=57838 9971 7351
is_linear=0
shrinkage=0.0321881


Tree=570
num_leaves=4
num_cat=1
split_feature=9 42 4
split_gain=11.4705 12.7396 18.8513
threshold=16.784110346150541 0 491.15499376274619
decision_type=10 9 2
left_child=1 -1 -3
right_child=-2 2 -4
leaf_value=-0.0004977270487819584 -0.02268296435993879 -0.0011340389690433462 0.023137808483084218
leaf_weight=1807.0099513755631 22.760507986400626 60.986248360353784 61.965462983858743
leaf_count=54523 553 1112 1559
internal_value=-6.14651e-05 0.000175069 0.00980643
internal_weight=1952.72 1929.96 122.952
internal_count=57747 57194 2671
cat_boundaries=0 1
cat_threshold=17442
is_linear=0
shrinkage=0.0321881


Tree=571
num_leaves=4
num_cat=1
split_feature=41 4 30
split_gain=11.842 14.0073 12.2263
threshold=0 731.87393181043069 0.73228533579509125
decision_type=9 2 2
left_child=1 -1 -2
right_child=2 -3 -4
leaf_value=-0.019622789041042806 0.0019146233562726787 0.0045912703045802427 -0.0042312487267649988
leaf_weight=69.912921333994746 1399.3663590900323 32.409903743988252 438.3034617830308
leaf_count=1581 45972 957 9263
internal_value=-0.000174625 -0.0103319 0.000411518
internal_weight=1939.99 102.323 1837.67
internal_count=57773 2538 55235
cat_boundaries=0 1
cat_threshold=64
is_linear=0
shrinkage=0.0321881


Tree=572
num_leaves=4
num_cat=2
split_feature=41 44 3
split_gain=11.4531 13.3538 15.7865
threshold=0 1 126.73585449561359
decision_type=9 9 2
left_child=1 -1 -3
right_child=-2 2 -4
leaf_value=0.0032582190156359211 0.00055930705880084905 0.0039865526449331147 -0.032154168376968197
leaf_weight=39.089073153270874 1863.2778416296242 13.216990209322828 44.577881136403448
leaf_count=556 55307 287 1717
internal_value=0 -0.0102617 -0.0194564
internal_weight=1960.16 96.8839 57.7949
internal_count=57867 2560 2004
cat_boundaries=0 1 2
cat_threshold=64 518
is_linear=0
shrinkage=0.0321881


Tree=573
num_leaves=4
num_cat=2
split_feature=42 32 44
split_gain=11.3255 16.5943 44.8306
threshold=0 -0.33447160329628733 1
decision_type=9 2 9
left_child=-1 -2 -3
right_child=1 2 -4
leaf_value=-0.0083418871213122164 -0.0020590418803338945 0.0062558029974275143 -0.025659376161958031
leaf_weight=153.73593577696374 1054.9181101801914 695.63230996603306 38.314226359632812
leaf_count=2493 28154 19376 7767
internal_value=-0.000223467 0.000483569 0.00423095
internal_weight=1942.6 1788.86 733.947
internal_count=57790 55297 27143
cat_boundaries=0 1 2
cat_threshold=17440 262679
is_linear=0
shrinkage=0.0321881


Tree=574
num_leaves=4
num_cat=1
split_feature=35 10 44
split_gain=12.909 10.7087 57.5022
threshold=-0.0026125116302763199 8640.475973743447 0
decision_type=2 2 9
left_child=-1 -2 -3
right_child=1 2 -4
leaf_value=-0.0065217281798558976 -0.002157357660754017 0.0059244429643381643 -0.016375433024805368
leaf_weight=263.91646115785989 624.82114452385576 937.88547998917056 126.36711487043067
leaf_count=8049 17051 25828 7152
internal_value=6.03388e-05 0.00112726 0.00311553
internal_weight=1952.99 1689.07 1064.25
internal_count=58080 50031 32980
cat_boundaries=0 1
cat_threshold=406531
is_linear=0
shrinkage=0.0321881


Tree=575
num_leaves=4
num_cat=0
split_feature=11 15 16
split_gain=10.3946 26.1434 16.9236
threshold=28.010254388912383 1.1284068841918447 171.93096139674236
decision_type=8 10 10
left_child=2 -2 -1
right_child=1 -3 -4
leaf_value=-0.00076650532087908123 0.00045865012819975952 -0.020558872886105552 0.0080202001408949744
leaf_weight=1424.2323376101158 181.41643001383636 88.287650808359103 268.52692347002449
leaf_count=41623 3932 7985 4458
internal_value=-0.00031043 -0.00619749 0.000590659
internal_weight=1962.46 269.704 1692.76
internal_count=57998 11917 46081
is_linear=0
shrinkage=0.0321881


Tree=576
num_leaves=4
num_cat=0
split_feature=16 36 36
split_gain=12.6076 13.1041 25.75
threshold=244.42401383167501 0.84822263505422868 0.10992639736769576
decision_type=10 2 2
left_child=1 2 -1
right_child=-2 -3 -4
leaf_value=0.0028548458610442237 -0.026034841760815029 -0.00086801871160480993 0.03495484543923924
leaf_weight=219.22196863413228 19.024394643296546 1679.521663911175 30.233248407734209
leaf_count=14229 891 42360 453
internal_value=-0.000104829 0.000121055 0.00702984
internal_weight=1948 1928.98 249.455
internal_count=57933 57042 14682
is_linear=0
shrinkage=0.0321881


Tree=577
num_leaves=4
num_cat=0
split_feature=7 16 15
split_gain=13.3955 16.7776 17.1087
threshold=-484.20101338560875 164.85649907814363 0.97843130480088625
decision_type=2 8 8
left_child=1 -1 -3
right_child=-2 2 -4
leaf_value=-0.0077374993827361719 0.001566560668169029 -0.018621735322391121 0.0091640947381550191
leaf_weight=418.63546584756477 1344.0595156423733 26.326778489776189 136.12437736842548
leaf_count=16094 38435 523 2514
internal_value=-0.000164354 -0.00427655 0.00424906
internal_weight=1925.15 581.087 162.451
internal_count=57566 19131 3037
is_linear=0
shrinkage=0.0321881


Tree=578
num_leaves=4
num_cat=0
split_feature=35 31 10
split_gain=10.6964 9.92896 15.3602
threshold=-0.0031427748901575411 -0.93276231609766203 10089.876878520592
decision_type=2 2 2
left_child=-1 2 -2
right_child=1 -3 -4
leaf_value=-0.0073630037069625266 0.0013588187955424333 0.0020680821327697255 -0.012856581961121076
leaf_weight=176.37507814016135 188.14347822609489 1476.4777470949703 127.37193668990767
leaf_count=5502 8144 35360 8927
internal_value=0.000155054 0.000931425 -0.00418349
internal_weight=1968.37 1791.99 315.515
internal_count=57933 52431 17071
is_linear=0
shrinkage=0.0321881


Tree=579
num_leaves=4
num_cat=1
split_feature=16 43 5
split_gain=10.8021 14.1791 31.0987
threshold=237.91894101433198 0 2.7363057862341083
decision_type=10 9 2
left_child=1 2 -1
right_child=-2 -3 -4
leaf_value=0.018085898855343657 -0.019978814562683349 -0.00040514565065578482 -0.010167638440884273
leaf_weight=128.4896716842195 26.829481549211778 1748.3205470994071 55.493136937384406
leaf_count=6762 1115 47315 2665
internal_value=0.000161882 0.000476903 0.00874164
internal_weight=1959.13 1932.3 183.983
internal_count=57857 56742 9427
cat_boundaries=0 1
cat_threshold=16
is_linear=0
shrinkage=0.0321881


Tree=580
num_leaves=4
num_cat=1
split_feature=14 1 41
split_gain=12.2658 17.882 14.0945
threshold=164.29467802576318 24.489660883759381 0
decision_type=8 2 9
left_child=1 -1 -2
right_child=2 -3 -4
leaf_value=-0.016200906064652302 0.010446980581467888 0.0071012271219922565 9.3593288443997687e-05
leaf_weight=103.48329740800546 139.60683007895568 46.235936956305522 1666.9808429913901
leaf_count=8351 1772 541 47250
internal_value=0.000222708 -0.0085802 0.000988521
internal_weight=1956.31 149.719 1806.59
internal_count=57914 8892 49022
cat_boundaries=0 1
cat_threshold=530
is_linear=0
shrinkage=0.0321881


Tree=581
num_leaves=4
num_cat=0
split_feature=5 3 15
split_gain=11.9274 20.6714 18.9836
threshold=1.0557248918273308 275.49561120015886 1.1376597751189348
decision_type=2 2 8
left_child=1 -1 -2
right_child=2 -3 -4
leaf_value=-0.0055460060539203881 0.0039026041053589798 0.01096716829193784 -0.0060683630041937289
leaf_weight=596.4815531910117 1022.5170132275598 88.141456933721201 241.17697262452566
leaf_count=21182 18411 1166 16825
internal_value=6.2908e-05 -0.00332396 0.00194846
internal_weight=1948.32 684.623 1263.69
internal_count=57584 22348 35236
is_linear=0
shrinkage=0.0321881


Tree=582
num_leaves=4
num_cat=1
split_feature=7 42 2
split_gain=10.9441 11.2739 25.7314
threshold=27492.448737955616 0 35.18128720069317
decision_type=2 9 2
left_child=1 2 -1
right_child=-2 -3 -4
leaf_value=-0.0073716509504291186 -0.017663805758523859 0 0.027765968282559967
leaf_weight=33.865255130906007 34.490566187903823 1827.6922754383813 49.731400331889745
leaf_count=767 1125 55432 528
internal_value=0.000190365 0.000548027 0.0114281
internal_weight=1945.78 1911.29 83.5967
internal_count=57852 56727 1295
cat_boundaries=0 1
cat_threshold=131668
is_linear=0
shrinkage=0.0321881


Tree=583
num_leaves=4
num_cat=0
split_feature=11 10 14
split_gain=10.698 18.1038 14.7579
threshold=27.093641323194699 17029.25635918682 301.61718833258448
decision_type=8 2 10
left_child=2 -2 -1
right_child=1 -3 -4
leaf_value=-0.0024849934668576524 -0.0066652901638494929 0.034026885903752718 0.0037402582639191688
leaf_weight=758.04268255732131 369.88379780984906 11.012509918735303 812.16993142879073
leaf_count=31514 14739 310 11479
internal_value=-0.000443895 -0.00530125 0.00069445
internal_weight=1951.11 380.896 1570.21
internal_count=58042 15049 42993
is_linear=0
shrinkage=0.0321881


Tree=584
num_leaves=4
num_cat=2
split_feature=31 42 43
split_gain=12.0403 14.8136 13.8667
threshold=-0.9280327452644932 0 1
decision_type=2 9 9
left_child=1 -1 -2
right_child=2 -3 -4
leaf_value=0.014125099376750092 0.0023966610061995222 -0.0074190099516776072 -0.0067656046810463145
leaf_weight=26.287381889200333 1416.5266535657665 315.15666625561062 182.21877596055492
leaf_count=859 26682 18516 11622
internal_value=8.01408e-05 -0.00536903 0.00128438
internal_weight=1940.19 341.444 1598.75
internal_count=57679 19375 38304
cat_boundaries=0 1 2
cat_threshold=262692 113
is_linear=0
shrinkage=0.0321881


Tree=585
num_leaves=4
num_cat=0
split_feature=11 14 10
split_gain=9.80547 22.1869 20.4897
threshold=27.210016681128419 464.33715273460587 13102.930612214801
decision_type=10 10 2
left_child=-1 -2 -3
right_child=1 2 -4
leaf_value=0.0010322679592043341 -0.012493123515828458 -0.0027864421163133935 0.023065255632772522
leaf_weight=1594.1104135427304 188.24801240861234 119.1493501245568 41.7386442804127
leaf_count=44870 10986 1738 592
internal_value=-5.02391e-06 -0.00492096 0.00354893
internal_weight=1943.25 349.136 160.888
internal_count=58186 13316 2330
is_linear=0
shrinkage=0.0321881


Tree=586
num_leaves=4
num_cat=0
split_feature=21 11 31
split_gain=11.7572 24.5711 23.5098
threshold=264.46039129461843 30.618047044606005 -0.21917846799246729
decision_type=2 8 2
left_child=-1 2 -2
right_child=1 -3 -4
leaf_value=-0.0010771306551397176 0.0019931079474678928 0.04587101734204619 0.015848721254762329
leaf_weight=1530.9849754190618 264.31933383179421 14.743757134652695 129.07402542536147
leaf_count=48040 7730 913 1403
internal_value=0.000182906 0.00506335 0.00334544
internal_weight=1939.12 408.137 393.393
internal_count=58086 10046 9133
is_linear=0
shrinkage=0.0321881


Tree=587
num_leaves=4
num_cat=0
split_feature=5 20 14
split_gain=11.6036 17.4393 12.3606
threshold=5.3406612760261511 106.95694979519651 480.13957949192775
decision_type=2 2 8
left_child=2 -2 -1
right_child=1 -3 -4
leaf_value=-0.0012124920408255605 -0.0066709528919097942 0.031142681713940707 0.0056567934735961721
leaf_weight=1562.6944884363402 17.464203006653406 30.260392299969681 328.17090928037214
leaf_count=50540 578 538 6055
internal_value=0.00037687 0.0160127 0
internal_weight=1938.59 47.7246 1890.87
internal_count=57711 1116 56595
is_linear=0
shrinkage=0.0321881


Tree=588
num_leaves=4
num_cat=0
split_feature=2 3 14
split_gain=12.0544 19.9974 21.499
threshold=41.081167043227161 91.168915658061934 219.9136684187059
decision_type=2 2 8
left_child=1 -1 -3
right_child=-2 2 -4
leaf_value=-0.013801698407177074 0.0038981949860485928 -0.010704733035546001 0.00099315212889400286
leaf_weight=133.1420245656991 496.33530252068886 189.23956077174262 1124.3509018481236
leaf_count=2832 6142 26704 22143
internal_value=-0.0003874 -0.00190209 -0.000645226
internal_weight=1943.07 1446.73 1313.59
internal_count=57821 51679 48847
is_linear=0
shrinkage=0.0321881


Tree=589
num_leaves=4
num_cat=0
split_feature=31 14 11
split_gain=11.1457 18.2563 15.5518
threshold=0.48187914960482597 320.30197552307209 26.641547981695457
decision_type=2 8 10
left_child=2 -2 -1
right_child=1 -3 -4
leaf_value=0.0020052803217229676 -0.030004751867605008 -0.0014529529620816634 -0.0052514301181280894
leaf_weight=1428.1545789144948 33.099523637138191 94.450715316619608 387.44149227026901
leaf_count=40928 606 1445 14866
internal_value=-0.000191966 -0.00940253 0.000421165
internal_weight=1943.15 127.55 1815.6
internal_count=57845 2051 55794
is_linear=0
shrinkage=0.0321881


Tree=590
num_leaves=4
num_cat=0
split_feature=29 28 5
split_gain=13.5523 22.5582 31.9047
threshold=9.3276908983746356 0.31496989753002286 3.803973664660838
decision_type=2 2 2
left_child=1 2 -1
right_child=-2 -3 -4
leaf_value=-0.0037742074908971627 0.0089114595129400603 0.0011424557691154277 -0.033438138844567755
leaf_weight=251.12279825477708 174.85684839857095 1460.718840087 45.659798715365469
leaf_count=15861 6566 33170 2218
internal_value=0.000353069 -0.000463271 -0.00857546
internal_weight=1932.36 1757.5 296.783
internal_count=57815 51249 18079
is_linear=0
shrinkage=0.0321881


Tree=591
num_leaves=4
num_cat=0
split_feature=1 10 10
split_gain=12.3707 9.81038 11.0025
threshold=33.408322795899878 1636.446172546707 4721.7450815190705
decision_type=2 2 2
left_child=1 -1 -3
right_child=-2 2 -4
leaf_value=-0.02677665372540541 -0.018120310864485265 0.0072208647189785629 -0.00066426105922330516
leaf_weight=13.873288831127864 39.810370077437256 205.04611815101816 1684.3354808079766
leaf_count=698 464 5170 51410
internal_value=-0.000413658 -7.61753e-06 0.000158568
internal_weight=1943.07 1903.25 1889.38
internal_count=57742 57278 56580
is_linear=0
shrinkage=0.0321881


Tree=592
num_leaves=4
num_cat=1
split_feature=10 43 16
split_gain=9.92769 9.25793 29.6748
threshold=1899.4708311970287 0 192.14166983540915
decision_type=2 9 10
left_child=-1 2 -2
right_child=1 -3 -4
leaf_value=-0.023495854079116155 0.0125490717849916 -0.00083238217864629665 -0.018062335063314342
leaf_weight=18.656467844659346 169.38686852800492 1721.9601047479373 39.080617705920304
leaf_count=937 9209 47082 745
internal_value=-0.000272406 -1.21179e-05 0.00619448
internal_weight=1949.08 1930.43 208.467
internal_count=57973 57036 9954
cat_boundaries=0 1
cat_threshold=112
is_linear=0
shrinkage=0.0321881


Tree=593
num_leaves=4
num_cat=0
split_feature=16 12 10
split_gain=13.2921 42.5468 27.3115
threshold=171.93096139674236 33.160890977200054 13868.716036735275
decision_type=10 10 2
left_child=-1 2 -2
right_child=1 -3 -4
leaf_value=-0.001314386005997332 -0.019936336505863423 0.011925032941345793 0.022166804889226056
leaf_weight=1565.0101132156433 85.729536650367663 282.98092454356083 18.084417129313806
leaf_count=51692 1791 4254 305
internal_value=0 0.0053475 -0.011956
internal_weight=1951.8 386.795 103.814
internal_count=58042 6350 2096
is_linear=0
shrinkage=0.0321881


Tree=594
num_leaves=4
num_cat=0
split_feature=16 12 10
split_gain=14.7166 35.1989 34.8182
threshold=170.85297929064339 33.422442728064205 14214.778988031416
decision_type=10 10 2
left_child=-1 2 -2
right_child=1 -3 -4
leaf_value=-0.0015695726825705693 -0.018234988157996446 0.011369833877933059 0.027679376887264139
leaf_weight=1541.2809776776503 93.291732346871868 290.11186658173392 19.838209446985275
leaf_count=51342 1912 4357 297
internal_value=-0.000105123 0.00533211 -0.00958069
internal_weight=1944.52 403.242 113.13
internal_count=57908 6566 2209
is_linear=0
shrinkage=0.0321881


Tree=595
num_leaves=4
num_cat=3
split_feature=42 44 43
split_gain=11.6687 13.0286 10.9729
threshold=0 1 2
decision_type=9 9 9
left_child=1 -1 -2
right_child=2 -3 -4
leaf_value=0.0090550254041017724 0.0081216639518415009 -0.013700467620008108 0
leaf_weight=24.715435626159888 183.3172227852192 107.9476990094754 1634.7546769750716
leaf_count=496 9498 1700 46379
internal_value=0.000149615 -0.00867037 0.000872164
internal_weight=1950.74 132.663 1818.07
internal_count=58073 2196 55877
cat_boundaries=0 1 2 3
cat_threshold=17408 4676 16
is_linear=0
shrinkage=0.0321881


Tree=596
num_leaves=4
num_cat=1
split_feature=44 10 11
split_gain=10.3172 32.5104 26.94
threshold=0 10515.472757853013 13.708841871194679
decision_type=9 2 10
left_child=1 -1 -3
right_child=-2 2 -4
leaf_value=0.017700412043894539 -0.00098308376083819414 0.024700399591262898 -0.027851290766200062
leaf_weight=110.47913505960605 1776.2974278550337 12.511059840428059 36.844361842977378
leaf_count=10047 37609 1333 8950
internal_value=-0.000232797 0.00730186 -0.0131913
internal_weight=1936.13 159.835 49.3554
internal_count=57939 20330 10283
cat_boundaries=0 1
cat_threshold=394308
is_linear=0
shrinkage=0.0321881


Tree=597
num_leaves=4
num_cat=0
split_feature=30 10 1
split_gain=10.9924 20.6462 19.6812
threshold=0.92704881348482104 11019.020121285719 14.49486013263409
decision_type=2 2 2
left_child=-1 -2 -3
right_child=1 2 -4
leaf_value=0.00060649801603776499 -0.014802928642336829 0.032672015861702798 -0.0026474627622202862
leaf_weight=1723.0613455032708 138.76589364705069 20.079279915418738 72.173216329829302
leaf_count=53739 2564 690 1081
internal_value=-0.000243926 -0.0068564 0.00441538
internal_weight=1954.08 231.018 92.2525
internal_count=58074 4335 1771
is_linear=0
shrinkage=0.0321881


Tree=598
num_leaves=4
num_cat=2
split_feature=41 44 1
split_gain=11.0005 33.6938 60.8618
threshold=0 1 13.346054324428007
decision_type=9 9 2
left_child=1 -1 -3
right_child=-2 2 -4
leaf_value=0.011857549801601808 -0.0017619274173523445 -0.030310099279519928 0.0044978735092233157
leaf_weight=256.34884556589714 1404.1336689438067 69.286496114453257 199.76164876919938
leaf_count=15422 34339 5598 2543
internal_value=-0.000246126 0.00364682 -0.00409618
internal_weight=1929.53 525.397 269.048
internal_count=57902 23563 8141
cat_boundaries=0 1 2
cat_threshold=538 406086
is_linear=0
shrinkage=0.0321881


Tree=599
num_leaves=4
num_cat=0
split_feature=33 25 22
split_gain=9.66707 13.4472 23.1269
threshold=0.3293159384861461 16.980396812379354 75.327705836033786
decision_type=2 2 2
left_child=1 -1 -3
right_child=-2 2 -4
leaf_value=-0.00033627968683664613 -0.019563417681956373 -0.020634613566892765 0.04966761179617013
leaf_weight=1887.258855071952 26.473506323147376 5.6598609579486974 14.020168821909463
leaf_count=47054 8099 2461 168
internal_value=-0.000328151 -2.53188e-05 0.0262462
internal_weight=1933.41 1906.94 19.68
internal_count=57782 49683 2629
is_linear=0
shrinkage=0.0321881


Tree=600
num_leaves=4
num_cat=0
split_feature=7 33 4
split_gain=11.3211 23.3015 19.7389
threshold=18496.447156732076 -0.62090476663352034 662.19313896007861
decision_type=2 2 2
left_child=-1 -2 -3
right_child=1 2 -4
leaf_value=0.0005338234304082777 -0.031037595930154496 0.028382007943775898 -0.021632770125835258
leaf_weight=1861.052437095057 35.458955656053149 18.48001499812381 13.289026932123305
leaf_count=56051 896 385 532
internal_value=3.14292e-05 -0.0128851 0.00546546
internal_weight=1928.28 67.228 31.769
internal_count=57864 1813 917
is_linear=0
shrinkage=0.0321881


Tree=601
num_leaves=4
num_cat=0
split_feature=33 21 7
split_gain=11.5307 30.1312 29.8149
threshold=-0.48131041106682548 81.219772601257588 3530.7545468020567
decision_type=2 2 2
left_child=1 -1 -2
right_child=2 -3 -4
leaf_value=-0.017763648387714666 -0.0017949266186823006 -0.0003930202778597536 0.012676141729924458
leaf_weight=113.99705078412808 402.11003327237813 1196.4019726518163 227.59722753488859
leaf_count=6834 15622 28230 7181
internal_value=-0.000204775 -0.0019557 0.00333709
internal_weight=1940.11 1310.4 629.707
internal_count=57867 35064 22803
is_linear=0
shrinkage=0.0321881


Tree=602
num_leaves=4
num_cat=1
split_feature=31 32 44
split_gain=14.6587 12.1131 12.0322
threshold=-0.94831328778062174 -0.71396719909321515 0
decision_type=2 2 9
left_child=1 2 -1
right_child=-2 -3 -4
leaf_value=0.010444254175517 0.0012729392099039151 -0.012535716852252769 -0.0081712617001760395
leaf_weight=59.005622484284686 1667.8590247298853 159.02432857821259 63.71766223364466
leaf_count=795 41686 11018 4388
internal_value=9.34031e-05 -0.00665841 0.000448854
internal_weight=1949.61 281.748 122.723
internal_count=57887 16201 5183
cat_boundaries=0 1
cat_threshold=4162
is_linear=0
shrinkage=0.0321881


Tree=603
num_leaves=4
num_cat=0
split_feature=2 32 33
split_gain=11.5287 25.3771 35.233
threshold=28.805737483885327 -0.11391272431726579 -0.52714636715506902
decision_type=2 2 2
left_child=1 2 -1
right_child=-2 -3 -4
leaf_value=-0.018003430463795961 0.0016001738472493272 0.0057989184772904226 0.001098567119622775
leaf_weight=199.85963678995904 1356.1581717913214 183.68002603513014 188.28491522585682
leaf_count=12418 18586 15716 11155
internal_value=0 -0.00384821 -0.00857824
internal_weight=1927.98 571.825 388.145
internal_count=57875 39289 23573
is_linear=0
shrinkage=0.0321881


Tree=604
num_leaves=4
num_cat=0
split_feature=14 10 21
split_gain=9.77452 38.3983 26.3974
threshold=438.81803833619693 13102.930612214801 120.87750147600546
decision_type=8 2 2
left_child=2 -2 -1
right_child=1 -3 -4
leaf_value=-0.009749466109299559 -0.001227075263794609 0.021064046529539575 0.00041379332254343041
leaf_weight=343.9368573972497 375.67562728699704 100.09946523172403 1103.2276700372167
leaf_count=22166 6353 1810 27393
internal_value=-0.000615125 0.00333715 -0.00195883
internal_weight=1922.94 475.775 1447.16
internal_count=57722 8163 49559
is_linear=0
shrinkage=0.0321881


Tree=605
num_leaves=4
num_cat=0
split_feature=30 10 4
split_gain=9.81692 28.8962 27.7408
threshold=0.77252711792581741 9705.007504128409 1960.1397028357012
decision_type=2 2 2
left_child=-1 -2 -3
right_child=1 2 -4
leaf_value=0.0012283513510167017 -0.013731281298414281 -2.5435786379334252e-05 0.039930846414954153
leaf_weight=1507.0912271273264 189.48313084082474 219.56647410170262 19.083216704508231
leaf_count=48926 3966 4651 270
internal_value=0 -0.00429353 0.00293941
internal_weight=1935.22 428.133 238.65
internal_count=57813 8887 4921
is_linear=0
shrinkage=0.0321881


Tree=606
num_leaves=4
num_cat=0
split_feature=16 12 12
split_gain=9.90109 34.8929 33.8421
threshold=163.02342041136083 32.89213785357375 26.567257166197141
decision_type=10 10 10
left_child=1 -1 -2
right_child=2 -3 -4
leaf_value=0.00092568210342159902 -0.033503164237198818 -0.011741335616517374 0.0055360720196013296
leaf_weight=1142.5461618959635 23.535348209930817 278.5193943323211 502.09410276052222
leaf_count=32460 677 17284 7618
internal_value=-8.57408e-05 -0.0015137 0.00365264
internal_weight=1946.7 1421.07 525.629
internal_count=58039 49744 8295
is_linear=0
shrinkage=0.0321881


Tree=607
num_leaves=4
num_cat=1
split_feature=13 41 4
split_gain=9.11753 9.49244 35.3208
threshold=41.910406701120998 0 527.65471401426942
decision_type=10 9 2
left_child=1 2 -1
right_child=-2 -3 -4
leaf_value=-0.0059893072175494673 -0.015570556412548809 -0.0013336432627062999 0.01111499617107348
leaf_weight=211.6605165144174 39.301797902755425 1380.5493830601208 295.2136498595828
leaf_count=5137 8273 31599 12772
internal_value=-0.000269509 1.72773e-05 0.00377312
internal_weight=1926.73 1887.42 506.874
internal_count=57781 49508 17909
cat_boundaries=0 1
cat_threshold=538
is_linear=0
shrinkage=0.0321881


Tree=608
num_leaves=4
num_cat=1
split_feature=10 10 44
split_gain=10.7653 10.3041 53.675
threshold=2143.8089962931526 12336.077109752658 0
decision_type=2 2 9
left_child=-1 -2 -3
right_child=1 2 -4
leaf_value=-0.021791414259427655 0.0016952570461002277 0.0011950449682851178 -0.026664691457237068
leaf_weight=22.836997615737346 1446.113701584778 391.02172528517985 76.619530374693568
leaf_count=1143 40187 7523 8986
internal_value=2.52727e-05 0.000321557 -0.00378899
internal_weight=1936.59 1913.75 467.641
internal_count=57839 56696 16509
cat_boundaries=0 1
cat_threshold=131075
is_linear=0
shrinkage=0.0321881


Tree=609
num_leaves=4
num_cat=1
split_feature=25 44 4
split_gain=10.5389 14.5567 23.2019
threshold=1.4689806686731122 0 1510.3973902194637
decision_type=2 9 2
left_child=-1 2 -2
right_child=1 -3 -4
leaf_value=0.0015013470665959741 -0.013529654891092351 0.00017039480792985974 0.014286945948797841
leaf_weight=1252.4708246539449 225.20412627122641 423.60487934351113 33.68837359893223
leaf_count=30257 8460 18078 1173
internal_value=-0.000216875 -0.00346275 -0.00929574
internal_weight=1934.97 682.497 258.892
internal_count=57968 27711 9633
cat_boundaries=0 1
cat_threshold=533777
is_linear=0
shrinkage=0.0321881


Tree=610
num_leaves=4
num_cat=0
split_feature=8 25 2
split_gain=14.3262 13.439 17.3837
threshold=-29.859799346566877 2.3894458681143909 28.32551703267341
decision_type=2 2 2
left_child=-1 2 -2
right_child=1 -3 -4
leaf_value=-0.010352437498371911 -0.0033173108431439413 -0.00413576517214967 0.0047183544717468197
leaf_weight=121.09172203307935 371.71506387074623 393.84594740864122 1038.3199029719399
leaf_count=6485 20717 18986 11642
internal_value=0.000306168 0.00105823 0.00255462
internal_weight=1924.97 1803.88 1410.03
internal_count=57830 51345 32359
is_linear=0
shrinkage=0.0321881


Tree=611
num_leaves=4
num_cat=1
split_feature=31 44 29
split_gain=10.7733 19.0176 23.6902
threshold=-0.85017517766149842 0 7.5647546456420161
decision_type=2 9 2
left_child=1 2 -1
right_child=-2 -3 -4
leaf_value=-0.027686986351197172 0.0018138448640495812 -0.0050949569171837546 0.040337909773776368
leaf_weight=5.5670817141653997 1388.6757598341865 516.13312016442978 22.722926920709142
leaf_count=1179 30070 25524 1208
internal_value=0.000278898 -0.00351848 0.0182149
internal_weight=1933.1 544.423 28.29
internal_count=57981 27911 2387
cat_boundaries=0 1
cat_threshold=131136
is_linear=0
shrinkage=0.0321881


Tree=612
num_leaves=4
num_cat=0
split_feature=7 4 33
split_gain=10.5476 19.7662 15.1587
threshold=23286.098577735549 829.14831023001818 -0.6138751042796281
decision_type=2 2 2
left_child=-1 2 -2
right_child=1 -3 -4
leaf_value=-8.312856264211948e-05 -0.018894554294530776 -0.034894868836732561 0.023368220588491497
leaf_weight=1870.1281135802838 17.046633228739665 26.009806988315177 17.242155661821016
leaf_count=56320 377 845 387
internal_value=-0.000545492 -0.0137768 0.000527046
internal_weight=1930.43 60.2986 34.2888
internal_count=57929 1609 764
is_linear=0
shrinkage=0.0321881


Tree=613
num_leaves=4
num_cat=0
split_feature=33 33 23
split_gain=10.723 17.7745 17.3903
threshold=0.30419575848663211 0.049948846650948814 -1.5056590492533035
decision_type=2 2 2
left_child=1 2 -1
right_child=-2 -3 -4
leaf_value=-0.019246266298529591 -0.018594977821593157 0.013750591880043564 -6.9003458501557267e-05
leaf_weight=50.394688976735779 32.229776600262994 93.228050358025939 1750.9935409445425
leaf_count=2413 8364 2249 44941
internal_value=-0.000247796 3.29847e-05 -0.000643311
internal_weight=1926.85 1894.62 1801.39
internal_count=57967 49603 47354
is_linear=0
shrinkage=0.0321881


Tree=614
num_leaves=4
num_cat=1
split_feature=22 36 44
split_gain=11.6446 11.3251 25.146
threshold=896.99644631003537 0.84822263505422868 0
decision_type=2 2 9
left_child=1 -1 -3
right_child=-2 2 -4
leaf_value=0.0067523322734278288 0.019902287005524637 -0.021613718275498572 4.8552177475922581e-05
leaf_weight=243.76272491906457 31.7604106485378 47.096765017682628 1593.5391353000741
leaf_count=14758 637 7385 34654
internal_value=0.000619263 0.000258001 -0.000668934
internal_weight=1916.16 1884.4 1640.64
internal_count=57434 56797 42039
cat_boundaries=0 1
cat_threshold=1585408
is_linear=0
shrinkage=0.0321881


Tree=615
num_leaves=4
num_cat=0
split_feature=37 7 14
split_gain=13.5871 11.4498 10.1403
threshold=-0.028220437407455969 27492.448737955616 163.14711786453105
decision_type=2 2 10
left_child=-1 2 -2
right_child=1 -3 -4
leaf_value=-0.016441591777427326 -0.0072547272963375334 -0.018376938626603286 0.0014161773305962594
leaf_weight=51.205318579091909 150.50229798533292 32.885453590675752 1714.0481661523263
leaf_count=1605 9605 1104 45887
internal_value=-9.44213e-05 0.000315167 0.000681293
internal_weight=1948.64 1897.44 1864.55
internal_count=58201 56596 55492
is_linear=0
shrinkage=0.0321881


Tree=616
num_leaves=4
num_cat=0
split_feature=14 10 10
split_gain=10.5915 33.5513 40.4082
threshold=480.13957949192775 13102.930612214801 10325.399110574295
decision_type=10 2 2
left_child=-1 2 -2
right_child=1 -3 -4
leaf_value=-0.00075013411247409055 0.0076134550197415433 0.025118870090951064 -0.022082196421456413
leaf_weight=1604.0409653555635 187.20398492024106 71.064242549764458 63.338716434496746
leaf_count=52906 2737 1092 1092
internal_value=0.000284062 0.00563686 0
internal_weight=1925.65 321.607 250.543
internal_count=57827 4921 3829
is_linear=0
shrinkage=0.0321881


Tree=617
num_leaves=4
num_cat=1
split_feature=11 44 31
split_gain=10.5801 16.1359 14.9132
threshold=26.584969095494195 0 0.51452505592600561
decision_type=10 9 2
left_child=2 -2 -1
right_child=1 -3 -4
leaf_value=0.0019981946226906196 -0.018483425691868536 -0.0013933923602675053 -0.013002745382164841
leaf_weight=1436.6199233918123 61.793467407376738 364.49825108848017 71.083037339292787
leaf_count=41185 8912 6844 1195
internal_value=0 -0.00449493 0.00124678
internal_weight=1933.99 426.292 1507.7
internal_count=58136 15756 42380
cat_boundaries=0 1
cat_threshold=787280
is_linear=0
shrinkage=0.0321881


Tree=618
num_leaves=4
num_cat=0
split_feature=8 16 15
split_gain=12.9196 13.697 11.8869
threshold=67.14345215876601 174.15629550880161 1.0523440497448007
decision_type=2 10 10
left_child=1 -1 -3
right_child=-2 2 -4
leaf_value=-0.013367102629118898 0.00065785869800657907 -0.013477942404685441 0.011496538134189674
leaf_weight=148.44146178622941 1693.3388440092367 28.879479575669393 56.230494963529054
leaf_count=10982 45414 527 932
internal_value=-0.000286863 -0.00740263 0.00226203
internal_weight=1926.89 233.551 85.11
internal_count=57855 12441 1459
is_linear=0
shrinkage=0.0321881


Tree=619
num_leaves=4
num_cat=1
split_feature=22 32 44
split_gain=9.22767 8.64591 56.8728
threshold=896.99644631003537 -0.43269228799508486 0
decision_type=2 2 9
left_child=1 2 -1
right_child=-2 -3 -4
leaf_value=0.0049661012667277151 0.015683472645400643 0.0016966000143259444 -0.0099553433610248699
leaf_weight=505.72266461684194 36.136310606147163 857.36864003625305 529.42949323293578
leaf_count=7850 715 30798 18616
internal_value=-0.000307795 -0.000648713 -0.00265269
internal_weight=1928.66 1892.52 1035.15
internal_count=57979 57264 26466
cat_boundaries=0 1
cat_threshold=136258
is_linear=0
shrinkage=0.0321881


Tree=620
num_leaves=4
num_cat=2
split_feature=41 16 43
split_gain=11.9448 15.7312 16.7653
threshold=0 237.91894101433198 1
decision_type=9 10 9
left_child=-1 2 -2
right_child=1 -3 -4
leaf_value=0.008958761839324602 0.0088241945611187162 -0.025220330082199333 -0.00137686340260681
leaf_weight=133.25870334770661 175.60592126974734 26.516345110179827 1595.8307452203317
leaf_count=1812 9501 1099 45779
internal_value=0 -0.00068917 -0.000286581
internal_weight=1931.21 1797.95 1771.44
internal_count=58191 56379 55280
cat_boundaries=0 1 2
cat_threshold=514 112
is_linear=0
shrinkage=0.0321881


Tree=621
num_leaves=4
num_cat=0
split_feature=7 4 33
split_gain=10.7645 16.404 15.1702
threshold=23286.098577735549 866.5750523220662 -0.62090476663352034
decision_type=2 2 2
left_child=-1 2 -2
right_child=1 -3 -4
leaf_value=-0.00019615634097382248 -0.021821223247659942 -0.035446077277000193 0.020742724263043459
leaf_weight=1873.0918868123445 16.908667298950604 22.760199110978647 17.318326186381455
leaf_count=56368 394 799 395
internal_value=-0.000650832 -0.0144197 0
internal_weight=1930.08 56.9872 34.227
internal_count=57956 1588 789
is_linear=0
shrinkage=0.0321881


Tree=622
num_leaves=4
num_cat=1
split_feature=0 44 29
split_gain=12.4745 16.0142 31.8507
threshold=54.211551545870613 0 6.7660400976064361
decision_type=2 9 2
left_child=-1 2 -2
right_child=1 -3 -4
leaf_value=-0.011605784275346432 0.047466705909040716 0.00089382077011161307 0.0006582003101269551
leaf_weight=76.342752532274972 24.428420617219672 1776.0536215043248 46.162940286907542
leaf_count=18090 2595 33047 4166
internal_value=0.00102582 0.00158393 0.0156507
internal_weight=1922.99 1846.64 70.5914
internal_count=57898 39808 6761
cat_boundaries=0 1
cat_threshold=262148
is_linear=0
shrinkage=0.0321881


Tree=623
num_leaves=4
num_cat=1
split_feature=10 13 44
split_gain=9.75767 9.34156 32.0778
threshold=1636.446172546707 36.655540385378373 0
decision_type=2 10 9
left_child=-1 -2 -3
right_child=1 2 -4
leaf_value=-0.027043608914436686 0.0014799826983046755 0.013868352448053692 -0.008978431894379928
leaf_weight=13.293765566369983 1548.3490973383359 69.887329428514931 291.95552425432834
leaf_count=702 35469 1084 20472
internal_value=0.000135282 0.000361101 -0.00424859
internal_weight=1923.49 1910.19 361.843
internal_count=57727 57025 21556
cat_boundaries=0 1
cat_threshold=580
is_linear=0
shrinkage=0.0321881


Tree=624
num_leaves=4
num_cat=0
split_feature=8 14 10
split_gain=9.39533 9.55964 37.4352
threshold=-29.859799346566877 474.94730333832018 13102.930612214801
decision_type=2 8 2
left_child=-1 -2 -3
right_child=1 2 -4
leaf_value=-0.0089260712006954609 -0.00053237623429954601 0 0.027582314675185189
leaf_weight=116.78691009641079 1496.1078571167054 237.11558182084264 63.754253798921127
leaf_count=6485 45745 4233 1280
internal_value=-5.99966e-05 0.000481877 0.00573334
internal_weight=1913.76 1796.98 300.87
internal_count=57743 51258 5513
is_linear=0
shrinkage=0.0321881


Tree=625
num_leaves=4
num_cat=0
split_feature=14 3 4
split_gain=10.6384 28.3668 39.0359
threshold=273.01379362969197 166.75376651700228 822.58183961579971
decision_type=10 2 2
left_child=1 2 -1
right_child=-2 -3 -4
leaf_value=0.014037968292836262 0.0023470927620709604 -0.0084798047620147348 -0.01331574442990687
leaf_weight=174.18520161679771 1304.8042246492332 369.9762428717404 76.129899621764707
leaf_count=6431 19275 24747 7439
internal_value=0.000670884 -0.00275198 0.00545977
internal_weight=1925.1 620.291 250.315
internal_count=57892 38617 13870
is_linear=0
shrinkage=0.0321881


Tree=626
num_leaves=4
num_cat=0
split_feature=10 14 4
split_gain=11.2887 39.9422 30.8688
threshold=12336.077109752658 480.13957949192775 1349.1609194047335
decision_type=2 8 2
left_child=-1 -2 -3
right_child=1 2 -4
leaf_value=0.0014774463270352098 -0.0091028899515626718 6.1900567696680423e-05 0.040332514073596254
leaf_weight=1469.2220007863161 371.53123630622576 61.831126787641551 31.148809706792235
leaf_count=41409 14623 1198 615
internal_value=6.21956e-05 -0.00427558 0.0143043
internal_weight=1933.73 464.511 92.9799
internal_count=57845 16436 1813
is_linear=0
shrinkage=0.0321881


Tree=627
num_leaves=4
num_cat=0
split_feature=10 4 16
split_gain=11.4083 37.4782 14.3931
threshold=17029.25635918682 1618.6927144928093 237.91894101433198
decision_type=2 2 10
left_child=2 -2 -1
right_child=1 -3 -4
leaf_value=0.00037113169488709439 -0.0090005272323818719 0.058070329758675834 -0.024262371954210288
leaf_weight=1874.1576776434067 17.759708149871585 14.429718097890143 24.657750119004049
leaf_count=55976 711 216 1088
internal_value=0.00037161 0.0193061 1.47173e-05
internal_weight=1931 32.1894 1898.82
internal_count=57991 927 57064
is_linear=0
shrinkage=0.0321881


Tree=628
num_leaves=4
num_cat=0
split_feature=22 38 6
split_gain=9.76153 11.8368 9.80283
threshold=851.83023505095173 0.0629477910508104 17.619708013568111
decision_type=2 2 2
left_child=2 -2 -1
right_child=1 -3 -4
leaf_value=-0.0026062020065506951 0.0072171064516935992 0.032027788714030975 0.0020919834627415967
leaf_weight=1061.3226940375898 20.130885167862289 22.404184741084464 801.79703277444969
leaf_count=34588 478 446 22302
internal_value=-0.000168162 0.0149844 -0.000550138
internal_weight=1905.65 42.5351 1863.12
internal_count=57814 924 56890
is_linear=0
shrinkage=0.0321881


Tree=629
num_leaves=4
num_cat=2
split_feature=41 3 43
split_gain=10.3489 13.8145 11.4149
threshold=0 167.25113424570716 1
decision_type=9 2 9
left_child=1 -1 -2
right_child=2 -3 -4
leaf_value=0.022004638785265599 0.0070772474871354397 0 -0.0014199209815094511
leaf_weight=52.043827326371684 170.66292673708631 75.007554928579339 1626.8978331488306
leaf_count=690 9173 1067 46700
internal_value=7.2239e-05 0.00861965 -0.000542447
internal_weight=1924.61 127.051 1797.56
internal_count=57630 1757 55873
cat_boundaries=0 1 2
cat_threshold=514 16
is_linear=0
shrinkage=0.0321881


Tree=630
num_leaves=4
num_cat=1
split_feature=42 8 0
split_gain=13.4388 16.0293 15.9185
threshold=0 404.7643123726038 222.68568551526366
decision_type=9 2 2
left_child=1 -1 -3
right_child=-2 2 -4
leaf_value=-0.0040389962671353143 -0.00076219773358082515 0 0.029199969251931388
leaf_weight=46.368376431910292 1794.0444143438781 33.649703178922209 53.918557952871197
leaf_count=1461 54989 792 747
internal_value=0 0.00945012 0.018386
internal_weight=1927.98 133.937 87.5683
internal_count=57989 3000 1539
cat_boundaries=0 1
cat_threshold=393796
is_linear=0
shrinkage=0.0321881


Tree=631
num_leaves=4
num_cat=1
split_feature=25 44 4
split_gain=10.8427 16.3491 21.1858
threshold=1.4425409290309552 0 1510.3973902194637
decision_type=2 9 2
left_child=-1 -2 -3
right_child=1 2 -4
leaf_value=0.0015881652177799322 0.00036111884387246806 -0.013697518351975224 0.012928389772574185
leaf_weight=1229.6354644085986 429.39112652786025 225.74458437262547 33.261527987171576
leaf_count=29802 17549 9261 1348
internal_value=-0.000187266 -0.00345054 -0.00965154
internal_weight=1918.03 688.397 259.006
internal_count=57960 28158 10609
cat_boundaries=0 1
cat_threshold=397910
is_linear=0
shrinkage=0.0321881


Tree=632
num_leaves=4
num_cat=0
split_feature=7 32 4
split_gain=10.7778 22.2963 26.5237
threshold=508.74253974427228 -0.11391272431726579 353.88475131105042
decision_type=2 2 2
left_child=1 -1 -3
right_child=-2 2 -4
leaf_value=-0.0067766751523403819 0.0019775068916946859 -0.013233258450412899 0.01147832410351113
leaf_weight=512.81632874325442 1178.7434196000977 58.155783266243816 177.00610783273805
leaf_count=14734 33384 2110 7566
internal_value=2.73384e-05 -0.00296047 0.00508938
internal_weight=1926.72 747.978 235.162
internal_count=57794 24410 9676
is_linear=0
shrinkage=0.0321881


Tree=633
num_leaves=4
num_cat=0
split_feature=30 10 5
split_gain=9.13976 31.0472 30.9781
threshold=0.77252711792581741 9389.5805022564691 2.1827784079505679
decision_type=2 2 2
left_child=-1 -2 -3
right_child=1 2 -4
leaf_value=0.0010678973570939321 -0.014733044018060883 -0.0050904768686497511 0.018640503845033071
leaf_weight=1495.905356372883 174.79345399607337 164.06050488975598 85.494241760017758
leaf_count=49088 3635 3795 1366
internal_value=-8.10161e-05 -0.0042795 0.00279444
internal_weight=1920.25 424.348 249.555
internal_count=57884 8796 5161
is_linear=0
shrinkage=0.0321881


Tree=634
num_leaves=4
num_cat=0
split_feature=2 16 32
split_gain=11.9507 17.7734 18.9948
threshold=39.384540250540589 76.277404355863553 -0.14989298189417219
decision_type=2 8 2
left_child=1 -1 -3
right_child=-2 2 -4
leaf_value=-0.016469652089448443 0.003319378856592079 -0.0038616092852039353 0.004694134167034735
leaf_weight=84.18721190335782 607.54661343785119 839.80493305459822 390.9734188747716
leaf_count=20860 7739 17680 11769
internal_value=-0.000372799 -0.0021274 -0.00109164
internal_weight=1922.51 1314.97 1230.78
internal_count=58048 50309 29449
is_linear=0
shrinkage=0.0321881


Tree=635
num_leaves=4
num_cat=0
split_feature=37 33 29
split_gain=9.93382 9.03937 32.0059
threshold=-0.028220437407455969 -0.64724392757655413 7.7278592326743665
decision_type=2 2 2
left_child=-1 2 -2
right_child=1 -3 -4
leaf_value=-0.014270451787067632 0.0011101267869405688 0.0028150788660267923 -0.012523141087241209
leaf_weight=50.072842908415623 843.25628896413036 804.82312606356209 224.14148673137606
leaf_count=1636 22689 26985 6581
internal_value=-0.000136009 0.000209761 -0.00169519
internal_weight=1922.29 1872.22 1067.4
internal_count=57891 56255 29270
is_linear=0
shrinkage=0.0321881


Tree=636
num_leaves=4
num_cat=0
split_feature=7 4 5
split_gain=10.5429 18.7042 12.2892
threshold=23286.098577735549 829.14831023001818 5.3406612760261511
decision_type=2 2 2
left_child=2 -2 -1
right_child=1 -3 -4
leaf_value=0 0.00063310942059552518 -0.0343268112590236 0.022380038410060334
leaf_weight=1835.3447018861389 32.868325885978265 25.330666624382502 25.533475214222562
leaf_count=55412 749 860 810
internal_value=-8.2678e-05 -0.0135705 0.000306603
internal_weight=1919.08 58.199 1860.88
internal_count=57831 1609 56222
is_linear=0
shrinkage=0.0321881


Tree=637
num_leaves=4
num_cat=2
split_feature=39 44 41
split_gain=9.94631 10.1359 23.3823
threshold=-0.026615956585914004 0 1
decision_type=2 9 9
left_child=-1 2 -2
right_child=1 -3 -4
leaf_value=-0.0054857809858823593 0.014043278394744748 -0.0016370149777823505 0.00037005503323152869
leaf_weight=314.67895186432543 159.2238406462875 837.17462507681375 610.68451293084945
leaf_count=10544 11535 23851 12417
internal_value=-0.000229725 0.00076048 0.00342661
internal_weight=1921.76 1607.08 769.908
internal_count=58347 47803 23952
cat_boundaries=0 1 2
cat_threshold=394326 522
is_linear=0
shrinkage=0.0321881


Tree=638
num_leaves=4
num_cat=0
split_feature=7 28 33
split_gain=11.0125 19.4954 19.661
threshold=1630.4139847208817 0.43711464906085978 -0.72400552708235633
decision_type=2 2 2
left_child=-1 -2 -3
right_child=1 2 -4
leaf_value=-0.0027600074809939947 -0.0050594300065244582 0 0.010920070838773494
leaf_weight=941.1819444681023 273.52846115389002 384.30528016320022 317.7258433133029
leaf_count=30337 13050 8615 5844
internal_value=-0.000246817 0.00211262 0.00499849
internal_weight=1916.74 975.56 702.031
internal_count=57846 27509 14459
is_linear=0
shrinkage=0.0321881


Tree=639
num_leaves=4
num_cat=0
split_feature=9 22 5
split_gain=10.0347 8.70802 10.3511
threshold=24.764373644362141 851.83023505095173 1.2765032824519336
decision_type=10 2 2
left_child=1 2 -1
right_child=-2 -3 -4
leaf_value=-0.002207670156860807 -0.025737800213865545 0.014866786866325726 0.0025999286048985653
leaf_weight=974.11352075804643 15.058865174403762 42.002301643893588 884.37846243066633
leaf_count=32447 476 919 23929
internal_value=0.000166762 0.000408714 4.58373e-05
internal_weight=1915.55 1900.49 1858.49
internal_count=57771 57295 56376
is_linear=0
shrinkage=0.0321881


Tree=640
num_leaves=4
num_cat=0
split_feature=14 2 2
split_gain=9.41017 19.3858 16.3403
threshold=202.83552741693993 43.726700147898377 13.028412260347826
decision_type=8 2 2
left_child=1 -1 -2
right_child=2 -3 -4
leaf_value=-0.011630421611523414 0.023256350138065148 0.0053750706736562905 0.00077193082604557687
leaf_weight=178.72631940274368 34.304406250477768 107.40354716722504 1592.9410198662954
leaf_count=21379 11963 1357 23230
internal_value=0.000310397 -0.00502555 0.00128838
internal_weight=1913.38 286.13 1627.25
internal_count=57929 22736 35193
is_linear=0
shrinkage=0.0321881


Tree=641
num_leaves=4
num_cat=1
split_feature=7 32 41
split_gain=9.7929 22.0572 23.5628
threshold=592.69445237871264 -0.096021487188741275 0
decision_type=2 2 9
left_child=1 -1 -3
right_child=-2 2 -4
leaf_value=-0.0067944271240255221 0.0015726217755989659 0.019780877311745621 -0.0016590000901707169
leaf_weight=528.01124912875093 1155.397809259608 65.96774815131721 161.9319815776762
leaf_count=15336 33064 3969 5717
internal_value=-0.000254405 -0.00313084 0.00507623
internal_weight=1911.31 755.911 227.9
internal_count=58086 25022 9686
cat_boundaries=0 1
cat_threshold=536
is_linear=0
shrinkage=0.0321881


Tree=642
num_leaves=4
num_cat=1
split_feature=10 44 14
split_gain=9.42042 48.1642 48.8336
threshold=12336.077109752658 0 480.13957949192775
decision_type=2 9 8
left_child=-1 2 -2
right_child=1 -3 -4
leaf_value=0.0014447381530251855 -0.0048252486991550549 -0.025975251759319733 0.023089409516431375
leaf_weight=1459.7699314793772 309.02216426680752 73.313242965135942 81.702528142486699
leaf_count=41357 6679 8714 1256
internal_value=0.000142969 -0.00381359 0.000837958
internal_weight=1923.81 464.038 390.725
internal_count=58006 16649 7935
cat_boundaries=0 1
cat_threshold=1188243
is_linear=0
shrinkage=0.0321881


Tree=643
num_leaves=4
num_cat=1
split_feature=32 10 44
split_gain=10.3378 28.1928 25.6526
threshold=0.56195697437545788 7574.1798492400485 0
decision_type=2 2 9
left_child=-1 2 -2
right_child=1 -3 -4
leaf_value=0.00068894020129574535 0.030321780216155711 -0.026266713957692103 -0.01775543650267114
leaf_weight=1837.9117189259032 16.530013011331903 49.481695055317687 11.235821366009988
leaf_count=51242 419 5033 1340
internal_value=0.000170774 -0.0113001 0.0130941
internal_weight=1915.16 77.2475 27.7658
internal_count=58034 6792 1759
cat_boundaries=0 1
cat_threshold=5
is_linear=0
shrinkage=0.0321881


Tree=644
num_leaves=4
num_cat=1
split_feature=8 10 44
split_gain=12.1864 11.0985 52.686
threshold=67.14345215876601 7962.8718637735992 0
decision_type=2 2 9
left_child=-1 -2 -3
right_child=1 2 -4
leaf_value=-0.0070226574455368816 -0.0030150581086681701 0.0051985942565144988 -0.014912248400093741
leaf_weight=232.62614185118036 523.78379038427011 1030.8577112545336 144.19900898208471
leaf_count=12465 13074 25279 7226
internal_value=-8.78619e-05 0.000825096 0.00259131
internal_weight=1931.47 1698.84 1175.06
internal_count=58044 45579 32505
cat_boundaries=0 1
cat_threshold=406547
is_linear=0
shrinkage=0.0321881


Tree=645
num_leaves=4
num_cat=2
split_feature=5 44 41
split_gain=10.6809 15.9852 17.5909
threshold=1.0038977928513031 0 1
decision_type=2 9 9
left_child=1 2 -1
right_child=-2 -3 -4
leaf_value=-0.0028417634275156047 0.0012580606514693341 -0.0099877193201247851 0.016217376155019059
leaf_weight=221.37010648737487 1398.1005025220165 241.74499897755413 53.260433762105095
leaf_count=4435 40819 8504 4150
internal_value=-0.000168302 -0.00415231 0.00108084
internal_weight=1914.48 516.376 274.631
internal_count=57908 17089 8585
cat_boundaries=0 1 2
cat_threshold=401474 2370
is_linear=0
shrinkage=0.0321881


Tree=646
num_leaves=4
num_cat=0
split_feature=14 3 5
split_gain=9.87673 25.3435 29.7185
threshold=273.01379362969197 166.75376651700228 2.3325628418845121
decision_type=8 2 2
left_child=1 2 -1
right_child=-2 -3 -4
leaf_value=-0.0032485720974314508 0.0019956202142913299 -0.0086372973404579053 0.019757174889903459
leaf_weight=159.37670261060703 1311.3048900457979 349.03416882177407 88.475848660724296
leaf_count=10464 20463 23804 3124
internal_value=0.000404042 -0.00298525 0.00471807
internal_weight=1908.19 596.887 247.853
internal_count=57855 37392 13588
is_linear=0
shrinkage=0.0321881


Tree=647
num_leaves=4
num_cat=1
split_feature=36 22 44
split_gain=10.226 38.0495 29.7781
threshold=0.8873837458246242 469.67975607805278 0
decision_type=2 2 9
left_child=1 2 -1
right_child=-2 -3 -4
leaf_value=-0.024852791335166602 -0.0015822352608377492 0.048137853332613112 0.0060983266947975739
leaf_weight=27.334729344313018 1652.8759615953968 19.680855853803223 208.07360600803804
leaf_count=7880 42795 385 6776
internal_value=-0.000626533 0.0053123 0.00141685
internal_weight=1907.97 255.089 235.408
internal_count=57836 15041 14656
cat_boundaries=0 1
cat_threshold=919056
is_linear=0
shrinkage=0.0321881


Tree=648
num_leaves=4
num_cat=1
split_feature=37 5 44
split_gain=10.5243 9.99575 22.1568
threshold=-0.026576798113410457 1.0247984020385232 0
decision_type=2 2 9
left_child=-1 2 -2
right_child=1 -3 -4
leaf_value=-0.013230461021013964 -0.017385376055706208 0.0016004489986748596 -0.00040646893637316309
leaf_weight=63.792148597449341 88.788785452226875 1289.4255199806175 466.22122370650141
leaf_count=2070 5095 37085 13439
internal_value=-0.000399302 1.15939e-05 -0.00356411
internal_weight=1908.23 1844.44 555.01
internal_count=57689 55619 18534
cat_boundaries=0 1
cat_threshold=529152
is_linear=0
shrinkage=0.0321881


Tree=649
num_leaves=4
num_cat=0
split_feature=32 33 28
split_gain=10.2296 22.1498 34.2143
threshold=0.58271791634792658 -0.34802652514071514 0.29586376677617304
decision_type=2 2 2
left_child=-1 -2 -3
right_child=1 2 -4
leaf_value=0.00050069494894208202 -0.029028358109271051 -0.02444917776745107 0.038933247293476518
leaf_weight=1835.1529895129352 37.826881741475518 17.010947668824883 17.015754340776766
leaf_count=51361 2115 4156 376
internal_value=1.8519e-07 -0.011859 0.00543765
internal_weight=1907.01 71.8536 34.0267
internal_count=58008 6647 4532
is_linear=0
shrinkage=0.0321881


Tree=650
num_leaves=4
num_cat=0
split_feature=26 33 32
split_gain=9.08612 10.2283 22.3156
threshold=-0.033464439577178699 -0.65349580339925251 -0.35950140980656853
decision_type=2 2 2
left_child=-1 2 -2
right_child=1 -3 -4
leaf_value=-0.0072159163497431174 -0.0033446102211724805 0.0034564084244855745 0.0028571680812020544
leaf_weight=172.02226438236903 330.31193639864068 729.04526759404325 675.70486033958878
leaf_count=6867 9220 23651 18127
internal_value=-0.000139117 0.000526696 -0.00153344
internal_weight=1907.08 1735.06 1006.02
internal_count=57865 50998 27347
is_linear=0
shrinkage=0.0321881


Tree=651
num_leaves=4
num_cat=0
split_feature=31 11 13
split_gain=8.34585 15.4665 10.1328
threshold=0.51452505592600561 23.023069330092699 35.460159084692428
decision_type=2 8 10
left_child=2 -2 -1
right_child=1 -3 -4
leaf_value=0.0019453524605039529 -0.02326599314478912 0.00047853187111300527 -0.0036117379627217251
leaf_weight=1352.3536442774548 44.403919916861923 64.610913357537356 449.88723829999253
leaf_count=32225 743 1064 23843
internal_value=0 -0.00863958 0.000522526
internal_weight=1911.26 109.015 1802.24
internal_count=57875 1807 56068
is_linear=0
shrinkage=0.0321881


Tree=652
num_leaves=4
num_cat=0
split_feature=8 16 15
split_gain=11.7533 15.483 11.1883
threshold=136.57928978078374 170.85297929064339 1.0753288622335775
decision_type=2 10 10
left_child=1 -1 -3
right_child=-2 2 -4
leaf_value=-0.010935773052844674 0.0013792330446944568 -0.0071093775530555719 0.011298799607859717
leaf_weight=202.08409683965692 1567.7385889309244 58.056835585506633 76.09505719752633
leaf_count=15498 40206 1032 1242
internal_value=0.000175611 -0.00524414 0.00285987
internal_weight=1903.97 336.236 134.152
internal_count=57978 17772 2274
is_linear=0
shrinkage=0.0321881


Tree=653
num_leaves=4
num_cat=1
split_feature=31 44 10
split_gain=8.75288 22.1222 86.8504
threshold=-0.77999315976153383 0 5760.235799493189
decision_type=2 9 2
left_child=-1 -2 -3
right_child=1 2 -4
leaf_value=-0.0029252735678191076 0.003484001791233439 0.022316749214942925 -0.023860310890020192
leaf_weight=651.57844034612299 1079.2991621214642 61.476873500479996 128.23077519408253
leaf_count=32355 18455 1276 5835
internal_value=7.15767e-05 0.00166077 -0.00812392
internal_weight=1920.59 1269.01 189.708
internal_count=57921 25566 7111
cat_boundaries=0 1
cat_threshold=271383
is_linear=0
shrinkage=0.0321881


Tree=654
num_leaves=4
num_cat=1
split_feature=10 44 21
split_gain=10.727 41.8246 29.9905
threshold=12336.077109752658 0 88.524577598781832
decision_type=2 9 2
left_child=2 -2 -1
right_child=1 -3 -4
leaf_value=-0.0092681655717597108 -4.7268957946415181e-05 -0.025959316804521404 0.0031045442238771177
leaf_weight=242.75682378684905 389.12317468653418 68.829227890943002 1202.1988535805722
leaf_count=15594 7858 8783 25758
internal_value=-0.000343729 -0.00465981 0.000980641
internal_weight=1902.91 457.952 1444.96
internal_count=57993 16641 41352
cat_boundaries=0 1
cat_threshold=1188099
is_linear=0
shrinkage=0.0321881


Tree=655
num_leaves=4
num_cat=0
split_feature=36 36 22
split_gain=9.61084 30.3198 31.3769
threshold=0.84822263505422868 0.10992639736769576 490.4083123982399
decision_type=2 2 2
left_child=1 2 -1
right_child=-2 -3 -4
leaf_value=-0.0013955487044765016 -0.0012254721065233542 0.035548302012411458 0.057291939732231095
leaf_weight=205.06847326322986 1657.6558542101993 30.51118377892999 9.6102150014485215
leaf_count=14219 42991 473 188
internal_value=-0.000313866 0.00558494 0.000995539
internal_weight=1902.85 245.19 214.679
internal_count=57871 14880 14407
is_linear=0
shrinkage=0.0321881


Tree=656
num_leaves=4
num_cat=1
split_feature=25 44 25
split_gain=9.74588 17.1368 17.1237
threshold=3.3986131294768467 0 15.066571272765779
decision_type=2 9 2
left_child=-1 2 -2
right_child=1 -3 -4
leaf_value=0.00063277105686345954 -0.0027920297427101262 -0.01463767810225248 0.028050046592491142
leaf_weight=1652.2789428550113 117.8675057380533 115.67997162535357 21.575652177150914
leaf_count=41141 4712 8594 3426
internal_value=-0.000236774 -0.00611308 0.00145911
internal_weight=1907.4 255.123 139.443
internal_count=57873 16732 8138
cat_boundaries=0 1
cat_threshold=266306
is_linear=0
shrinkage=0.0321881


Tree=657
num_leaves=4
num_cat=0
split_feature=7 4 32
split_gain=9.15207 19.613 21.5791
threshold=18496.447156732076 881.00630427877775 -0.83780172035412737
decision_type=2 2 2
left_child=-1 2 -2
right_child=1 -3 -4
leaf_value=4.6546131603591995e-05 0.027289980694290564 -0.034625969663072749 -0.019283458423703374
leaf_weight=1841.0420780396744 18.364927011862164 24.802170646521517 22.632798657259627
leaf_count=56099 277 911 632
internal_value=-0.000341344 -0.01212 7.139e-05
internal_weight=1906.84 65.7999 40.9977
internal_count=57919 1820 909
is_linear=0
shrinkage=0.0321881


Tree=658
num_leaves=4
num_cat=1
split_feature=31 44 16
split_gain=10.2255 16.7659 43.2647
threshold=-0.84428622767381767 0 175.32237714182193
decision_type=2 9 8
left_child=1 2 -1
right_child=-2 -3 -4
leaf_value=-0.0012854953062135654 0.0011272533931086042 -0.0069603797608950623 0.051194612722734935
leaf_weight=96.361071646930213 1367.6139446070811 432.55562145531258 18.868914584279992
leaf_count=5050 29690 22967 358
internal_value=-0.000324934 -0.00406564 0.00629846
internal_weight=1915.4 547.786 115.23
internal_count=58065 28375 5408
cat_boundaries=0 1
cat_threshold=135744
is_linear=0
shrinkage=0.0321881


Tree=659
num_leaves=4
num_cat=1
split_feature=36 22 44
split_gain=13.8048 39.4022 21.3802
threshold=0.84822263505422868 231.40138769803073 0
decision_type=2 2 9
left_child=1 2 -1
right_child=-2 -3 -4
leaf_value=0.010091061737932295 -0.001749135544571839 0.024587783952891965 -0.012247833826907325
leaf_weight=67.128473305754596 1677.6431138015214 82.234289503438049 91.79139476326236
leaf_count=2908 43126 1455 10412
internal_value=-0.000683827 0.00645781 -0.00254613
internal_weight=1918.8 241.154 158.92
internal_count=57901 14775 13320
cat_boundaries=0 1
cat_threshold=5
is_linear=0
shrinkage=0.0321881


Tree=660
num_leaves=4
num_cat=0
split_feature=25 27 25
split_gain=9.55885 18.1095 13.8126
threshold=5.6617820633099809 0.12753881524087735 16.980396812379354
decision_type=2 2 2
left_child=-1 2 -2
right_child=1 -3 -4
leaf_value=0.00056829412711573591 -0.020101022359598521 0.030490159263882377 0.006632961112511296
leaf_weight=1795.9234583160942 79.388817778391058 9.6909889449671009 22.375671906087518
leaf_count=45858 5415 170 6620
internal_value=0 -0.00913651 -0.0135966
internal_weight=1907.38 111.455 101.764
internal_count=58063 12205 12035
is_linear=0
shrinkage=0.0321881


Tree=661
num_leaves=4
num_cat=0
split_feature=7 32 36
split_gain=10.9163 12.1018 12.929
threshold=-1693.7284489380024 -0.11391272431726579 0.89826183951414718
decision_type=2 2 2
left_child=1 2 -1
right_child=-2 -3 -4
leaf_value=0.0091965950447284259 0.0017884747574319437 0.0038496140288575235 -0.010784781133040478
leaf_weight=35.339077141663438 1508.4932247065381 123.64609401215421 241.01522551761082
leaf_count=1440 44551 5336 6828
internal_value=0.000505177 -0.00417349 -0.00799367
internal_weight=1908.49 400 276.354
internal_count=58155 13604 8268
is_linear=0
shrinkage=0.0321881


Tree=662
num_leaves=4
num_cat=0
split_feature=33 7 22
split_gain=11.1671 27.69 47.8736
threshold=-0.6138751042796281 5943.4931070543289 272.91915285205528
decision_type=2 2 2
left_child=-1 -2 -3
right_child=1 2 -4
leaf_value=-0.0019415588029819183 0 -0.013297497534681841 0.025488210131146556
leaf_weight=1131.7385857295303 608.00978923695402 42.902316009009155 119.78358453411784
leaf_count=31290 21817 2749 2012
internal_value=5.90486e-05 0.00307918 0.0148645
internal_weight=1902.43 770.696 162.686
internal_count=57868 26578 4761
is_linear=0
shrinkage=0.0321881


Tree=663
num_leaves=4
num_cat=0
split_feature=1 37 33
split_gain=11.7961 9.89675 9.56155
threshold=33.408322795899878 -0.028220437407455969 -0.6779684643841809
decision_type=2 2 2
left_child=1 -1 -3
right_child=-2 2 -4
leaf_value=-0.013050503840401293 -0.016945499049016492 -0.0004661095297442897 0.0041880539409423247
leaf_weight=48.02803451042746 37.346258316887543 988.21775289606012 818.4913441068129
leaf_count=1599 455 27892 27796
internal_value=0.000798132 0.00119187 0.00160738
internal_weight=1892.08 1854.74 1806.71
internal_count=57742 57287 55688
is_linear=0
shrinkage=0.0321881


Tree=664
num_leaves=4
num_cat=1
split_feature=31 30 44
split_gain=10.6488 14.3501 21.7843
threshold=-0.97702940019211992 0.77252711792581741 0
decision_type=2 2 9
left_child=-1 -2 -3
right_child=1 2 -4
leaf_value=-0.0074328485783313391 0.0025693130910615924 0.01991909216408444 -0.00631734593914972
leaf_weight=175.98644120068639 1301.3411685054598 25.146216516230197 393.48877623332373
leaf_count=10887 38084 1427 7352
internal_value=6.58961e-05 0.000871106 -0.00425424
internal_weight=1895.96 1719.98 418.635
internal_count=57750 46863 8779
cat_boundaries=0 1
cat_threshold=271440
is_linear=0
shrinkage=0.0321881


Tree=665
num_leaves=4
num_cat=0
split_feature=14 6 30
split_gain=11.4443 9.40104 15.9038
threshold=123.19074575585485 8.0328376579479173 0.77252711792581741
decision_type=8 2 2
left_child=-1 2 -2
right_child=1 -3 -4
leaf_value=-0.013748857167194505 0.0002951235438119564 0.0026549613958482651 -0.0099702455875834255
leaf_weight=60.747356359301193 689.75394084432628 961.50895981530448 198.01863485877584
leaf_count=3348 23587 26710 4399
internal_value=0 0.000421934 -0.0019249
internal_weight=1910.03 1849.28 887.773
internal_count=58044 54696 27986
is_linear=0
shrinkage=0.0321881


Tree=666
num_leaves=4
num_cat=0
split_feature=21 31 16
split_gain=9.36596 21.9594 19.9523
threshold=264.46039129461843 0.070480631395467924 260.35653530963486
decision_type=2 2 8
left_child=2 -2 -1
right_child=1 -3 -4
leaf_value=-0.0009873346918573406 0.001350844059260494 0.0187083828317764 -0.037192750701998838
leaf_weight=1487.1717168892528 313.54670565624838 85.769106929044938 15.841223161562082
leaf_count=46378 9180 878 1479
internal_value=-0.000221222 0.00411879 -0.0014171
internal_weight=1902.33 399.316 1503.01
internal_count=57915 10058 47857
is_linear=0
shrinkage=0.0321881


Tree=667
num_leaves=4
num_cat=0
split_feature=10 14 6
split_gain=9.90938 38.33 26.4243
threshold=12336.077109752658 480.13957949192775 84.695046928866745
decision_type=2 8 2
left_child=-1 2 -2
right_child=1 -3 -4
leaf_value=0.0012194232500409141 -0.01261542247785306 0.014312261447951349 0.011527391076313459
leaf_weight=1448.1622240753777 312.4550319152786 89.853210543835303 52.360861018856667
leaf_count=41454 13222 1804 1289
internal_value=-4.82063e-05 -0.00422427 -0.00897057
internal_weight=1902.83 454.669 364.816
internal_count=57769 16315 14511
is_linear=0
shrinkage=0.0321881


Tree=668
num_leaves=4
num_cat=1
split_feature=22 5 44
split_gain=9.43021 10.8638 37.1864
threshold=896.99644631003537 1.2765032824519336 0
decision_type=2 2 9
left_child=1 2 -1
right_child=-2 -3 -4
leaf_value=-0.016035233596111264 0.017103315585395937 0.0024565978688677018 0.00035144383372678531
leaf_weight=162.21341127670985 33.324647834291682 886.9799013158754 819.28638416189824
leaf_count=9422 680 24515 23352
internal_value=0.000180591 -8.92748e-05 -0.00245489
internal_weight=1901.8 1868.48 981.5
internal_count=57969 57289 32774
cat_boundaries=0 1
cat_threshold=538368
is_linear=0
shrinkage=0.0321881


Tree=669
num_leaves=4
num_cat=0
split_feature=33 25 12
split_gain=8.77974 9.1466 19.1171
threshold=0.3884102688835861 16.980396812379354 20.423512841974304
decision_type=2 2 8
left_child=1 -1 -3
right_child=-2 2 -4
leaf_value=-0.00025881972886390622 -0.025472571852132486 0.046701156958338097 -0.014626146997498087
leaf_weight=1852.4657751508457 13.922323760880316 12.446869614926984 6.7553647429558614
leaf_count=47381 7724 453 2281
internal_value=-0.000219428 0 0.0219343
internal_weight=1885.59 1871.67 19.2022
internal_count=57839 50115 2734
is_linear=0
shrinkage=0.0321881


Tree=670
num_leaves=4
num_cat=0
split_feature=16 1 14
split_gain=11.7266 9.60915 9.36411
threshold=244.42401383167501 33.408322795899878 312.07440049921246
decision_type=10 2 10
left_child=1 2 -1
right_child=-2 -3 -4
leaf_value=-0.0019534920897268191 -0.025656415498520917 -0.01603752762807582 0.0026483659908437605
leaf_weight=812.6683647705604 18.072923353625811 36.395499222970102 1030.6965727169372
leaf_count=41790 906 445 14630
internal_value=0 0.000227343 0.000585046
internal_weight=1897.83 1879.76 1843.36
internal_count=57771 56865 56420
is_linear=0
shrinkage=0.0321881


Tree=671
num_leaves=4
num_cat=0
split_feature=35 14 10
split_gain=8.95442 9.66886 17.6529
threshold=0.0023698283431402216 285.90683856383868 16254.014979078949
decision_type=2 8 2
left_child=1 -1 -3
right_child=-2 2 -4
leaf_value=-0.0016748688339249455 -0.0043597127584308754 0.0026754370366485363 0.026400439750415179
leaf_weight=557.23015772405233 300.85899010222238 998.82577097640751 34.200638468188117
leaf_count=32120 9300 15775 552
internal_value=0.000672549 0.00166515 0.00352842
internal_weight=1891.12 1590.26 1033.03
internal_count=57747 48447 16327
is_linear=0
shrinkage=0.0321881


Tree=672
num_leaves=4
num_cat=1
split_feature=10 10 44
split_gain=9.68435 14.0277 35.0863
threshold=3414.0612649380187 4969.9182196862394 0
decision_type=2 2 9
left_child=-1 2 -2
right_child=1 -3 -4
leaf_value=-0.011229921046648515 0.026239562824137246 -0.00067337396602010506 -0.0024523208715076339
leaf_weight=79.672333030555819 61.663356624543667 1642.4408701847588 107.7608734292462
leaf_count=2991 635 51278 3048
internal_value=-0.000248413 0.000200729 0.00903902
internal_weight=1891.54 1811.87 169.424
internal_count=57952 54961 3683
cat_boundaries=0 1
cat_threshold=580
is_linear=0
shrinkage=0.0321881


Tree=673
num_leaves=4
num_cat=0
split_feature=31 11 30
split_gain=10.7095 15.3907 11.6779
threshold=0.51452505592600561 22.871673267187017 0.92106191567533924
decision_type=2 8 2
left_child=2 -2 -1
right_child=1 -3 -4
leaf_value=0.0017110058565586838 -0.023954753201136183 0 -0.0060245054119774993
leaf_weight=1554.2334191630925 45.469203858647234 66.059381450635556 230.24592409206525
leaf_count=51677 766 1059 4506
internal_value=3.78643e-05 -0.00959129 0.000676561
internal_weight=1896.01 111.529 1784.48
internal_count=58008 1825 56183
is_linear=0
shrinkage=0.0321881


Tree=674
num_leaves=4
num_cat=2
split_feature=2 42 41
split_gain=10.2909 19.1929 19.4264
threshold=37.787581559995935 0 1
decision_type=2 9 9
left_child=-1 -2 -3
right_child=1 2 -4
leaf_value=-0.0022496186889060564 0.021079590387765582 0.016263016754150473 -0.00084114744573388664
leaf_weight=1176.6098384105317 44.193086456740275 66.772669593512546 603.34845733043039
leaf_count=48658 480 683 8172
internal_value=-0.000370199 0.00263614 0.000988597
internal_weight=1890.92 714.314 670.121
internal_count=57993 9335 8855
cat_boundaries=0 1 2
cat_threshold=36 528
is_linear=0
shrinkage=0.0321881


Tree=675
num_leaves=4
num_cat=0
split_feature=10 16 10
split_gain=11.419 9.39143 9.36207
threshold=17253.279512906676 237.91894101433198 1636.446172546707
decision_type=2 10 2
left_child=1 2 -1
right_child=-2 -3 -4
leaf_value=-0.027347616681616806 0.022066821566987482 -0.020338979711986591 -0.00044655916050110147
leaf_weight=13.383810968420219 22.125023115950171 25.614409066954977 1834.3657842326829
leaf_count=732 658 1128 55555
internal_value=-0.000679307 -0.000984698 -0.00067936
internal_weight=1895.49 1873.36 1847.75
internal_count=58073 57415 56287
is_linear=0
shrinkage=0.0321881


Tree=676
num_leaves=4
num_cat=0
split_feature=32 5 4
split_gain=11.4278 59.6373 40.9858
threshold=-0.12379593262957245 4.2134447598495512 260.48712550895743
decision_type=2 2 2
left_child=-1 2 -2
right_child=1 -3 -4
leaf_value=-0.0014194359996942847 -0.011225777939065606 -0.033509806266796685 0.011720932156563496
leaf_weight=1352.876869682199 97.526431881015014 39.688868814206216 409.1921662132554
leaf_count=35353 3655 1059 17699
internal_value=0.000132547 0.00409064 0.00717563
internal_weight=1899.28 546.407 506.719
internal_count=57766 22413 21354
is_linear=0
shrinkage=0.0321881


Tree=677
num_leaves=4
num_cat=0
split_feature=16 10 10
split_gain=9.89662 9.57194 10.7941
threshold=237.91894101433198 2143.8089962931526 12336.077109752658
decision_type=10 2 2
left_child=1 -1 -3
right_child=-2 2 -4
leaf_value=-0.021020868934772476 -0.019511007812213692 0.0019201456469899491 -0.0038133771371464463
leaf_weight=21.350521155183742 26.458633029174962 1403.4094747774643 445.28273552851533
leaf_count=1145 1139 39351 16347
internal_value=-2.21792e-05 0.000221944 0.000504388
internal_weight=1896.5 1870.04 1848.69
internal_count=57982 56843 55698
is_linear=0
shrinkage=0.0321881


Tree=678
num_leaves=4
num_cat=0
split_feature=14 1 25
split_gain=9.27501 11.7331 15.3891
threshold=165.38591058341453 24.489660883759381 15.066571272765779
decision_type=8 2 2
left_child=1 2 -1
right_child=-2 -3 -4
leaf_value=-0.017660515251409357 0.00047077666280463313 0.0044695617728628479 0.033819320256485624
leaf_weight=95.853609535643045 1749.2154641508841 46.337124335230328 5.414950608243088
leaf_count=7484 48829 544 1254
internal_value=-0.000149188 -0.00791593 -0.0142078
internal_weight=1896.82 147.606 101.269
internal_count=58111 9282 8738
is_linear=0
shrinkage=0.0321881


Tree=679
num_leaves=4
num_cat=0
split_feature=22 25 25
split_gain=10.056 14.745 14.3467
threshold=39.924736701745594 16.980396812379354 6.4824445188777906
decision_type=2 2 2
left_child=-1 2 -2
right_child=1 -3 -4
leaf_value=-0.024610162425891091 0.00087534591536026082 0.03088299176504021 -0.011997407848053813
leaf_weight=16.203025673509728 1801.1522316039955 16.336696121863497 60.362316700920928
leaf_count=10665 44044 705 2513
internal_value=0.000362875 0.000615347 0.000311609
internal_weight=1894.05 1877.85 1861.51
internal_count=57927 47262 46557
is_linear=0
shrinkage=0.0321881


Tree=680
num_leaves=4
num_cat=0
split_feature=11 0 30
split_gain=10.5268 12.7088 13.6072
threshold=26.863354084169906 847.04677699473075 -0.59017057974494813
decision_type=10 2 2
left_child=-1 2 -2
right_child=1 -3 -4
leaf_value=0.001764222913134409 -0.028363429741014332 0.00013418559028880106 -0.004991746428567919
leaf_weight=1511.9356412412944 38.699312864748208 237.8768653874431 106.64084773885952
leaf_count=43212 1754 3668 9149
internal_value=0.000526643 -0.00418804 -0.0116884
internal_weight=1895.15 383.217 145.34
internal_count=57783 14571 10903
is_linear=0
shrinkage=0.0321881


Tree=681
num_leaves=4
num_cat=0
split_feature=3 7 4
split_gain=10.1067 9.03336 20.3603
threshold=313.74547521926797 18496.447156732076 989.15087472254538
decision_type=2 2 2
left_child=1 -1 -3
right_child=-2 2 -4
leaf_value=0.00094828020773033957 -0.017333354826340984 0.00069589967238389307 -0.036026563954023622
leaf_weight=1786.6159556043931 33.249932965460175 40.731287678028821 22.318799028397734
leaf_count=55596 466 976 813
internal_value=0.000141362 0.000492102 -0.0113831
internal_weight=1882.92 1849.67 63.0501
internal_count=57851 57385 1789
is_linear=0
shrinkage=0.0321881


Tree=682
num_leaves=4
num_cat=1
split_feature=16 10 44
split_gain=9.67613 10.8988 37.7233
threshold=237.91894101433198 12336.077109752658 0
decision_type=10 2 9
left_child=1 -1 -3
right_child=-2 2 -4
leaf_value=0.0015681880227252178 -0.019792939225530576 -0.026406152333317258 -3.6599825365079721e-05
leaf_weight=1426.4025855959189 25.234359482525178 57.055099524664911 381.70882971086212
leaf_count=40452 1146 8193 8012
internal_value=-6.44631e-05 0.000170785 -0.00422542
internal_weight=1890.4 1865.17 438.764
internal_count=57803 56657 16205
cat_boundaries=0 1
cat_threshold=792128
is_linear=0
shrinkage=0.0321881


Tree=683
num_leaves=4
num_cat=0
split_feature=32 7 3
split_gain=8.43749 30.6409 32.7567
threshold=-0.74719621300504047 7010.6889758114357 203.95626481512605
decision_type=2 2 2
left_child=1 -1 -3
right_child=-2 2 -4
leaf_value=-6.946545555055903e-06 -0.0016026998922990361 0.028775143511406483 -0.0055663111694357432
leaf_weight=627.04226623209979 1144.2647895437731 84.646205857956375 39.21749212703071
leaf_count=15063 40254 1856 724
internal_value=0.00010192 0.00278398 0.0173989
internal_weight=1895.17 750.906 123.864
internal_count=57897 17643 2580
is_linear=0
shrinkage=0.0321881


Tree=684
num_leaves=4
num_cat=1
split_feature=0 44 32
split_gain=9.20985 11.0975 28.0133
threshold=21.121694643289302 0 -0.74719621300504047
decision_type=2 9 2
left_child=-1 2 -2
right_child=1 -3 -4
leaf_value=-0.015712751021112675 -0.013834337962373223 -0.00025025490926280485 0.025485358032139836
leaf_weight=37.816721782983223 25.510775206104881 1774.5304526564842 56.77103152656673
leaf_count=11152 3485 34354 9015
internal_value=-6.12289e-06 0.000281432 0.011165
internal_weight=1894.63 1856.81 82.2818
internal_count=58006 46854 12500
cat_boundaries=0 1
cat_threshold=393220
is_linear=0
shrinkage=0.0321881


Tree=685
num_leaves=4
num_cat=0
split_feature=2 32 33
split_gain=8.5459 29.7315 31.1772
threshold=28.805737483885327 -0.11391272431726579 -0.51828066867581712
decision_type=2 2 2
left_child=1 2 -1
right_child=-2 -3 -4
leaf_value=-0.01764342223480455 0.0012439033214460041 0.0070417093949163784 0.00046164770812363978
leaf_weight=195.4278396363261 1322.0715496160119 181.27005792382806 185.16351737338664
leaf_count=12592 18474 15697 11163
internal_value=-0.000134055 -0.00348889 -0.00867297
internal_weight=1883.93 561.861 380.591
internal_count=57926 39452 23755
is_linear=0
shrinkage=0.0321881


Tree=686
num_leaves=4
num_cat=1
split_feature=44 10 12
split_gain=8.75665 26.3251 24.8126
threshold=0 10748.232873733637 5.8899483511470523
decision_type=9 2 10
left_child=1 -1 -3
right_child=-2 2 -4
leaf_value=0.015486967760046183 -0.00053083925204297782 0.055812817072162062 -0.022811196343529475
leaf_weight=119.40357964580835 1738.6682145334726 4.0713441404514006 38.206990497754305
leaf_count=10481 37715 530 9202
internal_value=0.000118013 0.00707529 -0.0134728
internal_weight=1900.35 161.682 42.2783
internal_count=57928 20213 9732
cat_boundaries=0 1
cat_threshold=394308
is_linear=0
shrinkage=0.0321881


Tree=687
num_leaves=4
num_cat=0
split_feature=35 23 22
split_gain=8.95101 7.84572 9.20901
threshold=-0.0022922001107237816 1.4778684549615912 98.161246239523436
decision_type=2 2 2
left_child=-1 2 -2
right_child=1 -3 -4
leaf_value=-0.0052020928156582226 -0.024123913618396556 0.001648804664761461 -0.0021733978392890116
leaf_weight=311.20904892220824 23.754807254420484 1391.4513869924267 176.5648682623505
leaf_count=9829 7317 35961 4825
internal_value=-0.000185096 0.000756403 -0.0051194
internal_weight=1902.98 1591.77 200.32
internal_count=57932 48103 12142
is_linear=0
shrinkage=0.0321881


Tree=688
num_leaves=4
num_cat=2
split_feature=8 41 43
split_gain=8.85418 11.4335 14.6095
threshold=-29.859799346566877 0 1
decision_type=2 9 9
left_child=-1 -2 -3
right_child=1 2 -4
leaf_value=-0.008777936529710522 0.0096364740180076586 0.0089615716328265618 -0.0013529238684015059
leaf_weight=117.54295942318913 117.03157007716072 146.20346554060052 1511.211453531012
leaf_count=6492 1602 7666 42252
internal_value=-0.000211499 0.000321166 -0.000355445
internal_weight=1891.99 1774.45 1657.41
internal_count=58012 51520 49918
cat_boundaries=0 1 2
cat_threshold=514 16
is_linear=0
shrinkage=0.0321881


Tree=689
num_leaves=4
num_cat=1
split_feature=41 4 14
split_gain=9.74778 11.547 10.4465
threshold=0 703.76020838599641 606.36106320122462
decision_type=9 2 10
left_child=1 -1 -2
right_child=2 -3 -4
leaf_value=-0.019309965171999149 -0.00028396652600501794 0.0026253721101266339 0.010801201607749018
leaf_weight=61.217944199437625 1698.5728040836475 33.967307433842507 92.347608510717691
leaf_count=1539 53576 1048 1625
internal_value=-0.000273323 -0.00980059 0.000252019
internal_weight=1886.11 95.1853 1790.92
internal_count=57788 2587 55201
cat_boundaries=0 1
cat_threshold=64
is_linear=0
shrinkage=0.0321881


Tree=690
num_leaves=4
num_cat=1
split_feature=9 44 3
split_gain=8.28334 8.48813 7.37007
threshold=23.507648675601661 0 134.88604374986565
decision_type=10 9 2
left_child=1 2 -1
right_child=-2 -3 -4
leaf_value=0.0013641905596006806 -0.023703797795222144 0.00016828630774041087 -0.026479051579930815
leaf_weight=9.0758789997016702 15.427211898473614 1841.4695682831007 26.631482642005722
leaf_count=896 479 49786 6764
internal_value=-0.000367034 -0.000138351 -0.0138222
internal_weight=1892.6 1877.18 35.7074
internal_count=57925 57446 7660
cat_boundaries=0 1
cat_threshold=1581328
is_linear=0
shrinkage=0.0321881


Tree=691
num_leaves=4
num_cat=0
split_feature=33 36 36
split_gain=8.29594 14.6999 28.8714
threshold=0.3293159384861461 0.84822263505422868 0.090383134151744329
decision_type=2 2 2
left_child=1 2 -1
right_child=-2 -3 -4
leaf_value=0.0024376540897209859 -0.019019282558547332 -0.0011539774793840223 0.035900052698653769
leaf_weight=182.93497664302049 24.184082122617838 1649.0526995436558 32.25237431692949
leaf_count=6199 8197 43114 508
internal_value=-0.000365943 -8.74119e-05 0.00778265
internal_weight=1888.42 1864.24 215.187
internal_count=58018 49821 6707
is_linear=0
shrinkage=0.0321881


Tree=692
num_leaves=4
num_cat=0
split_feature=32 10 28
split_gain=10.1425 27.4254 26.2467
threshold=0.65113930365462513 8420.0965047902901 0.3020017011823149
decision_type=2 2 2
left_child=-1 2 -2
right_child=1 -3 -4
leaf_value=0.00060145851421701383 -0.024246136256004937 -0.033150353966105342 0.036728516145078771
leaf_weight=1827.0755255478743 11.864487255082169 32.621217855992654 16.270140818174696
leaf_count=51860 1630 3958 297
internal_value=0.00013716 -0.0127292 0.00878254
internal_weight=1887.83 60.7558 28.1346
internal_count=57745 5885 1927
is_linear=0
shrinkage=0.0321881


Tree=693
num_leaves=4
num_cat=0
split_feature=7 32 23
split_gain=8.339 16.741 16.0363
threshold=-484.20101338560875 -0.096021487188741275 52.948710771207288
decision_type=2 2 2
left_child=1 -1 -3
right_child=-2 2 -4
leaf_value=-0.0076348056770278588 0.00069142226812337021 0 0.028515819453791301
leaf_weight=397.70320290526979 1314.0926374593291 148.78208089150303 23.918987645258312
leaf_count=11752 38700 6974 477
internal_value=-0.000678319 -0.00394451 0.00418417
internal_weight=1884.5 570.404 172.701
internal_count=57903 19203 7451
is_linear=0
shrinkage=0.0321881


Tree=694
num_leaves=4
num_cat=0
split_feature=39 14 10
split_gain=8.62679 7.52771 19.4705
threshold=-0.057391966562442095 507.17165386620019 13102.930612214801
decision_type=2 10 2
left_child=-1 -2 -3
right_child=1 2 -4
leaf_value=-0.012705763052767945 -0.00048687108213463497 0.000219620038146952 0.022085983368968214
leaf_weight=54.246802998077328 1591.6849042979147 187.72068009480427 56.619636211107718
leaf_count=2063 52072 3019 913
internal_value=-5.63933e-05 0.000284247 0.0055635
internal_weight=1890.27 1836.03 244.34
internal_count=58067 56004 3932
is_linear=0
shrinkage=0.0321881


Tree=695
num_leaves=4
num_cat=0
split_feature=15 9 30
split_gain=8.5812 7.60103 7.28872
threshold=1.2908299362312998 18.846026100445417 0.92106191567533924
decision_type=10 10 2
left_child=1 2 -1
right_child=-2 -3 -4
leaf_value=0.0013888424951442424 -0.018391519203863761 -0.018680808431509256 -0.0047114512839125169
leaf_weight=1620.4018089151086 25.408391237002434 21.069116895319894 228.99038370755989
leaf_count=39306 14082 545 4046
internal_value=5.80486e-05 0.000345014 0.000598566
internal_weight=1895.87 1870.46 1849.39
internal_count=57979 43897 43352
is_linear=0
shrinkage=0.0321881


Tree=696
num_leaves=4
num_cat=0
split_feature=7 33 30
split_gain=8.70479 18.8728 19.6446
threshold=18496.447156732076 -0.58583815074529755 -0.33051234272766183
decision_type=2 2 2
left_child=-1 -2 -3
right_child=1 2 -4
leaf_value=0.00050488570433929799 -0.028089811414698629 -0.020607166432191962 0.029501685394183005
leaf_weight=1822.5522355558223 34.374490101883566 13.899257711766042 17.174952385317738
leaf_count=55880 966 351 504
internal_value=5.65347e-05 -0.0114158 0.00506784
internal_weight=1888 65.4487 31.0742
internal_count=57701 1821 855
is_linear=0
shrinkage=0.0321881


Tree=697
num_leaves=4
num_cat=0
split_feature=5 10 7
split_gain=8.47383 15.8132 8.69407
threshold=5.3406612760261511 8598.3027379447612 23286.098577735549
decision_type=2 2 2
left_child=2 -2 -1
right_child=1 -3 -4
leaf_value=-0.0005076997856813414 -0.010488227419828642 0.026856289783610592 -0.017823318271695202
leaf_weight=1790.0230635419593 15.661184161675918 30.997005734898266 30.679135858954396
leaf_count=55182 263 853 1273
internal_value=-0.00045596 0.0129734 -0.000836731
internal_weight=1867.36 46.6582 1820.7
internal_count=57571 1116 56455
is_linear=0
shrinkage=0.0321881


Tree=698
num_leaves=4
num_cat=1
split_feature=10 44 14
split_gain=8.14846 40.2847 33.772
threshold=12336.077109752658 0 480.13957949192775
decision_type=2 9 8
left_child=-1 2 -2
right_child=1 -3 -4
leaf_value=0.0014716838341680843 -0.0040568030597488459 -0.024930491627982901 0.019387265518213282
leaf_weight=1441.1817405160327 304.11999811500573 65.414069386220035 79.986072631363641
leaf_count=41499 6650 8637 1242
internal_value=0.000260289 -0.00348061 0.000651452
internal_weight=1890.7 449.52 384.106
internal_count=58028 16529 7892
cat_boundaries=0 1
cat_threshold=1188099
is_linear=0
shrinkage=0.0321881


Tree=699
num_leaves=4
num_cat=0
split_feature=33 33 22
split_gain=7.58549 11.3797 22.472
threshold=0.3293159384861461 0.10878849175440568 179.0827197472741
decision_type=2 2 2
left_child=1 -1 -3
right_child=-2 2 -4
leaf_value=-0.00024540638245729862 -0.0181695328271817 -0.011609139477257282 0.024001181004353309
leaf_weight=1771.5393026272468 23.205361994179839 24.621006065783149 54.854990818363149
leaf_count=47688 8162 1199 828
internal_value=0 0.000254693 0.0121686
internal_weight=1874.22 1851.02 79.476
internal_count=57877 49715 2027
is_linear=0
shrinkage=0.0321881


Tree=700
num_leaves=4
num_cat=0
split_feature=35 5 30
split_gain=8.42573 9.35913 63.4639
threshold=0.0027000305407332524 2.2448717033133412 -0.57941221679903798
decision_type=2 2 2
left_child=1 -1 -3
right_child=-2 2 -4
leaf_value=-0.00022198273138682536 -0.0052491346866134969 -0.012343327264025284 0.012896903366829813
leaf_weight=1155.2128073271097 230.57882777237319 146.78682852182828 334.93235212757281
leaf_count=37867 7449 2760 9560
internal_value=0.000454414 0.00129737 0.0050714
internal_weight=1867.51 1636.93 481.719
internal_count=57636 50187 12320
is_linear=0
shrinkage=0.0321881


Tree=701
num_leaves=4
num_cat=0
split_feature=35 6 10
split_gain=8.46094 7.93336 13.5937
threshold=0.0023698283431402216 8.0328376579479173 7912.0241370214326
decision_type=2 2 2
left_child=1 -1 -3
right_child=-2 2 -4
leaf_value=-0.0017563225674570929 -0.0053522227159469634 -0.0035016799515900998 0.0054327449290573664
leaf_weight=758.43488116046956 293.82236321407072 241.88368923135113 593.46586618454148
leaf_count=24938 9318 6611 17135
internal_value=-0.000313813 0.000575744 0.00276921
internal_weight=1887.61 1593.78 835.35
internal_count=58002 48684 23746
is_linear=0
shrinkage=0.0321881


Tree=702
num_leaves=4
num_cat=1
split_feature=19 32 44
split_gain=8.64457 9.78903 44.0568
threshold=-1.7375862628344294 -0.43269228799508486 0
decision_type=2 2 9
left_child=-1 -2 -3
right_child=1 2 -4
leaf_value=-0.0096686920820807914 -0.0015464472731618623 0.0095049178820887405 -0.0045548443863445941
leaf_weight=89.630645454270962 984.30896831310747 470.96101408402137 328.6646261497026
leaf_count=5978 24891 15845 11207
internal_value=3.45619e-05 0.000559003 0.00323005
internal_weight=1873.57 1783.93 799.626
internal_count=57921 51943 27052
cat_boundaries=0 1
cat_threshold=262677
is_linear=0
shrinkage=0.0321881


Tree=703
num_leaves=4
num_cat=0
split_feature=2 32 14
split_gain=9.08304 36.0617 23.8801
threshold=30.187443062724697 -0.12379593262957245 189.78487388168284
decision_type=2 2 10
left_child=1 -1 -3
right_child=-2 2 -4
leaf_value=-0.0084931818018101814 0.001597401889746003 -0.026326655767668426 0.011331162739538258
leaf_weight=432.36338389075172 1235.9093136394513 18.130955809363513 189.99509730067439
leaf_count=24258 17238 6370 10030
internal_value=0 -0.00312484 0.0077187
internal_weight=1876.4 640.489 208.126
internal_count=57896 40658 16400
is_linear=0
shrinkage=0.0321881


Tree=704
num_leaves=4
num_cat=0
split_feature=29 33 22
split_gain=10.2572 21.6996 19.9908
threshold=9.3276908983746356 -0.10011527784720671 204.57684107064651
decision_type=2 2 2
left_child=1 -1 -2
right_child=2 -3 -4
leaf_value=-0.00025084093278252608 -0.007286857390171991 -0.021357942259407497 0.015489354233406267
leaf_weight=1642.5675769446862 57.56930775924593 52.107793394297914 111.52696489636583
leaf_count=44225 4569 6746 2017
internal_value=-0.000152267 -0.000940316 0.00735964
internal_weight=1863.77 1694.68 169.096
internal_count=57557 50971 6586
is_linear=0
shrinkage=0.0321881


Tree=705
num_leaves=4
num_cat=0
split_feature=32 10 33
split_gain=11.3767 18.6001 22.8505
threshold=0.56195697437545788 8420.0965047902901 -0.36458219934596398
decision_type=2 2 2
left_child=-1 2 -2
right_child=1 -3 -4
leaf_value=0.00063076640592270457 -0.023490499230045672 -0.027423669431621962 0.029103049285684884
leaf_weight=1809.2571113351896 14.837012312680598 39.494092433423248 18.455324217353336
leaf_count=50965 687 4565 1564
internal_value=9.45718e-05 -0.0123202 0.00376429
internal_weight=1882.04 72.7864 33.2923
internal_count=57781 6816 2251
is_linear=0
shrinkage=0.0321881


Tree=706
num_leaves=4
num_cat=1
split_feature=3 4 44
split_gain=8.49033 29.8255 16.0391
threshold=99.056400492099172 143.76595110439408 0
decision_type=2 2 9
left_child=1 -1 -2
right_child=2 -3 -4
leaf_value=0.017178649172686286 0.0013188126216302804 -0.011838047335110902 -0.017307787968891746
leaf_weight=44.273824969741327 1622.6769243546587 182.70642517495071 38.84634254863613
leaf_count=764 44672 3572 8862
internal_value=-1.76731e-05 -0.00588584 0.000746372
internal_weight=1888.5 226.98 1661.52
internal_count=57870 4336 53534
cat_boundaries=0 1
cat_threshold=397895
is_linear=0
shrinkage=0.0321881


Tree=707
num_leaves=4
num_cat=1
split_feature=9 42 4
split_gain=9.58266 9.78708 18.0749
threshold=23.507648675601661 0 477.83683666139831
decision_type=10 9 2
left_child=1 2 -1
right_child=-2 -3 -4
leaf_value=-0.0021124117166734114 -0.02458134037291252 0 0.022272500385347362
leaf_weight=56.253015602585947 15.442461498907504 1743.4581334628674 60.774764330166363
leaf_count=1023 468 54859 1553
internal_value=0.000379338 0.000623852 0.00923948
internal_weight=1875.93 1860.49 117.028
internal_count=57903 57435 2576
cat_boundaries=0 1
cat_threshold=393732
is_linear=0
shrinkage=0.0321881


Tree=708
num_leaves=4
num_cat=1
split_feature=7 32 44
split_gain=9.31153 10.6904 14.1431
threshold=-1636.5382490533405 -0.33447160329628733 0
decision_type=2 2 9
left_child=1 -1 -3
right_child=-2 2 -4
leaf_value=-0.0089477916609019634 0.001130550371102794 0.009058799133821625 -0.0085315728124086415
leaf_weight=230.95882710508522 1475.0279523229474 99.900716573849422 71.420435008982167
leaf_count=6990 44225 4029 2789
internal_value=-1.92208e-05 -0.00439147 0.00138353
internal_weight=1877.31 402.28 171.321
internal_count=58033 13808 6818
cat_boundaries=0 1
cat_threshold=262661
is_linear=0
shrinkage=0.0321881


Tree=709
num_leaves=4
num_cat=0
split_feature=1 5 40
split_gain=8.75698 8.58826 17.0078
threshold=35.658955843582966 5.3406612760261511 0.11115248807602077
decision_type=2 2 2
left_child=1 -1 -3
right_child=-2 2 -4
leaf_value=-0.00024801355852558391 -0.021927957334747374 -0.0073213848490329015 0.030453910841509536
leaf_weight=1831.6262642324382 18.677393425634364 18.386368939354725 27.167263200273737
leaf_count=56716 227 627 496
internal_value=-0.000123705 6.20553e-05 0.0138571
internal_weight=1895.86 1877.18 45.5536
internal_count=58066 57839 1123
is_linear=0
shrinkage=0.0321881


Tree=710
num_leaves=4
num_cat=0
split_feature=33 29 22
split_gain=8.90804 31.4649 58.3453
threshold=-0.65935914711534871 7.8052201148239062 490.4083123982399
decision_type=2 2 2
left_child=1 -1 -3
right_child=-2 2 -4
leaf_value=0.00018729578949955262 0.0020907975386354363 -0.033081808113708651 0.0019941940003111529
leaf_weight=863.54839528311641 829.06870647327287 89.740083843254979 101.23159433272667
leaf_count=23937 28358 3420 2499
internal_value=-0.000364939 -0.00235607 -0.0141759
internal_weight=1883.59 1054.52 190.972
internal_count=58214 29856 5919
is_linear=0
shrinkage=0.0321881


Tree=711
num_leaves=4
num_cat=0
split_feature=10 32 22
split_gain=8.08821 34.9882 54.2857
threshold=8598.3027379447612 0.23842264243667002 267.8127503190405
decision_type=2 2 2
left_child=1 2 -1
right_child=-2 -3 -4
leaf_value=-0.023618172497914432 0.0016817572040300347 0.013395519838916794 -0.00030776218805164571
leaf_weight=137.73109108807694 1187.0939261920421 114.1003289195005 437.75891410482291
leaf_count=5344 38371 5016 9187
internal_value=3.80221e-05 -0.00269886 -0.00600466
internal_weight=1876.68 689.59 575.49
internal_count=57918 19547 14531
is_linear=0
shrinkage=0.0321881


Tree=712
num_leaves=4
num_cat=0
split_feature=14 10 30
split_gain=10.1501 24.2327 20.1613
threshold=301.61718833258448 16676.51210080901 0.45881562099517997
decision_type=10 2 2
left_child=-1 2 -2
right_child=1 -3 -4
leaf_value=-0.0030466827226771215 0.0041876061177781639 0.03149540926022501 -0.00495954009743221
leaf_weight=755.30346852387356 715.85495721918414 27.619611451838864 379.5113864085215
leaf_count=41098 10330 375 6201
internal_value=-0.000130693 0.00177408 0.000959873
internal_weight=1878.29 1122.99 1095.37
internal_count=58004 16906 16531
is_linear=0
shrinkage=0.0321881


Tree=713
num_leaves=4
num_cat=0
split_feature=10 10 21
split_gain=6.85744 8.67184 26.3651
threshold=17520.80342089184 12336.077109752658 37.448435400387503
decision_type=2 2 2
left_child=1 2 -1
right_child=-2 -3 -4
leaf_value=-0.018211402648452002 0.020065278870511728 -0.0042582034220549261 0.0019911466496777201
leaf_weight=69.785314266456226 17.242136119199131 424.87501765306297 1371.1208398121125
leaf_count=10218 471 15990 31193
internal_value=0 -0.00019016 0.000965676
internal_weight=1883.02 1865.78 1440.91
internal_count=57872 57401 41411
is_linear=0
shrinkage=0.0321881


Tree=714
num_leaves=4
num_cat=1
split_feature=32 10 44
split_gain=12.3331 20.956 19.324
threshold=0.62874629050047381 8012.1302919956142 0
decision_type=2 2 9
left_child=-1 2 -2
right_child=1 -3 -4
leaf_value=0.00069867316912446738 0.022561173800457194 -0.031421556931519844 -0.01805213404492071
leaf_weight=1819.4937071281302 16.110873790246842 33.247760143999585 11.909017007378681
leaf_count=51792 426 4306 1421
internal_value=0.000186187 -0.0139418 0.00463472
internal_weight=1880.76 61.2677 28.0199
internal_count=57945 6153 1847
cat_boundaries=0 1
cat_threshold=5
is_linear=0
shrinkage=0.0321881


Tree=715
num_leaves=4
num_cat=0
split_feature=33 33 22
split_gain=7.82055 14.7182 22.2281
threshold=0.30419575848663211 0.16208116337431047 179.0827197472741
decision_type=2 2 2
left_child=1 -1 -3
right_child=-2 2 -4
leaf_value=-0.00011072378111923353 -0.016097397094758489 -0.014290007187288914 0.02977583922708793
leaf_weight=1789.3473220762062 30.15335274368681 14.472143701030289 39.78897939628223
leaf_count=48116 8423 775 592
internal_value=5.50577e-05 0.00035582 0.0168431
internal_weight=1873.76 1843.61 54.2611
internal_count=57906 49483 1367
is_linear=0
shrinkage=0.0321881


Tree=716
num_leaves=4
num_cat=0
split_feature=2 16 1
split_gain=7.08612 16.79 36.9581
threshold=40.092855528768411 105.7562831359043 6.5793027108615574
decision_type=2 8 2
left_child=1 -1 -3
right_child=-2 2 -4
leaf_value=-0.008805280552279084 0.0028951736560538558 0.031519525869751708 -0.00082543599828710198
leaf_weight=260.17030293521111 540.92466107770451 37.66055823577517 1040.7944648757621
leaf_count=30439 6968 4322 16293
internal_value=-0.000174116 -0.00146225 0.000251706
internal_weight=1879.55 1338.63 1078.46
internal_count=58022 51054 20615
is_linear=0
shrinkage=0.0321881


Tree=717
num_leaves=4
num_cat=0
split_feature=22 33 32
split_gain=9.89626 11.5039 24.7005
threshold=896.99644631003537 -0.48131041106682548 -0.35950140980656853
decision_type=2 2 2
left_child=1 2 -1
right_child=-2 -3 -4
leaf_value=-0.0078718408505030774 0.017359812264028111 0.0030658061658539949 0.0013727552811342598
leaf_weight=496.71138145069926 32.463016585679725 614.05400482068399 731.62766408445896
leaf_count=13591 676 22958 20647
internal_value=-0.000141425 -0.000486556 -0.0023145
internal_weight=1874.86 1842.39 1228.34
internal_count=57872 57196 34238
is_linear=0
shrinkage=0.0321881


Tree=718
num_leaves=4
num_cat=0
split_feature=16 16 12
split_gain=8.10299 9.26311 42.4728
threshold=244.42401383167501 170.85297929064339 34.378216323653746
decision_type=10 10 10
left_child=1 -1 -3
right_child=-2 2 -4
leaf_value=-0.00094720372965578607 -0.021986112817879301 -0.0098033283629110606 0.012716441460738507
leaf_weight=1500.5076194695357 17.044411909842893 131.20406146416644 245.05746273660043
leaf_count=51499 897 2229 3465
internal_value=-1.81843e-05 0.000150141 0.0046933
internal_weight=1893.81 1876.77 376.262
internal_count=58090 57193 5694
is_linear=0
shrinkage=0.0321881


Tree=719
num_leaves=4
num_cat=0
split_feature=19 31 30
split_gain=8.6048 6.75471 10.1989
threshold=-2.2438819299999646 -0.93575154654114845 0.77252711792581741
decision_type=2 2 2
left_child=-1 -2 -3
right_child=1 2 -4
leaf_value=-0.010398369328545442 -0.0037862205965643286 0.0031316687568755286 -0.0028036109399041374
leaf_weight=76.444302772294577 295.46044822949989 1102.9099596843971 401.43310941973505
leaf_count=5073 16565 28206 8070
internal_value=0.000117533 0.000600876 0.00150532
internal_weight=1876.25 1799.8 1504.34
internal_count=57914 52841 36276
is_linear=0
shrinkage=0.0321881


Tree=720
num_leaves=4
num_cat=0
split_feature=36 22 21
split_gain=7.62282 32.7645 22.5141
threshold=0.84822263505422868 228.63740349575338 95.57776208242025
decision_type=2 2 2
left_child=1 -1 -2
right_child=2 -3 -4
leaf_value=-0.003123089565801534 -0.010903635484566299 0.02153771439036202 0.00068171801039473086
leaf_weight=151.43093690941987 196.58963471662355 85.201064750996011 1438.0925657687949
leaf_count=13304 9502 1497 33323
internal_value=7.32995e-05 0.00549998 -0.000673976
internal_weight=1871.31 236.632 1634.68
internal_count=57626 14801 42825
is_linear=0
shrinkage=0.0321881


Tree=721
num_leaves=4
num_cat=0
split_feature=5 5 3
split_gain=7.87584 36.5293 36.5423
threshold=1.2556371802840613 1.7934382559393891 258.32613131316333
decision_type=2 2 2
left_child=-1 -2 -3
right_child=1 2 -4
leaf_value=-0.001668921162881039 0.02634942314670731 0.0035252446574822504 -0.015444989017518222
leaf_weight=975.73012274148914 61.838337445686193 710.72196487977453 122.90762767958222
leaf_count=32942 1371 21583 1826
internal_value=0.000292546 0.00250081 0.000648358
internal_weight=1871.2 895.468 833.63
internal_count=57722 24780 23409
is_linear=0
shrinkage=0.0321881


Tree=722
num_leaves=4
num_cat=1
split_feature=32 4 44
split_gain=9.4368 47.6584 32.0143
threshold=-0.12379593262957245 251.30608424692744 0
decision_type=2 2 9
left_child=-1 -2 -3
right_child=1 2 -4
leaf_value=-0.0015955876213287552 -0.0150472345209458 0.01055303402821926 -0.023209681102661809
leaf_weight=1311.8234801084727 111.79072941988215 408.22503042298922 21.376655097560615
leaf_count=35222 3840 13039 5615
internal_value=-8.66524e-05 0.00345108 0.00841853
internal_weight=1853.22 541.392 429.602
internal_count=57716 22494 18654
cat_boundaries=0 1
cat_threshold=262663
is_linear=0
shrinkage=0.0321881


Tree=723
num_leaves=4
num_cat=0
split_feature=37 31 8
split_gain=10.5254 10.3768 13.3328
threshold=-0.015046270894661743 -0.98332377694434181 67.14345215876601
decision_type=2 2 2
left_child=-1 -2 -3
right_child=1 2 -4
leaf_value=-0.0059576257566752245 -0.0076718768287105249 -0.0067003707616212901 0.0028082479131776332
leaf_weight=276.10082981903906 133.11477204289986 169.97851564549637 1293.4378445580496
leaf_count=8728 8249 8711 32001
internal_value=-0.000128475 0.000840453 0.00165938
internal_weight=1872.63 1596.53 1463.42
internal_count=57689 48961 40712
is_linear=0
shrinkage=0.0321881


Tree=724
num_leaves=4
num_cat=0
split_feature=32 10 33
split_gain=7.67935 20.5467 23.4155
threshold=0.62874629050047381 8367.0091862323279 -0.36458219934596398
decision_type=2 2 2
left_child=-1 2 -2
right_child=1 -3 -4
leaf_value=0.00024358450858518821 -0.025722618689127067 -0.029779963263063338 0.03046130030380249
leaf_weight=1812.7485088169451 12.13552119866654 31.435859924188662 18.236977941091936
leaf_count=51906 551 4200 1435
internal_value=-0.000103168 -0.0112616 0.00590648
internal_weight=1874.56 61.8084 30.3725
internal_count=58092 6186 1986
is_linear=0
shrinkage=0.0321881


Tree=725
num_leaves=4
num_cat=0
split_feature=14 22 1
split_gain=8.00138 23.3713 18.9582
threshold=139.85556025552015 610.64212823126115 24.019096089840772
decision_type=10 2 2
left_child=1 2 -1
right_child=-2 -3 -4
leaf_value=-0.025550385379269399 0.00096076622281627828 0.031370782351835505 0.0051394796446000519
leaf_weight=57.934893575820752 1770.7505851281849 12.109100728528572 27.648305999784498
leaf_count=5522 51408 625 340
internal_value=0.000433197 -0.0084582 -0.0149068
internal_weight=1868.44 97.6923 85.5832
internal_count=57895 6487 5862
is_linear=0
shrinkage=0.0321881


Tree=726
num_leaves=4
num_cat=0
split_feature=31 14 10
split_gain=9.33098 16.1736 9.06867
threshold=0.48187914960482597 320.30197552307209 8555.7987687876575
decision_type=2 8 2
left_child=2 -2 -1
right_child=1 -3 -4
leaf_value=-0.0027597539635892637 -0.029450272177463658 -0.0013094420401902637 0.0020234615791130056
leaf_weight=643.61402350812659 30.138940255179477 88.016846482190886 1122.6490996030261
leaf_count=18667 599 1405 37332
internal_value=-0.000307 -0.00907011 0.000244298
internal_weight=1884.42 118.156 1766.26
internal_count=58003 2004 55999
is_linear=0
shrinkage=0.0321881


Tree=727
num_leaves=4
num_cat=0
split_feature=5 24 7
split_gain=8.73346 18.7581 10.2983
threshold=5.1644207369585571 134.92384638433228 25635.356685849951
decision_type=2 2 2
left_child=2 -2 -1
right_child=1 -3 -4
leaf_value=3.8275520895035515e-05 -0.013919458437594545 0.023082278957025908 -0.020830306883267865
leaf_weight=1781.2459617454488 17.913904006742086 46.570043300976977 24.535785722676337
leaf_count=55431 547 780 1144
internal_value=0.000169063 0.0118056 -0.000212702
internal_weight=1870.27 64.4839 1805.78
internal_count=57902 1327 56575
is_linear=0
shrinkage=0.0321881


Tree=728
num_leaves=4
num_cat=1
split_feature=42 33 33
split_gain=6.68389 15.5758 8.52181
threshold=0 -0.80283354294971698 -0.39685538903281553
decision_type=9 2 2
left_child=-1 -2 -3
right_child=1 2 -4
leaf_value=8.0097611388162674e-05 -0.019931245640488936 0.012783171266941635 -0.0084088806283080537
leaf_weight=1735.289139346809 59.729935535153345 37.913894981160411 38.308152582769253
leaf_count=55573 992 551 835
internal_value=-0.000442507 -0.00705694 0.00130625
internal_weight=1871.24 135.952 76.222
internal_count=57951 2378 1386
cat_boundaries=0 1
cat_threshold=393774
is_linear=0
shrinkage=0.0321881


Tree=729
num_leaves=4
num_cat=0
split_feature=35 8 31
split_gain=9.87986 9.47981 9.86945
threshold=-0.002486361156291157 67.14345215876601 -0.94571890970252903
decision_type=2 2 2
left_child=-1 -2 -3
right_child=1 2 -4
leaf_value=-0.0054300184504134028 -0.0054524343172233231 -0.0042106647931036464 0.0033047766012840657
leaf_weight=270.49485923681277 189.2917268690444 206.26082834211866 1198.2983054752294
leaf_count=8633 10476 11082 27492
internal_value=0.000212834 0.00121111 0.00215526
internal_weight=1864.35 1593.85 1404.56
internal_count=57683 49050 38574
is_linear=0
shrinkage=0.0321881


Tree=730
num_leaves=4
num_cat=0
split_feature=21 11 5
split_gain=7.48553 22.7917 19.0946
threshold=266.71895866067712 30.737462602356839 3.1738517113575733
decision_type=2 8 2
left_child=-1 2 -2
right_child=1 -3 -4
leaf_value=-0.0011774942796519419 0.0013269109897131486 0.042924637531032823 0.017241475215598486
leaf_weight=1490.3071262175818 295.92631956878904 14.792291713398297 78.065897286578547
leaf_count=47986 7593 854 1356
internal_value=-0.000106926 0.00383132 0.00208868
internal_weight=1879.09 388.785 373.992
internal_count=57789 9803 8949
is_linear=0
shrinkage=0.0321881


Tree=731
num_leaves=4
num_cat=0
split_feature=11 12 16
split_gain=8.95982 13.0152 35.1694
threshold=26.863354084169906 26.98255473226553 153.88362652491884
decision_type=8 10 10
left_child=1 2 -1
right_child=-2 -3 -4
leaf_value=0 -0.0042017416115818426 0.0046636637991904623 -0.033637836486308484
leaf_weight=781.95753451252403 391.27873511592588 657.54980490449088 33.348475877384772
leaf_count=16451 15864 24957 645
internal_value=8.90083e-05 0.00127262 -0.00138474
internal_weight=1864.13 1472.86 815.306
internal_count=57917 42053 17096
is_linear=0
shrinkage=0.0321881


Tree=732
num_leaves=4
num_cat=1
split_feature=10 9 42
split_gain=10.378 9.43528 10.0004
threshold=2871.2572040001296 24.764373644362141 0
decision_type=2 10 9
left_child=-1 2 -2
right_child=1 -3 -4
leaf_value=-0.014503418948763157 0.00956148178053314 -0.026836084552722399 0.00013094133852246172
leaf_weight=48.030047837637539 116.40678735672736 12.519044358214158 1679.3482634376587
leaf_count=2126 2557 428 52778
internal_value=0.000175642 0.000602605 0.000832872
internal_weight=1856.3 1808.27 1795.76
internal_count=57889 55763 55335
cat_boundaries=0 1
cat_threshold=393796
is_linear=0
shrinkage=0.0321881


Tree=733
num_leaves=4
num_cat=0
split_feature=39 22 18
split_gain=8.32256 7.55059 11.4886
threshold=-0.057391966562442095 851.83023505095173 33.787028131078173
decision_type=2 2 2
left_child=-1 -2 -3
right_child=1 2 -4
leaf_value=-0.012832188931513838 -0.00031649725518056646 0.0065685202096551539 0.029474614781877857
leaf_weight=53.640311473511247 1756.765322952534 17.321327231242321 24.690815298992675
leaf_count=2007 54962 430 489
internal_value=-0.000366528 0 0.0134535
internal_weight=1852.42 1798.78 42.0121
internal_count=57888 55881 919
is_linear=0
shrinkage=0.0321881


Tree=734
num_leaves=4
num_cat=0
split_feature=35 30 10
split_gain=10.4474 9.10644 20.1988
threshold=-0.0029861926022704877 -0.77809568750254388 6437.8996634476089
decision_type=2 2 2
left_child=-1 2 -2
right_child=1 -3 -4
leaf_value=-0.0071431828096120385 0.0094572925312526278 0.0023546924232648501 -0.0069275576661654544
leaf_weight=183.91895634776665 98.973110360526334 1245.181004336695 333.7537450739901
leaf_count=6137 1512 44044 6076
internal_value=9.55618e-05 0.000927867 -0.00302979
internal_weight=1861.83 1677.91 432.727
internal_count=57769 51632 7588
is_linear=0
shrinkage=0.0321881


Tree=735
num_leaves=4
num_cat=0
split_feature=0 2 30
split_gain=7.03452 18.2978 54.9399
threshold=87.241914504313129 13.028412260347826 0.87473247397380149
decision_type=2 2 2
left_child=-1 2 -2
right_child=1 -3 -4
leaf_value=-0.0081436033982142855 0.0082175239138592444 -0.00046087948628185341 0.16483342963450862
leaf_weight=118.3602098768979 25.195793751176101 1716.5931548586377 2.4791789241608049
leaf_count=24483 7275 25785 369
internal_value=-0.000556487 -4.10388e-06 0.0258097
internal_weight=1862.63 1744.27 27.675
internal_count=57912 33429 7644
is_linear=0
shrinkage=0.0321881


Tree=736
num_leaves=4
num_cat=0
split_feature=36 22 25
split_gain=7.0446 30.4349 18.3121
threshold=0.84822263505422868 225.97966942142213 6.4824445188777906
decision_type=2 2 2
left_child=1 -1 -2
right_child=2 -3 -4
leaf_value=-0.002884710307976894 -0.00019812806071984465 0.021297305582470664 -0.027569283520298232
leaf_weight=150.12395206159454 1616.372341048751 81.009104495693464 25.604617179746128
leaf_count=13389 40174 1508 2997
internal_value=3.88422e-05 0.00532861 -0.000667649
internal_weight=1873.11 231.133 1641.98
internal_count=58068 14897 43171
is_linear=0
shrinkage=0.0321881


Tree=737
num_leaves=4
num_cat=0
split_feature=16 12 15
split_gain=8.50066 40.0383 25.7522
threshold=175.32237714182193 34.378216323653746 1.0408184864448422
decision_type=10 8 10
left_child=-1 -2 -3
right_child=1 2 -4
leaf_value=-0.0013592279306150891 -0.01061691999174633 -0.0037314039489062469 0.020153818725847993
leaf_weight=1555.662002330052 115.03050903276744 62.119106707519677 148.59102338887533
leaf_count=52234 2363 922 2355
internal_value=-0.00033775 0.00434264 0.012814
internal_weight=1881.4 325.741 210.71
internal_count=57874 5640 3277
is_linear=0
shrinkage=0.0321881


Tree=738
num_leaves=4
num_cat=2
split_feature=10 44 44
split_gain=9.63917 76.392 38.1421
threshold=10283.316616369719 0 1
decision_type=2 9 9
left_child=2 -2 -1
right_child=1 -3 -4
leaf_value=0.012068797300938933 0.0012315782563912829 -0.026953212134471251 -0.0016694076787694473
leaf_weight=277.15544916361432 720.5868070659526 104.79742933362013 748.46227746406203
leaf_count=12406 14862 13911 16437
internal_value=0 -0.0025881 0.00208432
internal_weight=1851 825.384 1025.62
internal_count=57616 28773 28843
cat_boundaries=0 1 2
cat_threshold=161027 266820
is_linear=0
shrinkage=0.0321881


Tree=739
num_leaves=4
num_cat=0
split_feature=14 0 29
split_gain=7.90997 19.4709 16.1844
threshold=638.99993765390536 1784.2011932956157 8.3814935217333382
decision_type=10 2 2
left_child=1 -1 -2
right_child=2 -3 -4
leaf_value=1.4728712408900889e-05 0 -0.026350063850987475 0.029887322753236155
leaf_weight=1759.4407303690505 48.891378143205657 29.195871998741495 27.416021265875315
leaf_count=55684 881 868 440
internal_value=1.58681e-05 -0.000383451 0.0101802
internal_weight=1864.94 1788.64 76.3074
internal_count=57873 56552 1321
is_linear=0
shrinkage=0.0321881


Tree=740
num_leaves=4
num_cat=0
split_feature=7 23 5
split_gain=6.81034 11.8837 10.4963
threshold=23286.098577735549 40.978044689071332 5.3406612760261511
decision_type=2 2 2
left_child=2 -2 -1
right_child=1 -3 -4
leaf_value=-0.00013352381250746577 -0.023216753584855889 0.0066789679779909964 0.02093030876867839
leaf_weight=1787.1754836685268 34.2170017222561 18.370399068007828 24.573800476180622
leaf_count=55420 1309 251 823
internal_value=-0.000177683 -0.0115844 0.000119726
internal_weight=1864.34 52.5874 1811.75
internal_count=57803 1560 56243
is_linear=0
shrinkage=0.0321881


Tree=741
num_leaves=4
num_cat=1
split_feature=11 44 14
split_gain=7.43899 15.1633 18.8967
threshold=26.584969095494195 0 493.33348867486205
decision_type=8 9 8
left_child=-1 2 -2
right_child=1 -3 -4
leaf_value=0.0010416245244997387 0 -0.0052246107570909943 0.066894114917186193
leaf_weight=1436.6833609160221 7.8575167930302996 411.59731949824527 7.8962132750893943
leaf_count=40897 553 16222 211
internal_value=-3.28518e-05 -0.0037926 0.0199516
internal_weight=1864.03 427.351 15.7537
internal_count=57883 16986 764
cat_boundaries=0 1
cat_threshold=135172
is_linear=0
shrinkage=0.0321881


Tree=742
num_leaves=4
num_cat=0
split_feature=35 5 3
split_gain=7.68184 6.56982 27.5554
threshold=0.0024098856541184713 1.2765032824519336 258.32613131316333
decision_type=2 2 2
left_child=1 -1 -3
right_child=-2 2 -4
leaf_value=-0.0012567719166596365 -0.005100454416685698 0.0055025633867131114 -0.011764081456016264
leaf_weight=833.62898770796346 281.70289034358029 639.64797738401285 110.66887031015358
leaf_count=28044 9055 19277 1661
internal_value=-0.000178678 0.000657081 0.00286803
internal_weight=1865.65 1583.95 750.317
internal_count=58037 48982 20938
is_linear=0
shrinkage=0.0321881


Tree=743
num_leaves=4
num_cat=0
split_feature=33 29 21
split_gain=7.87088 38.6628 52.245
threshold=-0.69521745022812953 7.7278592326743665 276.34992152392505
decision_type=2 2 2
left_child=1 -1 -3
right_child=-2 2 -4
leaf_value=0.0007211734344476612 0.0021325690673421284 -0.030941578079156984 0.0047078735295728842
leaf_weight=831.59454076210022 859.4805356238885 100.54025926543363 68.918251405251794
leaf_count=22992 29545 3794 1618
internal_value=-9.04198e-05 -0.00206269 -0.0160814
internal_weight=1860.53 1001.05 169.459
internal_count=57949 28404 5412
is_linear=0
shrinkage=0.0321881


Tree=744
num_leaves=4
num_cat=0
split_feature=13 14 1
split_gain=11.9324 20.1195 21.32
threshold=20.472773010552892 215.32728180580281 6.5793027108615574
decision_type=10 10 2
left_child=-1 -2 -3
right_child=1 2 -4
leaf_value=0.0056073496167126126 -0.015349407156379993 0.026810498070682632 -0.00048193280015271722
leaf_weight=366.91388716490837 92.855505600674405 30.056142063456718 1375.7939412736305
leaf_count=8137 22588 6612 20504
internal_value=0.000383285 -0.000853866 6.06829e-05
internal_weight=1865.62 1498.71 1405.85
internal_count=57841 49704 27116
is_linear=0
shrinkage=0.0321881


Tree=745
num_leaves=4
num_cat=1
split_feature=15 16 44
split_gain=9.44474 20.8819 18.8296
threshold=0.58046610804549836 71.787510794551096 0
decision_type=8 8 9
left_child=-1 -2 -3
right_child=1 2 -4
leaf_value=0.0051359939648536589 -0.02740277978491918 0.011439492874076918 -0.0015490928040777692
leaf_weight=307.7354553418445 30.351099748070737 115.22076444163577 1414.6006614625012
leaf_count=5119 17378 6904 28394
internal_value=0 -0.00103193 -0.000462949
internal_weight=1867.91 1560.17 1529.82
internal_count=57795 52676 35298
cat_boundaries=0 1
cat_threshold=393284
is_linear=0
shrinkage=0.0321881


Tree=746
num_leaves=4
num_cat=0
split_feature=2 16 1
split_gain=8.94427 16.2834 21.7184
threshold=40.092855528768411 83.791783554371904 6.5793027108615574
decision_type=2 8 2
left_child=1 -1 -3
right_child=-2 2 -4
leaf_value=-0.012909619242317151 0.0035581995951305631 0.020856476183418474 -0.0010848971190475893
leaf_weight=114.24211693715915 557.12762824360834 48.42859208509617 1153.1567710456511
leaf_count=23817 7137 8811 18323
internal_value=0.000109609 -0.00130252 -0.000143639
internal_weight=1872.96 1315.83 1201.59
internal_count=58088 50951 27134
is_linear=0
shrinkage=0.0321881


Tree=747
num_leaves=4
num_cat=0
split_feature=7 16 12
split_gain=7.57349 7.40676 37.1756
threshold=29505.817514302365 174.15629550880161 34.212945484891712
decision_type=2 10 10
left_child=1 -1 -3
right_child=-2 2 -4
leaf_value=-0.0010825567980909652 -0.02031817045230112 -0.010747906046608389 0.012001085217180213
leaf_weight=1510.9740639973033 19.253936909245567 109.76858153039939 220.06092612105931
leaf_count=51181 916 2293 3418
internal_value=-0.000340914 -9.47765e-05 0.00423488
internal_weight=1860.06 1840.8 329.83
internal_count=57808 56892 5711
is_linear=0
shrinkage=0.0321881


Tree=748
num_leaves=4
num_cat=1
split_feature=10 44 5
split_gain=7.94632 44.2321 80.4864
threshold=8555.7987687876575 0 2.7363057862341083
decision_type=2 9 2
left_child=1 2 -1
right_child=-2 -3 -4
leaf_value=-5.2402588260029112e-05 0.0020979542678053915 -0.0072919236752845996 0.049584112961890019
leaf_weight=140.71314939946751 1188.2942158266751 494.27603592879314 43.30328676479985
leaf_count=2090 38633 16701 439
internal_value=0.000483409 -0.00225097 0.0107479
internal_weight=1866.59 678.292 184.016
internal_count=57863 19230 2529
cat_boundaries=0 1
cat_threshold=580
is_linear=0
shrinkage=0.0321881


Tree=749
num_leaves=4
num_cat=2
split_feature=41 43 5
split_gain=8.34506 10.7997 27.7516
threshold=0 1 2.7363057862341083
decision_type=9 9 2
left_child=-1 2 -2
right_child=1 -3 -4
leaf_value=0.0079905102874623605 0.016711047533830691 -0.0011446902215771684 -0.011574225531051228
leaf_weight=125.40734042094846 113.93439773223417 1579.8124598106888 49.60384849897946
leaf_count=1767 6529 47085 2653
internal_value=0.000284171 -0.000278891 0.0072931
internal_weight=1868.76 1743.35 163.538
internal_count=58034 56267 9182
cat_boundaries=0 1 2
cat_threshold=514 16
is_linear=0
shrinkage=0.0321881


Tree=750
num_leaves=4
num_cat=0
split_feature=22 6 10
split_gain=8.42253 8.7089 13.9524
threshold=896.99644631003537 7.2475427623728779 8220.4350402916371
decision_type=2 2 2
left_child=1 -1 -3
right_child=-2 2 -4
leaf_value=-0.0024075624898056962 0.016405521491754942 -0.0034679012523649399 0.0047276179065817653
leaf_weight=868.02953059392894 32.519156900700182 311.09671240546595 657.63989821274845
leaf_count=28979 686 8636 19711
internal_value=0.000221339 -3.26019e-05 0.0020298
internal_weight=1869.29 1836.77 968.737
internal_count=58012 57326 28347
is_linear=0
shrinkage=0.0321881


Tree=751
num_leaves=4
num_cat=2
split_feature=41 44 2
split_gain=9.46969 11.2172 9.37101
threshold=0 1 46.005722713714114
decision_type=9 9 2
left_child=1 -1 -2
right_child=2 -3 -4
leaf_value=0.0027580827239845371 -0.00057170243876603652 -0.018427617523314486 0.00685194349448789
leaf_weight=37.653765822644345 1557.0262557366559 55.135030114144683 197.68511755767395
leaf_count=584 52910 2015 2353
internal_value=-0.000293879 -0.00979241 0.000227863
internal_weight=1847.5 92.7888 1754.71
internal_count=57862 2599 55263
cat_boundaries=0 1 2
cat_threshold=64 518
is_linear=0
shrinkage=0.0321881


Tree=752
num_leaves=4
num_cat=0
split_feature=34 34 11
split_gain=8.30663 13.1011 11.1372
threshold=0.96372386279336741 0.059838709399103303 29.903945891487549
decision_type=2 2 8
left_child=1 -1 -2
right_child=2 -3 -4
leaf_value=0.00044993723479325382 -0.015432901683572449 0.027414850809299087 0.018463237472985766
leaf_weight=1770.9743225121038 65.821427944851166 18.765238312846122 10.056500643018806
leaf_count=54628 2390 460 357
internal_value=0.000295922 0.000771837 -0.0100602
internal_weight=1865.62 1789.74 75.8779
internal_count=57835 55088 2747
is_linear=0
shrinkage=0.0321881


Tree=753
num_leaves=4
num_cat=1
split_feature=31 44 10
split_gain=8.19573 23.4284 34.3328
threshold=-0.77999315976153383 0 10050.335905247188
decision_type=2 9 2
left_child=1 2 -1
right_child=-2 -3 -4
leaf_value=0.020845267648319957 0.0019595859147139112 -0.0055600452358963385 -0.01858801055871976
leaf_weight=88.669422448572732 1214.6788081393843 514.89393877626935 29.008900970166906
leaf_count=1995 25251 27923 2407
internal_value=0.00038265 -0.00254436 0.00974052
internal_weight=1847.25 632.572 117.678
internal_count=57576 32325 4402
cat_boundaries=0 1
cat_threshold=131648
is_linear=0
shrinkage=0.0321881


Tree=754
num_leaves=4
num_cat=0
split_feature=10 7 4
split_gain=7.49468 7.08949 17.2734
threshold=1636.446172546707 18496.447156732076 982.65792280472783
decision_type=2 2 2
left_child=-1 -2 -3
right_child=1 2 -4
leaf_value=-0.025830226107008334 -3.3638067224506342e-05 0 -0.03518091912197132
leaf_weight=12.008454442246146 1789.1486237877607 40.143551151302745 20.440730874770452
leaf_count=704 55250 1000 809
internal_value=-0.000638059 -0.000436795 -0.0112489
internal_weight=1861.74 1849.73 60.5843
internal_count=57763 57059 1809
is_linear=0
shrinkage=0.0321881


Tree=755
num_leaves=4
num_cat=0
split_feature=14 32 36
split_gain=8.42772 23.7713 25.0278
threshold=464.33715273460587 0.41913269350341564 0.84822263505422868
decision_type=10 2 2
left_child=1 2 -1
right_child=-2 -3 -4
leaf_value=0.013241559250829439 0.0044786041739355281 -0.017585451552167789 -0.001399755888316748
leaf_weight=133.19722851114238 357.58493514495058 84.431499273593545 1293.3550179487629
leaf_count=6988 5636 8444 36960
internal_value=3.25334e-06 -0.00101426 0
internal_weight=1868.57 1510.98 1426.55
internal_count=58028 52392 43948
is_linear=0
shrinkage=0.0321881


Tree=756
num_leaves=4
num_cat=1
split_feature=44 29 16
split_gain=7.98619 31.3086 31.1601
threshold=0 8.4762249396712939 97.664980552663366
decision_type=9 2 8
left_child=1 2 -1
right_child=-2 -3 -4
leaf_value=-0.0048864567544053975 -0.0010282033645004369 -0.02313137481999291 0.036888264629727989
leaf_weight=27.70884155364547 1764.424683215786 21.965296174393188 43.680080637386709
leaf_count=11733 38659 5366 2186
internal_value=-0.000494349 0.00813305 0.0198221
internal_weight=1857.78 93.3542 71.3889
internal_count=57944 19285 13919
cat_boundaries=0 1
cat_threshold=393220
is_linear=0
shrinkage=0.0321881


Tree=757
num_leaves=4
num_cat=1
split_feature=10 44 29
split_gain=8.66211 7.42298 35.5262
threshold=17253.279512906676 0 8.5803063860262245
decision_type=2 9 2
left_child=1 2 -1
right_child=-2 -3 -4
leaf_value=0.018762342404078449 0.019618354504946114 -0.00081174747436528103 -0.026491975930854159
leaf_weight=80.821749945974261 22.763533970515709 1719.4929684467097 21.982199281759677
leaf_count=14237 691 37624 5294
internal_value=0 -0.000258915 0.00768331
internal_weight=1845.06 1822.3 102.804
internal_count=57846 57155 19531
cat_boundaries=0 1
cat_threshold=394244
is_linear=0
shrinkage=0.0321881


Tree=758
num_leaves=4
num_cat=0
split_feature=7 5 10
split_gain=6.28319 8.37466 10.9954
threshold=29505.817514302365 5.3406612760261511 8729.5647771902568
decision_type=2 2 2
left_child=1 -1 -3
right_child=-2 2 -4
leaf_value=-0.00030728450478393395 -0.018309914764413522 -0.0035165362219705667 0.028651039123308738
leaf_weight=1807.406933983887 19.367720871509846 14.52007191445591 23.780682026132126
leaf_count=56032 903 242 755
internal_value=-0.000183282 0 0.0148567
internal_weight=1865.08 1845.71 38.3008
internal_count=57932 57029 997
is_linear=0
shrinkage=0.0321881


Tree=759
num_leaves=4
num_cat=1
split_feature=13 44 4
split_gain=8.13316 18.3227 33.9622
threshold=35.661650134806557 0 1595.1994441483118
decision_type=8 9 2
left_child=-1 -2 -3
right_child=1 2 -4
leaf_value=0.0008142853808642711 -0.012957775095943288 -0.0038917841354732031 0.02557188909317884
leaf_weight=1392.208835013078 148.99442554638154 272.70165971233837 47.289361862354781
leaf_count=32518 7095 14873 3452
internal_value=-0.000382836 -0.00407092 0.000270802
internal_weight=1861.19 468.985 319.991
internal_count=57938 25420 18325
cat_boundaries=0 1
cat_threshold=529410
is_linear=0
shrinkage=0.0321881


Tree=760
num_leaves=4
num_cat=1
split_feature=38 31 42
split_gain=8.05944 7.21467 16.8772
threshold=-0.02702505710087777 -0.77999315976153383 0
decision_type=2 2 9
left_child=-1 2 -2
right_child=1 -3 -4
leaf_value=-0.0053815709817776041 -0.0021872158347303727 0.002579588742525717 0.015551287155835383
leaf_weight=233.15956991518033 508.20142859768657 1066.6565635350235 44.892604742926778
leaf_count=7895 26657 22001 1366
internal_value=0.000168265 0.00100714 -0.00191007
internal_weight=1852.91 1619.75 553.094
internal_count=57919 50024 28023
cat_boundaries=0 1
cat_threshold=148498
is_linear=0
shrinkage=0.0321881


Tree=761
num_leaves=4
num_cat=0
split_feature=33 25 10
split_gain=7.63842 12.843 19.6472
threshold=0.3884102688835861 15.066571272765779 10283.316616369719
decision_type=2 2 2
left_child=1 -1 -3
right_child=-2 2 -4
leaf_value=-0.00038347666538573918 -0.02436228260788563 -0.017578600312892028 0.044294464320774621
leaf_weight=1825.7363028060045 13.308581960755872 6.0290954413794706 15.799224272659556
leaf_count=47333 7636 1398 1427
internal_value=-0.000265297 -5.41467e-05 0.024313
internal_weight=1860.87 1847.56 21.8283
internal_count=57794 50158 2825
is_linear=0
shrinkage=0.0321881


Tree=762
num_leaves=4
num_cat=0
split_feature=1 30 5
split_gain=7.304 7.80198 29.8689
threshold=35.658955843582966 0.77252711792581741 2.1827784079505679
decision_type=2 2 2
left_child=1 -1 -3
right_child=-2 2 -4
leaf_value=0.0011713574660184405 -0.020419942757404885 -0.0099148026526136683 0.008470890458618421
leaf_weight=1428.0992860992046 18.019271867582574 279.95723421883395 132.52242251549615
leaf_count=48851 224 6462 2319
internal_value=-0.000155735 1.06542e-05 -0.00385201
internal_weight=1858.6 1840.58 412.48
internal_count=57856 57632 8781
is_linear=0
shrinkage=0.0321881


Tree=763
num_leaves=4
num_cat=0
split_feature=32 5 21
split_gain=8.51565 42.0136 38.5136
threshold=-0.12379593262957245 4.1546934593304714 39.190561443939579
decision_type=2 2 2
left_child=-1 2 -2
right_child=1 -3 -4
leaf_value=-0.00086295176047489859 -0.026627789442566812 -0.027214953042173619 0.0090300471800937865
leaf_weight=1312.3646139000848 32.644603636606917 40.523208022314066 468.68092454344878
leaf_count=35146 8078 1202 13326
internal_value=0.000499182 0.00391472 0.00656966
internal_weight=1854.21 541.849 501.326
internal_count=57752 22606 21404
is_linear=0
shrinkage=0.0321881


Tree=764
num_leaves=4
num_cat=0
split_feature=33 25 10
split_gain=8.67378 12.9488 17.2755
threshold=0.30419575848663211 15.982821395926058 10283.316616369719
decision_type=2 2 2
left_child=1 -1 -3
right_child=-2 2 -4
leaf_value=0.00015885110137959176 -0.017617472903630367 -0.01768024787699252 0.045452754671354088
leaf_weight=1810.0119366664585 27.566471916124101 4.6024744948063043 14.364489315701574
leaf_count=46980 8285 1326 1341
internal_value=0.000168116 0.000473249 0.0267872
internal_weight=1856.55 1828.98 18.967
internal_count=57932 49647 2667
is_linear=0
shrinkage=0.0321881


Tree=765
num_leaves=4
num_cat=0
split_feature=39 5 10
split_gain=11.0115 7.67351 8.68579
threshold=-0.061358155930467381 0.95641056078096898 3152.1796032268294
decision_type=2 2 2
left_child=-1 -2 -3
right_child=1 2 -4
leaf_value=-0.017103145612519872 -0.0044106544955055246 -0.0085822328909491413 0.0014494234515222051
leaf_weight=40.122451566718155 345.11642277344254 50.743827045916987 1416.7781845137943
leaf_count=1586 11846 2000 42585
internal_value=-0.000466882 -6.13202e-05 0.000918663
internal_weight=1852.76 1812.64 1467.52
internal_count=58017 56431 44585
is_linear=0
shrinkage=0.0321881


Tree=766
num_leaves=4
num_cat=1
split_feature=44 4 32
split_gain=8.96981 34.3646 42.1819
threshold=0 2192.9868308172595 -0.45297231588863912
decision_type=9 2 2
left_child=-1 2 -2
right_child=1 -3 -4
leaf_value=0.0027052346241992118 -0.0094183691688906907 0.038433208198467607 0.003996259458862411
leaf_weight=877.2878057225571 486.32210338775076 21.125252028465184 477.01569714594098
leaf_count=28836 13043 435 15622
internal_value=0.000327772 -0.00173616 -0.0027104
internal_weight=1861.75 984.463 963.338
internal_count=57936 29100 28665
cat_boundaries=0 1
cat_threshold=394310
is_linear=0
shrinkage=0.0321881


Tree=767
num_leaves=4
num_cat=0
split_feature=31 11 11
split_gain=7.07413 16.8359 9.09838
threshold=0.51452505592600561 23.023069330092699 27.153616668976586
decision_type=2 8 8
left_child=2 -2 -1
right_child=1 -3 -4
leaf_value=0.0016053791862994291 -0.02436709670756709 0.0012998557765604598 -0.0044228367572639671
leaf_weight=1431.849737320661 40.613990678990376 63.338628343750315 313.92874822489603
leaf_count=41722 758 1059 14082
internal_value=0 -0.00814944 0.000484443
internal_weight=1849.73 103.953 1745.78
internal_count=57621 1817 55804
is_linear=0
shrinkage=0.0321881


Tree=768
num_leaves=4
num_cat=1
split_feature=8 9 42
split_gain=7.37925 7.98447 7.51186
threshold=7157.0778740648375 20.830855205896814 0
decision_type=2 10 9
left_child=1 2 -1
right_child=-2 -3 -4
leaf_value=0.010861168887834801 -0.013181364139131931 -0.023277208900826109 -0.00021906889044222876
leaf_weight=55.354876466459245 45.231711372667633 14.959771805144554 1743.8994416511878
leaf_count=811 677 470 55805
internal_value=-0.000370301 -1.41146e-05 0.000146949
internal_weight=1859.45 1814.21 1799.25
internal_count=57763 57086 56616
cat_boundaries=0 1
cat_threshold=131588
is_linear=0
shrinkage=0.0321881


Tree=769
num_leaves=4
num_cat=1
split_feature=41 4 10
split_gain=10.6866 12.8029 8.05025
threshold=0 703.76020838599641 5053.332276350563
decision_type=9 2 2
left_child=1 -1 -2
right_child=2 -3 -4
leaf_value=-0.020064451806210588 0.005825019008915867 0.0036115853959977876 -0.00050478532585713359
leaf_weight=61.918342107715944 239.37833682982091 31.612531911552651 1526.1403763469066
leaf_count=1526 6536 1025 48719
internal_value=-0.000238328 -0.010296 0.000316247
internal_weight=1859.05 93.5309 1765.52
internal_count=57806 2551 55255
cat_boundaries=0 1
cat_threshold=64
is_linear=0
shrinkage=0.0321881


Tree=770
num_leaves=4
num_cat=0
split_feature=30 10 10
split_gain=12.2017 15.9946 15.6118
threshold=0.92106191567533924 10169.923348042399 10592.116154716563
decision_type=2 2 2
left_child=2 -2 -1
right_child=1 -3 -4
leaf_value=0.0035276372156691836 -0.015622794194848485 0.001052703179329184 -0.0028897406293883123
leaf_weight=978.0823965657778 113.16596530499191 111.72971940320258 647.81678743646171
leaf_count=28386 2241 2260 24969
internal_value=-6.29975e-06 -0.00706299 0.000931506
internal_weight=1850.79 224.896 1625.9
internal_count=57856 4501 53355
is_linear=0
shrinkage=0.0321881


Tree=771
num_leaves=4
num_cat=0
split_feature=22 25 12
split_gain=8.61125 16.7167 13.0757
threshold=34.002281521635773 15.982821395926058 19.518559172012434
decision_type=2 2 8
left_child=-1 -2 -3
right_child=1 2 -4
leaf_value=-0.026626864167844013 0.00014376914965872112 0.047877569737925812 0
leaf_weight=11.904854929138308 1824.1375960681698 13.420561645245472 7.4591242266433246
leaf_count=9980 46900 208 859
internal_value=0.000296892 0.00050853 0.0290001
internal_weight=1856.92 1845.02 20.8797
internal_count=57947 47967 1067
is_linear=0
shrinkage=0.0321881


Tree=772
num_leaves=4
num_cat=0
split_feature=1 14 17
split_gain=9.142 9.65625 20.9707
threshold=35.658955843582966 480.13957949192775 5.4297457715926463
decision_type=2 10 10
left_child=1 -1 -3
right_child=-2 2 -4
leaf_value=-0.00073857647571266567 -0.023130181989216743 -0.0015146726135133791 0.015054570628628259
leaf_weight=1532.544412132338 17.207848850113805 176.50169065933005 134.91051212075763
leaf_count=52857 226 2455 2458
internal_value=2.16116e-05 0.000275146 0.0054651
internal_weight=1861.16 1843.96 311.412
internal_count=57996 57770 4913
is_linear=0
shrinkage=0.0321881


Tree=773
num_leaves=4
num_cat=0
split_feature=33 32 22
split_gain=7.99654 33.5343 57.1556
threshold=-0.64724392757655413 -0.4432019556415715 493.84130367498796
decision_type=2 2 2
left_child=1 2 -1
right_child=-2 -3 -4
leaf_value=-0.026678841296215887 0.0023322778238563822 0.0013843839040871232 0.0022750463265076037
leaf_weight=134.23360853789382 792.70201190497573 783.53723769586213 141.03439238046849
leaf_count=4873 27667 21758 3470
internal_value=-7.59509e-05 -0.00193919 -0.0116238
internal_weight=1851.51 1058.81 275.268
internal_count=57768 30101 8343
is_linear=0
shrinkage=0.0321881


Tree=774
num_leaves=4
num_cat=1
split_feature=31 44 16
split_gain=7.07288 15.4821 36.3867
threshold=-0.81775058961076652 0 183.69637726704187
decision_type=2 9 8
left_child=1 2 -1
right_child=-2 -3 -4
leaf_value=0.0013227221917495387 0.0013442163282638136 -0.0057274675706681334 0.065365846053511922
leaf_weight=111.38255192471479 1275.4171226241751 451.27603570192377 10.041178610728819
leaf_count=5634 27693 24114 256
internal_value=0 -0.00296094 0.00670796
internal_weight=1848.12 572.7 121.424
internal_count=57697 30004 5890
cat_boundaries=0 1
cat_threshold=135744
is_linear=0
shrinkage=0.0321881


Tree=775
num_leaves=4
num_cat=1
split_feature=42 33 22
split_gain=9.35384 19.0765 21.6211
threshold=0 -0.75683723998042784 263.00963537286276
decision_type=9 2 2
left_child=1 -1 -3
right_child=-2 2 -4
leaf_value=-0.021821861857092947 0.00047974962091848169 -0.023099593892416316 0.013085373805708452
leaf_weight=61.991092895190377 1714.8892110688771 24.109895526014952 55.497708062626771
leaf_count=1064 55398 828 608
internal_value=-0.000161415 -0.00784418 0.00129267
internal_weight=1856.49 141.599 79.6076
internal_count=57898 2500 1436
cat_boundaries=0 1
cat_threshold=17440
is_linear=0
shrinkage=0.0321881


Tree=776
num_leaves=4
num_cat=1
split_feature=31 44 4
split_gain=8.04426 22.7761 24.8559
threshold=-0.46821747513533324 0 2026.2954925786576
decision_type=2 9 2
left_child=-1 -2 -3
right_child=1 2 -4
leaf_value=-0.0023364211774856802 0.0075506783163574696 -0.0048001502652458977 0.031191092843676611
leaf_weight=1013.0911628211843 388.19746956613562 426.29731628829268 20.284638564966372
leaf_count=43103 5970 8480 261
internal_value=-0.000380257 0.00191746 -0.00294131
internal_weight=1847.87 834.779 446.582
internal_count=57814 14711 8741
cat_boundaries=0 1
cat_threshold=271382
is_linear=0
shrinkage=0.0321881


Tree=777
num_leaves=4
num_cat=1
split_feature=14 44 12
split_gain=6.61329 31.1806 25.5167
threshold=454.97385915696412 0 40.210046449046864
decision_type=10 9 10
left_child=2 -2 -1
right_child=1 -3 -4
leaf_value=-0.00046960705259114772 -0.020023973587731187 0.0068335835506591162 -0.026098536559812455
leaf_weight=1433.8593112472831 40.649546257605834 345.04222928932359 41.424358991133886
leaf_count=47232 995 5039 4729
internal_value=-0.000223282 0.00348558 -0.00123648
internal_weight=1860.98 385.692 1475.28
internal_count=57995 6034 51961
cat_boundaries=0 1
cat_threshold=1872
is_linear=0
shrinkage=0.0321881


Tree=778
num_leaves=4
num_cat=1
split_feature=31 44 16
split_gain=9.87394 23.0798 26.7338
threshold=-0.81775058961076652 0 183.69637726704187
decision_type=2 9 8
left_child=1 2 -1
right_child=-2 -3 -4
leaf_value=0.0031946226765836466 0.0013234498198777993 -0.0071235293377119634 0.05517933517624253
leaf_weight=109.74073308603602 1284.3083012008292 449.51488665768738 11.562970915052572
leaf_count=5560 27772 24524 250
internal_value=-0.000205617 -0.00375659 0.00810505
internal_weight=1855.13 570.819 121.304
internal_count=58106 30334 5810
cat_boundaries=0 1
cat_threshold=135744
is_linear=0
shrinkage=0.0321881


Tree=779
num_leaves=4
num_cat=0
split_feature=22 25 25
split_gain=6.58517 13.1736 8.77414
threshold=37.884592042394182 16.980396812379354 7.229627656948268
decision_type=2 2 2
left_child=-1 2 -2
right_child=1 -3 -4
leaf_value=-0.022990352465535678 0.00011437865723419182 0.027685006990856461 -0.01148486962991337
leaf_weight=12.709102030208667 1775.7149370331936 17.463626669679797 44.503893019751558
leaf_count=10449 44554 842 2095
internal_value=-0.00010594 2.06132e-05 -0.000213387
internal_weight=1850.39 1837.68 1820.22
internal_count=57940 47491 46649
is_linear=0
shrinkage=0.0321881


Tree=780
num_leaves=4
num_cat=0
split_feature=14 32 17
split_gain=7.69502 17.4509 17.1335
threshold=273.01379362969197 0.41913269350341564 5.5776310869144661
decision_type=10 2 10
left_child=1 2 -1
right_child=-2 -3 -4
leaf_value=0 0.0018049644266397769 -0.025558472253142901 -0.027163286711889393
leaf_weight=535.2240872194343 1262.9758990915943 32.527614211697255 24.863538066419096
leaf_count=16500 19296 6503 15597
internal_value=0.000355079 -0.00262695 -0.00117127
internal_weight=1855.59 592.615 560.088
internal_count=57896 38600 32097
is_linear=0
shrinkage=0.0321881


Tree=781
num_leaves=4
num_cat=1
split_feature=25 44 12
split_gain=7.56915 14.9246 13.9262
threshold=3.3986131294768467 0 37.05437809114644
decision_type=2 9 10
left_child=-1 2 -2
right_child=1 -3 -4
leaf_value=0.00070993639203080939 -0.0017071010701454452 -0.013491338503676521 0.028145706288859276
leaf_weight=1606.4997603793627 113.18115527710506 110.7184602348816 18.21858176877322
leaf_count=40949 6701 8675 1439
internal_value=-5.49789e-05 -0.00538888 0.00185075
internal_weight=1848.62 242.118 131.4
internal_count=57764 16815 8140
cat_boundaries=0 1
cat_threshold=266306
is_linear=0
shrinkage=0.0321881


Tree=782
num_leaves=4
num_cat=1
split_feature=41 3 8
split_gain=8.97383 18.1108 9.79577
threshold=0 167.25113424570716 7157.0778740648375
decision_type=9 2 2
left_child=1 -1 -2
right_child=2 -3 -4
leaf_value=0.023666128232225771 -0.00062325435050162605 -0.00094533532489917207 -0.018597350931392472
leaf_weight=48.245763516340958 1691.41151732151 73.184137343076145 32.174297120054689
leaf_count=670 55549 1068 535
internal_value=-0.00034835 0.00770351 -0.00099248
internal_weight=1845.02 121.43 1723.59
internal_count=57822 1738 56084
cat_boundaries=0 1
cat_threshold=514
is_linear=0
shrinkage=0.0321881


Tree=783
num_leaves=4
num_cat=0
split_feature=30 4 4
split_gain=9.7036 22.3433 18.6813
threshold=0.78303027715190754 170.69505200199615 1937.8555032838869
decision_type=2 2 2
left_child=-1 -2 -3
right_child=1 2 -4
leaf_value=0.0014519639223665346 0.0099424940702334697 -0.010983574309676976 0.014945520599732238
leaf_weight=1439.4526914170292 86.382933376738947 284.08207250058877 29.866966828303703
leaf_count=49431 1587 6495 500
internal_value=0.000186068 -0.00420481 -0.00830472
internal_weight=1839.78 400.332 313.949
internal_count=58013 8582 6995
is_linear=0
shrinkage=0.0321881


Tree=784
num_leaves=4
num_cat=1
split_feature=10 44 14
split_gain=7.4412 37.7093 38.4046
threshold=12336.077109752658 0 493.33348867486205
decision_type=2 9 8
left_child=-1 2 -2
right_child=1 -3 -4
leaf_value=0.0012942901182025084 -0.0041872971148148135 -0.024671459086389153 0.022260805896351002
leaf_weight=1419.6760565338031 307.42790756697195 62.593153962820452 69.382504162138503
leaf_count=41567 6377 8928 1120
internal_value=0.000128414 -0.00349223 0.000511069
internal_weight=1859.08 439.404 376.81
internal_count=57992 16425 7497
cat_boundaries=0 1
cat_threshold=131075
is_linear=0
shrinkage=0.0321881


Tree=785
num_leaves=4
num_cat=0
split_feature=30 10 32
split_gain=8.36618 15.7931 11.6806
threshold=0.96410565923792613 11135.391547492325 -0.83780172035412737
decision_type=2 2 2
left_child=-1 -2 -3
right_child=1 2 -4
leaf_value=0.00089130031923158662 -0.015522000191265361 0.025421556504825728 -0.004079894953938696
leaf_weight=1685.9077974179763 91.242602139689552 20.256152871574159 35.45695127538238
leaf_count=54796 1799 291 867
internal_value=0.000215243 -0.00709686 0.00557008
internal_weight=1832.86 146.956 55.7131
internal_count=57753 2957 1158
is_linear=0
shrinkage=0.0321881


Tree=786
num_leaves=4
num_cat=2
split_feature=31 42 42
split_gain=7.40039 10.1051 7.89709
threshold=-0.98332377694434181 0 1
decision_type=2 9 9
left_child=1 -1 -2
right_child=2 -3 -4
leaf_value=0.011808421212184457 -0.0070423461899413219 -0.0094469639149715751 0.0013310572303774756
leaf_weight=17.163320900450344 114.31769013074518 140.95545426820718 1587.9667847309001
leaf_count=315 2032 9517 46284
internal_value=4.3907e-05 -0.0065742 0.000696878
internal_weight=1860.4 158.119 1702.28
internal_count=58148 9832 48316
cat_boundaries=0 1 2
cat_threshold=1572 17408
is_linear=0
shrinkage=0.0321881


Tree=787
num_leaves=4
num_cat=1
split_feature=33 32 44
split_gain=10.2582 22.9042 33.0162
threshold=-0.65349580339925251 -0.35950140980656853 0
decision_type=2 2 9
left_child=1 2 -1
right_child=-2 -3 -4
leaf_value=0.019291903722048052 0.0028634451438829885 0.0011948444399506532 -0.012142615508372773
leaf_weight=29.239581928712141 798.98332149826865 715.11867740435264 303.86621515730258
leaf_count=3870 27964 19935 6073
internal_value=8.36286e-05 -0.00197464 -0.00896604
internal_weight=1847.21 1048.22 333.106
internal_count=57842 29878 9943
cat_boundaries=0 1
cat_threshold=398352
is_linear=0
shrinkage=0.0321881


Tree=788
num_leaves=4
num_cat=0
split_feature=5 40 4
split_gain=6.59799 13.0169 7.85627
threshold=5.3406612760261511 0.085753763869869076 1093.5047915155401
decision_type=2 2 2
left_child=2 -2 -1
right_child=1 -3 -4
leaf_value=-0.0022665339882584987 -0.0060561478392369313 0.025948250700570542 0.0021913264138027052
leaf_weight=1188.29249289669 19.841725122765638 27.860873883124441 613.92401536686793
leaf_count=35593 626 518 21211
internal_value=-0.000365824 0.0113434 -0.000712541
internal_weight=1849.92 47.7026 1802.22
internal_count=57948 1144 56804
is_linear=0
shrinkage=0.0321881


Tree=789
num_leaves=4
num_cat=0
split_feature=31 30 5
split_gain=8.25337 9.30253 29.9607
threshold=-0.97702940019211992 -0.48875867096253017 2.3325628418845121
decision_type=2 2 2
left_child=-1 -2 -3
right_child=1 2 -4
leaf_value=-0.0066290150662150294 -0.0021043927077078399 -0.0010395718115881406 0.011017276283820709
leaf_weight=175.97560767141704 690.60344132870796 658.18477719789189 310.49264512328318
leaf_count=10992 15137 23910 7857
internal_value=0 0.000697631 0.00276105
internal_weight=1835.26 1659.28 968.677
internal_count=57896 46904 31767
is_linear=0
shrinkage=0.0321881


Tree=790
num_leaves=4
num_cat=1
split_feature=44 29 10
split_gain=7.98926 33.9939 18.3905
threshold=0 8.5803063860262245 14666.036654328536
decision_type=9 2 2
left_child=1 2 -1
right_child=-2 -3 -4
leaf_value=0.023583348814148173 -0.00039802710175526916 -0.024377045303710123 -0.031570129909689798
leaf_weight=77.913709269815627 1747.3248213633769 22.828498069628949 5.658794868781114
leaf_count=12764 38154 5281 1705
internal_value=0.000110045 0.00829293 0.0190102
internal_weight=1853.73 106.401 83.5725
internal_count=57904 19750 14469
cat_boundaries=0 1
cat_threshold=394244
is_linear=0
shrinkage=0.0321881


Tree=791
num_leaves=4
num_cat=0
split_feature=33 7 22
split_gain=8.8529 26.5025 47.9269
threshold=-0.57830730159644039 3312.5823143022767 282.9950201275978
decision_type=2 2 2
left_child=-1 -2 -3
right_child=1 2 -4
leaf_value=-0.0017094839258712357 -0.0018429210218449074 -0.007795905804305758 0.020824808542587142
leaf_weight=1146.1520699337016 439.05430150423308 88.518960523687383 175.12684938028542
leaf_count=32505 16906 5342 3128
internal_value=0 0.00287795 0.0109757
internal_weight=1848.85 702.7 263.646
internal_count=57881 25376 8470
is_linear=0
shrinkage=0.0321881


Tree=792
num_leaves=4
num_cat=0
split_feature=7 4 33
split_gain=8.71213 17.3322 16.2779
threshold=18496.447156732076 866.5750523220662 -0.57014205145283114
decision_type=2 2 2
left_child=-1 2 -2
right_child=1 -3 -4
leaf_value=0.00050432219083002114 -0.018403761224803923 -0.03449137339375867 0.023059899965983004
leaf_weight=1786.0184507509694 20.488494734458072 22.069114340558372 18.277984999881483
leaf_count=56040 479 939 424
internal_value=6.13473e-05 -0.0118521 0
internal_weight=1846.85 60.8356 38.7665
internal_count=57882 1842 903
is_linear=0
shrinkage=0.0321881


Tree=793
num_leaves=4
num_cat=0
split_feature=35 5 10
split_gain=8.07201 7.25524 11.1309
threshold=-0.0043271040022564251 0.9739479568564301 3414.0612649380187
decision_type=2 2 2
left_child=-1 -2 -3
right_child=1 2 -4
leaf_value=-0.011710245880340813 -0.0036604433686277149 -0.012152868393893349 0.0019899733166255994
leaf_weight=60.173849253703338 379.40106640464228 59.062509028055501 1340.3268095427047
leaf_count=2028 13376 2223 40179
internal_value=-0.000116211 0.000241703 0.0013456
internal_weight=1838.96 1778.79 1399.39
internal_count=57806 55778 42402
is_linear=0
shrinkage=0.0321881


Tree=794
num_leaves=4
num_cat=0
split_feature=2 16 2
split_gain=8.03016 20.5865 34.4861
threshold=28.32551703267341 114.63942363428419 11.957255155035687
decision_type=2 8 2
left_child=1 -1 -3
right_child=-2 2 -4
leaf_value=-0.016524048398858619 0.0014124884544602563 0.03939598737425639 -0.0023528319430262739
leaf_weight=98.615478089561293 1336.1640718584822 21.391690972872311 390.24202243604304
leaf_count=28840 19122 3184 6886
internal_value=6.7076e-05 -0.00333034 -7.17641e-06
internal_weight=1846.41 510.249 411.634
internal_count=58032 38910 10070
is_linear=0
shrinkage=0.0321881


Tree=795
num_leaves=4
num_cat=2
split_feature=8 41 42
split_gain=7.62041 9.43686 10.2969
threshold=85.471876989847246 0 1
decision_type=2 9 9
left_child=-1 -2 -3
right_child=1 2 -4
leaf_value=-0.0053163518258440672 0.0098167092446214931 -0.00074573286476266082 0.0090099102081840857
leaf_weight=250.86794303039642 99.607337059760539 1384.9492684265551 111.62466258332097
leaf_count=13960 1404 40254 2430
internal_value=-7.33146e-05 0.00071149 0
internal_weight=1847.05 1596.18 1496.57
internal_count=58048 44088 42684
cat_boundaries=0 1 2
cat_threshold=514 1065986
is_linear=0
shrinkage=0.0321881


Tree=796
num_leaves=4
num_cat=0
split_feature=33 7 22
split_gain=7.53274 24.6653 42.1409
threshold=-0.62771891670725755 3370.0129905605777 306.94254549577221
decision_type=2 2 2
left_child=-1 -2 -3
right_child=1 2 -4
leaf_value=-0.0022054022827249385 -0.002391429362614272 -0.0059868790570603231 0.01932960210700051
leaf_weight=1075.2165127834123 475.98746436054216 106.10191054017514 175.38581638026517
leaf_count=30596 18049 5737 3220
internal_value=-0.000445341 0.00196887 0.0095639
internal_weight=1832.69 757.475 281.488
internal_count=57602 27006 8957
is_linear=0
shrinkage=0.0321881


Tree=797
num_leaves=4
num_cat=0
split_feature=9 3 34
split_gain=8.89524 7.68682 7.32747
threshold=19.08276053677719 321.93459723864811 0.96372386279336741
decision_type=10 2 2
left_child=1 2 -1
right_child=-2 -3 -4
leaf_value=0.00065276506345525042 -0.022807535796022751 -0.02237618067323972 -0.0098276793974368254
leaf_weight=1728.9536069218257 17.648202948174003 15.525336799772047 71.484161243919516
leaf_count=54171 563 242 2699
internal_value=-0.000218343 0 0.000200041
internal_weight=1833.61 1815.96 1800.44
internal_count=57675 57112 56870
is_linear=0
shrinkage=0.0321881


Tree=798
num_leaves=4
num_cat=1
split_feature=17 14 44
split_gain=6.56814 18.0802 18.7705
threshold=5.7601960406094301 592.42670416855606 0
decision_type=8 10 9
left_child=-1 2 -2
right_child=1 -3 -4
leaf_value=0.0005575232559529126 0.015271446838221344 0.014789560854888827 -0.01823497651369875
leaf_weight=1714.5043944179861 12.959042452423089 28.030497331237711 88.584699986587111
leaf_count=38233 1924 629 17113
internal_value=0 -0.00695105 -0.0135987
internal_weight=1844.08 129.574 101.544
internal_count=57899 19666 19037
cat_boundaries=0 1
cat_threshold=131652
is_linear=0
shrinkage=0.0321881


Tree=799
num_leaves=4
num_cat=0
split_feature=30 1 2
split_gain=7.23422 28.3346 21.8638
threshold=0.77252711792581741 8.641036371406571 46.005722713714114
decision_type=2 2 2
left_child=-1 -2 -3
right_child=1 2 -4
leaf_value=0.00090302017097402491 0.036105742935241811 -0.0090811469323138442 0.012905580442103614
leaf_weight=1425.0772663906946 16.815713482231331 332.15464918059297 52.204037340095965
leaf_count=48870 2430 5697 676
internal_value=-0.000135697 -0.00398252 -0.00592316
internal_weight=1826.25 401.174 384.359
internal_count=57673 8803 6373
is_linear=0
shrinkage=0.0321881


Tree=800
num_leaves=4
num_cat=0
split_feature=0 2 4
split_gain=7.88842 19.543 69.6398
threshold=87.241914504313129 11.957255155035687 498.54781742236361
decision_type=2 2 2
left_child=-1 2 -2
right_child=1 -3 -4
leaf_value=-0.0086251328396901028 0.0895163593126172 -0.00036776164576839615 -0.015419348312576388
leaf_weight=115.76766298941038 10.842915042771894 1700.7260033383063 14.001838314076847
leaf_count=24532 1777 25802 5728
internal_value=-0.000498226 1.12074e-05 0.028251
internal_weight=1841.34 1725.57 24.8448
internal_count=57839 33307 7505
is_linear=0
shrinkage=0.0321881


Tree=801
num_leaves=4
num_cat=0
split_feature=8 37 30
split_gain=7.65775 8.72903 6.95383
threshold=-29.859799346566877 -0.029177567367487504 -0.50891358881583248
decision_type=2 2 2
left_child=-1 -2 -3
right_child=1 2 -4
leaf_value=-0.0080061204858029068 -0.014937915059375506 -0.0016167274915370243 0.0026159717708158312
leaf_weight=112.51834751912338 35.725125851684425 626.34219066854257 1067.2072051062851
leaf_count=6407 1229 12742 37539
internal_value=8.05549e-05 0.000644581 0.00101294
internal_weight=1841.79 1729.27 1693.55
internal_count=57917 51510 50281
is_linear=0
shrinkage=0.0321881


Tree=802
num_leaves=4
num_cat=1
split_feature=17 44 14
split_gain=7.37203 22.3965 37.8736
threshold=5.8925854378818796 0 638.99993765390536
decision_type=8 9 8
left_child=-1 2 -2
right_child=1 -3 -4
leaf_value=0.00025624165967450587 -0.0035344455630308786 -0.018947528162112457 0.08059318287452169
leaf_weight=1749.4542480868445 18.456197491994317 59.426566865426139 7.0011553947406382
leaf_count=41690 1662 14490 146
internal_value=-0.000158424 -0.00942987 0.0127073
internal_weight=1834.34 84.8839 25.4574
internal_count=57988 16298 1808
cat_boundaries=0 1
cat_threshold=131654
is_linear=0
shrinkage=0.0321881


Tree=803
num_leaves=4
num_cat=1
split_feature=9 42 4
split_gain=6.84886 8.16622 16.9103
threshold=21.59301277627058 0 535.12226176999104
decision_type=10 9 2
left_child=1 2 -1
right_child=-2 -3 -4
leaf_value=-0.0013646463606859695 -0.020818175004834637 3.0781854780403125e-05 0.029563894825099909
leaf_weight=34.724405990575178 15.394649488769572 1760.5247848232275 31.512539863426355
leaf_count=502 487 56653 420
internal_value=0.000301956 0.000517481 0.0108172
internal_weight=1842.16 1826.76 66.2369
internal_count=58062 57575 922
cat_boundaries=0 1
cat_threshold=131588
is_linear=0
shrinkage=0.0321881


Tree=804
num_leaves=4
num_cat=1
split_feature=13 44 12
split_gain=8.82673 24.2907 25.6252
threshold=36.551991152851173 0 31.087825702881499
decision_type=8 9 8
left_child=-1 -2 -3
right_child=1 2 -4
leaf_value=0.00082261209881595207 -0.015606007950858496 0.029251416461507657 -0.0023625430301822499
leaf_weight=1481.3189741894121 125.60485293040438 29.79072059869759 217.93227471945738
leaf_count=34695 6603 5495 11265
internal_value=-0.00025586 -0.00470342 0.00115997
internal_weight=1854.65 373.328 247.723
internal_count=58058 23363 16760
cat_boundaries=0 1
cat_threshold=537858
is_linear=0
shrinkage=0.0321881


Tree=805
num_leaves=4
num_cat=0
split_feature=15 16 1
split_gain=8.57424 16.8288 38.4102
threshold=0.58046610804549836 90.940779397422602 5.2742211666593741
decision_type=8 10 2
left_child=-1 -2 -3
right_child=1 2 -4
leaf_value=0.0048042664180460463 -0.012798623174960326 0.040185275963852365 -0.00081947390411358904
leaf_weight=305.55371741004274 117.36992071877012 23.833538348297225 1390.3402476526389
leaf_count=5103 25703 5430 21452
internal_value=-7.87417e-05 -0.00109511 -7.67588e-05
internal_weight=1837.1 1531.54 1414.17
internal_count=57688 52585 26882
is_linear=0
shrinkage=0.0321881


Tree=806
num_leaves=4
num_cat=0
split_feature=1 2 16
split_gain=9.75662 7.6783 19.8181
threshold=33.408322795899878 40.320287203503504 105.02576771956743
decision_type=2 2 8
left_child=1 2 -1
right_child=-2 -3 -4
leaf_value=-0.0094114280587388882 -0.017041167973249938 0.0035555030664205741 0.00068863889066188429
leaf_weight=245.68082708098427 34.767883424385218 491.50937525439076 1065.485068948783
leaf_count=30097 436 6373 20824
internal_value=-0.000198601 9.31081e-05 -0.00115666
internal_weight=1837.44 1802.68 1311.17
internal_count=57730 57294 50921
is_linear=0
shrinkage=0.0321881


Tree=807
num_leaves=4
num_cat=0
split_feature=2 32 10
split_gain=7.65331 28.0822 20.744
threshold=30.187443062724697 -0.12379593262957245 12256.421657241151
decision_type=2 2 2
left_child=1 -1 -3
right_child=-2 2 -4
leaf_value=-0.0079466752631723574 0.0013036851779012677 0.011788020182479864 -0.013425245692654506
leaf_weight=416.6024357591341 1214.1784026860259 164.36747234615677 40.243935640979998
leaf_count=24306 17267 11613 4885
internal_value=-0.000146372 -0.00308245 0.00650823
internal_weight=1835.39 621.214 204.611
internal_count=58071 40804 16498
is_linear=0
shrinkage=0.0321881


Tree=808
num_leaves=4
num_cat=0
split_feature=35 30 10
split_gain=8.26107 8.84215 24.6331
threshold=0.0027454833157679382 0.73228533579509125 9308.6092878358013
decision_type=2 2 2
left_child=1 -1 -3
right_child=-2 2 -4
leaf_value=0.0021725807977882629 -0.0058475768667043699 -0.013658610155517522 0.0029830315967028301
leaf_weight=1226.5757386397045 219.00426141751268 149.38698852404741 229.13296699683633
leaf_count=42188 7269 3449 5028
internal_value=0 0.000813484 -0.00342104
internal_weight=1824.1 1605.1 378.52
internal_count=57934 50665 8477
is_linear=0
shrinkage=0.0321881


Tree=809
num_leaves=4
num_cat=0
split_feature=3 4 16
split_gain=8.01946 21.8339 11.0102
threshold=86.852306394241808 143.76595110439408 64.677501517485211
decision_type=2 2 10
left_child=1 -1 -2
right_child=2 -3 -4
leaf_value=0.0166035721098092 -0.0076206356821480001 -0.013473914462172356 0.0016223477707658039
leaf_weight=29.842291127373755 144.3605512995473 118.66906616850883 1556.3570640568819
leaf_count=520 17451 2513 37636
internal_value=0.000138965 -0.00698504 0.000799386
internal_weight=1849.23 148.511 1700.72
internal_count=58120 3033 55087
is_linear=0
shrinkage=0.0321881


Tree=810
num_leaves=4
num_cat=1
split_feature=31 42 10
split_gain=10.2055 14.8264 15.3284
threshold=-0.81775058961076652 0 9308.6092878358013
decision_type=2 9 2
left_child=1 2 -1
right_child=-2 -3 -4
leaf_value=0.031826124168458238 0.0016727083358303459 -0.0051603220699773982 -0.0028522717606736274
leaf_weight=25.13586237137315 1276.5201902201306 520.67096656309059 21.244890774307351
leaf_count=550 27713 28749 845
internal_value=4.25964e-05 -0.00351392 0.0120555
internal_weight=1843.57 567.052 46.3808
internal_count=57857 30144 1395
cat_boundaries=0 1
cat_threshold=262692
is_linear=0
shrinkage=0.0321881


Tree=811
num_leaves=4
num_cat=0
split_feature=0 22 16
split_gain=6.54927 7.59154 8.20259
threshold=35.069903839441032 896.99644631003537 252.14483259218417
decision_type=2 2 8
left_child=-1 2 -2
right_child=1 -3 -4
leaf_value=-0.011411041845088564 0.00042387570914432317 0.015765087591335995 -0.021172846743445738
leaf_weight=48.86878410493955 1745.9941034907688 32.932316253311001 18.125455809029518
leaf_count=14113 42039 620 1321
internal_value=0.000135566 0.000486464 0.000163066
internal_weight=1845.92 1797.05 1764.12
internal_count=58093 43980 43360
is_linear=0
shrinkage=0.0321881


Tree=812
num_leaves=4
num_cat=0
split_feature=35 36 22
split_gain=8.74574 5.92164 18.5533
threshold=0.0027454833157679382 0.8873837458246242 463.13957857912072
decision_type=2 2 2
left_child=1 2 -1
right_child=-2 -3 -4
leaf_value=0.0027330499497679405 -0.0060179777587039485 4.0369686975104738e-05 0.038994459019351883
leaf_weight=193.34649184075533 218.5596739884586 1405.8403698476468 16.235134798364015
leaf_count=12841 7246 37367 346
internal_value=0 0.000839004 0.00588645
internal_weight=1833.98 1615.42 209.582
internal_count=57800 50554 13187
is_linear=0
shrinkage=0.0321881


Tree=813
num_leaves=4
num_cat=0
split_feature=2 25 16
split_gain=8.10868 19.0571 16.3727
threshold=40.827641362034569 2.5093114522075508 105.7562831359043
decision_type=2 2 8
left_child=2 -2 -1
right_child=1 -3 -4
leaf_value=-0.0082924092475235075 0.0069695483011221705 -0.0087852118705184414 0.00064135060566152251
leaf_weight=261.64350385950684 396.91453010018449 96.202544962317916 1081.1982651354665
leaf_count=30516 4190 2186 21027
internal_value=0.0002064 0.0037641 -0.00105306
internal_weight=1835.96 493.117 1342.84
internal_count=57919 6376 51543
is_linear=0
shrinkage=0.0321881


Tree=814
num_leaves=4
num_cat=0
split_feature=35 30 5
split_gain=7.99346 8.23609 21.747
threshold=-0.0028384632796632048 -0.81602605447879462 2.0514638276685946
decision_type=2 2 2
left_child=-1 2 -2
right_child=1 -3 -4
leaf_value=-0.0057255873528473866 0.0018098054289078403 0.0023372502300579886 -0.01478116774912052
leaf_weight=201.77245422219221 267.01321110091703 1252.3458719143764 114.81676520674046
leaf_count=6830 4682 44093 2023
internal_value=0.000267035 0.00104664 -0.00301849
internal_weight=1835.95 1634.18 381.83
internal_count=57628 50798 6705
is_linear=0
shrinkage=0.0321881


Tree=815
num_leaves=4
num_cat=0
split_feature=7 32 23
split_gain=6.85179 12.0026 11.1133
threshold=-1693.7284489380024 -0.11391272431726579 52.948710771207288
decision_type=2 2 2
left_child=1 -1 -3
right_child=-2 2 -4
leaf_value=-0.0078514547131518248 0.00096443459166992151 0 0.026884065761228416
leaf_weight=262.74567128785293 1444.5606410454557 108.80220615960025 18.433741674612975
leaf_count=8213 44171 5016 358
internal_value=-2.26742e-05 -0.00384069 0.00394119
internal_weight=1834.54 389.982 127.236
internal_count=57758 13587 5374
is_linear=0
shrinkage=0.0321881


Tree=816
num_leaves=4
num_cat=1
split_feature=35 15 44
split_gain=7.06994 7.28504 22.8046
threshold=0.0027454833157679382 1.1618501140846111 0
decision_type=2 8 9
left_child=1 -1 -3
right_child=-2 2 -4
leaf_value=0.0016194949359880459 -0.0054049424942371055 0.012850783769866102 -0.010478005554794586
leaf_weight=1406.926016929172 219.20889317624915 47.328379310255514 161.84151433283705
leaf_count=27637 7238 4340 18588
internal_value=0 0.000752081 -0.00477342
internal_weight=1835.3 1616.1 209.17
internal_count=57803 50565 22928
cat_boundaries=0 1
cat_threshold=135744
is_linear=0
shrinkage=0.0321881


Tree=817
num_leaves=4
num_cat=0
split_feature=30 10 5
split_gain=6.84597 20.2061 24.731
threshold=0.77252711792581741 9308.6092878358013 2.0749220197273588
decision_type=2 2 2
left_child=-1 -2 -3
right_child=1 2 -4
leaf_value=0.00095428128725258171 -0.012900215965638081 -0.0060533733503396123 0.014756377165503116
leaf_weight=1433.4317947996542 156.01045993754451 151.85366054943643 95.173051139703603
leaf_count=48962 3575 3635 1558
internal_value=-5.25746e-05 -0.00378993 0.00171295
internal_weight=1836.47 403.037 247.027
internal_count=57730 8768 5193
is_linear=0
shrinkage=0.0321881


Tree=818
num_leaves=4
num_cat=1
split_feature=10 44 0
split_gain=8.20806 24.3683 44.5261
threshold=5053.332276350563 0 581.78458802656053
decision_type=2 9 2
left_child=1 2 -1
right_child=-2 -3 -4
leaf_value=0.043930877296095711 -0.00074738048966107001 -0.0015257757634798228 -0.0030182822902187984
leaf_weight=42.439896718293312 1589.4796228045993 166.23894735025533 36.410704753361642
leaf_count=466 50950 5884 507
internal_value=6.30873e-05 0.00557449 0.0190882
internal_weight=1834.57 245.09 78.8506
internal_count=57807 6857 973
cat_boundaries=0 1
cat_threshold=580
is_linear=0
shrinkage=0.0321881


Tree=819
num_leaves=4
num_cat=0
split_feature=37 31 11
split_gain=9.19104 6.72761 7.6869
threshold=-0.028220437407455969 -0.97463557468676787 27.210016681128419
decision_type=2 2 8
left_child=-1 -2 -3
right_child=1 2 -4
leaf_value=-0.013609600552346286 -0.0051372049480294972 0.0025361224198822301 -0.0031394089495653124
leaf_weight=46.846272007032894 175.52802363322189 1307.6795286247734 295.8842703335722
leaf_count=1582 11189 34115 11204
internal_value=0.000357351 0.000762683 0.00144887
internal_weight=1825.94 1779.09 1603.56
internal_count=58090 56508 45319
is_linear=0
shrinkage=0.0321881


Tree=820
num_leaves=4
num_cat=0
split_feature=6 14 3
split_gain=6.967 13.5306 14.2967
threshold=8.0328376579479173 120.25612263697094 237.8424781121399
decision_type=2 10 2
left_child=-1 -2 -3
right_child=1 2 -4
leaf_value=-0.0022587769203266626 -0.017686355340624529 0.0049347505083821288 -0.0040701755128516939
leaf_weight=884.99979888986763 34.907665646351234 680.53632319892449 242.0731949710862
leaf_count=29726 2155 22126 3814
internal_value=-0.000169108 0.00169588 0.00250259
internal_weight=1842.52 957.517 922.61
internal_count=57821 28095 25940
is_linear=0
shrinkage=0.0321881


Tree=821
num_leaves=4
num_cat=0
split_feature=8 40 15
split_gain=7.96802 8.59569 7.37255
threshold=-20.80181740407258 -0.06387778456664385 1.0792129949768714
decision_type=2 2 10
left_child=2 -2 -1
right_child=1 -3 -4
leaf_value=-0.017364429926817988 -0.010916543123653083 0.001163536484693996 -0.00012460375983487732
leaf_weight=49.870534359577505 62.479171250508443 1647.4636512946208 68.760463980001077
leaf_count=1399 2207 48738 5462
internal_value=8.89926e-05 0.00068345 -0.00792795
internal_weight=1828.57 1709.94 118.631
internal_count=57806 50945 6861
is_linear=0
shrinkage=0.0321881


Tree=822
num_leaves=4
num_cat=1
split_feature=44 4 5
split_gain=8.25287 26.4428 27.3109
threshold=0 1818.0650616438786 1.7934382559393891
decision_type=9 2 2
left_child=1 2 -1
right_child=-2 -3 -4
leaf_value=0.009404756935973901 -0.0017151851430814325 -0.016834076158356002 -0.0029874404013987715
leaf_weight=454.37012096714807 1012.8757716305713 64.973724203877282 299.41721793062061
leaf_count=14876 29524 3130 10494
internal_value=0.000183747 0.00259967 0.0043985
internal_weight=1831.64 818.761 753.787
internal_count=58024 28500 25370
cat_boundaries=0 1
cat_threshold=394246
is_linear=0
shrinkage=0.0321881


Tree=823
num_leaves=4
num_cat=0
split_feature=6 30 10
split_gain=7.15263 16.5902 18.9495
threshold=7.2475427623728779 -0.72885927110474846 7746.0806598456611
decision_type=2 2 2
left_child=-1 -2 -3
right_child=1 2 -4
leaf_value=-0.0020099762219550417 -0.0048086930700085651 -0.0039054405890682998 0.0078323866023373261
leaf_weight=863.72698098696947 260.37421112453012 188.13039545508127 519.03249571667311
leaf_count=29146 4698 6293 17627
internal_value=8.22469e-05 0.00201584 0.00461941
internal_weight=1831.26 967.537 707.163
internal_count=57764 28618 23920
is_linear=0
shrinkage=0.0321881


Tree=824
num_leaves=4
num_cat=1
split_feature=44 29 5
split_gain=7.45729 32.0753 19.3911
threshold=0 8.4762249396712939 1.6938487458424787
decision_type=9 2 2
left_child=1 2 -1
right_child=-2 -3 -4
leaf_value=0.036644536763603547 -0.00022341367067647722 -0.023406802218757915 0.0034440676297412057
leaf_weight=35.97652496181945 1737.9504477735522 22.84574962962688 46.573618514319605
leaf_count=8167 38230 5512 6168
internal_value=0.000267789 0.00819795 0.0187461
internal_weight=1843.35 105.396 82.5501
internal_count=58077 19847 14335
cat_boundaries=0 1
cat_threshold=394244
is_linear=0
shrinkage=0.0321881


Tree=825
num_leaves=4
num_cat=0
split_feature=15 16 1
split_gain=6.00103 15.4108 18.1571
threshold=0.56199125452418641 73.988938827251431 6.5793027108615574
decision_type=8 8 2
left_child=-1 -2 -3
right_child=1 2 -4
leaf_value=0.0038036924701124204 -0.022955052201094419 0.016894392716619969 -0.0015419483697628818
leaf_weight=273.89918586486965 33.394307622656925 56.927502955202726 1476.5651075054593
leaf_count=4694 18501 12189 22632
internal_value=-0.000530671 -0.00132944 -0.000813507
internal_weight=1840.79 1566.89 1533.49
internal_count=58016 53322 34821
is_linear=0
shrinkage=0.0321881


Tree=826
num_leaves=4
num_cat=1
split_feature=13 44 10
split_gain=8.49399 11.153 10.0839
threshold=41.140760463161023 0 12336.077109752658
decision_type=10 9 2
left_child=2 -2 -1
right_child=1 -3 -4
leaf_value=0.001862744642181024 0.010565901863679193 -0.018011561965962555 -0.0038347467169864732
leaf_weight=1356.1386958315534 11.349751132802339 43.824182730122629 418.37234113061004
leaf_count=34005 183 10084 13620
internal_value=6.11965e-05 -0.0123071 0.000483239
internal_weight=1829.68 55.1739 1774.51
internal_count=57892 10267 47625
cat_boundaries=0 1
cat_threshold=576
is_linear=0
shrinkage=0.0321881


Tree=827
num_leaves=4
num_cat=1
split_feature=25 44 29
split_gain=7.93781 13.9417 16.4291
threshold=1.4425409290309552 0 7.3700882298358108
decision_type=2 9 2
left_child=-1 -2 -3
right_child=1 2 -4
leaf_value=0.001687256830678049 0.001951344229937597 0 -0.014204009331686961
leaf_weight=1185.6364933543482 317.39716449480011 153.11222888596421 176.36142210306662
leaf_count=29636 15002 6736 6293
internal_value=8.90912e-05 -0.00274127 -0.00729126
internal_weight=1832.51 646.871 329.474
internal_count=57667 28031 13029
cat_boundaries=0 1
cat_threshold=397378
is_linear=0
shrinkage=0.0321881


Tree=828
num_leaves=4
num_cat=0
split_feature=36 22 2
split_gain=7.18596 23.1622 21.7594
threshold=0.84822263505422868 490.4083123982399 31.491634698837924
decision_type=2 2 2
left_child=1 2 -1
right_child=-2 -3 -4
leaf_value=-0.01225839301532089 -0.0010612830353588026 0.047566939557167523 0.009668710589503594
leaf_weight=68.429252620555872 1617.1431486300444 12.46333966514794 141.58444875181885
leaf_count=10724 43057 272 3812
internal_value=-0.000282194 0.00508997 0.00221545
internal_weight=1839.62 222.477 210.014
internal_count=57865 14808 14536
is_linear=0
shrinkage=0.0321881


Tree=829
num_leaves=4
num_cat=1
split_feature=31 44 32
split_gain=8.8434 18.2599 22.0515
threshold=-0.81775058961076652 0 -0.68348665407626941
decision_type=2 9 2
left_child=1 -1 -3
right_child=-2 2 -4
leaf_value=0.0018531017045136718 0.0016339482123665955 0 -0.019126249526003714
leaf_weight=317.11039460769643 1269.3680085514761 122.54831179663597 129.25780699650022
leaf_count=10388 27726 6672 13087
internal_value=0.000106008 -0.00319049 -0.00948767
internal_weight=1838.28 568.917 251.806
internal_count=57873 30147 19759
cat_boundaries=0 1
cat_threshold=135745
is_linear=0
shrinkage=0.0321881


Tree=830
num_leaves=4
num_cat=1
split_feature=31 42 10
split_gain=8.12211 14.3315 29.6934
threshold=-0.73879602413780787 0 9545.3578154276092
decision_type=2 9 2
left_child=1 2 -1
right_child=-2 -3 -4
leaf_value=0.03199421678912058 0.00094386824766678698 -0.0048999547387021522 -0.014450338460805033
leaf_weight=34.020393486191097 1148.8283186589906 633.69057653322398 22.055426880222512
leaf_count=711 23373 32968 937
internal_value=-0.000670562 -0.00345116 0.01071
internal_weight=1838.59 689.766 56.0758
internal_count=57989 34616 1648
cat_boundaries=0 1
cat_threshold=262692
is_linear=0
shrinkage=0.0321881


Tree=831
num_leaves=4
num_cat=1
split_feature=13 44 4
split_gain=7.31424 13.9415 29.776
threshold=35.661650134806557 0 1882.6020048453524
decision_type=10 9 2
left_child=-1 -2 -3
right_child=1 2 -4
leaf_value=0.00034140205599413347 -0.012041458261704103 -0.0030965919499971006 0.034986778601225794
leaf_weight=1385.1926134285914 147.93825030541484 271.07984839880055 22.840518391861224
leaf_count=33610 5081 17232 1846
internal_value=-0.000766562 -0.00438233 0
internal_weight=1827.05 441.859 293.92
internal_count=57769 24159 19078
cat_boundaries=0 1
cat_threshold=136450
is_linear=0
shrinkage=0.0321881


Tree=832
num_leaves=4
num_cat=1
split_feature=14 44 10
split_gain=7.40978 18.1413 30.6783
threshold=320.30197552307209 0 14158.38145479078
decision_type=10 9 2
left_child=1 2 -1
right_child=-2 -3 -4
leaf_value=0.0042238590181116311 0.0024751283404732313 -0.0081223895052336161 -0.022450337618105543
leaf_weight=502.45528070710952 1000.7322887520495 282.24107139701573 48.403235439146556
leaf_count=21941 15290 16987 3702
internal_value=0.000583144 -0.00161316 0.00172452
internal_weight=1833.83 833.1 550.859
internal_count=57920 42630 25643
cat_boundaries=0 1
cat_threshold=394818
is_linear=0
shrinkage=0.0321881


Tree=833
num_leaves=4
num_cat=0
split_feature=14 15 16
split_gain=6.16317 8.04605 15.4759
threshold=123.19074575585485 0.58046610804549836 90.940779397422602
decision_type=8 8 8
left_child=-1 -2 -3
right_child=1 2 -4
leaf_value=-0.010652478085612472 0.0056521502457766784 -0.01298474295236776 0.0002985587331966452
leaf_weight=54.136303403905913 255.60779309905047 96.347845543974017 1436.1772409920504
leaf_count=3359 3622 22585 28352
internal_value=0 0.000347131 -0.000496869
internal_weight=1842.27 1788.13 1532.53
internal_count=57918 54559 50937
is_linear=0
shrinkage=0.0321881


Tree=834
num_leaves=4
num_cat=0
split_feature=14 31 6
split_gain=10.7843 17.215 17.2743
threshold=312.07440049921246 0.48187914960482597 112.21981466774385
decision_type=8 2 2
left_child=1 2 -1
right_child=-2 -3 -4
leaf_value=-0.0031530316419151679 0.0025702644383115976 -0.028316874301443463 0.013005902391157134
leaf_weight=669.64242612027056 1059.383616174624 25.735398912074743 75.230572630513052
leaf_count=38169 17224 549 1818
internal_value=0.000433677 -0.00242083 -0.00143191
internal_weight=1829.99 770.608 744.873
internal_count=57760 40536 39987
is_linear=0
shrinkage=0.0321881


Tree=835
num_leaves=4
num_cat=1
split_feature=44 29 16
split_gain=8.34476 29.8519 19.1704
threshold=0 8.4762249396712939 90.940779397422602
decision_type=9 2 8
left_child=1 2 -1
right_child=-2 -3 -4
leaf_value=-0.0006753262723502982 -0.00021995210040844874 -0.022595527847622685 0.031746335396311352
leaf_weight=24.549375869219148 1735.8143833125569 20.572963308478393 49.152991263872536
leaf_count=11295 38429 5373 2639
internal_value=0.000276383 0.00912441 0.0201181
internal_weight=1830.09 94.2753 73.7024
internal_count=57736 19307 13934
cat_boundaries=0 1
cat_threshold=393220
is_linear=0
shrinkage=0.0321881


Tree=836
num_leaves=4
num_cat=0
split_feature=10 16 31
split_gain=7.33745 7.34664 15.9067
threshold=1636.446172546707 62.995129259948904 -0.35027885600871528
decision_type=2 10 2
left_child=-1 2 -2
right_child=1 -3 -4
leaf_value=-0.024891363852262323 -0.013799949959369576 0.00032908166974454108 0.010415409660223935
leaf_weight=12.43241011201553 105.67625912044787 1684.0366041327011 35.095213066878387
leaf_count=711 15131 41084 968
internal_value=-0.000430481 -0.000225719 -0.00730385
internal_weight=1837.24 1824.81 140.771
internal_count=57894 57183 16099
is_linear=0
shrinkage=0.0321881


Tree=837
num_leaves=4
num_cat=1
split_feature=43 5 10
split_gain=6.91509 34.9872 33.497
threshold=0 2.7363057862341083 10553.967040397429
decision_type=9 2 2
left_child=1 -1 -3
right_child=-2 2 -4
leaf_value=0.015772775480986309 -0.0011463572547189067 -0.035027927699914023 0.015735973522957206
leaf_weight=118.61866050445133 1648.4996544009609 34.050906582047901 19.975844484783465
leaf_count=6794 47932 1312 1506
internal_value=-0.000464534 0.00542271 -0.015098
internal_weight=1821.15 172.645 54.0268
internal_count=57544 9612 2818
cat_boundaries=0 1
cat_threshold=16
is_linear=0
shrinkage=0.0321881


Tree=838
num_leaves=4
num_cat=1
split_feature=39 44 21
split_gain=7.0628 6.07552 23.12
threshold=-0.026026015745497868 0 156.49912676598555
decision_type=2 9 2
left_child=-1 2 -2
right_child=1 -3 -4
leaf_value=-0.0046627020173365874 -0.0019870962319784836 -0.0011810675833087874 0.007562726863239568
leaf_weight=305.58309956457606 268.43662183294191 803.05671270054791 452.16878097795416
leaf_count=10718 13837 21276 11819
internal_value=-0.000171106 0.00068851 0.00283709
internal_weight=1829.25 1523.66 720.605
internal_count=57650 46932 25656
cat_boundaries=0 1
cat_threshold=398358
is_linear=0
shrinkage=0.0321881


Tree=839
num_leaves=4
num_cat=0
split_feature=14 3 5
split_gain=8.2045 16.6825 27.286
threshold=301.61718833258448 166.75376651700228 2.3325628418845121
decision_type=8 2 2
left_child=1 2 -1
right_child=-2 -3 -4
leaf_value=-0.0044393424268037267 0.0012666996894280002 -0.007354881981905927 0.015655695716706095
leaf_weight=195.23537800367376 1114.4079670196679 415.37884643129064 106.89108985413804
leaf_count=11253 18039 25280 3443
internal_value=-0.000421251 -0.00313122 0.00246624
internal_weight=1831.91 717.505 302.126
internal_count=58015 39976 14696
is_linear=0
shrinkage=0.0321881


Tree=840
num_leaves=4
num_cat=1
split_feature=10 44 10
split_gain=8.22823 45.3434 48.0107
threshold=8555.7987687876575 0 9746.4649185011676
decision_type=2 9 2
left_child=-1 -2 -3
right_child=1 2 -4
leaf_value=-0.0032206795753872228 0.0036013539511700007 0.012746385112825663 -0.029685240510372305
leaf_weight=662.14532044387761 1031.2613203714391 36.73341243723462 92.575868754834119
leaf_count=19096 30817 1303 6474
internal_value=-0.000330648 0.00126366 -0.0159104
internal_weight=1822.72 1160.57 129.309
internal_count=57690 38594 7777
cat_boundaries=0 1
cat_threshold=422915
is_linear=0
shrinkage=0.0321881


Tree=841
num_leaves=4
num_cat=0
split_feature=15 10 16
split_gain=5.20812 9.82125 10.9257
threshold=1.2429532060118731 10748.232873733637 114.63942363428419
decision_type=10 2 10
left_child=-1 2 -2
right_child=1 -3 -4
leaf_value=0.00029471546655333489 -0.025697201254680422 -0.024631871838211375 0.014016169616522406
leaf_weight=1768.4577657691498 9.8785815602877829 25.171847095221437 23.391199852974751
leaf_count=37247 9549 9814 1229
internal_value=0 -0.00945202 0.000225081
internal_weight=1826.9 58.4416 33.2698
internal_count=57839 20592 10778
is_linear=0
shrinkage=0.0321881


Tree=842
num_leaves=4
num_cat=0
split_feature=30 4 4
split_gain=7.39331 21.7952 13.669
threshold=0.92106191567533924 161.37292119054035 1899.5621591524107
decision_type=2 2 2
left_child=-1 -2 -3
right_child=1 2 -4
leaf_value=0.00080095343605495622 0.012706124557323789 -0.014255110641731452 0.01299959219270669
leaf_weight=1606.4425094237931 50.102283083921066 157.15122358619283 19.074044081742613
leaf_count=53264 878 3405 280
internal_value=0 -0.00540926 -0.0109307
internal_weight=1832.77 226.328 176.225
internal_count=57827 4563 3685
is_linear=0
shrinkage=0.0321881


Tree=843
num_leaves=4
num_cat=0
split_feature=33 25 12
split_gain=6.39612 6.36815 16.4707
threshold=0.35712995377516182 16.980396812379354 21.1049077140718
decision_type=2 2 8
left_child=1 -1 -3
right_child=-2 2 -4
leaf_value=-0.00030483052511732047 -0.020887292903119269 0.042493157512601638 -0.018474972322192942
leaf_weight=1775.2831878014258 15.282522509743101 11.685568326531213 5.56661409755361
leaf_count=47246 7946 495 2208
internal_value=-0.000292956 -7.91108e-05 0.0191954
internal_weight=1807.82 1792.54 17.2522
internal_count=57895 49949 2703
is_linear=0
shrinkage=0.0321881


Tree=844
num_leaves=4
num_cat=0
split_feature=31 2 14
split_gain=5.91134 7.735 13.1961
threshold=-0.99334914859514789 39.855957779394103 219.9136684187059
decision_type=2 2 8
left_child=-1 2 -2
right_child=1 -3 -4
leaf_value=-0.0065496988799918446 -0.010114565436965497 0.0039744593366637443 0.00043105285155809251
leaf_weight=126.84651131084593 137.82106804729301 509.94469977194967 1053.5625066642833
leaf_count=8064 21511 6757 21602
internal_value=0.000103637 0.000637967 -0.000737198
internal_weight=1828.17 1701.33 1191.38
internal_count=57934 49870 43113
is_linear=0
shrinkage=0.0321881


Tree=845
num_leaves=4
num_cat=0
split_feature=33 32 21
split_gain=6.41839 29.5943 42.2283
threshold=-0.66535230801079137 -0.43269228799508486 251.12933531913771
decision_type=2 2 2
left_child=1 2 -1
right_child=-2 -3 -4
leaf_value=-0.024861899725176734 0.001918868951232282 0.0011520545791156827 0.00089257967303510454
leaf_weight=124.37308606628358 807.66630110671304 773.9612728528391 130.45480662872069
leaf_count=4895 28454 21450 3032
internal_value=-0.000189542 -0.00190674 -0.011439
internal_weight=1836.46 1028.79 254.828
internal_count=57831 29377 7927
is_linear=0
shrinkage=0.0321881


Tree=846
num_leaves=4
num_cat=1
split_feature=36 22 44
split_gain=7.81608 20.339 28.9853
threshold=0.84822263505422868 473.03342829255786 0
decision_type=2 2 9
left_child=1 2 -1
right_child=-2 -3 -4
leaf_value=0.0078080670249021274 -0.00054375953024049929 0.043392445865896828 -0.023913877241840489
leaf_weight=186.00530783534305 1600.4612970219496 14.036132463341344 24.682809793577235
leaf_count=6144 42994 316 8409
internal_value=0.00020952 0.00585234 0.00300349
internal_weight=1825.19 224.724 210.688
internal_count=57863 14869 14553
cat_boundaries=0 1
cat_threshold=12359
is_linear=0
shrinkage=0.0321881


Tree=847
num_leaves=4
num_cat=0
split_feature=10 14 21
split_gain=6.54201 34.7863 21.0573
threshold=12336.077109752658 480.13957949192775 37.448435400387503
decision_type=2 8 2
left_child=2 -2 -1
right_child=1 -3 -4
leaf_value=-0.017341368689943872 -0.0082310844124875871 0.014366109088057905 0.0019904011606129229
leaf_weight=60.396577821288702 339.5752782548052 87.462151998915942 1332.5261859036509
leaf_count=10218 14708 1807 31172
internal_value=2.43445e-07 -0.00344845 0.00110366
internal_weight=1819.96 427.037 1392.92
internal_count=57905 16515 41390
is_linear=0
shrinkage=0.0321881


Tree=848
num_leaves=4
num_cat=0
split_feature=33 33 22
split_gain=6.29357 8.2529 28.2814
threshold=0.3293159384861461 0.16208116337431047 176.17859681833647
decision_type=2 2 2
left_child=1 -1 -3
right_child=-2 2 -4
leaf_value=-0.00015288783986497869 -0.01791491555878643 -0.020832179766162619 0.026253832929534128
leaf_weight=1741.0852940079767 19.809460558637511 17.275562494158294 43.720726415209356
leaf_count=48071 8146 933 673
internal_value=0 0.000219506 0.0118488
internal_weight=1821.89 1802.08 60.9963
internal_count=57823 49677 1606
is_linear=0
shrinkage=0.0321881


Tree=849
num_leaves=4
num_cat=0
split_feature=7 10 11
split_gain=7.93787 11.0513 9.68615
threshold=-1636.5382490533405 5294.6140866398246 27.396323039117814
decision_type=2 2 8
left_child=1 -1 -2
right_child=2 -3 -4
leaf_value=0.007624972499860546 0.0025102779275294452 -0.0064563184939442015 -0.0043715573680965366
leaf_weight=66.203770973366773 1178.3005608716567 326.00288559457749 253.06620668213327
leaf_count=1872 33416 11879 10767
internal_value=0.000102935 -0.00391395 0.00124855
internal_weight=1823.57 392.207 1431.37
internal_count=57934 13751 44183
is_linear=0
shrinkage=0.0321881


Tree=850
num_leaves=4
num_cat=1
split_feature=14 44 10
split_gain=6.8925 30.6514 28.3034
threshold=464.33715273460587 0 13010.292269235511
decision_type=8 9 2
left_child=-1 2 -2
right_child=1 -3 -4
leaf_value=-0.0012655827125003908 0.0015975738251263654 -0.021384251349035054 0.023886950417103321
leaf_weight=1448.8847218207275 259.21905908289773 34.55368777424701 79.20837868739909
leaf_count=50965 4428 1168 1446
internal_value=-0.000228251 0.00362896 0.00681429
internal_weight=1821.87 372.981 338.427
internal_count=58007 7042 5874
cat_boundaries=0 1
cat_threshold=397319
is_linear=0
shrinkage=0.0321881


Tree=851
num_leaves=4
num_cat=2
split_feature=41 44 3
split_gain=7.64906 11.3619 11.9912
threshold=0 1 118.517513628085
decision_type=9 9 2
left_child=1 -1 -3
right_child=-2 2 -4
leaf_value=0.0040687870443032797 0.00077857030634505015 0.0064348743181940017 -0.02814865289557824
leaf_weight=36.57083283358952 1735.3501263867524 9.9363162295521743 43.034294867059543
leaf_count=568 55554 232 1730
internal_value=0.000252389 -0.0083658 -0.0172269
internal_weight=1824.89 89.5414 52.9706
internal_count=58084 2530 1962
cat_boundaries=0 1 2
cat_threshold=64 518
is_linear=0
shrinkage=0.0321881


Tree=852
num_leaves=4
num_cat=0
split_feature=30 5 4
split_gain=5.69665 40.0296 43.0635
threshold=-0.48875867096253017 2.7363057862341083 1068.3348198750739
decision_type=2 2 2
left_child=1 2 -1
right_child=-2 -3 -4
leaf_value=-0.0058443533669969025 0.0015680095401440558 -0.016217698393670994 0.012585312986197545
leaf_weight=301.20558706751945 1123.3800870389573 161.23447203259684 230.15003180413623
leaf_count=7045 42700 3471 4682
internal_value=0.000119595 -0.00213753 0.00202046
internal_weight=1815.97 692.59 531.356
internal_count=57898 15198 11727
is_linear=0
shrinkage=0.0321881


Tree=853
num_leaves=4
num_cat=2
split_feature=44 29 41
split_gain=5.74039 24.8702 20.2952
threshold=0 8.5803063860262245 1
decision_type=9 2 9
left_child=1 2 -1
right_child=-2 -3 -4
leaf_value=0.028912689522175048 -0.00070240692815384744 -0.023722394084582092 -0.0028124654516013038
leaf_weight=39.428514928988989 1703.5138982881217 18.72955392624317 34.771704620536184
leaf_count=9035 38516 5150 5034
internal_value=-0.000227084 0.00709588 0.0167347
internal_weight=1796.44 92.9298 74.2002
internal_count=57735 19219 14069
cat_boundaries=0 1 2
cat_threshold=393220 74
is_linear=0
shrinkage=0.0321881


Tree=854
num_leaves=4
num_cat=0
split_feature=15 16 25
split_gain=7.3979 16.9679 11.8524
threshold=0.58046610804549836 73.141449784693123 6.9497356962652148
decision_type=8 8 2
left_child=-1 -2 -3
right_child=1 2 -4
leaf_value=0.0048236485434035902 -0.025605966497592409 0.00029328037208486572 -0.015950585171566067
leaf_weight=300.35606196972003 27.61193841760587 1445.2145830029158 47.743584808561536
leaf_count=5147 17931 28672 6035
internal_value=0.000182174 -0.000693377 -0.000185978
internal_weight=1820.93 1520.57 1492.96
internal_count=57785 52638 34707
is_linear=0
shrinkage=0.0321881


Tree=855
num_leaves=4
num_cat=0
split_feature=21 31 16
split_gain=7.09371 21.1543 13.5688
threshold=266.71895866067712 0.070480631395467924 260.35653530963486
decision_type=2 2 8
left_child=2 -2 -1
right_child=1 -3 -4
leaf_value=-0.00097654065814780885 0.0011349230329088184 0.018389584700497289 -0.032861301322123997
leaf_weight=1447.8336559847207 298.57049314151664 80.62872506880376 13.891879617576704
leaf_count=46770 8965 851 1487
internal_value=-0.000278674 0.00359826 -0.00132841
internal_weight=1840.92 379.199 1461.73
internal_count=58073 9816 48257
is_linear=0
shrinkage=0.0321881


Tree=856
num_leaves=4
num_cat=1
split_feature=34 21 44
split_gain=5.87687 5.55812 16.6675
threshold=-0.046852208513604693 130.46247592553286 0
decision_type=2 2 9
left_child=-1 2 -2
right_child=1 -3 -4
leaf_value=-0.01441533872258394 -0.018217739496161262 0.0020690598222769052 3.9505645487272176e-05
leaf_weight=25.761265150941654 47.068379743903279 1270.4755299219196 480.08752649969347
leaf_count=910 11205 28966 16803
internal_value=0.000639445 0.000892489 -0.001822
internal_weight=1823.39 1797.63 527.156
internal_count=57884 56974 28008
cat_boundaries=0 1
cat_threshold=267776
is_linear=0
shrinkage=0.0321881


Tree=857
num_leaves=4
num_cat=1
split_feature=0 44 29
split_gain=5.50655 8.80262 19.9577
threshold=11.786158892307574 0 8.5803063860262245
decision_type=2 9 2
left_child=-1 2 -2
right_child=1 -3 -4
leaf_value=-0.014739745909252346 0.019377278519853117 -0.0003973305882585559 -0.019949287138139361
leaf_weight=26.036677667133517 65.082590588128369 1698.2505785842118 15.133206915933895
leaf_count=9176 10000 34728 3637
internal_value=-9.45861e-05 8.59447e-05 0.00989907
internal_weight=1804.5 1778.47 80.2158
internal_count=57541 48365 13637
cat_boundaries=0 1
cat_threshold=393220
is_linear=0
shrinkage=0.0321881


Tree=858
num_leaves=4
num_cat=1
split_feature=36 22 44
split_gain=6.45064 22.7141 24.1092
threshold=0.84822263505422868 473.03342829255786 0
decision_type=2 2 9
left_child=1 2 -1
right_child=-2 -3 -4
leaf_value=0.0063458745215891343 -0.00099190528168907155 0.04436939520706451 -0.022974601692301356
leaf_weight=181.8303681881298 1602.363347962475 14.022044793819076 23.726781047053009
leaf_count=6384 42991 298 8144
internal_value=-0.000249558 0.00487314 0.00182142
internal_weight=1821.94 219.579 205.557
internal_count=57817 14826 14528
cat_boundaries=0 1
cat_threshold=1060943
is_linear=0
shrinkage=0.0321881


Tree=859
num_leaves=4
num_cat=1
split_feature=1 14 44
split_gain=6.03379 6.63702 22.878
threshold=35.658955843582966 438.81803833619693 0
decision_type=2 10 9
left_child=1 -1 -3
right_child=-2 2 -4
leaf_value=-0.00082680360580273261 -0.01767238582648277 0.0064712304307843246 -0.015091958320534131
leaf_weight=1367.9820062952595 19.463932868849952 384.63010920891247 47.749431466269016
leaf_count=50953 243 5671 1187
internal_value=5.30591e-06 0.000234096 0.00373646
internal_weight=1819.83 1800.36 432.38
internal_count=58054 57811 6858
cat_boundaries=0 1
cat_threshold=7
is_linear=0
shrinkage=0.0321881


Tree=860
num_leaves=4
num_cat=0
split_feature=32 10 36
split_gain=8.65057 19.4179 18.2845
threshold=0.56195697437545788 7634.1299190083691 0.84822263505422868
decision_type=2 2 2
left_child=2 -2 -1
right_child=1 -3 -4
leaf_value=0.010783872384799097 0.0087249572394884466 -0.025418708572679031 -0.00066766505690077306
leaf_weight=158.22871787831946 25.709770685130934 41.428492489259952 1591.6887500083503
leaf_count=8215 1818 5064 42727
internal_value=-6.76853e-05 -0.0114138 0.000332718
internal_weight=1817.06 67.1383 1749.92
internal_count=57824 6882 50942
is_linear=0
shrinkage=0.0321881


Tree=861
num_leaves=4
num_cat=1
split_feature=36 44 2
split_gain=8.04905 23.0202 21.3734
threshold=0.8873837458246242 0 30.187443062724697
decision_type=2 9 2
left_child=1 -1 -3
right_child=-2 2 -4
leaf_value=0.027896226564445705 -0.00058168348983190198 -0.014369964591615119 0.0081073511548961745
leaf_weight=30.381079143166062 1587.8956344351936 63.126467722324378 139.49043277005694
leaf_count=1209 42825 10032 3808
internal_value=0.000202015 0.00581122 0.00074509
internal_weight=1820.89 232.998 202.617
internal_count=57874 15049 13840
cat_boundaries=0 1
cat_threshold=12356
is_linear=0
shrinkage=0.0321881


Tree=862
num_leaves=4
num_cat=1
split_feature=30 10 44
split_gain=6.95626 26.8665 33.9858
threshold=-0.50891358881583248 5606.8116103772954 0
decision_type=2 2 9
left_child=1 -1 -3
right_child=-2 2 -4
leaf_value=0.010827446738615956 0.001208616261614685 0.0013772855694940964 -0.014257675613319138
leaf_weight=118.29166356903625 1131.9399123720718 301.64013884661836 256.74092198183052
leaf_count=2226 43145 3427 9078
internal_value=-0.000295287 -0.00290466 -0.00593115
internal_weight=1808.61 676.673 558.381
internal_count=57876 14731 12505
cat_boundaries=0 1
cat_threshold=6
is_linear=0
shrinkage=0.0321881


Tree=863
num_leaves=4
num_cat=0
split_feature=1 10 32
split_gain=8.78883 7.75935 6.01018
threshold=33.408322795899878 1899.4708311970287 -0.12379593262957245
decision_type=2 2 2
left_child=1 -1 -3
right_child=-2 2 -4
leaf_value=-0.023010043407724876 -0.016854105629472819 -0.0012219058755950432 0.0029020598106751015
leaf_weight=15.097760518597168 33.515054778370541 1249.6029824791754 517.56841324726338
leaf_count=941 429 34478 21884
internal_value=-0.000556101 -0.000211689 0
internal_weight=1815.78 1782.27 1767.17
internal_count=57732 57303 56362
is_linear=0
shrinkage=0.0321881


Tree=864
num_leaves=4
num_cat=1
split_feature=41 3 32
split_gain=6.30948 13.1203 10.3156
threshold=0 251.64894790137501 0.62874629050047381
decision_type=9 2 2
left_child=1 -1 -2
right_child=2 -3 -4
leaf_value=0.013246696802784957 -7.4981915126308776e-05 -0.011297119052449883 -0.014848518339101904
leaf_weight=94.730780371939545 1634.2387942891301 26.705187779421976 50.579125663205559
leaf_count=1465 50048 309 5939
internal_value=0 0.00675877 -0.000555022
internal_weight=1806.25 121.436 1684.82
internal_count=57761 1774 55987
cat_boundaries=0 1
cat_threshold=514
is_linear=0
shrinkage=0.0321881


Tree=865
num_leaves=4
num_cat=0
split_feature=14 32 16
split_gain=7.67846 16.8305 13.5861
threshold=659.76180013263183 -0.82194787980453377 207.43284781615665
decision_type=10 2 10
left_child=2 -2 -1
right_child=1 -3 -4
leaf_value=2.586339741913654e-05 0.031137215090234316 -0.00084678482280018232 -0.015822620438175596
leaf_weight=1703.5861193262735 25.545910103828646 39.761901491932804 57.453182689716414
leaf_count=55210 370 768 1744
internal_value=-1.97706e-05 0.0107597 -0.000457083
internal_weight=1826.35 65.3078 1761.04
internal_count=58092 1138 56954
is_linear=0
shrinkage=0.0321881


Tree=866
num_leaves=4
num_cat=0
split_feature=8 10 7
split_gain=7.08338 7.3774 7.14382
threshold=-20.80181740407258 6720.7833034750611 27492.448737955616
decision_type=2 2 2
left_child=1 -1 -2
right_child=2 -3 -4
leaf_value=0.0050393308472562615 0.0010012874333236775 -0.012338280811247455 -0.01542967775669961
leaf_weight=29.241808630339165 1672.1614021993778 88.043519415152332 27.286523733425383
leaf_count=1422 49781 5421 1038
internal_value=0.000135117 -0.00746227 0.000697882
internal_weight=1816.73 117.285 1699.45
internal_count=57662 6843 50819
is_linear=0
shrinkage=0.0321881


Tree=867
num_leaves=4
num_cat=1
split_feature=31 32 44
split_gain=6.89541 19.8336 52.8968
threshold=-0.61061010756638778 -0.71396719909321515 0
decision_type=2 2 9
left_child=1 -1 -3
right_child=-2 2 -4
leaf_value=0.0035955369802205118 0.002106209790976199 0.0025924455585023009 -0.019001055192782654
leaf_weight=369.19657561283566 975.77134265465338 278.53664279131317 187.952189575376
leaf_count=12713 18510 17243 9208
internal_value=0.000237629 -0.00186797 -0.00632808
internal_weight=1811.46 835.685 466.489
internal_count=57674 39164 26451
cat_boundaries=0 1
cat_threshold=393729
is_linear=0
shrinkage=0.0321881


Tree=868
num_leaves=4
num_cat=1
split_feature=10 44 10
split_gain=6.63534 44.041 51.9328
threshold=8220.4350402916371 0 9863.7087067786033
decision_type=2 9 2
left_child=-1 -2 -3
right_child=1 2 -4
leaf_value=-0.0030921413710611684 0.0032918450216932373 0.0079610418483414287 -0.031863340859180279
leaf_weight=602.4271113615614 1082.6736208716043 52.060130481938359 86.521077968374357
leaf_count=17571 31499 1971 6855
internal_value=-0.000301657 0.00102304 -0.0153501
internal_weight=1823.68 1221.25 138.581
internal_count=57896 40325 8826
cat_boundaries=0 1
cat_threshold=406531
is_linear=0
shrinkage=0.0321881


Tree=869
num_leaves=4
num_cat=0
split_feature=6 30 5
split_gain=6.67684 13.3136 15.5273
threshold=8.0328376579479173 -0.73897568076095177 1.9174642175754886
decision_type=2 2 2
left_child=-1 2 -2
right_child=1 -3 -4
leaf_value=-0.0024247579958963858 0.0020256923678136384 0.0037780947586432663 -0.013840934370808517
leaf_weight=880.1203646382487 136.62636749645117 699.20261948474536 111.16046420632756
leaf_count=29770 2493 23827 2000
internal_value=-0.000379245 0.00145472 -0.00484191
internal_weight=1827.11 946.989 247.787
internal_count=58090 28320 4493
is_linear=0
shrinkage=0.0321881


Tree=870
num_leaves=4
num_cat=1
split_feature=35 10 44
split_gain=7.31156 8.92385 43.9219
threshold=-0.0024073182855579162 7962.8718637735992 0
decision_type=2 2 9
left_child=-1 2 -2
right_child=1 -3 -4
leaf_value=-0.0046684624018480045 0.012239197031303157 0.0026654536564654097 -0.0088297984222877133
leaf_weight=278.71103960050732 134.28065887958655 1057.4272104804395 337.33124381349853
leaf_count=9161 1869 34800 11992
internal_value=8.46387e-05 0.000993266 -0.00262051
internal_weight=1807.75 1529.04 471.612
internal_count=57822 48661 13861
cat_boundaries=0 1
cat_threshold=580
is_linear=0
shrinkage=0.0321881


Tree=871
num_leaves=4
num_cat=0
split_feature=31 14 21
split_gain=6.19431 15.1082 7.79064
threshold=0.48187914960482597 340.78622251211749 248.82434543506869
decision_type=2 8 2
left_child=-1 -2 -3
right_child=1 2 -4
leaf_value=0.0010332892153330873 -0.02388296430766108 -0.0049151919715167093 0.017145625091939981
leaf_weight=1699.5688568563037 36.070969243004583 59.568646441424789 22.341427305713296
leaf_count=55909 713 1148 193
internal_value=0.000505406 -0.00654703 0.000358762
internal_weight=1817.55 117.981 81.9101
internal_count=57963 2054 1341
is_linear=0
shrinkage=0.0321881


Tree=872
num_leaves=4
num_cat=0
split_feature=30 5 10
split_gain=8.28569 19.8758 26.9675
threshold=0.77252711792581741 2.1827784079505679 8060.6461651789996
decision_type=2 2 2
left_child=-1 -2 -3
right_child=1 2 -4
leaf_value=0.0015744552885163141 -0.0086750054748513852 -0.019129950925858612 0.014552304944891185
leaf_weight=1416.1992412615832 274.14254431400877 30.887131358260376 102.84524272985072
leaf_count=48969 6520 664 1695
internal_value=0.000378696 -0.00361558 0.00627747
internal_weight=1824.07 407.875 133.732
internal_count=57848 8879 2359
is_linear=0
shrinkage=0.0321881


Tree=873
num_leaves=4
num_cat=0
split_feature=16 10 32
split_gain=5.27219 27.6195 7.06723
threshold=237.91894101433198 13010.292269235511 -0.38521764513618745
decision_type=8 2 2
left_child=2 -2 -1
right_child=1 -3 -4
leaf_value=-0.0012709158358611865 -0.027750121114865561 0.040494784684520328 0.0028072332561206721
leaf_weight=1006.1714857453385 28.070119295394761 7.0568300250379243 770.86477098818386
leaf_count=27048 1875 491 28395
internal_value=0.000183041 -0.0120595 0.000462455
internal_weight=1812.16 35.1269 1777.04
internal_count=57809 2366 55443
is_linear=0
shrinkage=0.0321881


Tree=874
num_leaves=4
num_cat=1
split_feature=10 44 4
split_gain=5.69796 53.6154 37.1797
threshold=10325.399110574295 0 1446.7448790852497
decision_type=2 9 2
left_child=-1 -2 -3
right_child=1 2 -4
leaf_value=0.00082748736053338647 -0.024939113164548648 -0.0032523711480597333 0.015520883596269564
leaf_weight=1035.1375389053214 88.714984176525832 558.51604609631158 135.436359906691
leaf_count=29509 13134 12985 2282
internal_value=-0.000692406 -0.00278358 0.000319238
internal_weight=1817.8 782.667 693.952
internal_count=57910 28401 15267
cat_boundaries=0 1
cat_threshold=787028
is_linear=0
shrinkage=0.0321881


Tree=875
num_leaves=4
num_cat=1
split_feature=1 14 44
split_gain=5.92647 7.69668 21.2955
threshold=33.408322795899878 438.81803833619693 0
decision_type=2 10 9
left_child=1 -1 -3
right_child=-2 2 -4
leaf_value=-0.00093946830709040416 -0.013142930110767675 -0.014584125385727734 0.006627762780774548
leaf_weight=1353.3350140005273 34.863859325763769 45.325735224392702 379.1099995683835
leaf_count=50631 449 1091 5618
internal_value=-1.46139e-05 0.00020874 0.00401832
internal_weight=1812.63 1777.77 424.436
internal_count=57789 57340 6709
cat_boundaries=0 1
cat_threshold=1856
is_linear=0
shrinkage=0.0321881


Tree=876
num_leaves=4
num_cat=1
split_feature=0 43 4
split_gain=7.35079 13.9522 21.2076
threshold=1464.0342515944224 0 745.66370540223522
decision_type=2 9 2
left_child=1 2 -1
right_child=-2 -3 -4
leaf_value=-0.0045257029546132196 -0.0069872200463117666 -0.00018877277643937658 0.02038335541795102
leaf_weight=52.59482562352423 139.33892776557514 1534.1869537907191 89.231290038284442
leaf_count=2452 2998 45708 6708
internal_value=6.97787e-05 0.00069538 0.0100016
internal_weight=1815.35 1676.01 141.826
internal_count=57866 54868 9160
cat_boundaries=0 1
cat_threshold=16
is_linear=0
shrinkage=0.0321881


Tree=877
num_leaves=4
num_cat=1
split_feature=8 16 43
split_gain=6.70375 7.81878 7.16483
threshold=-12.569244659019981 237.91894101433198 0
decision_type=2 10 9
left_child=-1 2 -2
right_child=1 -3 -4
leaf_value=-0.0068877098242963791 0.00027356293745998012 -0.019061543189643315 0.0075037525333152503
leaf_weight=128.06809751469609 1515.0217113738217 19.874276913524227 149.72500598797342
leaf_count=7355 41489 961 8014
internal_value=0.000158195 0.000732535 0.00100978
internal_weight=1812.69 1684.62 1664.75
internal_count=57819 50464 49503
cat_boundaries=0 1
cat_threshold=15
is_linear=0
shrinkage=0.0321881


Tree=878
num_leaves=4
num_cat=0
split_feature=17 16 2
split_gain=6.5046 21.9144 20.1207
threshold=2.8335617904881487 83.791783554371904 13.028412260347826
decision_type=8 8 2
left_child=-1 -2 -3
right_child=1 2 -4
leaf_value=0.0051400617474721948 -0.0207739533993446 0.025436165123006196 -1.5327731519268849e-05
leaf_weight=278.60992866389643 51.604745767528129 32.567370376633789 1449.0361165288268
leaf_count=5089 21756 8484 22574
internal_value=0.000609718 -0.000172654 0.000505121
internal_weight=1811.82 1533.21 1481.6
internal_count=57903 52814 31058
is_linear=0
shrinkage=0.0321881


Tree=879
num_leaves=4
num_cat=0
split_feature=19 5 27
split_gain=6.96102 7.55758 11.1418
threshold=-1.7375862628344294 5.3406612760261511 0.74361819549973551
decision_type=2 2 2
left_child=-1 -2 -3
right_child=1 2 -4
leaf_value=-0.0091775152049890958 -4.0479190185487432e-05 -0.003236310192643773 0.026892816182894769
leaf_weight=84.322246777428518 1686.3526120520937 17.899848117343936 26.456483192334417
leaf_count=5960 51102 588 467
internal_value=-0.000137083 0.000267777 0.0133534
internal_weight=1815.03 1730.71 44.3563
internal_count=58117 52157 1055
is_linear=0
shrinkage=0.0321881


Tree=880
num_leaves=4
num_cat=0
split_feature=37 33 21
split_gain=7.29368 7.17622 24.7546
threshold=-0.029177567367487504 -0.51828066867581712 81.219772601257588
decision_type=2 2 2
left_child=-1 2 -2
right_child=1 -3 -4
leaf_value=-0.013867639337040721 -0.017150616062646527 0.0029382224451025081 0
leaf_weight=39.365632222107706 94.418306062776537 607.94306621827741 1058.3863450978824
leaf_count=1400 6427 23239 26855
internal_value=-0.000196051 7.52647e-05 -0.0013796
internal_weight=1800.11 1760.75 1152.8
internal_count=57921 56521 33282
is_linear=0
shrinkage=0.0321881


Tree=881
num_leaves=4
num_cat=0
split_feature=3 23 29
split_gain=7.36935 9.97221 10.1697
threshold=71.198994810537343 26.292059817200091 8.815982957689128
decision_type=2 2 2
left_child=1 2 -1
right_child=-2 -3 -4
leaf_value=-0.032953829199369018 0.00069638587704209866 0.001652051426141266 -0.009313143518767119
leaf_weight=26.449937941718417 1749.5516193481421 34.377173244705773 14.9607782685689
leaf_count=810 56287 447 340
internal_value=0.000236181 -0.00951884 -0.0202783
internal_weight=1825.34 75.7879 41.4107
internal_count=57884 1597 1150
is_linear=0
shrinkage=0.0321881


Tree=882
num_leaves=4
num_cat=0
split_feature=7 29 5
split_gain=5.93769 8.42661 17.5346
threshold=-1636.5382490533405 6.0413334624068531 4.1209303489188978
decision_type=2 2 2
left_child=-1 2 -2
right_child=1 -3 -4
leaf_value=-0.0034702814474661323 -0.0017272248785777386 0.002061549273484935 -0.036811054624438851
leaf_weight=379.7591920663267 172.07933468206556 1233.2831079288426 16.533385362149602
leaf_count=13779 10228 33217 770
internal_value=6.56118e-05 0.00105518 -0.0051822
internal_weight=1801.66 1421.9 188.613
internal_count=57994 44215 10998
is_linear=0
shrinkage=0.0321881


Tree=883
num_leaves=4
num_cat=0
split_feature=25 22 25
split_gain=6.72786 17.9188 8.91117
threshold=16.980396812379354 71.404415889482991 5.6617820633099809
decision_type=2 2 2
left_child=2 -2 -1
right_child=1 -3 -4
leaf_value=0.00014301373894469669 -0.021867813152713984 0.036865162498251967 -0.011104752299274703
leaf_weight=1703.2130431150435 6.3973531428064261 16.102135413724682 75.657650895300549
leaf_count=45799 6158 365 5396
internal_value=-4.34141e-05 0.0173102 -0.000300983
internal_weight=1801.37 22.4995 1778.87
internal_count=57718 6523 51195
is_linear=0
shrinkage=0.0321881


Tree=884
num_leaves=4
num_cat=1
split_feature=10 44 14
split_gain=7.31617 24.5556 26.8839
threshold=12336.077109752658 0 493.33348867486205
decision_type=2 9 8
left_child=-1 2 -2
right_child=1 -3 -4
leaf_value=0.00051729789463340469 -0.0051553308730478394 -0.022584816560009404 0.016998239997137451
leaf_weight=1365.3821704849065 298.83741845196255 54.548512712636693 69.461500433608308
leaf_count=41232 6761 8537 1126
internal_value=-0.000587162 -0.00430232 -0.000775046
internal_weight=1788.23 422.847 368.299
internal_count=57656 16424 7887
cat_boundaries=0 1
cat_threshold=1188099
is_linear=0
shrinkage=0.0321881


Tree=885
num_leaves=4
num_cat=0
split_feature=34 34 3
split_gain=6.94811 11.0878 10.3008
threshold=0.96372386279336741 0.059838709399103303 163.87257756850306
decision_type=2 2 2
left_child=1 -1 -2
right_child=2 -3 -4
leaf_value=-0.00039530243968463 0.0023824097560656067 0.024459923936920463 -0.020638346860337369
leaf_weight=1722.9736525739447 29.71419472825437 18.538211027625039 42.502265770522172
leaf_count=54881 1011 451 1701
internal_value=-0.000534171 -9.08607e-05 -0.0103103
internal_weight=1813.73 1741.51 72.2165
internal_count=58044 55332 2712
is_linear=0
shrinkage=0.0321881


Tree=886
num_leaves=4
num_cat=1
split_feature=36 22 44
split_gain=7.90278 23.3411 24.0854
threshold=0.84822263505422868 469.67975607805278 0
decision_type=2 2 9
left_child=1 2 -1
right_child=-2 -3 -4
leaf_value=0.0064990255043232241 -0.0012703178942222082 0.044908931091392511 -0.023456016546605219
leaf_weight=181.8602967533061 1579.8920991451396 14.279657874605617 22.006730519417943
leaf_count=6179 42861 318 8321
internal_value=-0.000444598 0.00523877 0.00209914
internal_weight=1798.04 218.147 203.867
internal_count=57679 14818 14500
cat_boundaries=0 1
cat_threshold=12359
is_linear=0
shrinkage=0.0321881


Tree=887
num_leaves=4
num_cat=2
split_feature=41 44 1
split_gain=5.8298 26.5252 38.3175
threshold=0 1 14.273413653988001
decision_type=9 9 2
left_child=1 -1 -3
right_child=-2 2 -4
leaf_value=0.010286934581081509 -0.0015663742278631426 -0.025813121570374117 0.0031240869708599856
leaf_weight=225.01139317093975 1348.5100273435546 66.121155724607661 156.32598083712219
leaf_count=15138 34726 5686 2128
internal_value=-0.000483476 0.00261351 -0.00498573
internal_weight=1795.97 447.459 222.447
internal_count=57678 22952 7814
cat_boundaries=0 1 2
cat_threshold=522 406086
is_linear=0
shrinkage=0.0321881


Tree=888
num_leaves=4
num_cat=1
split_feature=14 44 16
split_gain=7.89265 21.9564 34.5574
threshold=301.61718833258448 0 97.664980552663366
decision_type=8 9 10
left_child=1 2 -1
right_child=-2 -3 -4
leaf_value=-0.0019286432938768047 0.0024784504528423627 -0.0037126480327002226 0.045168519549300214
leaf_weight=34.856611464389516 1099.0124142021086 649.61743705262825 26.411728199946083
leaf_count=13328 18093 25054 1475
internal_value=0.000744107 -0.00184751 0.0149962
internal_weight=1809.9 710.886 61.2683
internal_count=57950 39857 14803
cat_boundaries=0 1
cat_threshold=263232
is_linear=0
shrinkage=0.0321881


Tree=889
num_leaves=4
num_cat=1
split_feature=13 44 11
split_gain=5.68346 20.4805 22.8279
threshold=35.555603631316892 0 23.706148910078742
decision_type=8 9 10
left_child=-1 -2 -3
right_child=1 2 -4
leaf_value=0.00077783174813125843 0.0082199749096445035 -0.029636296071707188 -0.0040460216712895555
leaf_weight=1333.4922014633489 108.00343853909499 42.507557552449725 308.49597649672069
leaf_count=32164 12356 3490 9842
internal_value=-0.000247045 -0.00336204 -0.00714101
internal_weight=1792.5 459.007 351.004
internal_count=57852 25688 13332
cat_boundaries=0 1
cat_threshold=393812
is_linear=0
shrinkage=0.0321881


Tree=890
num_leaves=4
num_cat=0
split_feature=15 5 30
split_gain=7.05171 6.27684 37.8979
threshold=1.2788308122376273 2.1349182768901742 -0.57941221679903798
decision_type=10 2 2
left_child=1 -1 -3
right_child=-2 2 -4
leaf_value=-0.00077390058540425122 -0.015361119855547582 -0.0093683132773169711 0.0089753807876188398
leaf_weight=1225.3700890512696 29.32078077537426 164.75150652713091 383.81405369961249
leaf_count=30506 16146 2769 8422
internal_value=0.000170626 0.000465262 0.00334847
internal_weight=1803.26 1773.94 548.566
internal_count=57843 41697 11191
is_linear=0
shrinkage=0.0321881


Tree=891
num_leaves=4
num_cat=1
split_feature=32 44 7
split_gain=6.94631 33.241 31.9094
threshold=-0.33447160329628733 0 7660.6849081308073
decision_type=2 9 2
left_child=-1 2 -2
right_child=1 -3 -4
leaf_value=-0.0013806762904516425 0.0067324704694538265 -0.023832621622731448 -0.017025236036236287
leaf_weight=1066.386095086114 631.89389748210579 35.458103488153029 63.090691194168357
leaf_count=29603 18321 7892 2079
internal_value=0.000236418 0.0026841 0.00441555
internal_weight=1796.83 730.443 694.985
internal_count=57895 28292 20400
cat_boundaries=0 1
cat_threshold=262663
is_linear=0
shrinkage=0.0321881


Tree=892
num_leaves=4
num_cat=0
split_feature=3 4 0
split_gain=7.09793 16.0626 10.1876
threshold=99.056400492099172 198.38339821747965 433.07388428330097
decision_type=2 2 2
left_child=1 -1 -2
right_child=2 -3 -4
leaf_value=0.010350157134219969 -0.0023878459503255027 -0.010459895012678818 0.0028361020579098038
leaf_weight=46.740425997467355 665.89132751089414 168.48771003655202 906.24890117835821
leaf_count=890 39345 3494 13933
internal_value=-0.000131266 -0.00563862 0.000582927
internal_weight=1787.37 215.228 1572.14
internal_count=57662 4384 53278
is_linear=0
shrinkage=0.0321881


Tree=893
num_leaves=4
num_cat=1
split_feature=31 44 10
split_gain=5.86812 13.8128 59.4566
threshold=-0.50597703022915386 0 5606.8116103772954
decision_type=2 9 2
left_child=-1 -2 -3
right_child=1 2 -4
leaf_value=-0.0020015189327081688 0.0034325864923354576 0.023110079196291832 -0.023591051939256542
leaf_weight=950.20737363023318 728.19092601585453 40.521297854380464 86.796357780464859
leaf_count=42296 11647 709 3298
internal_value=-0.000229908 0.00166339 -0.00761579
internal_weight=1805.72 855.509 127.318
internal_count=57950 15654 4007
cat_boundaries=0 1
cat_threshold=263175
is_linear=0
shrinkage=0.0321881


Tree=894
num_leaves=4
num_cat=1
split_feature=10 10 44
split_gain=7.33956 6.4301 30.5364
threshold=1636.446172546707 12336.077109752658 0
decision_type=2 2 9
left_child=-1 -2 -3
right_child=1 2 -4
leaf_value=-0.02458631982171685 0.0016857010985047208 0.00061494390274802646 -0.023217095998060842
leaf_weight=11.777871484784553 1359.4933531132228 372.73010392076685 54.471093452098103
leaf_count=717 40611 7498 8938
internal_value=0.000370363 0.00057376 -0.00281476
internal_weight=1798.47 1786.69 427.201
internal_count=57764 57047 16436
cat_boundaries=0 1
cat_threshold=131075
is_linear=0
shrinkage=0.0321881


Tree=895
num_leaves=4
num_cat=0
split_feature=35 30 1
split_gain=6.87656 7.3395 20.1312
threshold=0.0027454833157679382 0.77252711792581741 9.5126325340413942
decision_type=2 2 2
left_child=1 -1 -3
right_child=-2 2 -4
leaf_value=0.001950696524232594 -0.0053565491600515462 0.030255926052034733 -0.0052207997965818204
leaf_weight=1240.9560855617215 216.10260396347849 16.829591443735808 331.16421159823221
leaf_count=43057 7264 2206 5571
internal_value=0 0.000759745 -0.00330276
internal_weight=1805.05 1588.95 347.994
internal_count=58098 50834 7777
is_linear=0
shrinkage=0.0321881


Tree=896
num_leaves=4
num_cat=0
split_feature=16 16 12
split_gain=6.37129 5.77108 26.4318
threshold=244.42401383167501 163.02342041136083 32.89213785357375
decision_type=10 10 8
left_child=1 2 -1
right_child=-2 -3 -4
leaf_value=0.0011283077981018249 -0.020681642452889441 0.0030211302732538682 -0.010128205895952348
leaf_weight=1053.3084425789982 15.379550249073871 472.75690445676446 269.85605901704366
leaf_count=31154 887 7390 18479
internal_value=-0.000208188 0 -0.0011207
internal_weight=1811.3 1795.92 1323.16
internal_count=57910 57023 49633
is_linear=0
shrinkage=0.0321881


Tree=897
num_leaves=4
num_cat=0
split_feature=1 30 10
split_gain=7.51188 8.55963 14.2107
threshold=35.658955843582966 0.92106191567533924 10901.634045780806
decision_type=2 2 2
left_child=1 -1 -3
right_child=-2 2 -4
leaf_value=0.0011317869863034947 -0.020870056256488547 -0.01313635409018332 0.0033145751070874454
leaf_weight=1562.11570129897 17.324879176187096 119.89703258197551 90.36516502269069
leaf_count=53078 229 2565 1868
internal_value=3.36465e-05 0.000276673 -0.00576782
internal_weight=1789.7 1772.38 210.262
internal_count=57740 57511 4433
is_linear=0
shrinkage=0.0321881


Tree=898
num_leaves=4
num_cat=0
split_feature=34 25 13
split_gain=7.26937 6.80533 7.25906
threshold=-0.013539945564369209 -1.8185610990304546 41.140760463161023
decision_type=2 2 10
left_child=-1 -2 -3
right_child=1 2 -4
leaf_value=-0.0032928070669528521 -0.0074866237684051212 0.0025098094224522806 -0.011319364092082295
leaf_weight=451.29364034429432 80.365253008214495 1229.0362524652774 38.933159047103345
leaf_count=14656 2174 33800 7381
internal_value=0.000200314 0.00141708 0.00203292
internal_weight=1799.63 1348.33 1267.97
internal_count=58011 43355 41181
is_linear=0
shrinkage=0.0321881


Tree=899
num_leaves=4
num_cat=0
split_feature=10 14 6
split_gain=7.42968 30.3333 20.2668
threshold=12336.077109752658 480.13957949192775 42.718333655765626
decision_type=2 8 2
left_child=-1 2 -2
right_child=1 -3 -4
leaf_value=0.001211555752091542 -0.013348011563240482 0.013112405332204421 0.003612031121467729
leaf_weight=1386.4734961414024 235.76051302296287 85.614132550370414 98.062075364761768
leaf_count=41475 11467 1820 3202
internal_value=4.12187e-05 -0.00367413 -0.00817622
internal_weight=1805.91 419.437 333.823
internal_count=57964 16489 14669
is_linear=0
shrinkage=0.0321881


Tree=900
num_leaves=4
num_cat=0
split_feature=30 10 2
split_gain=6.74077 19.1369 14.5641
threshold=0.92704881348482104 10981.29108150834 44.785635512791835
decision_type=2 2 2
left_child=-1 2 -2
right_child=1 -3 -4
leaf_value=0.00030739316329265093 -0.01947856460757489 0.0052348315673651424 0.0081983206995209345
leaf_weight=1584.8910472530936 100.5042181144654 85.96684639986006 20.735248418932315
leaf_count=53478 2218 1771 274
internal_value=-0.000368657 -0.00584115 -0.014214
internal_weight=1792.1 207.206 121.239
internal_count=57741 4263 2492
is_linear=0
shrinkage=0.0321881


Tree=901
num_leaves=4
num_cat=0
split_feature=36 22 2
split_gain=9.52855 20.0687 19.0889
threshold=0.84822263505422868 490.4083123982399 30.187443062724697
decision_type=2 2 2
left_child=1 2 -1
right_child=-2 -3 -4
leaf_value=-0.011614607812361415 -0.0007051280620297049 0.047738187960794168 0.010133445940658124
leaf_weight=56.171748677417099 1575.2811648747347 11.60644211489125 146.69120143710097
leaf_count=10384 43059 278 4111
internal_value=0.000125404 0.00651637 0.00379139
internal_weight=1789.75 214.469 202.863
internal_count=57832 14773 14495
is_linear=0
shrinkage=0.0321881


Tree=902
num_leaves=4
num_cat=1
split_feature=6 10 44
split_gain=6.52032 13.748 26.0689
threshold=7.2475427623728779 10089.876878520592 0
decision_type=2 2 9
left_child=1 -1 -3
right_child=-2 2 -4
leaf_value=0.0013701472153113297 0.0017087312400632241 -0.025784946731431491 -0.0025561575087515013
leaf_weight=475.72577052746465 968.03594189035493 53.126221666026595 321.43566460836018
leaf_count=14293 28734 6122 8952
internal_value=-6.11876e-05 -0.00215101 -0.00679116
internal_weight=1818.32 850.288 374.562
internal_count=58101 29367 15074
cat_boundaries=0 1
cat_threshold=266820
is_linear=0
shrinkage=0.0321881


Tree=903
num_leaves=4
num_cat=0
split_feature=10 6 10
split_gain=7.24479 13.654 10.6691
threshold=3659.019932128946 54.902020798918848 4811.1069531546837
decision_type=2 2 2
left_child=1 -1 -2
right_child=2 -3 -4
leaf_value=-0.0026377506443385152 0.0095633854703337969 -0.037951100948656107 -0.00024128463023041996
leaf_weight=79.438288094685504 123.10387337780958 14.190975870569671 1576.0759733726331
leaf_count=3045 2736 407 51687
internal_value=-1.23796e-05 -0.00875089 0.000432809
internal_weight=1792.81 93.6293 1699.18
internal_count=57875 3452 54423
is_linear=0
shrinkage=0.0321881


Tree=904
num_leaves=4
num_cat=0
split_feature=0 3 23
split_gain=7.50059 8.55997 19.6622
threshold=35.069903839441032 99.056400492099172 26.292059817200091
decision_type=2 2 2
left_child=-1 2 -2
right_child=1 -3 -4
leaf_value=-0.012536499744178406 -0.014695341159113397 0.0016119105925744824 0.0044046795180189688
leaf_weight=44.604355168966322 111.63381592970109 1559.4240824980748 104.14370652382786
leaf_count=13897 2962 39977 1220
internal_value=0.000386788 0.000749008 -0.00518726
internal_weight=1819.81 1775.2 215.778
internal_count=58056 44159 4182
is_linear=0
shrinkage=0.0321881


Tree=905
num_leaves=4
num_cat=0
split_feature=17 16 1
split_gain=6.02471 17.9225 15.1945
threshold=2.8335617904881487 77.720981266330099 6.5793027108615574
decision_type=8 8 2
left_child=-1 -2 -3
right_child=1 2 -4
leaf_value=0.0042623740125417049 -0.025736762647108263 0.016792751162579174 -0.00097293970638972582
leaf_weight=282.83783113513346 29.232873820430768 51.288415739374159 1437.439639062799
leaf_count=5159 19630 10660 22512
internal_value=-1.20564e-05 -0.000850994 -0.000315539
internal_weight=1800.8 1517.96 1488.73
internal_count=57961 52802 33172
is_linear=0
shrinkage=0.0321881


Tree=906
num_leaves=4
num_cat=0
split_feature=13 16 1
split_gain=6.62094 17.8383 20.3405
threshold=20.472773010552892 90.940779397422602 5.2742211666593741
decision_type=8 8 2
left_child=-1 -2 -3
right_child=1 2 -4
leaf_value=0.0043442420200017094 -0.017625320932873067 0.02455274207660026 -0.00048793496942208832
leaf_weight=342.0651236626527 61.006271777210259 34.201099007664197 1359.9155086003429
leaf_count=6928 22945 6697 21354
internal_value=0.00029253 -0.000616719 8.4763e-05
internal_weight=1797.19 1455.12 1394.12
internal_count=57924 50996 28051
is_linear=0
shrinkage=0.0321881


Tree=907
num_leaves=4
num_cat=0
split_feature=25 36 33
split_gain=5.34155 12.8996 13.9514
threshold=5.008774948220851 0.8873837458246242 0.30419575848663211
decision_type=2 2 2
left_child=-1 2 -2
right_child=1 -3 -4
leaf_value=0.00038220683121882701 0.0094199610738611508 -0.019448457922270138 -0.025404447875084765
leaf_weight=1673.930057528165 56.312313280825038 48.775149220799904 14.572405832979255
leaf_count=44889 2508 4003 6444
internal_value=-5.19395e-05 -0.00664523 0.00130445
internal_weight=1793.59 119.66 70.8847
internal_count=57844 12955 8952
is_linear=0
shrinkage=0.0321881


Tree=908
num_leaves=4
num_cat=1
split_feature=39 44 5
split_gain=6.33646 5.61611 21.0658
threshold=-0.03626507894906543 0 1.7545338111419591
decision_type=2 9 2
left_child=-1 2 -2
right_child=1 -3 -4
leaf_value=-0.0053583933925927538 0.031410680343574242 0.00041321037160032057 -0.0022454917600449806
leaf_weight=188.37154391142485 29.234506127122131 1542.4086320049319 29.753480171830688
leaf_count=6877 9799 34050 7200
internal_value=0.000175944 0.00086741 0.00988098
internal_weight=1789.77 1601.4 58.988
internal_count=57926 51049 16999
cat_boundaries=0 1
cat_threshold=394240
is_linear=0
shrinkage=0.0321881


Tree=909
num_leaves=4
num_cat=0
split_feature=7 16 12
split_gain=6.97004 8.78298 15.1218
threshold=-1037.3418833205185 164.85649907814363 34.705096367875001
decision_type=2 8 8
left_child=1 -1 -3
right_child=-2 2 -4
leaf_value=-0.006428532919557868 0.00092345799862347995 -0.01242586838715494 0.011243957168447161
leaf_weight=336.76988093670752 1326.3173347626778 39.436697787386947 85.938435670184845
leaf_count=13901 41270 876 1704
internal_value=-0.000224619 -0.00365604 0.00328216
internal_weight=1788.46 462.145 125.375
internal_count=57751 16481 2580
is_linear=0
shrinkage=0.0321881


Tree=910
num_leaves=4
num_cat=0
split_feature=0 12 10
split_gain=7.81162 12.7281 24.8444
threshold=1464.0342515944224 40.85260019266665 14158.38145479078
decision_type=2 10 2
left_child=-1 2 -2
right_child=1 -3 -4
leaf_value=0.00045903628233124705 -0.020534462001927167 0.0089394815352456056 0.021045117566028639
leaf_weight=1658.5927464046672 86.988819189416972 32.098739043867681 16.313930757547496
leaf_count=54832 2096 586 294
internal_value=-0.000112143 -0.00756694 -0.0133198
internal_weight=1793.99 135.401 103.303
internal_count=57808 2976 2390
is_linear=0
shrinkage=0.0321881


Tree=911
num_leaves=4
num_cat=0
split_feature=2 14 30
split_gain=6.95267 12.1368 10.5515
threshold=39.855957779394103 219.9136684187059 0.16762434376821042
decision_type=2 8 2
left_child=1 -1 -2
right_child=2 -3 -4
leaf_value=-0.0098041176991090027 -0.0007112009858603577 0 0.0080776439684123111
leaf_weight=147.64314756330009 297.43977745088341 1104.4710581157378 250.83111791250121
leaf_count=26799 3891 23909 3391
internal_value=0.000142141 -0.00114425 0.00319528
internal_weight=1800.39 1252.11 548.271
internal_count=57990 50708 7282
is_linear=0
shrinkage=0.0321881


Tree=912
num_leaves=4
num_cat=0
split_feature=25 36 33
split_gain=7.52739 11.8049 14.2037
threshold=5.008774948220851 0.8873837458246242 0.30419575848663211
decision_type=2 2 2
left_child=-1 2 -2
right_child=1 -3 -4
leaf_value=0.00011100162861138356 0.0077363821751278905 -0.020908952146281818 -0.027943483424093946
leaf_weight=1677.0513011314679 53.933630041725337 46.17837516659074 14.45743534161147
leaf_count=44997 2506 3945 6449
internal_value=-0.000397436 -0.00837954 0
internal_weight=1791.62 114.569 68.3911
internal_count=57897 12900 8955
is_linear=0
shrinkage=0.0321881


Tree=913
num_leaves=4
num_cat=0
split_feature=30 10 5
split_gain=6.14341 20.7177 14.2041
threshold=0.92106191567533924 10204.877137629688 2.0514638276685946
decision_type=2 2 2
left_child=-1 -2 -3
right_child=1 2 -4
leaf_value=0.00066364842176619269 -0.015374140646904993 -0.0045898856324765713 0.018411679161776856
leaf_weight=1589.469641831766 106.25819818084437 65.451473877837998 44.870851760862934
leaf_count=53542 2241 1593 712
internal_value=0 -0.0051115 0.00420874
internal_weight=1806.05 216.581 110.322
internal_count=58088 4546 2305
is_linear=0
shrinkage=0.0321881


Tree=914
num_leaves=4
num_cat=0
split_feature=32 28 33
split_gain=6.56107 17.1396 19.8067
threshold=0.58271791634792658 0.3020017011823149 -0.36458219934596398
decision_type=2 2 2
left_child=-1 -2 -3
right_child=1 2 -4
leaf_value=0.00037534983254984712 -0.027815889073974073 -0.011527659733543773 0.031788000887645981
leaf_weight=1733.21693692894 30.266009404337865 15.186670704802966 15.93391100019471
leaf_count=51185 5551 660 373
internal_value=0 -0.0103125 0.00476057
internal_weight=1794.6 61.3866 31.1206
internal_count=57769 6584 1033
is_linear=0
shrinkage=0.0321881


Tree=915
num_leaves=4
num_cat=0
split_feature=35 10 32
split_gain=6.54557 8.66647 23.29
threshold=-0.0028384632796632048 7962.8718637735992 0.23842264243667002
decision_type=2 2 2
left_child=-1 2 -2
right_child=1 -3 -4
leaf_value=-0.0055305220648485375 -0.0060668898524053111 0.0022835520362403496 0.012391149094387372
leaf_weight=198.40368789871718 411.74205380138437 1104.0083414421492 83.73654149239519
leaf_count=6851 10827 36510 3758
internal_value=0 0.000664301 -0.00281454
internal_weight=1797.89 1599.49 495.479
internal_count=57946 51095 14585
is_linear=0
shrinkage=0.0321881


Tree=916
num_leaves=4
num_cat=1
split_feature=10 44 21
split_gain=5.8216 53.404 29.2585
threshold=10283.316616369719 0 41.076392687326063
decision_type=2 9 2
left_child=2 -2 -1
right_child=1 -3 -4
leaf_value=-0.023941108238919342 0.0013592268858390035 -0.021849521904396742 0.0028300642539281994
leaf_weight=43.671951631647744 674.34637401328155 110.16139522903154 969.34220771673972
leaf_count=7463 13027 15766 21814
internal_value=0 -0.00208533 0.00160775
internal_weight=1797.52 784.508 1013.01
internal_count=58070 28793 29277
cat_boundaries=0 1
cat_threshold=140291
is_linear=0
shrinkage=0.0321881


Tree=917
num_leaves=4
num_cat=0
split_feature=11 31 0
split_gain=8.35779 14.1381 13.9507
threshold=24.801170949632908 0.48187914960482597 862.62665200450749
decision_type=8 2 2
left_child=1 -1 -2
right_child=2 -3 -4
leaf_value=0.002006587984454329 -0.0088512816107872011 -0.013818202180220732 0.00084814698423772001
leaf_weight=1121.1195707636934 275.86147666738225 60.819032244113259 322.65870912316313
leaf_count=32324 19204 1126 5259
internal_value=-0.000393022 0.00113581 -0.00351773
internal_weight=1780.46 1181.94 598.52
internal_count=57913 33450 24463
is_linear=0
shrinkage=0.0321881


Tree=918
num_leaves=4
num_cat=0
split_feature=5 20 5
split_gain=7.7339 11.5995 9.32353
threshold=5.3406612760261511 113.11020398016782 4.8157880621559777
decision_type=2 2 2
left_child=2 -2 -1
right_child=1 -3 -4
leaf_value=0.00078198761771585443 -0.0034077962251690664 0.026872863581124305 -0.0077784963318318729
leaf_weight=1609.5074511074554 18.497380381346375 27.644719629141036 143.20766708365773
leaf_count=54707 642 523 2062
internal_value=0.00042507 0.0134053 4.52512e-05
internal_weight=1798.86 46.1421 1752.72
internal_count=57934 1165 56769
is_linear=0
shrinkage=0.0321881


Tree=919
num_leaves=4
num_cat=0
split_feature=3 12 16
split_gain=6.23569 6.44847 40.2425
threshold=307.61636588688344 32.431266921703184 159.28271391690228
decision_type=2 8 8
left_child=1 -1 -3
right_child=-2 2 -4
leaf_value=0.0019170446755858452 -0.011543421825701089 -0.013209866569704205 0.0037292141856507103
leaf_weight=1114.5725899975025 46.067865041690311 222.54924187151801 409.72317435598052
leaf_count=32205 675 17445 7743
internal_value=6.95888e-05 0.000413829 -0.00213507
internal_weight=1792.91 1746.85 632.272
internal_count=58068 57393 25188
is_linear=0
shrinkage=0.0321881


Tree=920
num_leaves=4
num_cat=1
split_feature=30 4 41
split_gain=6.65377 22.5318 21.4682
threshold=-0.48875867096253017 1068.3348198750739 0
decision_type=2 2 9
left_child=1 -1 -3
right_child=-2 2 -4
leaf_value=-0.0068236079140040753 0.0017544949741578903 0.019463420062294585 -0.00067333724740419379
leaf_weight=426.04773929598696 1119.9199735967222 66.775562654495388 177.20398312557791
leaf_count=9684 42526 2286 3158
internal_value=0.000204187 -0.00229176 0.00536009
internal_weight=1789.95 670.027 243.98
internal_count=57654 15128 5444
cat_boundaries=0 1
cat_threshold=24
is_linear=0
shrinkage=0.0321881


Tree=921
num_leaves=4
num_cat=0
split_feature=14 10 3
split_gain=6.92638 17.6651 17.0766
threshold=299.2149248378621 16254.014979078949 162.81383229664314
decision_type=8 2 2
left_child=2 -2 -1
right_child=1 -3 -4
leaf_value=0.003345009674618342 0.00051932529120876452 0.022888719896547047 -0.0069572136941986554
leaf_weight=271.01386556402531 1054.654363252539 38.017732373555191 410.34903923618685
leaf_count=12820 17536 615 26330
internal_value=-0.000188632 0.0013607 -0.00276629
internal_weight=1774.04 1092.67 681.363
internal_count=57301 18151 39150
is_linear=0
shrinkage=0.0321881


Tree=922
num_leaves=4
num_cat=0
split_feature=10 32 22
split_gain=5.29245 32.6462 39.4895
threshold=7962.8718637735992 0.24718666733377465 270.42790383936727
decision_type=2 2 2
left_child=1 2 -1
right_child=-2 -3 -4
leaf_value=-0.023882180205563847 0.00069067292171849952 0.013786784621988291 -0.0013313628681182199
leaf_weight=106.90578936547126 1237.8341340479112 95.73245947624946 351.83202505177178
leaf_count=4577 41485 4206 7701
internal_value=-0.000438277 -0.00307266 -0.00673507
internal_weight=1792.3 554.47 458.738
internal_count=57969 16484 12278
is_linear=0
shrinkage=0.0321881


Tree=923
num_leaves=4
num_cat=0
split_feature=37 8 30
split_gain=7.11122 6.23083 7.25437
threshold=-0.028220437407455969 15.544177584550878 -0.70783388077524501
decision_type=2 2 2
left_child=-1 -2 -3
right_child=1 2 -4
leaf_value=-0.013059763697908735 -0.0064357964906721727 -0.0028200637981141991 0.0019306191299990458
leaf_weight=44.701503240993588 146.11197632140738 466.5518147521052 1127.0159191901967
leaf_count=1611 8722 8345 39082
internal_value=-0.000410468 -4.71001e-05 0.000499577
internal_weight=1784.38 1739.68 1593.57
internal_count=57760 56149 47427
is_linear=0
shrinkage=0.0321881


Tree=924
num_leaves=4
num_cat=0
split_feature=7 4 4
split_gain=7.04314 15.6255 9.73052
threshold=18496.447156732076 649.19895171211988 915.6871354467936
decision_type=2 2 2
left_child=2 -2 -1
right_child=1 -3 -4
leaf_value=-0.001727600786067308 0.0020758280997440859 -0.030048137270354009 0.0031838208839090566
leaf_weight=1030.4336317144302 31.706865860080143 25.553866652817078 699.20560377173638
leaf_count=30184 707 1072 25764
internal_value=-0.000111156 -0.0112172 0.000221183
internal_weight=1786.9 57.2607 1729.64
internal_count=57727 1779 55948
is_linear=0
shrinkage=0.0321881


Tree=925
num_leaves=4
num_cat=1
split_feature=32 7 44
split_gain=6.0381 36.4277 33.4663
threshold=-0.35950140980656853 8124.5667782519968 0
decision_type=2 2 9
left_child=-1 2 -2
right_child=1 -3 -4
leaf_value=-0.0013249594557380414 0.0063268320779189188 -0.021444844698287342 -0.022834166662002352
leaf_weight=1041.7225506975269 660.47011049884622 59.687301247839741 32.9658122199628
leaf_count=29016 18909 2957 7028
internal_value=0.000222971 0.00244836 0.00460341
internal_weight=1794.85 753.123 693.436
internal_count=57910 28894 25937
cat_boundaries=0 1
cat_threshold=262663
is_linear=0
shrinkage=0.0321881


Tree=926
num_leaves=4
num_cat=0
split_feature=1 30 4
split_gain=6.03454 5.41114 22.7009
threshold=35.658955843582966 -0.67768015818148786 1068.3348198750739
decision_type=2 2 2
left_child=1 2 -1
right_child=-2 -3 -4
leaf_value=-0.0071083555317320571 -0.018484257774738898 0.0018434225678340185 0.006348804928074255
leaf_weight=344.16573157243283 16.899083416967187 1224.326913168298 204.6208455420774
leaf_count=7000 229 46846 3787
internal_value=0.000407437 0.000625852 -0.00197413
internal_weight=1790.01 1773.11 548.787
internal_count=57862 57633 10787
is_linear=0
shrinkage=0.0321881


Tree=927
num_leaves=4
num_cat=0
split_feature=9 8 10
split_gain=6.8009 6.81038 6.81213
threshold=20.830855205896814 7157.0778740648375 12141.607254782612
decision_type=10 2 2
left_child=1 2 -1
right_child=-2 -3 -4
leaf_value=0.0016243722919452987 -0.021724593560253375 -0.012019129649601067 -0.0030217583768480569
leaf_weight=1299.7391942239497 14.700886099697525 46.459669277943249 431.89612383367648
leaf_count=39616 488 686 17346
internal_value=-8.00998e-05 6.59066e-05 0.000428525
internal_weight=1792.8 1778.09 1731.64
internal_count=58136 57648 56962
is_linear=0
shrinkage=0.0321881


Tree=928
num_leaves=4
num_cat=1
split_feature=31 44 10
split_gain=7.35888 23.9084 36.3239
threshold=-0.61061010756638778 0 9901.7357391677015
decision_type=2 9 2
left_child=1 2 -1
right_child=-2 -3 -4
leaf_value=0.017212380026475949 0.0019915928337984274 -0.0052689214417972301 -0.011157666049211623
leaf_weight=136.35958018340716 962.42147498303029 629.47613835245193 68.154655346121217
leaf_count=9493 18566 17901 11694
internal_value=3.95141e-05 -0.00213675 0.0070983
internal_weight=1796.41 833.99 204.514
internal_count=57654 39088 21187
cat_boundaries=0 1
cat_threshold=397888
is_linear=0
shrinkage=0.0321881


Tree=929
num_leaves=4
num_cat=0
split_feature=7 11 12
split_gain=7.56435 9.73505 13.0865
threshold=-1037.3418833205185 24.688441046576326 27.574993117972245
decision_type=2 8 10
left_child=-1 2 -2
right_child=1 -3 -4
leaf_value=-0.0032148206211940343 0.00079565622794393288 -0.0021271986203553949 0.009395207412634941
leaf_weight=453.54676382137495 595.6808910305781 458.51607144017225 277.68363496101574
leaf_count=16476 12553 17788 11047
internal_value=0.000328663 0.0015835 0.00360457
internal_weight=1785.43 1331.88 873.365
internal_count=57864 41388 23600
is_linear=0
shrinkage=0.0321881


Tree=930
num_leaves=4
num_cat=0
split_feature=34 30 1
split_gain=6.22612 8.13586 10.2361
threshold=-0.013539945564369209 0.68224006063584952 12.87850241848203
decision_type=2 2 2
left_child=1 -1 -3
right_child=-2 2 -4
leaf_value=0 0.0016331103288584707 0.010582283813886683 -0.014236870390584359
leaf_weight=331.83841835472504 1338.6099604703011 17.588045500715452 100.26208127233622
leaf_count=11863 43216 1071 1682
internal_value=0.000502373 -0.00272107 -0.00997966
internal_weight=1788.3 449.689 117.85
internal_count=57832 14616 2753
is_linear=0
shrinkage=0.0321881


Tree=931
num_leaves=4
num_cat=1
split_feature=10 44 10
split_gain=6.75681 30.5262 44.384
threshold=8555.7987687876575 0 9746.4649185011676
decision_type=2 9 2
left_child=-1 -2 -3
right_child=1 2 -4
leaf_value=-0.0022814568354095916 0.0036856555570608236 0.013790339229257747 -0.027309082004556725
leaf_weight=651.8540503231709 1023.3003729047391 38.051564510822573 82.648713729319752
leaf_count=19212 30259 1444 7020
internal_value=0.000290816 0.00181234 -0.0127682
internal_weight=1795.85 1144 120.7
internal_count=57935 38723 8464
cat_boundaries=0 1
cat_threshold=406531
is_linear=0
shrinkage=0.0321881


Tree=932
num_leaves=4
num_cat=0
split_feature=32 4 22
split_gain=5.79818 38.8983 29.9627
threshold=-0.11391272431726579 260.48712550895743 258.006237377334
decision_type=2 2 2
left_child=2 -2 -1
right_child=1 -3 -4
leaf_value=-0.011473699954891952 -0.014132801816380429 0.0076254512769960009 0.0012449894569962891
leaf_weight=234.12757954797098 106.09928370855096 406.79915333606596 1033.6937474605502
leaf_count=10742 3906 18477 24638
internal_value=7.60916e-05 0.00299592 -0.00105524
internal_weight=1780.72 512.898 1267.82
internal_count=57763 22383 35380
is_linear=0
shrinkage=0.0321881


Tree=933
num_leaves=4
num_cat=0
split_feature=36 20 32
split_gain=5.56959 15.5857 39.7001
threshold=0.97207943795745366 60.733995069994961 -0.14989298189417219
decision_type=2 2 2
left_child=-1 2 -2
right_child=1 -3 -4
leaf_value=-0.0025122508954873541 -0.015310428868893916 0.0036497882029732118 -0.00044584727323805461
leaf_weight=607.46383967755037 210.85869340276622 843.38262811623281 120.7957694221459
leaf_count=25978 8046 19250 4572
internal_value=0 0.00128316 -0.00454148
internal_weight=1782.5 1175.04 331.654
internal_count=57846 31868 12618
is_linear=0
shrinkage=0.0321881


Tree=934
num_leaves=4
num_cat=1
split_feature=3 10 44
split_gain=5.90346 6.08625 26.0624
threshold=321.93459723864811 8555.7987687876575 0
decision_type=2 2 9
left_child=1 2 -1
right_child=-2 -3 -4
leaf_value=0.0080055695602948909 -0.019338109043155926 0.0019553260950831257 -0.006037703134726991
leaf_weight=181.07331233062723 15.317880833768866 1135.8001016181524 460.74515394761966
leaf_count=3583 231 38498 15638
internal_value=0.000303777 0.000511414 -0.00194439
internal_weight=1792.94 1777.62 641.818
internal_count=57950 57719 19221
cat_boundaries=0 1
cat_threshold=4676
is_linear=0
shrinkage=0.0321881


Tree=935
num_leaves=4
num_cat=2
split_feature=35 42 44
split_gain=7.94988 5.81509 8.79155
threshold=0.0027000305407332524 0 1
decision_type=2 9 9
left_child=1 2 -1
right_child=-2 -3 -4
leaf_value=-0.010905976879251923 -0.0054761952317202789 0.0016706423211945275 0.0088746788137551106
leaf_weight=81.219749709678581 214.36096946218595 1467.8637592306725 20.903140135703779
leaf_count=1243 7455 48502 652
internal_value=0.000285466 0.00111342 -0.0058506
internal_weight=1784.35 1569.99 102.123
internal_count=57852 50397 1895
cat_boundaries=0 1 2
cat_threshold=17408 3
is_linear=0
shrinkage=0.0321881


Tree=936
num_leaves=4
num_cat=0
split_feature=5 30 5
split_gain=6.45863 11.7555 23.6448
threshold=1.0183168914636147 -0.42264425324915245 1.7934382559393891
decision_type=2 2 2
left_child=-1 2 -2
right_child=1 -3 -4
leaf_value=-0.0030681736196720754 0.0055103118226557425 0.003659523358938206 -0.0088764141868096728
leaf_weight=511.78573237641876 201.17938382970806 790.1470898241173 277.05946957070864
leaf_count=18613 4621 27922 6572
internal_value=0 0.00121462 -0.00269154
internal_weight=1780.17 1268.39 478.239
internal_count=57728 39115 11193
is_linear=0
shrinkage=0.0321881


Tree=937
num_leaves=4
num_cat=0
split_feature=8 11 4
split_gain=6.93644 8.98313 15.9093
threshold=7157.0778740648375 11.8988090032574 1339.9934863542132
decision_type=2 10 2
left_child=1 2 -1
right_child=-2 -3 -4
leaf_value=0.0021149397383289294 -0.012469255344324397 -0.00050852783667803528 0.028813200500005711
leaf_weight=132.57554416429048 45.643177298061346 1571.8841771082548 29.705323855579991
leaf_count=3635 688 52269 1115
internal_value=-9.22682e-05 0.000198429 0.00742883
internal_weight=1779.81 1734.17 162.281
internal_count=57707 57019 4750
is_linear=0
shrinkage=0.0321881


Tree=938
num_leaves=4
num_cat=0
split_feature=31 10 25
split_gain=6.38459 11.6645 24.5327
threshold=-0.50597703022915386 10089.876878520592 14.189893342605354
decision_type=2 2 2
left_child=1 -1 -3
right_child=-2 2 -4
leaf_value=0.00052052747557136518 0.001373043242590894 -0.0081912584910077326 0.036181699649447806
leaf_weight=538.32139203693123 831.81710526202187 390.77543561912171 12.655895340495134
leaf_count=20153 15580 19247 2874
internal_value=-0.000632841 -0.00247208 -0.00662104
internal_weight=1773.57 941.753 403.431
internal_count=57854 42274 22121
is_linear=0
shrinkage=0.0321881


Tree=939
num_leaves=4
num_cat=1
split_feature=21 44 25
split_gain=5.68957 15.2633 16.7086
threshold=138.51300826056698 0 3.6870912482491636
decision_type=2 9 2
left_child=1 -1 -3
right_child=-2 2 -4
leaf_value=-0.00037353154616663327 0.0015578914763368938 -0.014017076783477557 -0.00037353154616663327
leaf_weight=308.36399901970162 1202.7660415926657 192.74386661584413 81.607645630811476
leaf_count=8655 27979 10661 10616
internal_value=0.000261394 -0.00230495 -0.00831404
internal_weight=1785.48 582.716 274.352
internal_count=57911 29932 21277
cat_boundaries=0 1
cat_threshold=1048653
is_linear=0
shrinkage=0.0321881


Tree=940
num_leaves=4
num_cat=0
split_feature=30 2 1
split_gain=5.48615 18.743 17.9297
threshold=0.77252711792581741 51.365334396272594 8.641036371406571
decision_type=2 2 2
left_child=-1 2 -2
right_child=1 -3 -4
leaf_value=0.00086645572698546588 0.026686082596979136 0.027855050146029896 -0.0067157308988287584
leaf_weight=1401.9487892361583 16.571139264630347 18.102526972332271 364.08545519250038
leaf_count=49121 2423 226 6287
internal_value=-4.5137e-05 -0.00340834 -0.00507873
internal_weight=1800.71 398.759 380.657
internal_count=58057 8936 8710
is_linear=0
shrinkage=0.0321881


Tree=941
num_leaves=4
num_cat=0
split_feature=33 21 11
split_gain=7.38374 20.8403 25.3165
threshold=-0.57830730159644039 94.213083672028304 29.465175605699088
decision_type=2 2 8
left_child=1 -1 -3
right_child=-2 2 -4
leaf_value=-0.014684794975254739 0.002212290066779571 -0.0019665623017949899 0.017684823072404876
leaf_weight=120.74519168671486 667.06700779594371 914.07584235708055 72.951809047059214
leaf_count=7561 25432 21537 3578
internal_value=-0.000417085 -0.00205803 -0.000445705
internal_weight=1774.84 1107.77 987.028
internal_count=58108 32676 25115
is_linear=0
shrinkage=0.0321881


Tree=942
num_leaves=4
num_cat=0
split_feature=32 33 20
split_gain=6.58493 18.8706 21.6027
threshold=0.62874629050047381 -0.34802652514071514 30.982358041658802
decision_type=2 2 2
left_child=-1 -2 -3
right_child=1 2 -4
leaf_value=0.0010060419036047191 -0.030752546524444396 -0.025879801840387393 0.030272705904543049
leaf_weight=1729.6113094766411 25.469061568198413 11.004742870957218 17.077597756850082
leaf_count=51663 1866 3866 427
internal_value=0.000627625 -0.010361 0.00598645
internal_weight=1783.16 53.5514 28.0823
internal_count=57822 6159 4293
is_linear=0
shrinkage=0.0321881


Tree=943
num_leaves=4
num_cat=0
split_feature=3 5 10
split_gain=6.40814 18.0489 29.3186
threshold=99.056400492099172 1.9174642175754886 8113.2050174733877
decision_type=2 2 2
left_child=1 -1 -3
right_child=-2 2 -4
leaf_value=-0.014338881592542603 0.0006381130590030462 -0.027586493735981731 0.014147909095068561
leaf_weight=111.41053310629923 1572.0453736193488 21.784022866542728 76.519158479273756
leaf_count=2645 53492 497 1203
internal_value=-3.11203e-05 -0.00534622 0.00420908
internal_weight=1781.76 209.714 98.3032
internal_count=57837 4345 1700
is_linear=0
shrinkage=0.0321881


Tree=944
num_leaves=4
num_cat=0
split_feature=14 22 1
split_gain=5.99509 12.7982 21.0423
threshold=165.38591058341453 618.1278892513543 23.090192128999913
decision_type=10 2 2
left_child=1 2 -1
right_child=-2 -3 -4
leaf_value=-0.020511151185306515 0.00098278369687271653 0.019469379966876667 0.0049388746567465662
leaf_weight=76.307835390899072 1633.962866484494 16.490068935599993 52.007633736022399
leaf_count=8897 47279 883 694
internal_value=0.000392749 -0.0058167 -0.00959163
internal_weight=1778.77 144.806 128.315
internal_count=57753 10474 9591
is_linear=0
shrinkage=0.0321881


Tree=945
num_leaves=4
num_cat=0
split_feature=23 10 32
split_gain=7.31283 5.5345 38.1111
threshold=-1.5881407702564789 7962.8718637735992 0.23842264243667002
decision_type=2 2 2
left_child=-1 2 -2
right_child=1 -3 -4
leaf_value=-0.01170265214083566 -0.00585132607041783 0.0012040213637850609 0.015753789807157796
leaf_weight=57.062631454439725 443.18408079184428 1196.198479358233 94.006902534349138
leaf_count=4380 11487 38483 3712
internal_value=-0.000388769 0 -0.00272807
internal_weight=1790.45 1733.39 537.191
internal_count=58062 53682 15199
is_linear=0
shrinkage=0.0321881


Tree=946
num_leaves=4
num_cat=0
split_feature=32 11 7
split_gain=6.19064 14.6867 15.324
threshold=-0.93101274698552083 12.866291170174891 7139.2531555559635
decision_type=2 8 2
left_child=1 -1 -3
right_child=-2 2 -4
leaf_value=0.020286017429647592 -0.00045549500659849653 -0.0017994782706137139 0.017333412713923683
leaf_weight=51.177639295128756 1429.6419673353532 245.44984200989347 51.700442771259986
leaf_count=779 49257 6497 1071
internal_value=0.0004421 0.00430664 0.00132639
internal_weight=1777.97 348.328 297.15
internal_count=57604 8347 7568
is_linear=0
shrinkage=0.0321881


Tree=947
num_leaves=4
num_cat=1
split_feature=37 41 1
split_gain=6.55949 6.62807 11.92
threshold=-0.015046270894661743 0 25.202685025292084
decision_type=2 9 2
left_child=-1 2 -2
right_child=1 -3 -4
leaf_value=-0.0047941734906182081 -0.0010070167008941538 0.00021265097514118828 0.026832509461490756
leaf_weight=262.36079598892957 25.694151113983025 1460.9030397678814 29.295738184591755
leaf_count=8698 529 48226 325
internal_value=-6.52705e-05 0.000711788 0.0107721
internal_weight=1778.25 1515.89 54.9899
internal_count=57778 49080 854
cat_boundaries=0 1
cat_threshold=512
is_linear=0
shrinkage=0.0321881


Tree=948
num_leaves=4
num_cat=1
split_feature=31 44 10
split_gain=6.36306 14.6736 27.0781
threshold=-0.74771525287408147 0 10089.876878520592
decision_type=2 9 2
left_child=1 2 -1
right_child=-2 -3 -4
leaf_value=0.014214983444384157 0.0013531541941402608 -0.0055195569965785776 -0.013363507245309925
leaf_weight=118.06668103760057 1133.0127928799125 480.08266157077833 51.406758388572598
leaf_count=8796 23916 15174 10017
internal_value=-6.59909e-05 -0.002639 0.00516303
internal_weight=1782.57 649.556 169.473
internal_count=57903 33987 18813
cat_boundaries=0 1
cat_threshold=397888
is_linear=0
shrinkage=0.0321881


Tree=949
num_leaves=4
num_cat=0
split_feature=33 32 21
split_gain=5.98608 22.5777 48.2002
threshold=-0.64724392757655413 -0.4225416159543674 248.82434543506869
decision_type=2 2 2
left_child=1 2 -1
right_child=-2 -3 -4
leaf_value=-0.022680487147579101 0.0027560863911945347 0.0018441829858346483 0.0036912731871288195
leaf_weight=135.42590212129835 758.47696539151138 754.86054919013441 145.23734538085046
leaf_count=5457 27651 21435 3409
internal_value=0.000561463 -0.000984773 -0.00881531
internal_weight=1794 1035.52 280.663
internal_count=57952 30301 8866
is_linear=0
shrinkage=0.0321881


Tree=950
num_leaves=4
num_cat=1
split_feature=43 5 10
split_gain=6.28774 22.3702 33.8631
threshold=0 2.7997886281570175 10130.910672434517
decision_type=9 2 2
left_child=1 -1 -3
right_child=-2 2 -4
leaf_value=0.013979079333895219 -0.00078064215195980228 -0.03583851867739006 0.015698213980273414
leaf_weight=115.86147635500129 1614.1351213912099 27.586880093780564 22.979051700399395
leaf_count=6946 48210 1169 1632
internal_value=-0.000120241 0.00560517 -0.0112006
internal_weight=1780.56 166.427 50.5659
internal_count=57957 9747 2801
cat_boundaries=0 1
cat_threshold=16
is_linear=0
shrinkage=0.0321881


Tree=951
num_leaves=4
num_cat=0
split_feature=25 17 2
split_gain=7.81586 5.63545 11.72
threshold=-1.8185610990304546 2.8335617904881487 44.071380665027853
decision_type=2 8 2
left_child=-1 2 -2
right_child=1 -3 -4
leaf_value=-0.0083263852180785886 -0.0014473339393134834 -0.00040454392098936869 0.011808672890120478
leaf_weight=114.0898548566438 135.81050627076911 1409.6516322980813 126.57443204757874
leaf_count=3013 3275 50008 1641
internal_value=-0.000159775 0.000360479 0.00470972
internal_weight=1786.13 1672.04 262.385
internal_count=57937 54924 4916
is_linear=0
shrinkage=0.0321881


Tree=952
num_leaves=4
num_cat=1
split_feature=36 44 25
split_gain=6.61277 19.5334 24.9466
threshold=0.84822263505422868 0 14.189893342605354
decision_type=2 9 2
left_child=1 -1 -3
right_child=-2 2 -4
leaf_value=0.014577651097649811 -0.00083698989129276746 -0.011700381594425272 0.028425573662033694
leaf_weight=103.18296624660798 1572.5697480469844 92.07396014825872 18.669211211378979
leaf_count=4288 43117 6677 4054
internal_value=-7.94679e-05 0.00518643 -0.003959
internal_weight=1786.5 213.926 110.743
internal_count=58136 15019 10731
cat_boundaries=0 1
cat_threshold=12357
is_linear=0
shrinkage=0.0321881


Tree=953
num_leaves=4
num_cat=1
split_feature=5 5 44
split_gain=6.6931 28.9794 33.2831
threshold=1.2765032824519336 1.7934382559393891 0
decision_type=2 2 9
left_child=-1 -2 -3
right_child=1 2 -4
leaf_value=-0.0020032531706591951 0.025246695796800202 0.017264607332333332 -0.0021367604067114429
leaf_weight=947.75432593203413 51.691187716387503 94.96847765657003 692.01998594159704
leaf_count=33399 1163 2647 20802
internal_value=-0.000116744 0.00193916 0.000320216
internal_weight=1786.43 838.68 786.988
internal_count=58011 24612 23449
cat_boundaries=0 1
cat_threshold=4608
is_linear=0
shrinkage=0.0321881


Tree=954
num_leaves=4
num_cat=1
split_feature=3 31 42
split_gain=5.92749 5.86785 7.31075
threshold=321.93459723864811 -0.98332377694434181 0
decision_type=2 2 9
left_child=1 -1 -3
right_child=-2 2 -4
leaf_value=-0.0059273065315480003 -0.020591715998796004 0.0014162906698561674 -0.0056039100072702948
leaf_weight=152.90300197053671 14.259170432660538 1460.561342315101 159.45097693582966
leaf_count=9820 225 44392 3563
internal_value=-7.70608e-05 5.4743e-05 0.000659447
internal_weight=1787.17 1772.92 1620.01
internal_count=58000 57775 47955
cat_boundaries=0 1
cat_threshold=131638
is_linear=0
shrinkage=0.0321881


Tree=955
num_leaves=4
num_cat=1
split_feature=44 4 5
split_gain=6.83387 25.2737 25.4556
threshold=0 2192.9868308172595 1.7934382559393891
decision_type=9 2 2
left_child=1 2 -1
right_child=-2 -3 -4
leaf_value=0.0076585820387678289 -0.0017935894212730125 -0.039134209481507636 -0.0041942697010438398
leaf_weight=486.54418188032423 986.96950108574697 14.574015970993512 297.96263079932714
leaf_count=16325 29579 949 11191
internal_value=0 0.00218742 0.00307569
internal_weight=1786.05 799.081 784.507
internal_count=58044 28465 27516
cat_boundaries=0 1
cat_threshold=394246
is_linear=0
shrinkage=0.0321881


Tree=956
num_leaves=4
num_cat=1
split_feature=7 32 41
split_gain=7.46654 12.2896 15.1621
threshold=1199.4113450535899 -0.10518901665830281 0
decision_type=2 2 9
left_child=1 -1 -3
right_child=-2 2 -4
leaf_value=-0.0046619215661671352 0.0022618731952536242 0.015907375347576261 -0.00092956762473047586
leaf_weight=548.70829135157464 984.33537723562131 65.906319577532713 184.51284073261513
leaf_count=17062 29863 4332 6596
internal_value=0.000355638 -0.00191269 0.00385593
internal_weight=1783.46 799.127 250.419
internal_count=57853 27990 10928
cat_boundaries=0 1
cat_threshold=520
is_linear=0
shrinkage=0.0321881


Tree=957
num_leaves=4
num_cat=1
split_feature=14 44 16
split_gain=7.23331 19.5266 36.443
threshold=301.61718833258448 0 97.664980552663366
decision_type=10 9 8
left_child=1 2 -1
right_child=-2 -3 -4
leaf_value=-0.0068018147370428866 0.0020167512166082186 -0.0040998954645071143 0.038059442090028817
leaf_weight=36.168033580834617 1065.2349593609761 626.83645403047012 34.791729707387276
leaf_count=16292 16760 22246 2575
internal_value=0.000316864 -0.00218669 0.012585
internal_weight=1763.03 697.796 70.9598
internal_count=57873 41113 18867
cat_boundaries=0 1
cat_threshold=394304
is_linear=0
shrinkage=0.0321881


Tree=958
num_leaves=4
num_cat=0
split_feature=5 30 5
split_gain=8.8002 7.15106 32.3588
threshold=0.9739479568564301 -0.43141433242534388 2.7363057862341083
decision_type=2 2 2
left_child=-1 2 -2
right_child=1 -3 -4
leaf_value=-0.0041472947747128062 0.0036887236110592953 0.0031671119649955867 -0.013307349236635914
leaf_weight=389.27998167051464 368.11382882873386 858.04424827193134 167.74373846362914
leaf_count=13922 8749 31446 3831
internal_value=9.11194e-05 0.00132099 -0.00151641
internal_weight=1783.18 1393.9 535.858
internal_count=57948 44026 12580
is_linear=0
shrinkage=0.0321881


Tree=959
num_leaves=4
num_cat=0
split_feature=15 16 1
split_gain=5.64332 11.7877 11.9835
threshold=0.58046610804549836 73.141449784693123 5.2742211666593741
decision_type=8 8 2
left_child=-1 -2 -3
right_child=1 2 -4
leaf_value=0.0036056621646668044 -0.023221087654493072 0.015594212410242716 -0.001339706818033121
leaf_weight=301.14985907923619 24.743322802487683 44.039765550094671 1421.5377880572014
leaf_count=5199 17920 12167 22652
internal_value=-0.000359421 -0.00120382 -0.000784961
internal_weight=1791.47 1490.32 1465.58
internal_count=57938 52739 34819
is_linear=0
shrinkage=0.0321881


Tree=960
num_leaves=4
num_cat=0
split_feature=0 17 13
split_gain=6.64798 14.5199 12.522
threshold=1390.1580593651868 5.3723515567990541 35.270900647854255
decision_type=2 10 10
left_child=-1 -2 -3
right_child=1 2 -4
leaf_value=0.00061484863471165387 -0.018737952528184637 0.012559344400660196 -0.010347099826644878
leaf_weight=1615.1363909523459 60.322282544620975 50.054896611227377 47.386482960191643
leaf_count=54355 1076 805 1509
internal_value=0 -0.00630306 0.000769616
internal_weight=1772.9 157.764 97.4414
internal_count=57745 3390 2314
is_linear=0
shrinkage=0.0321881


Tree=961
num_leaves=4
num_cat=0
split_feature=36 22 25
split_gain=8.16773 21.5518 13.2278
threshold=0.84822263505422868 207.544426121844 5.6617820633099809
decision_type=2 2 2
left_child=1 -1 -2
right_child=2 -3 -4
leaf_value=-0.0024905807593800203 -0.00065499217931237232 0.018265807413300555 -0.021163613629500047
leaf_weight=123.18092894579831 1527.670348598399 84.197193424344732 33.411276605424064
leaf_count=13098 39327 1682 3430
internal_value=-0.000306273 0.00564112 -0.00113787
internal_weight=1768.46 207.378 1561.08
internal_count=57537 14780 42757
is_linear=0
shrinkage=0.0321881


Tree=962
num_leaves=4
num_cat=1
split_feature=5 15 44
split_gain=7.21385 18.4714 16.1835
threshold=1.0976754524573413 1.2742939243242664 0
decision_type=2 8 9
left_child=2 -2 -1
right_child=1 -3 -4
leaf_value=-0.014118448244287117 0.0024140468364253448 -0.024309882313439102 -0.00044131646911001356
leaf_weight=96.535006933997693 1010.5478794087421 26.974435252619969 650.26489167352247
leaf_count=5957 21433 9946 20485
internal_value=-4.71054e-05 0.00165249 -0.00249337
internal_weight=1784.32 1037.52 746.8
internal_count=57821 31379 26442
cat_boundaries=0 1
cat_threshold=525056
is_linear=0
shrinkage=0.0321881


Tree=963
num_leaves=4
num_cat=0
split_feature=14 10 30
split_gain=7.19456 15.7783 15.8065
threshold=320.30197552307209 16391.174043107767 0.45881562099517997
decision_type=10 2 2
left_child=-1 2 -2
right_child=1 -3 -4
leaf_value=-0.0024182162741211957 0.0039752772416428283 0.02385951643680086 -0.0047422805606085142
leaf_weight=802.44067256356379 612.2704779794858 32.151387695470476 328.67251777056663
leaf_count=42558 9191 459 5593
internal_value=-0.000129227 0.00169303 0.000862123
internal_weight=1775.54 973.094 940.943
internal_count=57801 15243 14784
is_linear=0
shrinkage=0.0321881


Tree=964
num_leaves=4
num_cat=0
split_feature=14 15 0
split_gain=6.2435 20.16 12.8749
threshold=638.99993765390536 1.0408184864448422 1784.2011932956157
decision_type=10 10 2
left_child=2 -2 -1
right_child=1 -3 -4
leaf_value=-0.00026371537949862012 -0.0031539734841968163 0.030443189544233893 -0.022996557741560824
leaf_weight=1669.4763167507315 45.331517587059352 28.099691431052634 26.142792277903936
leaf_count=55563 870 467 875
internal_value=-0.000221405 0.00889452 -0.000654929
internal_weight=1769.05 73.4312 1695.62
internal_count=57775 1337 56438
is_linear=0
shrinkage=0.0321881


Tree=965
num_leaves=4
num_cat=0
split_feature=5 3 3
split_gain=6.96927 26.3575 23.3648
threshold=1.2765032824519336 256.54877426990691 273.15104167516887
decision_type=2 2 2
left_child=2 -2 -1
right_child=1 -3 -4
leaf_value=-0.0044579498597605953 0.0040741940930029428 -0.011977688576803732 0.0099723663317074496
leaf_weight=815.2324183627552 717.76991642576559 122.95964243371418 133.36549776347283
leaf_count=31288 22644 1991 1930
internal_value=-0.000441228 0.0016481 -0.00236005
internal_weight=1789.33 840.73 948.598
internal_count=57853 24635 33218
is_linear=0
shrinkage=0.0321881


Tree=966
num_leaves=4
num_cat=1
split_feature=31 44 10
split_gain=6.53814 15.3029 38.5334
threshold=-0.50597703022915386 0 10050.335905247188
decision_type=2 9 2
left_child=1 2 -1
right_child=-2 -3 -4
leaf_value=0.013906578136132755 0.0016099844150949103 -0.0045615656662183904 -0.015069858534790566
leaf_weight=157.70723604841169 839.55981476567513 724.68725235946931 66.20746219772991
leaf_count=10493 15668 19812 11993
internal_value=-0.000414615 -0.00227357 0.00483218
internal_weight=1788.16 948.602 223.915
internal_count=57966 42298 22486
cat_boundaries=0 1
cat_threshold=397888
is_linear=0
shrinkage=0.0321881


Tree=967
num_leaves=4
num_cat=0
split_feature=31 11 31
split_gain=7.35488 8.88621 12.4068
threshold=-0.98332377694434181 26.863354084169906 0.48187914960482597
decision_type=2 10 2
left_child=-1 2 -2
right_child=1 -3 -4
leaf_value=-0.0063523850945356808 0.003184992247838735 -0.0034970919823268721 -0.010111447994068308
leaf_weight=146.24061321985505 1228.293784789621 329.73780295761412 75.108715274817769
leaf_count=9908 34619 12190 1423
internal_value=0.000491955 0.00114466 0.00236823
internal_weight=1779.38 1633.14 1303.4
internal_count=58140 48232 36042
is_linear=0
shrinkage=0.0321881


Tree=968
num_leaves=4
num_cat=0
split_feature=35 30 10
split_gain=7.85253 6.05494 17.3278
threshold=0.0027454833157679382 0.77252711792581741 9389.5805022564691
decision_type=2 2 2
left_child=1 -1 -3
right_child=-2 2 -4
leaf_value=0.0017856999834177214 -0.0059492211060318137 -0.011931116198464868 0.0026049483869779828
leaf_weight=1218.2973769428847 209.07568168425314 137.86278311824753 208.49588145279176
leaf_count=42739 7268 3209 4546
internal_value=-6.17615e-05 0.000685025 -0.00300134
internal_weight=1773.73 1564.66 346.359
internal_count=57762 50494 7755
is_linear=0
shrinkage=0.0321881


Tree=969
num_leaves=4
num_cat=0
split_feature=37 15 30
split_gain=7.47321 5.79616 5.8729
threshold=-0.015046270894661743 1.2788308122376273 0.71244602350300024
decision_type=2 10 2
left_child=-1 2 -2
right_child=1 -3 -4
leaf_value=-0.0044031770530830973 0.0029351165174825067 -0.014069208791035352 -0.0015958422886826931
leaf_weight=262.28307370281368 1117.7336406957886 23.423202279841917 383.22113395873339
leaf_count=8688 28344 13481 7219
internal_value=0.000553783 0.001449 0.00173578
internal_weight=1786.66 1524.38 1500.95
internal_count=57732 49044 35563
is_linear=0
shrinkage=0.0321881


Tree=970
num_leaves=4
num_cat=0
split_feature=30 5 29
split_gain=7.58692 14.0078 6.28419
threshold=-0.97567019703431956 2.1827784079505679 6.0272086641293852
decision_type=2 2 2
left_child=1 -1 -2
right_child=2 -3 -4
leaf_value=-0.0010763308710258618 -0.0050269304430279761 -0.024569278755910053 0.00097704185897445916
leaf_weight=111.56300771041242 205.98899675763187 37.071900423217812 1411.5064359897142
leaf_count=1915 13710 640 41551
internal_value=-0.000429146 -0.00739347 0.000172436
internal_weight=1766.13 148.635 1617.5
internal_count=57816 2555 55261
is_linear=0
shrinkage=0.0321881


Tree=971
num_leaves=4
num_cat=2
split_feature=44 29 41
split_gain=6.29987 31.4907 19.4231
threshold=0 8.426518352541974 1
decision_type=9 2 9
left_child=1 2 -1
right_child=-2 -3 -4
leaf_value=-0.011243610641560535 -0.00014909478418816347 -0.024338937492674056 0.023166402608080949
leaf_weight=15.79255180568998 1672.2626965220752 22.574422320974918 70.325001645932844
leaf_count=2889 37963 5609 11468
internal_value=0.000323676 0.00749249 0.0174857
internal_weight=1780.95 108.692 86.1176
internal_count=57929 19966 14357
cat_boundaries=0 1 2
cat_threshold=394260 784
is_linear=0
shrinkage=0.0321881


Tree=972
num_leaves=4
num_cat=0
split_feature=31 10 25
split_gain=5.81802 16.6506 22.4217
threshold=-0.46821747513533324 10169.923348042399 15.066571272765779
decision_type=2 2 2
left_child=1 -1 -3
right_child=-2 2 -4
leaf_value=0.0019650763253526008 0.0021483278997359895 -0.0079056265237871428 0.035381090349603544
leaf_weight=562.73243095159978 792.41131205429292 403.9153147956672 12.085715691683161
leaf_count=20975 14677 19447 2864
internal_value=6.42169e-05 -0.00155819 -0.00647561
internal_weight=1771.14 978.733 416.001
internal_count=57963 43286 22311
is_linear=0
shrinkage=0.0321881


Tree=973
num_leaves=4
num_cat=0
split_feature=30 10 1
split_gain=8.3509 17.0214 16.9003
threshold=0.92106191567533924 10981.29108150834 18.134513755623168
decision_type=2 2 2
left_child=-1 -2 -3
right_child=1 2 -4
leaf_value=0.00069389898822605402 -0.013888141957085633 0.020217638505649008 -0.0072134087598142447
leaf_weight=1563.5321859391838 124.74469158217244 39.493872999709311 51.891578154398303
leaf_count=53354 2622 1040 842
internal_value=-8.97425e-05 -0.0060477 0.00396787
internal_weight=1779.66 216.13 91.3855
internal_count=57858 4504 1882
is_linear=0
shrinkage=0.0321881


Tree=974
num_leaves=4
num_cat=1
split_feature=11 44 16
split_gain=5.82978 15.548 13.2726
threshold=25.98720285470414 0 170.85297929064339
decision_type=8 9 10
left_child=-1 -2 -3
right_child=1 2 -4
leaf_value=0.00065094017737062906 -0.00051165846897134105 -0.026750581924029432 0
leaf_weight=1296.1452014809693 397.51213830843244 53.335885352330706 25.209623718837975
leaf_count=38357 7424 11515 596
internal_value=-0.000426798 -0.00349371 -0.0156755
internal_weight=1772.2 476.058 78.5455
internal_count=57892 19535 12111
cat_boundaries=0 1
cat_threshold=159751
is_linear=0
shrinkage=0.0321881


Tree=975
num_leaves=4
num_cat=1
split_feature=32 33 44
split_gain=6.50114 14.309 13.6334
threshold=0.62874629050047381 -0.34802652514071514 0
decision_type=2 2 9
left_child=-1 -2 -3
right_child=1 2 -4
leaf_value=0.00012631556128369755 -0.028708504688145026 0.017696012997411921 -0.016334048789389967
leaf_weight=1710.5999738277305 25.726097605790528 17.305261522215005 11.114023679180493
leaf_count=51744 1852 976 3380
internal_value=-0.000185227 -0.0111566 0.00261535
internal_weight=1764.75 54.1454 28.4193
internal_count=57952 6208 4356
cat_boundaries=0 1
cat_threshold=5
is_linear=0
shrinkage=0.0321881


Tree=976
num_leaves=4
num_cat=0
split_feature=8 10 5
split_gain=6.51242 12.5409 37.2635
threshold=1076.3930469302343 5374.3644452579674 4.5081477168508153
decision_type=2 2 2
left_child=1 2 -1
right_child=-2 -3 -4
leaf_value=0.010050453741387596 0.0029280836554129151 -0.0027262989353582247 -0.046509803064881054
leaf_weight=184.52321034827992 595.52327907182371 981.86946874422165 12.39269370174952
leaf_count=6194 10232 41291 229
internal_value=0.0001537 -0.00119421 0.0061162
internal_weight=1774.31 1178.79 196.916
internal_count=57946 47714 6423
is_linear=0
shrinkage=0.0321881


Tree=977
num_leaves=4
num_cat=0
split_feature=15 16 1
split_gain=6.79651 12.6846 16.7979
threshold=0.58046610804549836 84.343413785633558 6.5793027108615574
decision_type=8 8 2
left_child=-1 -2 -3
right_child=1 2 -4
leaf_value=0.0042570089854140399 -0.015788369472244119 0.017569980901860745 -0.0011597080830791048
leaf_weight=293.3468935311721 58.477465315903373 51.042372722768505 1380.1314146061741
leaf_count=5163 22418 8542 21880
internal_value=-0.000175731 -0.00109193 -0.000444424
internal_weight=1783 1489.65 1431.17
internal_count=58003 52840 30422
is_linear=0
shrinkage=0.0321881


Tree=978
num_leaves=4
num_cat=0
split_feature=8 16 3
split_gain=6.47603 10.1654 9.36883
threshold=115.76223812868975 102.25069085931253 71.198994810537343
decision_type=2 10 2
left_child=1 -1 -2
right_child=2 -3 -4
leaf_value=-0.028017710680487758 -0.011429163866003105 -0.002413457775959972 0.0015928414130358727
leaf_weight=17.797876338175683 58.542737975860291 263.6727726437166 1424.9237000186399
leaf_count=10240 1260 5840 40493
internal_value=0.000150094 -0.00428076 0.00103428
internal_weight=1764.94 281.471 1483.47
internal_count=57833 16080 41753
is_linear=0
shrinkage=0.0321881


Tree=979
num_leaves=4
num_cat=0
split_feature=30 5 31
split_gain=6.55853 8.4588 6.70458
threshold=-1.0197033370177693 1.7934382559393891 -0.46821747513533324
decision_type=2 2 2
left_child=1 -1 -2
right_child=2 -3 -4
leaf_value=0 -0.0011307780986641392 -0.025162841648448689 0.0029145158033457691
leaf_weight=43.853421830182015 976.38091938076855 23.514844147968688 736.36494972401442
leaf_count=746 43243 409 13578
internal_value=0.000148169 -0.00963417 0.000571405
internal_weight=1780.11 67.3683 1712.75
internal_count=57976 1155 56821
is_linear=0
shrinkage=0.0321881


Tree=980
num_leaves=4
num_cat=1
split_feature=41 30 1
split_gain=6.94965 10.0163 18.4824
threshold=0 0.70182780172410042 9.5126325340413942
decision_type=9 2 2
left_child=-1 -2 -3
right_child=1 2 -4
leaf_value=-0.0087282246878780181 0.0015920212842462065 0.022577386208090005 -0.0059132440319608964
leaf_weight=86.701501017959345 1252.7957087110115 24.096842272369486 399.20091851323377
leaf_count=2621 45252 3174 6733
internal_value=-0.000340398 0.00010809 -0.00412926
internal_weight=1762.79 1676.09 423.298
internal_count=57780 55159 9907
cat_boundaries=0 1
cat_threshold=64
is_linear=0
shrinkage=0.0321881


Tree=981
num_leaves=4
num_cat=0
split_feature=5 5 30
split_gain=5.9194 28.7811 31.2945
threshold=1.2765032824519336 1.7934382559393891 -0.3216770985583523
decision_type=2 2 2
left_child=-1 -2 -3
right_child=1 2 -4
leaf_value=-0.0022417279032736249 0.02510550050135657 -0.0081942666204599026 0.0050503057851110228
leaf_weight=941.04216725809988 49.91304655730346 300.38930572312029 479.56518790794917
leaf_count=33263 1143 7724 15695
internal_value=-0.00046728 0.00146822 0
internal_weight=1770.91 829.868 779.954
internal_count=57825 24562 23419
is_linear=0
shrinkage=0.0321881


Tree=982
num_leaves=4
num_cat=0
split_feature=32 10 33
split_gain=5.55002 17.8003 21.5891
threshold=0.58271791634792658 8420.0965047902901 -0.32514347677104422
decision_type=2 2 2
left_child=-1 2 -2
right_child=1 -3 -4
leaf_value=-7.6030782085476285e-05 -0.021832429048641664 -0.027085142404068164 0.031831226383763477
leaf_weight=1721.6568215217203 13.049357667085134 31.650197146113896 16.73013947536333
leaf_count=51339 705 4483 1473
internal_value=-0.000453237 -0.0099512 0.00620718
internal_weight=1783.09 61.4297 29.7795
internal_count=58000 6661 2178
is_linear=0
shrinkage=0.0321881


Tree=983
num_leaves=4
num_cat=0
split_feature=34 34 25
split_gain=5.86907 7.84695 5.74244
threshold=-0.012459759289971855 0.0046157344418781788 -1.9455440476954948
decision_type=2 2 2
left_child=-1 2 -2
right_child=1 -3 -4
leaf_value=-0.0027926481595739534 -0.0095361752746661275 -0.00052991747677979303 0.0053942038635638734
leaf_weight=463.65977750692423 25.10629132611939 788.46690139124757 485.88590705539832
leaf_count=15439 705 26020 15728
internal_value=0.000269962 0.00141205 0.00453197
internal_weight=1763.12 1299.46 510.992
internal_count=57892 42453 16433
is_linear=0
shrinkage=0.0321881


Tree=984
num_leaves=4
num_cat=0
split_feature=36 22 33
split_gain=6.8076 22.7255 20.213
threshold=0.84822263505422868 204.57684107064651 0.23267721887787143
decision_type=2 2 2
left_child=1 2 -1
right_child=-2 -3 -4
leaf_value=0.0022591431005157285 -0.001389473696847679 0.01763200443838803 -0.02990579687463462
leaf_weight=98.473163359358296 1564.3531049737257 85.390476269312785 24.472218364141554
leaf_count=4659 42975 1705 8474
internal_value=-0.000629709 0.00476493 -0.00367142
internal_weight=1772.69 208.336 122.945
internal_count=57813 14838 13133
is_linear=0
shrinkage=0.0321881


Tree=985
num_leaves=4
num_cat=0
split_feature=2 32 33
split_gain=5.73984 17.0656 27.5873
threshold=28.071039866441954 -0.067276103876670504 -0.51828066867581712
decision_type=2 2 2
left_child=1 2 -1
right_child=-2 -3 -4
leaf_value=-0.01649802291812754 0.0008728966927091824 0.0056640708250543636 0.0019823683066405467
leaf_weight=168.88196572990546 1295.3537512172879 144.63987295880133 154.88965404391729
leaf_count=12892 19290 14862 10939
internal_value=-0.000192755 -0.00327459 -0.00746559
internal_weight=1763.77 468.411 323.772
internal_count=57983 38693 23831
is_linear=0
shrinkage=0.0321881


Tree=986
num_leaves=4
num_cat=0
split_feature=10 25 10
split_gain=9.1757 5.89768 12.698
threshold=17253.279512906676 16.980396812379354 10748.232873733637
decision_type=2 2 2
left_child=1 -1 -3
right_child=-2 2 -4
leaf_value=-0.0010926114795907164 0.02076325181349753 -0.01714010597729396 0.033302911001374266
leaf_weight=1715.2720374806079 20.191721534746193 5.8390622077436118 14.812133012165303
leaf_count=50559 656 3643 2968
internal_value=-0.000563378 -0.000850929 0.0159584
internal_weight=1756.11 1735.92 20.6512
internal_count=57826 57170 6611
is_linear=0
shrinkage=0.0321881


Tree=987
num_leaves=4
num_cat=1
split_feature=37 31 44
split_gain=8.14194 6.97072 18.6985
threshold=-0.031714658664384686 -0.49705570514663372 0
decision_type=2 2 9
left_child=-1 -2 -3
right_child=1 2 -4
leaf_value=-0.017872514169627519 -0.001215254766283881 0.004894399853401836 -0.0085044349699143588
leaf_weight=24.628405496306641 935.11760384518016 690.56694534087524 115.77082611115338
leaf_count=904 42020 11343 3832
internal_value=0.000331881 0.000628302 0.00284499
internal_weight=1766.08 1741.46 806.338
internal_count=58099 57195 15175
cat_boundaries=0 1
cat_threshold=263191
is_linear=0
shrinkage=0.0321881


Tree=988
num_leaves=4
num_cat=0
split_feature=3 10 5
split_gain=6.46815 16.5051 22.8727
threshold=91.168915658061934 8060.6461651789996 1.3951467078000455
decision_type=2 2 2
left_child=1 -1 -3
right_child=-2 2 -4
leaf_value=-0.023318512598310335 0.0007184902819999682 -0.015747677308100703 0.01273610069408373
leaf_weight=42.022492709096014 1611.5979673872582 52.165475853935277 65.743934708347297
leaf_count=986 54398 1399 1053
internal_value=7.0037e-05 -0.00605801 0
internal_weight=1771.53 159.932 117.909
internal_count=57836 3438 2452
is_linear=0
shrinkage=0.0321881


Tree=989
num_leaves=4
num_cat=1
split_feature=5 41 4
split_gain=5.56761 10.6158 7.93369
threshold=1.0183168914636147 0 989.15087472254538
decision_type=2 9 2
left_child=1 2 -1
right_child=-2 -3 -4
leaf_value=-0.0039935925338872623 0.00017833151876798869 -0.0062497228058521577 0.012228801295359316
leaf_weight=50.677301100959539 1250.1780418114267 396.93404522470382 66.423434162710691
leaf_count=3154 39149 11461 4103
internal_value=-0.00093297 -0.00375844 0.00430472
internal_weight=1764.21 514.035 117.101
internal_count=57867 18718 7257
cat_boundaries=0 1
cat_threshold=522
is_linear=0
shrinkage=0.0321881


Tree=990
num_leaves=4
num_cat=1
split_feature=2 32 44
split_gain=6.81201 21.1942 23.7133
threshold=28.805737483885327 -0.11391272431726579 0
decision_type=2 2 9
left_child=1 2 -1
right_child=-2 -3 -4
leaf_value=0.01799620913544115 0.0013155614912508543 0.0061765994538603673 -0.010175977910923888
leaf_weight=24.260307510841812 1258.6448695158033 164.34458527635775 317.67641215140361
leaf_count=3534 18646 15782 20051
internal_value=1.15372e-05 -0.00310369 -0.0077514
internal_weight=1764.93 506.281 341.937
internal_count=58013 39367 23585
cat_boundaries=0 1
cat_threshold=135232
is_linear=0
shrinkage=0.0321881


Tree=991
num_leaves=4
num_cat=1
split_feature=2 4 44
split_gain=5.61283 24.607 33.0758
threshold=24.426556556206414 1584.512524493766 0
decision_type=2 2 9
left_child=1 2 -1
right_child=-2 -3 -4
leaf_value=0.0045949841219107522 0.00069902774323224014 0.011561040561066349 -0.019215870345806678
leaf_weight=97.672002044278997 1457.3910276983079 74.602697570681812 132.21742543344408
leaf_count=12655 22227 6478 16641
internal_value=-9.43852e-05 -0.00409851 -0.00946372
internal_weight=1761.88 304.492 229.889
internal_count=58001 35774 29296
cat_boundaries=0 1
cat_threshold=270406
is_linear=0
shrinkage=0.0321881


Tree=992
num_leaves=4
num_cat=0
split_feature=30 10 2
split_gain=5.63062 14.3296 16.8481
threshold=0.92106191567533924 11019.020121285719 44.785635512791835
decision_type=2 2 2
left_child=-1 2 -2
right_child=1 -3 -4
leaf_value=0.00086546548002896238 -0.017639817669565547 0.0049199506349073517 0.010812067202655632
leaf_weight=1556.0107358046248 102.84301479951864 86.067398737333406 24.153959032380953
leaf_count=53397 2352 1865 328
internal_value=0.000158587 -0.00470037 -0.0117178
internal_weight=1769.08 213.064 126.997
internal_count=57942 4545 2680
is_linear=0
shrinkage=0.0321881


Tree=993
num_leaves=4
num_cat=1
split_feature=10 16 43
split_gain=5.40776 6.15077 5.21021
threshold=17520.80342089184 237.91894101433198 0
decision_type=2 10 9
left_child=1 2 -1
right_child=-2 -3 -4
leaf_value=0.0040354393444824947 0.019653600749733869 -0.01710935848178563 -0.00042733994809824997
leaf_weight=321.44934145433763 14.716782937516653 20.76094464255948 1402.4188277793946
leaf_count=13521 460 1125 42809
internal_value=0.000344261 0.000142228 0.000389258
internal_weight=1759.35 1744.63 1723.87
internal_count=57915 57455 56330
cat_boundaries=0 1
cat_threshold=116
is_linear=0
shrinkage=0.0321881


Tree=994
num_leaves=4
num_cat=0
split_feature=31 10 29
split_gain=6.31238 15.3874 19.5124
threshold=-0.46821747513533324 10169.923348042399 9.4911541874110679
decision_type=2 2 2
left_child=1 -1 -3
right_child=-2 2 -4
leaf_value=0.0016204524879082161 0.0021055280032583989 -0.0089960390481947077 0.013508634097316917
leaf_weight=561.1515507357293 797.96233873256938 369.13863387283288 42.468833039678884
leaf_count=20858 14760 19925 2310
internal_value=0 -0.00175636 -0.00651296
internal_weight=1770.72 972.759 411.607
internal_count=57853 43093 22235
is_linear=0
shrinkage=0.0321881


Tree=995
num_leaves=4
num_cat=1
split_feature=41 1 1
split_gain=5.17262 11.7176 9.17006
threshold=0 21.213402035051683 13.613815965607673
decision_type=9 2 2
left_child=1 2 -1
right_child=-2 -3 -4
leaf_value=-0.014954267844608413 0.0002290591227333046 -0.018309935442920533 0.017232550132850889
leaf_weight=12.919509197539808 1684.141375885622 51.558935811524861 24.157848359456693
leaf_count=1276 55491 831 481
internal_value=-0.000153938 -0.00732999 0.00428645
internal_weight=1772.78 88.6363 37.0774
internal_count=58079 2588 1757
cat_boundaries=0 1
cat_threshold=64
is_linear=0
shrinkage=0.0321881


Tree=996
num_leaves=4
num_cat=0
split_feature=5 38 5
split_gain=7.14645 13.1743 6.65532
threshold=5.3406612760261511 0.024404386928910605 4.8157880621559777
decision_type=2 2 2
left_child=2 -2 -1
right_child=1 -3 -4
leaf_value=0.00039301259630977644 -0.0017104684966700446 0.031540662924933752 -0.0069802285629615461
leaf_weight=1586.05675545126 21.879824849961551 20.848105386972748 137.13515207855744
leaf_count=54595 719 458 2033
internal_value=0.000129127 0.0131157 -0.000157687
internal_weight=1765.92 42.7279 1723.19
internal_count=57805 1177 56628
is_linear=0
shrinkage=0.0321881


Tree=997
num_leaves=4
num_cat=0
split_feature=38 34 30
split_gain=5.1581 5.54054 6.33416
threshold=-0.023287176974886619 0.016633610445587969 0.71244602350300024
decision_type=2 2 2
left_child=-1 2 -2
right_child=1 -3 -4
leaf_value=-0.0033512668102716916 0.0040356849621889391 -0.00097205680893651522 -0.00097205680893651522
leaf_weight=275.58810995261001 833.69830612429337 367.7646561747822 275.48132371865358
leaf_count=9867 29000 12552 6267
internal_value=0.000622195 0.00140715 0.00260889
internal_weight=1752.53 1476.94 1109.18
internal_count=57686 47819 35267
is_linear=0
shrinkage=0.0321881


Tree=998
num_leaves=4
num_cat=0
split_feature=8 17 16
split_gain=5.77403 7.05175 16.0147
threshold=7157.0778740648375 2.7522789936750001 77.720981266330099
decision_type=2 8 8
left_child=1 -1 -3
right_child=-2 2 -4
leaf_value=0.005571959317479034 -0.011566212395010515 -0.023301357514498612 -0.00013668924554439976
leaf_weight=213.6659092914341 44.887617683862118 31.514253221917443 1460.9496275655197
leaf_count=4071 690 19742 33365
internal_value=-0.000190338 7.31943e-05 -0.000672116
internal_weight=1751.02 1706.13 1492.46
internal_count=57868 57178 53107
is_linear=0
shrinkage=0.0321881


Tree=999
num_leaves=4
num_cat=0
split_feature=14 32 12
split_gain=7.01251 24.4495 22.6757
threshold=438.81803833619693 0.33178096744315327 40.210046449046864
decision_type=10 2 10
left_child=2 -2 -1
right_child=1 -3 -4
leaf_value=0 0.00091588984359694959 0.024449694425844614 -0.026016080581317911
leaf_weight=1300.5175401344604 377.63012381527733 52.971177398701911 35.541992786731498
leaf_count=46198 5625 1367 4648
internal_value=0.000375966 0.00397063 -0.000735401
internal_weight=1766.66 430.601 1336.06
internal_count=57838 6992 50846
is_linear=0
shrinkage=0.0321881


Tree=1000
num_leaves=4
num_cat=1
split_feature=10 44 10
split_gain=7.16842 38.0284 36.2007
threshold=7962.8718637735992 0 9746.4649185011676
decision_type=2 9 2
left_child=-1 -2 -3
right_child=1 2 -4
leaf_value=-0.003038778039606537 0.0034975683389839073 0.0038170175259915175 -0.028471878609747606
leaf_weight=546.78516065304484 1087.4828563075264 58.108246221952072 82.435141299241536
leaf_count=16589 32230 2164 7065
internal_value=0 0.00139076 -0.0137115
internal_weight=1774.81 1228.03 140.543
internal_count=58048 41459 9229
cat_boundaries=0 1
cat_threshold=406531
is_linear=0
shrinkage=0.0321881


Tree=1001
num_leaves=4
num_cat=0
split_feature=35 8 37
split_gain=6.24793 6.48301 6.58449
threshold=-0.002486361156291157 -29.859799346566877 0.026343241289781976
decision_type=2 2 2
left_child=-1 -2 -3
right_child=1 2 -4
leaf_value=-0.0047875346658033339 -0.0074639264077569134 0.0017545468077193158 -0.0089883716919162641
leaf_weight=251.11424382700466 92.513676071505415 1371.423435552588 59.998025292786679
leaf_count=8673 5533 41260 2518
internal_value=-5.30067e-05 0.000685984 0.00125835
internal_weight=1775.05 1523.94 1431.42
internal_count=57984 49311 43778
is_linear=0
shrinkage=0.0321881


Tree=1002
num_leaves=4
num_cat=0
split_feature=11 0 12
split_gain=7.09055 16.3488 14.176
threshold=26.584969095494195 862.62665200450749 31.179876521125383
decision_type=8 2 10
left_child=-1 -2 -3
right_child=1 2 -4
leaf_value=0.0010423324828413034 -0.011380807084698194 0.017063427688438746 -0.0022452643122592981
leaf_weight=1368.930423944495 171.90975232188498 48.65664497331818 188.99483909615083
leaf_count=41012 13190 1047 2870
internal_value=-3.31306e-05 -0.00378174 0.0014533
internal_weight=1778.49 409.561 237.651
internal_count=58119 17107 3917
is_linear=0
shrinkage=0.0321881


Tree=1003
num_leaves=4
num_cat=0
split_feature=14 13 10
split_gain=5.54824 13.2395 23.5386
threshold=312.07440049921246 20.929587815504878 14886.929372899551
decision_type=10 8 2
left_child=1 -1 -3
right_child=-2 2 -4
leaf_value=0.0027095536717031353 0.0016727261833167841 -0.0035728719937917854 -0.034351305624485753
leaf_weight=332.66195162315569 1006.2559508121685 396.92632583249031 28.179969664487317
leaf_count=6890 15864 31675 3396
internal_value=7.1831e-05 -0.00196986 -0.0057809
internal_weight=1764.02 757.768 425.106
internal_count=57825 41961 35071
is_linear=0
shrinkage=0.0321881


Tree=1004
num_leaves=4
num_cat=0
split_feature=36 20 32
split_gain=6.69443 17.4837 28.5338
threshold=0.97560033566640603 54.272172757192322 -0.11391272431726579
decision_type=2 2 2
left_child=-1 2 -2
right_child=1 -3 -4
leaf_value=-0.0028695952708816638 -0.015289127785872363 0.0035281072516737243 -0.0011522285231874189
leaf_weight=647.15367402500488 176.4898488245326 855.22615398853486 92.723802955586507
leaf_count=27288 7220 19987 3747
internal_value=-0.00023206 0.00122958 -0.00583256
internal_weight=1771.59 1124.44 269.214
internal_count=58242 30954 10967
is_linear=0
shrinkage=0.0321881


Tree=1005
num_leaves=4
num_cat=1
split_feature=14 44 16
split_gain=5.65036 15.126 31.8973
threshold=273.01379362969197 0 97.664980552663366
decision_type=10 9 8
left_child=1 2 -1
right_child=-2 -3 -4
leaf_value=-0.0074906247167790671 0.0011777532299943011 -0.004799338652057273 0.036634591074275948
leaf_weight=34.167092926812984 1210.6949241451539 483.96359525384014 30.230632083612363
leaf_count=16168 19294 19945 2402
internal_value=-1.33596e-05 -0.00275862 0.0106488
internal_weight=1759.06 548.361 64.3977
internal_count=57809 38515 18570
cat_boundaries=0 1
cat_threshold=394304
is_linear=0
shrinkage=0.0321881


Tree=1006
num_leaves=4
num_cat=0
split_feature=3 32 4
split_gain=6.93588 5.40168 37.9008
threshold=307.61636588688344 -0.11391272431726579 251.30608424692744
decision_type=2 2 2
left_child=1 -1 -3
right_child=-2 2 -4
leaf_value=-0.00066725963805706315 -0.012212237014271859 -0.01419616202675051 0.0078701471926183684
leaf_weight=1218.5660177551654 45.770330574789114 99.662624319682209 395.69375997975294
leaf_count=35000 689 3771 18271
internal_value=7.48053e-05 0.000441731 0.00329736
internal_weight=1759.69 1713.92 495.356
internal_count=57731 57042 22042
is_linear=0
shrinkage=0.0321881


Tree=1007
num_leaves=4
num_cat=0
split_feature=30 5 14
split_gain=6.12553 20.7756 23.243
threshold=-0.50891358881583248 2.3325628418845121 117.61073602678634
decision_type=2 2 10
left_child=-1 -2 -3
right_child=1 2 -4
leaf_value=-0.0022199087294228702 -0.0011971262518568897 -0.032370698541313601 0.010077564904039682
leaf_weight=657.74550597409325 764.12689998252586 13.057702479403813 332.13274458211527
leaf_count=14644 32737 927 9540
internal_value=0.000199365 0.00169139 0.00826636
internal_weight=1767.06 1109.32 345.19
internal_count=57848 43204 10467
is_linear=0
shrinkage=0.0321881


Tree=1008
num_leaves=4
num_cat=0
split_feature=30 31 10
split_gain=5.13422 6.95417 14.1083
threshold=-1.0197033370177693 -0.46821747513533324 10169.923348042399
decision_type=2 2 2
left_child=-1 2 -2
right_child=1 -3 -4
leaf_value=-0.008453594913747732 0.0021688770964438638 0.0030778902098607991 -0.0056683651753878942
leaf_weight=65.538022605273454 560.05111542583154 727.10355444282959 406.65454477722074
leaf_count=1174 20888 13532 22227
internal_value=0.000299919 0.000677349 -0.00106265
internal_weight=1759.35 1693.81 966.706
internal_count=57821 56647 43115
is_linear=0
shrinkage=0.0321881


Tree=1009
num_leaves=4
num_cat=1
split_feature=42 1 16
split_gain=6.35005 8.70193 7.10163
threshold=0 16.955915416887368 172.99339362379638
decision_type=9 2 10
left_child=2 -2 -1
right_child=1 -3 -4
leaf_value=-0.0016315216153474201 -0.0060490110037133352 0.016172189756387408 0.0036982637110076571
leaf_weight=1370.5381791258819 21.605765508415061 57.056556026596809 314.94160020785239
leaf_count=50922 675 688 5684
internal_value=-0.000120557 0.00821988 -0.000593933
internal_weight=1764.14 78.6623 1685.48
internal_count=57969 1363 56606
cat_boundaries=0 1
cat_threshold=1328162
is_linear=0
shrinkage=0.0321881


Tree=1010
num_leaves=4
num_cat=0
split_feature=30 5 22
split_gain=6.96211 18.6272 33.6905
threshold=-0.48875867096253017 2.2448717033133412 179.0827197472741
decision_type=2 2 2
left_child=-1 -2 -3
right_child=1 2 -4
leaf_value=-0.0026416163777555476 -0.0012412145676254326 -0.017321554768726551 0.011866672154009324
leaf_weight=669.06516138274424 750.05481096154517 45.744136417086793 296.57791947981423
leaf_count=15256 32294 3576 6852
internal_value=-2.11532e-05 0.00152577 0.00777106
internal_weight=1761.44 1092.38 342.322
internal_count=57978 42722 10428
is_linear=0
shrinkage=0.0321881


Tree=1011
num_leaves=4
num_cat=2
split_feature=41 42 1
split_gain=5.75181 9.62762 11.1327
threshold=0 1 20.947495657298926
decision_type=9 9 2
left_child=1 -1 -3
right_child=-2 2 -4
leaf_value=0.010719802915805815 0.0003764013368203675 0 -0.025129265610045005
leaf_weight=13.588772556328877 1675.2748639652234 29.882351765260864 42.567555548426753
leaf_count=240 55032 1616 717
internal_value=-2.50191e-05 -0.00770906 -0.0128351
internal_weight=1761.31 86.0387 72.4499
internal_count=57605 2573 2333
cat_boundaries=0 1 2
cat_threshold=64 100
is_linear=0
shrinkage=0.0321881


Tree=1012
num_leaves=4
num_cat=1
split_feature=14 1 44
split_gain=6.86178 17.6791 16.3033
threshold=273.01379362969197 24.335493455632498 0
decision_type=10 2 9
left_child=1 2 -1
right_child=-2 -3 -4
leaf_value=0.0086884403988645095 0.0018836706432655338 0.0061928611928171442 -0.0088922431107269634
leaf_weight=54.671856422140763 1214.3782074081801 165.52029434839642 333.66367698650492
leaf_count=18476 19377 2229 17916
internal_value=0.000499894 -0.00241872 -0.00625468
internal_weight=1768.23 553.856 388.336
internal_count=57998 38621 36392
cat_boundaries=0 1
cat_threshold=393284
is_linear=0
shrinkage=0.0321881


Tree=1013
num_leaves=4
num_cat=0
split_feature=14 10 30
split_gain=5.12081 14.41 16.4978
threshold=273.01379362969197 16391.174043107767 0.44102328037031358
decision_type=10 2 2
left_child=-1 2 -2
right_child=1 -3 -4
leaf_value=-0.00271620857746937 0.0031465925306360348 0.019768568922441578 -0.00482926031626346
leaf_weight=553.64365783930725 765.64840030365485 40.876205683327498 412.11573874119858
leaf_count=38448 11616 587 7056
internal_value=-0.000118161 0.00101021 0.000301254
internal_weight=1772.28 1218.64 1177.76
internal_count=57707 19259 18672
is_linear=0
shrinkage=0.0321881


Tree=1014
num_leaves=4
num_cat=1
split_feature=30 10 44
split_gain=5.82159 16.6388 29.6149
threshold=-0.70783388077524501 5606.8116103772954 0
decision_type=2 2 9
left_child=1 -1 -3
right_child=-2 2 -4
leaf_value=0.0089828227715646539 0.00099614223645229979 0.0017135735177136666 -0.014976909753018909
leaf_weight=93.128795209724558 1245.8131169001695 236.29438228860818 188.16736355480998
leaf_count=1503 47853 2726 5804
internal_value=-0.000157641 -0.00305692 -0.00585201
internal_weight=1763.4 517.591 424.462
internal_count=57886 10033 8530
cat_boundaries=0 1
cat_threshold=6
is_linear=0
shrinkage=0.0321881


Tree=1015
num_leaves=4
num_cat=0
split_feature=25 10 31
split_gain=6.19101 11.7776 10.5269
threshold=1.6129097225830207 4969.9182196862394 -0.49705570514663372
decision_type=2 2 2
left_child=2 -2 -1
right_child=1 -3 -4
leaf_value=-0.0016212657211623529 0.0083272033792960477 -0.0049175149243018629 0.0044051828404093789
leaf_weight=635.02390476030769 78.06415886656805 483.03258263939392 554.86366217941031
leaf_count=22974 3096 23505 8185
internal_value=-0.000140113 -0.0029586 0.00113576
internal_weight=1750.98 561.097 1189.89
internal_count=57760 26601 31159
is_linear=0
shrinkage=0.0321881


Tree=1016
num_leaves=4
num_cat=0
split_feature=7 10 21
split_gain=4.63888 4.85166 26.721
threshold=29505.817514302365 10592.116154716563 41.076392687326063
decision_type=2 2 2
left_child=1 2 -1
right_child=-2 -3 -4
leaf_value=-0.022744203251876049 -0.016197678148798193 -0.0020895753741687001 0.0025420645389038518
leaf_weight=44.728023742733512 18.296332966336195 694.55261927719675 992.89383590089255
leaf_count=7768 927 26633 22509
internal_value=-0.000179239 0 0.00138575
internal_weight=1750.47 1732.17 1037.62
internal_count=57837 56910 30277
is_linear=0
shrinkage=0.0321881


Tree=1017
num_leaves=4
num_cat=0
split_feature=14 25 1
split_gain=6.93885 15.3651 14.7459
threshold=280.97289842595563 15.066571272765779 23.405917811078048
decision_type=8 2 2
left_child=1 2 -1
right_child=-2 -3 -4
leaf_value=-0.0077396343475698778 0.0015479720129376354 0.02775259078191443 0.0029625673542693731
leaf_weight=356.42275266424713 1183.7696369970408 15.896769599987918 202.31089969949244
leaf_count=30169 19867 5036 2599
internal_value=0.00010457 -0.00275753 -0.00375093
internal_weight=1758.4 574.63 558.734
internal_count=57671 37804 32768
is_linear=0
shrinkage=0.0321881


Tree=1018
num_leaves=4
num_cat=1
split_feature=31 44 16
split_gain=6.4021 10.1158 15.0134
threshold=-0.78441228060414858 0 174.15629550880161
decision_type=2 9 8
left_child=1 2 -1
right_child=-2 -3 -4
leaf_value=0 0.0016000927130998567 -0.0051160524512346376 0.025072304962468678
leaf_weight=133.99485646048038 1156.9818862261666 427.17129573000898 29.159461680177628
leaf_count=16996 25529 14227 1045
internal_value=0.000174573 -0.00251098 0.00398648
internal_weight=1747.31 590.326 163.154
internal_count=57797 32268 18041
cat_boundaries=0 1
cat_threshold=397892
is_linear=0
shrinkage=0.0321881


Tree=1019
num_leaves=4
num_cat=1
split_feature=30 5 44
split_gain=5.00712 23.2498 24.3489
threshold=-0.48875867096253017 1.9086131845901071 0
decision_type=2 2 9
left_child=1 2 -1
right_child=-2 -3 -4
leaf_value=0.0057684318557578796 0.0011005139534811452 -0.010480630641221671 -0.013165457432356562
leaf_weight=344.9744868740454 1104.2535444770356 239.4511090574083 76.762940176874963
leaf_count=4733 42779 5553 4811
internal_value=-0.000186479 -0.00243181 0.00199047
internal_weight=1765.44 661.189 421.737
internal_count=57876 15097 9544
cat_boundaries=0 1
cat_threshold=7
is_linear=0
shrinkage=0.0321881


Tree=1020
num_leaves=4
num_cat=0
split_feature=0 32 32
split_gain=6.24807 12.3335 9.92834
threshold=1464.0342515944224 -0.89803045503171364 0.27303395410703196
decision_type=2 2 2
left_child=-1 -2 -3
right_child=1 2 -4
leaf_value=0.00054928355580624567 0.0086740993557251518 -0.018794007447217174 0.0037670413022689122
leaf_weight=1626.7235138403701 34.217681139103661 73.777369656581868 21.766268945648335
leaf_count=54804 599 1683 722
internal_value=0 -0.00678385 -0.0129927
internal_weight=1756.48 129.761 95.5436
internal_count=57808 3004 2405
is_linear=0
shrinkage=0.0321881


Tree=1021
num_leaves=4
num_cat=0
split_feature=3 4 31
split_gain=5.72343 17.2756 10.3166
threshold=97.361992591573355 143.76595110439408 -0.41687424061643186
decision_type=2 2 2
left_child=1 -1 -2
right_child=2 -3 -4
leaf_value=0.013130976249179483 -0.0013197363154791304 -0.01021596082826982 0.0041549924051452304
leaf_weight=39.210556241050654 1008.3296363425809 158.26787265846815 545.55857112424201
leaf_count=720 44196 3397 9481
internal_value=-5.75855e-05 -0.00524795 0.000561757
internal_weight=1751.37 197.478 1553.89
internal_count=57794 4117 53677
is_linear=0
shrinkage=0.0321881


Tree=1022
num_leaves=4
num_cat=0
split_feature=22 18 32
split_gain=8.69016 11.521 6.10413
threshold=851.83023505095173 34.484469154682451 -0.45297231588863912
decision_type=2 2 2
left_child=2 -2 -1
right_child=1 -3 -4
leaf_value=-0.0031178567959825902 0.0063801418463773334 0.031617619242420895 0.00069098182908343517
leaf_weight=901.64404112758052 17.58906619559275 20.809762366494397 801.73721592471611
leaf_count=25792 469 448 31125
internal_value=-0.000911378 0.0140482 -0.0012879
internal_weight=1741.78 38.3988 1703.38
internal_count=57834 917 56917
is_linear=0
shrinkage=0.0321881


Tree=1023
num_leaves=4
num_cat=0
split_feature=33 32 22
split_gain=8.04171 23.6328 42.3579
threshold=-0.66535230801079137 -0.41265532513400782 486.60178452567897
decision_type=2 2 2
left_child=1 2 -1
right_child=-2 -3 -4
leaf_value=-0.024600368603445329 0.0024310546848245324 0.00089433533653592739 0.0011908640924759967
leaf_weight=117.68285573730645 769.52424918732618 741.13428284753172 139.76196058613095
leaf_count=4769 28396 21244 3661
internal_value=-4.92273e-06 -0.00194603 -0.0103634
internal_weight=1768.1 998.579 257.445
internal_count=58070 29674 8430
is_linear=0
shrinkage=0.0321881


Tree=1024
num_leaves=4
num_cat=0
split_feature=10 17 16
split_gain=8.03765 6.09426 13.2756
threshold=1636.446172546707 2.7522789936750001 77.720981266330099
decision_type=2 8 8
left_child=-1 -2 -3
right_child=1 2 -4
leaf_value=-0.025835796842984225 0.0045842715966855473 -0.022106471717331443 -0.00034539236982652788
leaf_weight=12.374528670419293 252.06734945525295 29.621386089874481 1464.4960656046042
leaf_count=730 4560 19407 33087
internal_value=-0.00022678 -5.34746e-06 -0.000822873
internal_weight=1758.56 1746.18 1494.12
internal_count=57784 57054 52494
is_linear=0
shrinkage=0.0321881


Tree=1025
num_leaves=4
num_cat=0
split_feature=34 34 0
split_gain=7.50867 13.1314 8.66244
threshold=0.96372386279336741 0.059838709399103303 1464.0342515944224
decision_type=2 2 2
left_child=1 2 -1
right_child=-2 -3 -4
leaf_value=0.00049096290297274167 -0.010510307169839452 0.026846271077090322 -0.0089626561529121216
leaf_weight=1548.4304918153298 70.388646727103605 18.702994545978072 106.9841020539825
leaf_count=51895 2741 440 2551
internal_value=-0.000212515 0.000183844 -8.2719e-05
internal_weight=1744.51 1674.12 1655.41
internal_count=57627 54886 54446
is_linear=0
shrinkage=0.0321881


Tree=1026
num_leaves=4
num_cat=0
split_feature=10 14 15
split_gain=4.95585 25.5471 24.0144
threshold=12336.077109752658 401.05712323033475 0.8899764763320851
decision_type=2 8 10
left_child=-1 2 -2
right_child=1 -3 -4
leaf_value=0.0004882753312923528 -0.0031250112232399721 0.0067230079321523887 -0.025349116122001272
leaf_weight=1349.0240410696729 182.6740246610907 150.79949200025658 74.22178511885204
leaf_count=41413 4083 2841 9545
internal_value=-0.000410448 -0.00353893 -0.0098111
internal_weight=1756.72 407.695 256.896
internal_count=57882 16469 13628
is_linear=0
shrinkage=0.0321881


Tree=1027
num_leaves=4
num_cat=0
split_feature=37 23 30
split_gain=5.32486 6.22558 5.1245
threshold=-0.026576798113410457 -2.4131627210357514 -0.50891358881583248
decision_type=2 2 2
left_child=-1 -2 -3
right_child=1 2 -4
leaf_value=-0.0098954015387470867 -0.014841690089263013 -0.0021771680041988328 0.001509235278293026
leaf_weight=60.158635009671343 29.068616400238398 618.98542041230235 1049.9860353364265
leaf_count=2083 2390 13662 39989
internal_value=-0.000488726 -0.000116625 0.000103755
internal_weight=1758.2 1698.04 1668.97
internal_count=58124 56041 53651
is_linear=0
shrinkage=0.0321881


Tree=1028
num_leaves=4
num_cat=0
split_feature=8 2 14
split_gain=5.25051 6.99739 10.6251
threshold=7157.0778740648375 40.827641362034569 312.07440049921246
decision_type=2 2 8
left_child=1 2 -1
right_child=-2 -3 -4
leaf_value=-0.0044849150604857014 -0.010534878489868015 0.0042979358971616142 0.0016933857361149738
leaf_weight=438.30019427991624 42.897006296880136 436.88254878002044 830.3734728045938
leaf_count=36730 679 5816 14837
internal_value=0.000457685 0.000772927 -0.000391331
internal_weight=1748.45 1705.56 1268.67
internal_count=58062 57383 51567
is_linear=0
shrinkage=0.0321881


Tree=1029
num_leaves=4
num_cat=2
split_feature=44 41 5
split_gain=5.92716 18.4223 20.9469
threshold=0 1 1.7934382559393891
decision_type=9 9 2
left_child=1 -1 -3
right_child=-2 2 -4
leaf_value=-0.0048183127680679937 -0.00026380638656654798 0.042161668174890088 0
leaf_weight=56.01346781072607 1639.8411525619879 28.159049326768582 24.584363888207236
leaf_count=7362 37721 7523 5182
internal_value=0.000201731 0.00715826 0.0196045
internal_weight=1748.6 108.757 52.7434
internal_count=57788 20067 12705
cat_boundaries=0 1 2
cat_threshold=402436 3856
is_linear=0
shrinkage=0.0321881


Tree=1030
num_leaves=4
num_cat=1
split_feature=7 4 44
split_gain=6.29701 8.97175 7.65855
threshold=-2857.3198306951899 462.37665430839201 0
decision_type=2 2 9
left_child=1 -1 -3
right_child=-2 2 -4
leaf_value=-0.012694244833392489 0.0011783272807300647 0.0092275294946141742 -0.0047755568790084435
leaf_weight=86.441571708698802 1505.1012858217046 52.482636430837374 103.52483563332225
leaf_count=2508 48888 3449 3041
internal_value=0.000369175 -0.00438776 0
internal_weight=1747.55 242.449 156.007
internal_count=57886 8998 6490
cat_boundaries=0 1
cat_threshold=393221
is_linear=0
shrinkage=0.0321881


Tree=1031
num_leaves=4
num_cat=0
split_feature=32 10 10
split_gain=6.451 19.5384 19.3946
threshold=0.62874629050047381 7574.1798492400485 5455.3748429715861
decision_type=2 2 2
left_child=-1 2 -2
right_child=1 -3 -4
leaf_value=0.00026488080399178141 -0.025127669907296046 -0.029111435871280726 0.033945158762600937
leaf_weight=1701.292617901785 8.3678222727635347 29.152191997679893 14.13896509980759
leaf_count=51683 846 4540 750
internal_value=-3.95791e-05 -0.0112492 0.00914896
internal_weight=1752.95 51.659 22.5068
internal_count=57819 6136 1596
is_linear=0
shrinkage=0.0321881


Tree=1032
num_leaves=4
num_cat=0
split_feature=5 38 31
split_gain=5.56965 10.0779 5.67255
threshold=5.3406612760261511 0.024404386928910605 -0.84719670358716825
decision_type=2 2 2
left_child=2 -2 -1
right_child=1 -3 -4
leaf_value=-0.003844180684011819 -0.0020995021399183604 0.026034675657407528 0.00022471942494447161
leaf_weight=484.25038988286315 22.937573756224992 22.351845730016066 1235.7667723450818
leaf_count=27499 706 471 29226
internal_value=-0.00055596 0.0104499 -0.000884177
internal_weight=1765.31 45.2894 1720.02
internal_count=57902 1177 56725
is_linear=0
shrinkage=0.0321881


Tree=1033
num_leaves=4
num_cat=0
split_feature=39 34 31
split_gain=7.72778 4.85722 6.69394
threshold=-0.061358155930467381 0.016633610445587969 0.48187914960482597
decision_type=2 2 2
left_child=-1 2 -2
right_child=1 -3 -4
leaf_value=-0.014554982790037115 0.0015751830739055373 -0.0030253457674658518 -0.0072959849436330659
leaf_weight=38.845911446634091 1204.4575171158351 431.87343743519341 84.616575931540865
leaf_count=1557 39952 14843 1540
internal_value=-0.000395565 -3.69871e-05 0.000915162
internal_weight=1759.79 1720.95 1289.07
internal_count=57892 56335 41492
is_linear=0
shrinkage=0.0321881


Tree=1034
num_leaves=4
num_cat=0
split_feature=7 22 4
split_gain=4.85491 8.85449 21.3401
threshold=1199.4113450535899 306.94254549577221 446.1254378566851
decision_type=2 2 2
left_child=-1 -2 -3
right_child=1 2 -4
leaf_value=-0.0018014638064207597 -0.0021223639716803177 0.01209912356819514 0.00099489042026645858
leaf_weight=785.82063227383219 379.2870089773287 224.40459117776845 363.55568543609934
leaf_count=28104 15885 3788 10169
internal_value=3.98237e-05 0.00160165 0.00411214
internal_weight=1753.07 967.247 587.96
internal_count=57946 29842 13957
is_linear=0
shrinkage=0.0321881


Tree=1035
num_leaves=4
num_cat=0
split_feature=11 12 16
split_gain=5.92812 10.8292 29.0768
threshold=26.695743717934981 27.574993117972245 153.88362652491884
decision_type=8 8 10
left_child=1 2 -1
right_child=-2 -3 -4
leaf_value=0.00033230788759302913 -0.0029861628585919255 0.0049147179682396628 -0.030904163539159032
leaf_weight=760.62641546102122 384.27952680661724 570.12291257632978 31.818387041217647
leaf_count=17002 16603 23501 703
internal_value=0.00048849 0.00151552 -0.000850416
internal_weight=1746.85 1362.57 792.445
internal_count=57809 41206 17705
is_linear=0
shrinkage=0.0321881


Tree=1036
num_leaves=4
num_cat=0
split_feature=3 9 11
split_gain=8.44953 5.31534 4.94011
threshold=307.61636588688344 23.507648675601661 4.1569062411377322
decision_type=2 10 10
left_child=1 2 -1
right_child=-2 -3 -4
leaf_value=-0.014362114637726704 -0.013868302918680729 -0.021159668243821594 0.00062257958422406675
leaf_weight=22.635252560370645 45.073141275971466 11.65020353577165 1685.2503383643698
leaf_count=1504 668 447 55501
internal_value=-0.000126209 0.000198829 0.000384728
internal_weight=1764.61 1719.54 1707.89
internal_count=58120 57452 57005
is_linear=0
shrinkage=0.0321881


Tree=1037
num_leaves=4
num_cat=0
split_feature=4 10 3
split_gain=5.73082 38.9313 10.6173
threshold=1818.0650616438786 11019.020121285719 143.17746828622487
decision_type=2 2 2
left_child=-1 -2 -3
right_child=1 2 -4
leaf_value=0.00020748051764606136 -0.020814794295560279 0.026847704674011836 0
leaf_weight=1605.8197192647185 83.626003369651244 28.936980534839677 28.358676801631191
leaf_count=52860 2829 497 1671
internal_value=-0.000300752 -0.00653397 0.0132024
internal_weight=1746.74 140.922 57.2957
internal_count=57857 4997 2168
is_linear=0
shrinkage=0.0321881


Tree=1038
num_leaves=4
num_cat=0
split_feature=33 32 24
split_gain=5.19603 19.267 31.56
threshold=-0.63471601346331108 -0.45297231588863912 174.82008040213782
decision_type=2 2 2
left_child=1 2 -1
right_child=-2 -3 -4
leaf_value=-0.022137476369562665 0.0020655854090061241 0.0010606779465067398 0
leaf_weight=110.15918488371153 725.02824173297586 753.55059104685643 156.90296342144575
leaf_count=4820 27159 21959 3833
internal_value=0 -0.00149743 -0.00894827
internal_weight=1745.64 1020.61 267.062
internal_count=57771 30612 8653
is_linear=0
shrinkage=0.0321881


Tree=1039
num_leaves=4
num_cat=0
split_feature=36 22 33
split_gain=6.52167 22.3616 17.3433
threshold=0.84822263505422868 198.89904093345359 0.20982137712262225
decision_type=2 2 2
left_child=1 2 -1
right_child=-2 -3 -4
leaf_value=0.002749698274414826 -0.00037983816999320535 0.018062245966936563 -0.02720775516356164
leaf_weight=91.72698429296554 1554.390910332454 87.87535127265437 24.590823737035294
leaf_count=4435 43251 1820 8602
internal_value=0.000292623 0.0057177 -0.0030796
internal_weight=1758.58 204.193 116.318
internal_count=58108 14857 13037
is_linear=0
shrinkage=0.0321881


Tree=1040
num_leaves=4
num_cat=0
split_feature=30 10 4
split_gain=5.21952 14.8215 17.1495
threshold=0.77252711792581741 9666.2069924535499 1981.6664077280591
decision_type=2 2 2
left_child=-1 -2 -3
right_child=1 2 -4
leaf_value=0.0011639302910541407 -0.010411497403805675 -0.00019190072529740623 0.03236620328907059
leaf_weight=1367.6105914682985 165.20799360050978 201.12460636272817 17.715894785910677
leaf_count=49019 3862 4664 242
internal_value=0.000198802 -0.00307091 0.00218521
internal_weight=1751.66 384.048 218.841
internal_count=57787 8768 4906
is_linear=0
shrinkage=0.0321881


Tree=1041
num_leaves=4
num_cat=1
split_feature=31 44 29
split_gain=5.72112 8.98514 10.1368
threshold=-0.94831328778062174 0 7.7493017257595378
decision_type=2 9 2
left_child=1 2 -1
right_child=-2 -3 -4
leaf_value=-0.0090410678168992564 0.0010941391145159012 -0.0060538270197756944 0.034392979911774528
leaf_weight=5.8450977602174161 1494.5865076492485 234.83936655392222 14.069486997450438
leaf_count=1233 41609 13855 1080
internal_value=0.000300218 -0.00410445 0.0123828
internal_weight=1749.34 254.754 19.9146
internal_count=57777 16168 2313
cat_boundaries=0 1
cat_threshold=135232
is_linear=0
shrinkage=0.0321881


Tree=1042
num_leaves=4
num_cat=1
split_feature=25 44 25
split_gain=4.8248 14.9036 9.89767
threshold=4.4156757531794346 0 15.982821395926058
decision_type=2 9 2
left_child=-1 2 -2
right_child=1 -3 -4
leaf_value=0.00033706838875610206 -0.0010266684012761463 -0.016327205169054594 0.026829584138889691
leaf_weight=1607.7742933014051 59.359468815648142 61.898383072155866 15.579083139120483
leaf_count=43679 1639 11297 1150
internal_value=-0.000119731 -0.0059429 0.00351579
internal_weight=1744.61 136.837 74.9386
internal_count=57765 14086 2789
cat_boundaries=0 1
cat_threshold=4162
is_linear=0
shrinkage=0.0321881


Tree=1043
num_leaves=4
num_cat=1
split_feature=36 44 36
split_gain=4.69867 18.1207 17.4744
threshold=0.84822263505422868 0 0.10992639736769576
decision_type=2 9 2
left_child=1 -1 -3
right_child=-2 2 -4
leaf_value=0.028953125963876059 -0.0003027749225525726 -0.0024253568540857293 0.028915059746262069
leaf_weight=17.860192603087853 1534.0554468361743 167.80000356285836 20.331997675461025
leaf_count=1059 42887 13367 418
internal_value=0.000271487 0.00485239 0.000622627
internal_weight=1740.05 205.992 188.132
internal_count=57731 14844 13785
cat_boundaries=0 1
cat_threshold=12292
is_linear=0
shrinkage=0.0321881


Tree=1044
num_leaves=4
num_cat=0
split_feature=30 1 2
split_gain=5.35876 17.3906 19.6876
threshold=0.71244602350300024 8.641036371406571 11.957255155035687
decision_type=2 2 2
left_child=-1 2 -2
right_child=1 -3 -4
leaf_value=0.0012443745770091077 0.062934661620923593 -0.0044643507096959068 0
leaf_weight=1308.9017665559027 8.2841822475297722 413.60263898543053 12.945137801751114
leaf_count=47570 2744 7137 347
internal_value=0.000181718 -0.00286956 0.0249404
internal_weight=1743.73 434.832 21.2293
internal_count=57798 10228 3091
is_linear=0
shrinkage=0.0321881


Tree=1045
num_leaves=4
num_cat=0
split_feature=14 32 10
split_gain=6.08347 14.1835 14.2351
threshold=306.52348508141273 0.41913269350341564 14100.106308796998
decision_type=10 2 2
left_child=1 2 -1
right_child=-2 -3 -4
leaf_value=0.0012691919718689794 0.0024187758246699241 -0.020616775523991535 -0.013703263419847272
leaf_weight=612.57002023999644 1037.7012919539839 37.547761622818598 73.26182923585975
leaf_count=29619 16353 6950 4959
internal_value=0.000816686 -0.00139356 -0.000241536
internal_weight=1761.08 723.38 685.832
internal_count=57881 41528 34578
is_linear=0
shrinkage=0.0321881


Tree=1046
num_leaves=4
num_cat=1
split_feature=2 4 44
split_gain=5.25111 22.0659 29.102
threshold=24.426556556206414 1584.512524493766 0
decision_type=2 2 9
left_child=1 2 -1
right_child=-2 -3 -4
leaf_value=0.0032856011611890417 0.00064939489132732051 0.010952816239546498 -0.019152972392283273
leaf_weight=103.69844031965795 1452.7425374488666 72.673925996364005 120.30141586459376
leaf_count=14495 22165 6513 14786
internal_value=-0.000110099 -0.00404123 -0.00919634
internal_weight=1749.42 296.674 224
internal_count=57959 35794 29281
cat_boundaries=0 1
cat_threshold=340422
is_linear=0
shrinkage=0.0321881


Tree=1047
num_leaves=4
num_cat=1
split_feature=5 5 44
split_gain=5.38197 26.337 25.9218
threshold=1.2765032824519336 1.6938487458424787 0
decision_type=2 2 9
left_child=-1 -2 -3
right_child=1 2 -4
leaf_value=-0.0018616542651853924 0.028897286612727682 0.015810244980713092 -0.0017046537486211902
leaf_weight=934.22125026187723 35.144596171000558 89.503076778437389 694.8977861332155
leaf_count=33574 702 1690 22126
internal_value=-0.000158842 0.00170452 0.000396629
internal_weight=1753.77 819.545 784.401
internal_count=58092 24518 23816
cat_boundaries=0 1
cat_threshold=1536
is_linear=0
shrinkage=0.0321881


Tree=1048
num_leaves=4
num_cat=0
split_feature=31 11 10
split_gain=5.83325 10.5217 6.7654
threshold=0.51452505592600561 23.023069330092699 7962.8718637735992
decision_type=2 8 2
left_child=2 -2 -1
right_child=1 -3 -4
leaf_value=-0.0018677057768501316 -0.019997490519743085 0.00053377916671145547 0.0025345000315694088
leaf_weight=513.3487949401333 38.616217429265816 60.726748789541944 1140.6966296588444
leaf_count=15999 756 1052 40087
internal_value=0.000641158 -0.00683603 0.00112966
internal_weight=1753.39 99.343 1654.05
internal_count=57894 1808 56086
is_linear=0
shrinkage=0.0321881


Tree=1049
num_leaves=4
num_cat=0
split_feature=30 4 5
split_gain=5.59407 17.5722 46.7736
threshold=-0.48875867096253017 1109.0608973962082 2.7363057862341083
decision_type=2 2 2
left_child=1 -1 -3
right_child=-2 2 -4
leaf_value=-0.0065158356612021306 0.0011247351284655643 0.0093161494313128337 -0.041087760021437589
leaf_weight=428.07481294077388 1108.9698182771976 206.72755437497062 20.49809303223492
leaf_count=9932 43010 4431 769
internal_value=-0.000228617 -0.00261565 0.00445111
internal_weight=1764.27 655.3 227.226
internal_count=58142 15132 5200
is_linear=0
shrinkage=0.0321881


Tree=1050
num_leaves=4
num_cat=0
split_feature=1 35 32
split_gain=6.27505 5.56293 6.79661
threshold=35.658955843582966 -0.002884803791223163 0.56195697437545788
decision_type=2 2 2
left_child=1 -1 -3
right_child=-2 2 -4
leaf_value=-0.0047944269622069366 -0.020155234883830017 0.0014968280901599474 -0.010123738794385018
leaf_weight=186.24830620952139 15.228267309808869 1504.4652635228508 52.690192346020467
leaf_count=6655 219 45038 6105
internal_value=0.000181699 0.000398582 0.00106124
internal_weight=1758.63 1743.4 1557.16
internal_count=58017 57798 51143
is_linear=0
shrinkage=0.0321881


Tree=1051
num_leaves=4
num_cat=0
split_feature=33 29 21
split_gain=5.36631 25.1601 52.5282
threshold=-0.6779684643841809 7.7278592326743665 266.71895866067712
decision_type=2 2 2
left_child=1 -1 -3
right_child=-2 2 -4
leaf_value=0.0011346134898454394 0.0023566832250369887 -0.029353873988875435 0.0056111311616685502
leaf_weight=794.52881248547965 781.1453031496269 90.633098937211798 82.257068353668728
leaf_count=23020 28884 4057 1964
internal_value=0.000344472 -0.00121465 -0.0123655
internal_weight=1748.56 967.419 172.89
internal_count=57925 29041 6021
is_linear=0
shrinkage=0.0321881


Tree=1052
num_leaves=4
num_cat=0
split_feature=34 13 16
split_gain=5.56059 6.687 11.321
threshold=-0.012196756189793632 20.472773010552892 98.290786317967573
decision_type=2 10 10
left_child=-1 -2 -3
right_child=1 2 -4
leaf_value=-0.0030180987925103372 0.0057333049446288966 -0.011539074418292749 0.00091219495842234525
leaf_weight=468.68384696803241 255.84555688301862 81.943773039005237 946.12326104839394
leaf_count=15694 5870 18354 17861
internal_value=0 0.00107711 -2.07441e-05
internal_weight=1752.6 1283.91 1028.07
internal_count=57779 42085 36215
is_linear=0
shrinkage=0.0321881


Tree=1053
num_leaves=4
num_cat=1
split_feature=44 32 30
split_gain=5.24809 24.3357 15.1541
threshold=0 -0.24767578607236151 -0.14227466042761874
decision_type=9 2 2
left_child=-1 2 -2
right_child=1 -3 -4
leaf_value=0.00014669357583883553 -0.014111935589553334 -0.035885415818124905 0.013162112023454733
leaf_weight=1649.7156382523349 38.497522657231457 24.045648481461512 45.866412899169973
leaf_count=45831 2748 5514 4048
internal_value=-0.000286627 -0.00683705 0
internal_weight=1758.13 108.41 84.3639
internal_count=58141 12310 6796
cat_boundaries=0 1
cat_threshold=394759
is_linear=0
shrinkage=0.0321881


Tree=1054
num_leaves=4
num_cat=0
split_feature=33 29 22
split_gain=7.69958 27.0586 39.8674
threshold=-0.71857706079924311 7.7035967284424256 493.84130367498796
decision_type=2 2 2
left_child=1 -1 -3
right_child=-2 2 -4
leaf_value=0 0.001972450882041506 -0.034478267550613555 0
leaf_weight=782.26883739726509 819.65537091888655 62.214849436466466 73.969708453369094
leaf_count=22603 30217 2905 2028
internal_value=-0.000253477 -0.00230929 -0.0155375
internal_weight=1738.11 918.453 136.185
internal_count=57753 27536 4933
is_linear=0
shrinkage=0.0321881


Tree=1055
num_leaves=4
num_cat=0
split_feature=37 22 0
split_gain=5.60912 12.3088 5.37763
threshold=0.027916000951059162 603.80431299445252 84.518640606756151
decision_type=2 2 2
left_child=2 -2 -1
right_child=1 -3 -4
leaf_value=-0.0071572581033789613 -0.01551714944496708 0.024535858074590435 0.00091610879224917371
leaf_weight=89.039293242285794 54.795610067539201 8.0273726506093208 1601.1745997293181
leaf_count=22500 2685 280 32511
internal_value=6.45789e-05 -0.00931626 0.000452187
internal_weight=1753.04 62.823 1690.21
internal_count=57976 2965 55011
is_linear=0
shrinkage=0.0321881


Tree=1056
num_leaves=4
num_cat=0
split_feature=14 10 5
split_gain=6.2424 15.9875 14.6968
threshold=270.30398969199899 16391.174043107767 1.2765032824519336
decision_type=10 2 2
left_child=-1 2 -2
right_child=1 -3 -4
leaf_value=-0.002207025983280487 -0.0020765643738367206 0.022191107517353422 0.0051062259408578264
leaf_weight=538.58917176833484 630.64436164376275 39.170329905049584 543.81578676269601
leaf_count=38381 10461 590 8479
internal_value=0.000621747 0.00192977 0.00119545
internal_weight=1752.22 1213.63 1174.46
internal_count=57911 19530 18940
is_linear=0
shrinkage=0.0321881


Tree=1057
num_leaves=4
num_cat=0
split_feature=10 32 32
split_gain=5.3986 24.2636 22.3351
threshold=8555.7987687876575 0.65113930365462513 0.2809435404271175
decision_type=2 2 2
left_child=2 -2 -1
right_child=1 -3 -4
leaf_value=-0.0045259137204545904 0.0024836791413854289 -0.030429609069834451 0.012606681958647959
leaf_weight=545.48983837203446 1082.1345277112946 23.262827091231429 90.716746888426542
leaf_count=14735 34746 3883 4506
internal_value=0.000336536 0.00172705 -0.00197911
internal_weight=1741.6 1105.4 636.207
internal_count=57870 38629 19241
is_linear=0
shrinkage=0.0321881


Tree=1058
num_leaves=4
num_cat=0
split_feature=0 30 15
split_gain=5.63524 5.78682 13.5695
threshold=11.786158892307574 0.92106191567533924 1.1475225164552287
decision_type=2 2 10
left_child=-1 -2 -3
right_child=1 2 -4
leaf_value=-0.015044147561849849 0.0010786412829335201 -0.0084923590665882277 0.012703266617478899
leaf_weight=24.710451957814257 1510.6947686863768 175.49266480691949 35.887366409458991
leaf_count=9312 44308 3225 1097
internal_value=9.00305e-05 0.000346216 -0.00458266
internal_weight=1746.79 1722.07 211.38
internal_count=57942 48630 4322
is_linear=0
shrinkage=0.0321881


Tree=1059
num_leaves=4
num_cat=0
split_feature=32 33 10
split_gain=6.24354 15.609 19.6467
threshold=0.58271791634792658 -0.31686543453533106 8420.0965047902901
decision_type=2 2 2
left_child=-1 -2 -3
right_child=1 2 -4
leaf_value=0.00061688197556699579 -0.026008584003745255 0.028817890756565937 -0.027118705630976531
leaf_weight=1693.1221519813871 30.928002735936388 16.837122547058247 9.5279041966477944
leaf_count=51089 2258 1519 2916
internal_value=0.000227105 -0.0101395 0.00614748
internal_weight=1750.42 57.293 26.365
internal_count=57782 6693 4435
is_linear=0
shrinkage=0.0321881


Tree=1060
num_leaves=4
num_cat=0
split_feature=11 12 4
split_gain=5.3109 12.2588 25.8702
threshold=27.093641323194699 30.718728184042938 1287.6550795907904
decision_type=8 8 2
left_child=-1 2 -2
right_child=1 -3 -4
leaf_value=0.0013642530725427658 0.022823289964363998 -0.0061004984012408749 -0.023941208132309166
leaf_weight=1404.2349152440381 44.62880097364814 277.73181400123303 15.547293434689662
leaf_count=43020 3494 9357 2114
internal_value=0.000460694 -0.00310417 0.00964025
internal_weight=1742.14 337.908 60.1761
internal_count=57985 14965 5608
is_linear=0
shrinkage=0.0321881


Tree=1061
num_leaves=4
num_cat=1
split_feature=36 36 44
split_gain=5.15299 17.1099 16.6949
threshold=0.84822263505422868 0.10992639736769576 0
decision_type=2 2 9
left_child=1 2 -1
right_child=-2 -3 -4
leaf_value=0.021032605797422495 -0.00074808378647001799 0.030757547573890723 -0.0030622542391405901
leaf_weight=25.728363657520731 1533.8714012538176 23.056921636338302 156.83361881011274
leaf_count=1162 43014 461 13236
internal_value=-7.05015e-05 0.00466975 0.000990917
internal_weight=1739.49 205.619 182.562
internal_count=57873 14859 14398
cat_boundaries=0 1
cat_threshold=12356
is_linear=0
shrinkage=0.0321881


Tree=1062
num_leaves=4
num_cat=0
split_feature=22 14 10
split_gain=4.7742 5.4616 11.4628
threshold=896.99644631003537 120.25612263697094 12967.656789090599
decision_type=2 10 2
left_child=1 2 -1
right_child=-2 -3 -4
leaf_value=-0.018185724305480711 0.012969317356784756 0.0004193494257575217 0.0065092204589500564
leaf_weight=45.065231752009822 30.144396784366108 1664.1413929657215 10.97693432922051
leaf_count=3256 650 52929 1110
internal_value=0.000309747 4.91236e-05 -0.00976827
internal_weight=1750.33 1720.18 56.0422
internal_count=57945 57295 4366
is_linear=0
shrinkage=0.0321881


Tree=1063
num_leaves=4
num_cat=0
split_feature=34 5 4
split_gain=6.25017 5.65938 25.4772
threshold=-0.046852208513604693 2.2448717033133412 989.15087472254538
decision_type=2 2 2
left_child=-1 -2 -3
right_child=1 2 -4
leaf_value=-0.015387391630465505 -0.00055144869700956081 0.0069889559458435136 -0.011926630568761329
leaf_weight=25.384257090465326 1226.0757500151033 407.46132566258984 87.965528907494445
leaf_count=929 42977 9441 4494
internal_value=0.000306707 0.000577202 0.0034978
internal_weight=1746.89 1721.5 495.427
internal_count=57841 56912 13935
is_linear=0
shrinkage=0.0321881


Tree=1064
num_leaves=4
num_cat=1
split_feature=29 41 5
split_gain=5.76029 38.7225 23.7791
threshold=6.1909217825685827 0 3.803973664660838
decision_type=2 9 2
left_child=1 2 -1
right_child=-2 -3 -4
leaf_value=0.022282350348160784 0.00083904956059063416 -0.010967583956306341 -0.035678576448790841
leaf_weight=70.105282964137473 1449.1621278892108 218.87527347954904 7.2080806017511341
leaf_count=5893 40886 10194 752
internal_value=0 -0.0040855 0.0141412
internal_weight=1745.35 296.189 77.3134
internal_count=57725 16839 6645
cat_boundaries=0 1
cat_threshold=520
is_linear=0
shrinkage=0.0321881


Tree=1065
num_leaves=4
num_cat=1
split_feature=41 3 14
split_gain=4.99544 9.27747 7.3956
threshold=0 211.67034529562531 438.81803833619693
decision_type=9 2 8
left_child=1 2 -1
right_child=-2 -3 -4
leaf_value=0.005860589469294253 0.00050768449754484972 -0.023591918582982173 -0.02132385964934649
leaf_weight=43.349450484084628 1649.3935964404673 26.59975195897141 13.322020901152426
leaf_count=1660 55163 660 251
internal_value=6.46648e-05 -0.00713111 0
internal_weight=1732.66 83.2712 56.6715
internal_count=57734 2571 1911
cat_boundaries=0 1
cat_threshold=64
is_linear=0
shrinkage=0.0321881


Tree=1066
num_leaves=4
num_cat=0
split_feature=30 0 4
split_gain=7.3931 17.3621 14.5384
threshold=0.77252711792581741 523.21595837323162 1960.1397028357012
decision_type=2 2 2
left_child=-1 -2 -3
right_child=1 2 -4
leaf_value=0.0011575188005839409 0.0030059586118181673 -0.013841638163086303 0.012423650217339547
leaf_weight=1374.5578066943565 181.56601251838788 176.00360727366206 22.188393024247489
leaf_count=49118 4911 3599 263
internal_value=2.31871e-05 -0.00391314 -0.0105688
internal_weight=1754.32 379.758 198.192
internal_count=57891 8773 3862
is_linear=0
shrinkage=0.0321881


Tree=1067
num_leaves=4
num_cat=0
split_feature=40 31 39
split_gain=6.02452 4.73756 5.79754
threshold=-0.06387778456664385 -0.97702940019211992 -0.026026015745497868
decision_type=2 2 2
left_child=-1 -2 -3
right_child=1 2 -4
leaf_value=-0.0099476415168730774 -0.0049902686474437696 -0.0039506545326726348 0.0014018362980049871
leaf_weight=66.380425467805026 155.51369278358743 247.94162527410799 1263.2458283775111
leaf_count=2560 10451 8256 36611
internal_value=-0.000450705 -3.28958e-05 0.000481026
internal_weight=1733.08 1666.7 1511.19
internal_count=57878 55318 44867
is_linear=0
shrinkage=0.0321881


Tree=1068
num_leaves=4
num_cat=0
split_feature=14 5 5
split_gain=5.28866 18.8595 22.2319
threshold=459.47724880287552 1.2556371802840613 2.7363057862341083
decision_type=10 2 2
left_child=-1 -2 -3
right_child=1 2 -4
leaf_value=-0.0010208651162508238 -0.0032521788891684091 0.023994921606419885 0
leaf_weight=1393.2728895992409 189.19956888271918 77.249443079541379 84.922084718127735
leaf_count=52014 3140 1128 1607
internal_value=-9.54737e-05 0.003391 0.011527
internal_weight=1744.64 351.371 162.172
internal_count=57889 5875 2735
is_linear=0
shrinkage=0.0321881


Tree=1069
num_leaves=4
num_cat=2
split_feature=11 44 44
split_gain=6.73675 16.1752 11.9837
threshold=25.025492890384779 0 1
decision_type=8 9 9
left_child=2 -2 -1
right_child=1 -3 -4
leaf_value=0.016880046277873401 -0.015306464605933951 -0.00068117158746531722 0.00021225152438885433
leaf_weight=36.766327899453472 86.988875813401933 483.17379819655923 1143.0886204326871
leaf_count=8280 13595 9914 26168
internal_value=-0.000412726 -0.00330992 0.000933746
internal_weight=1750.02 570.163 1179.85
internal_count=57957 23509 34448
cat_boundaries=0 1 2
cat_threshold=787280 263168
is_linear=0
shrinkage=0.0321881


Tree=1070
num_leaves=4
num_cat=1
split_feature=5 44 10
split_gain=6.47736 36.3591 95.261
threshold=2.2448717033133412 0 6720.7833034750611
decision_type=2 9 2
left_child=-1 2 -2
right_child=1 -3 -4
leaf_value=-0.0012343386444578397 0.070021349488948836 -0.00017878006286895431 -0.011731731017963513
leaf_weight=1239.2475108869014 29.314136790519115 435.29662497469258 27.188849492697045
leaf_count=43773 240 13126 550
internal_value=0 0.0031307 0.0252287
internal_weight=1731.05 491.8 56.503
internal_count=57689 13916 790
cat_boundaries=0 1
cat_threshold=528
is_linear=0
shrinkage=0.0321881


Tree=1071
num_leaves=4
num_cat=1
split_feature=31 42 30
split_gain=6.49068 14.5223 14.1088
threshold=-0.77999315976153383 0 0.1440721309892283
decision_type=2 9 2
left_child=1 2 -1
right_child=-2 -3 -4
leaf_value=0.027673551055362247 0.001651950558814399 -0.0040968122307857352 -0.0064214505712715496
leaf_weight=32.675093143814593 1141.0176289053275 548.25479309415414 16.053538540575119
leaf_count=972 25308 31088 558
internal_value=0.000195458 -0.00248125 0.0125919
internal_weight=1738 596.983 48.7286
internal_count=57926 32618 1530
cat_boundaries=0 1
cat_threshold=262692
is_linear=0
shrinkage=0.0321881


Tree=1072
num_leaves=4
num_cat=0
split_feature=30 5 13
split_gain=5.64318 10.3074 8.07907
threshold=-0.97567019703431956 2.3325628418845121 34.38333985142981
decision_type=2 2 8
left_child=1 2 -1
right_child=-2 -3 -4
leaf_value=0.0037957748427389871 0.00048341768523379688 -0.021758078400537027 -0.015555652333368036
leaf_weight=82.036556303923135 1593.2685580510315 33.734079059623582 29.759344898196559
leaf_count=1174 55427 633 717
internal_value=-3.41815e-05 -0.00612941 -0.000808932
internal_weight=1738.8 145.53 111.796
internal_count=57951 2524 1891
is_linear=0
shrinkage=0.0321881


Tree=1073
num_leaves=4
num_cat=0
split_feature=30 5 23
split_gain=5.16341 21.6957 28.6387
threshold=-0.50891358881583248 2.2448717033133412 26.292059817200091
decision_type=2 2 2
left_child=-1 -2 -3
right_child=1 2 -4
leaf_value=-0.0020722547937039012 -0.0014628782186895464 -0.0010662737050472332 0.017203672309656869
leaf_weight=648.72688102649727 745.74897825139169 164.38803016673228 178.74818258877349
leaf_count=14719 32651 6984 3656
internal_value=0.000159094 0.00154711 0.00827081
internal_weight=1737.61 1088.89 343.136
internal_count=58010 43291 10640
is_linear=0
shrinkage=0.0321881


Tree=1074
num_leaves=4
num_cat=0
split_feature=15 16 1
split_gain=5.4005 15.2388 25.9156
threshold=0.61258675901350856 90.340659366710952 5.2742211666593741
decision_type=8 8 2
left_child=-1 -2 -3
right_child=1 2 -4
leaf_value=0.0039608151424679128 -0.015973345103072585 0.02701455048070716 -0.00055722965207156028
leaf_weight=340.24359433519396 63.151926687863806 36.035992629770817 1305.7851108600698
leaf_count=6108 23719 6878 21286
internal_value=0.000300494 -0.000541121 0.000140419
internal_weight=1745.22 1404.97 1341.82
internal_count=57991 51883 28164
is_linear=0
shrinkage=0.0321881


Tree=1075
num_leaves=4
num_cat=0
split_feature=16 12 10
split_gain=4.55404 35.4602 25.1743
threshold=175.32237714182193 34.705096367875001 14158.38145479078
decision_type=10 10 2
left_child=-1 2 -2
right_child=1 -3 -4
leaf_value=-0.00089686988207575381 -0.018201881379490616 0.012271407580825478 0.020510097197752281
leaf_weight=1444.2782310500033 90.587253201352723 184.58185166188923 19.921622572241176
leaf_count=52386 2176 3108 313
internal_value=-0.000117026 0.00348179 -0.0106191
internal_weight=1739.37 295.091 110.509
internal_count=57983 5597 2489
is_linear=0
shrinkage=0.0321881


Tree=1076
num_leaves=4
num_cat=0
split_feature=16 21 1
split_gain=4.9737 18.5043 5.45509
threshold=252.14483259218417 306.04536809913981 1.6481878791592457
decision_type=8 2 2
left_child=2 -2 -1
right_child=1 -3 -4
leaf_value=-0.017574238097566593 -0.031405452507275014 0.038447425581801919 0.00053066408956119735
leaf_weight=17.051406791325007 17.719683767514656 4.1323642643983467 1700.5137599414015
leaf_count=15671 1749 183 40210
internal_value=7.99336e-05 -0.0150416 0.000311447
internal_weight=1739.42 21.852 1717.57
internal_count=57813 1932 55881
is_linear=0
shrinkage=0.0321881


Tree=1077
num_leaves=4
num_cat=0
split_feature=15 32 12
split_gain=5.28635 20.9319 14.2475
threshold=1.1618501140846111 -0.87052767214666626 34.705096367875001
decision_type=8 2 10
left_child=-1 2 -2
right_child=1 -3 -4
leaf_value=0.00074680923923661497 -0.012609740892696173 -0.011605942687155965 0.017521406782175074
leaf_weight=1513.1035531133793 20.170717192812845 151.68105801795173 56.357339723414043
leaf_count=31777 2716 20935 2782
internal_value=2.15944e-05 -0.0045038 0.00873553
internal_weight=1741.31 228.209 76.5281
internal_count=58210 26433 5498
is_linear=0
shrinkage=0.0321881


Tree=1078
num_leaves=4
num_cat=0
split_feature=30 10 13
split_gain=4.88699 18.8022 25.3942
threshold=-0.48875867096253017 5606.8116103772954 36.655540385378373
decision_type=2 2 8
left_child=1 -1 -3
right_child=-2 2 -4
leaf_value=0.0084901107894203749 0.00054598516212606585 -0.00210355686035184 -0.020508922478269714
leaf_weight=117.61127775546129 1091.6091673258568 438.38523046493219 97.251552196760485
leaf_count=2283 42545 8144 4761
internal_value=-0.000722988 -0.0029404 -0.00557173
internal_weight=1744.86 653.248 535.637
internal_count=57733 15188 12905
is_linear=0
shrinkage=0.0321881


Tree=1079
num_leaves=4
num_cat=1
split_feature=10 44 10
split_gain=7.62205 20.3642 48.4682
threshold=8555.7987687876575 0 9746.4649185011676
decision_type=2 9 2
left_child=-1 -2 -3
right_child=1 2 -4
leaf_value=-0.0028003510698037656 0.0031589568897110324 0.017705678655385276 -0.026410403100883679
leaf_weight=633.64883383839378 997.36732608647424 36.857668407740675 76.871462323156834
leaf_count=19198 30213 1413 7059
internal_value=0 0.00162264 -0.0106157
internal_weight=1744.75 1111.1 113.729
internal_count=57883 38685 8472
cat_boundaries=0 1
cat_threshold=406531
is_linear=0
shrinkage=0.0321881


Tree=1080
num_leaves=4
num_cat=0
split_feature=10 32 22
split_gain=4.39735 23.5412 42.4521
threshold=8555.7987687876575 0.23842264243667002 282.9950201275978
decision_type=2 2 2
left_child=1 2 -1
right_child=-2 -3 -4
leaf_value=-0.020844413722892603 0.00094427680492795054 0.011316885845721303 0
leaf_weight=134.51941045942363 1104.3270998660551 105.16520932023127 399.3686883998671
leaf_count=5613 38458 4924 8689
internal_value=-0.000244385 -0.00239769 -0.00522226
internal_weight=1743.38 639.053 533.888
internal_count=57684 19226 14302
is_linear=0
shrinkage=0.0321881


Tree=1081
num_leaves=4
num_cat=1
split_feature=30 5 41
split_gain=5.74826 21.8759 25.3123
threshold=-0.42264425324915245 2.3325628418845121 0
decision_type=2 2 9
left_child=-1 -2 -3
right_child=1 2 -4
leaf_value=-0.0023135412480659264 -0.0015977213644048516 -0.0075431705218780834 0.012798154598462376
leaf_weight=691.52762899625986 730.38637131872747 73.684434363203763 261.46825872803311
leaf_count=16723 31175 4086 5975
internal_value=0 0.00145394 0.00829065
internal_weight=1757.07 1065.54 335.153
internal_count=57959 41236 10061
cat_boundaries=0 1
cat_threshold=10
is_linear=0
shrinkage=0.0321881


Tree=1082
num_leaves=4
num_cat=0
split_feature=25 36 33
split_gain=5.4274 9.30642 10.2995
threshold=5.008774948220851 0.91820378744602338 0.30419575848663211
decision_type=2 2 2
left_child=-1 2 -2
right_child=1 -3 -4
leaf_value=0.00040220537635458464 0.0072821391758571916 -0.018543933529191228 -0.023680962225481036
leaf_weight=1635.0995151561865 51.702797184457154 43.388785323370939 13.88025994040447
leaf_count=45021 2586 3887 6490
internal_value=-2.50159e-05 -0.00700557 0
internal_weight=1744.07 108.972 65.5831
internal_count=57984 12963 9076
is_linear=0
shrinkage=0.0321881


Tree=1083
num_leaves=4
num_cat=1
split_feature=10 31 44
split_gain=7.52748 5.82184 14.5194
threshold=1636.446172546707 -0.48744715567383734 0
decision_type=2 2 9
left_child=-1 2 -2
right_child=1 -3 -4
leaf_value=-0.025978700035238264 0.0061408008681102504 0.0022570683223271785 -0.0035844101788456793
leaf_weight=11.219499211385935 189.44522502699556 791.1483598369216 735.46391012670983
leaf_count=724 22090 14917 20024
internal_value=0 0.000197822 -0.00149489
internal_weight=1727.28 1716.06 924.909
internal_count=57755 57031 42114
cat_boundaries=0 1
cat_threshold=397824
is_linear=0
shrinkage=0.0321881


Tree=1084
num_leaves=4
num_cat=0
split_feature=14 10 12
split_gain=4.70273 24.3364 19.9512
threshold=401.05712323033475 13150.487467872381 40.070046025429662
decision_type=10 2 10
left_child=2 -2 -1
right_child=1 -3 -4
leaf_value=-5.0247727151178959e-05 -0.00041537850696436257 0.015824701499448642 -0.026806834522449301
leaf_weight=1119.60206964143 472.10249298325289 117.54023875701751 29.545468134542489
leaf_count=43756 7569 1878 4681
internal_value=0.000357595 0.00271902 -0.00079898
internal_weight=1738.79 589.643 1149.15
internal_count=57884 9447 48437
is_linear=0
shrinkage=0.0321881


Tree=1085
num_leaves=4
num_cat=0
split_feature=22 32 5
split_gain=4.84622 3.84198 34.5082
threshold=896.99644631003537 -0.11391272431726579 3.9540701610686164
decision_type=2 2 2
left_child=1 -1 -3
right_child=-2 2 -4
leaf_value=-0.0014634306499873104 0.012212392558308168 0.0047331363123621871 -0.023718440975281418
leaf_weight=1219.9296996403471 31.439602854894474 453.45930779723699 48.324690018889669
leaf_count=35003 683 20372 1925
internal_value=-0.000193619 -0.000458799 0.00185631
internal_weight=1753.15 1721.71 501.784
internal_count=57983 57300 22297
is_linear=0
shrinkage=0.0321881


Tree=1086
num_leaves=4
num_cat=0
split_feature=13 33 3
split_gain=6.06898 6.28091 5.882
threshold=41.140760463161023 -0.29195600878116706 151.31260349976949
decision_type=10 2 2
left_child=-1 -2 -3
right_child=1 2 -4
leaf_value=0.00020384889558415359 -0.017906257064336777 0.035284371736848646 -0.0082811282393877427
leaf_weight=1694.7772828062762 37.807629216476926 4.8119979696385808 4.8007325854431429
leaf_count=47606 7020 803 2433
internal_value=-7.78132e-05 -0.0114317 0.00738483
internal_weight=1742.2 47.4204 9.61273
internal_count=57862 10256 3236
is_linear=0
shrinkage=0.0321881


Tree=1087
num_leaves=4
num_cat=1
split_feature=10 44 4
split_gain=7.24094 42.3501 23.3747
threshold=10283.316616369719 0 1446.7448790852497
decision_type=2 9 2
left_child=-1 -2 -3
right_child=1 2 -4
leaf_value=0.0022016822228819398 -0.023660691439074875 -0.0022046744572563446 0.012933120854905281
leaf_weight=978.39543242601655 72.994994694459137 548.30907450641678 130.110864266318
leaf_count=28994 10033 15568 3121
internal_value=0.000345688 -0.00198614 0.000599348
internal_weight=1729.81 751.415 678.42
internal_count=57716 28722 18689
cat_boundaries=0 1
cat_threshold=262724
is_linear=0
shrinkage=0.0321881


Tree=1088
num_leaves=4
num_cat=1
split_feature=1 31 44
split_gain=4.26411 4.73134 13.6172
threshold=33.408322795899878 -0.50597703022915386 0
decision_type=2 2 9
left_child=1 2 -1
right_child=-2 -3 -4
leaf_value=0.0057260640408240129 -0.011079969345269589 0.0022297539263411727 -0.0034024946032882473
leaf_weight=211.36662724351231 33.614584223381826 812.88453962401513 681.8189800307473
leaf_count=22529 455 15546 19453
internal_value=0.000165808 0.000426219 -0.00114404
internal_weight=1739.68 1706.07 893.186
internal_count=57983 57528 41982
cat_boundaries=0 1
cat_threshold=397888
is_linear=0
shrinkage=0.0321881


Tree=1089
num_leaves=4
num_cat=0
split_feature=38 12 4
split_gain=4.13216 4.57593 11.8759
threshold=-0.02702505710087777 31.773173120101216 1607.0141870219511
decision_type=2 8 2
left_child=-1 -2 -3
right_child=1 2 -4
leaf_value=-0.0045387976847258756 0.0015558575432078844 -0.0022018833001933988 0.0085503464781046448
leaf_weight=221.44387434397981 941.28387428646943 470.90509418748911 103.84924097731937
leaf_count=8038 26724 19783 3435
internal_value=-0.000424537 0.000135031 -0.00208079
internal_weight=1737.48 1516.04 574.754
internal_count=57980 49942 23218
is_linear=0
shrinkage=0.0321881


Tree=1090
num_leaves=4
num_cat=0
split_feature=7 4 33
split_gain=4.98225 14.9993 11.5958
threshold=18496.447156732076 873.83141618689467 -0.57014205145283114
decision_type=2 2 2
left_child=-1 2 -2
right_child=1 -3 -4
leaf_value=0.00041039441290991244 -0.01491462576508234 -0.032040890038459807 0.021233539884514662
leaf_weight=1681.3378029948794 17.629655597969759 19.585145453226005 17.763742957858994
leaf_count=56073 458 918 444
internal_value=6.16406e-05 -0.00940629 0.00146087
internal_weight=1736.32 54.9785 35.3934
internal_count=57893 1820 902
is_linear=0
shrinkage=0.0321881


Tree=1091
num_leaves=4
num_cat=1
split_feature=42 4 16
split_gain=5.40353 11.8475 7.95223
threshold=0 535.12226176999104 124.76680135820155
decision_type=9 2 8
left_child=1 2 -1
right_child=-2 -3 -4
leaf_value=0.01017029754199133 -0.00049971755632529486 0.022990547310489419 -0.018325354759911341
leaf_weight=20.353064797166553 1679.043770055363 33.928972741312464 18.294129362755484
leaf_count=357 56480 500 425
internal_value=-7.14433e-05 0.00791313 -0.00170992
internal_weight=1751.62 72.5762 38.6472
internal_count=57762 1282 782
cat_boundaries=0 1
cat_threshold=131660
is_linear=0
shrinkage=0.0321881


Tree=1092
num_leaves=4
num_cat=0
split_feature=34 34 22
split_gain=5.38065 6.46679 5.66338
threshold=-0.0138090192086747 0.0020912253294329232 105.07576463595075
decision_type=2 2 2
left_child=-1 2 -2
right_child=1 -3 -4
leaf_value=-0.0035332746261723708 -0.012416570665278405 -0.00098981241090170379 0.0045480226420442768
leaf_weight=423.65816977735949 19.316841939948858 851.67824658096572 445.6053247536006
leaf_count=14327 3852 28508 11155
internal_value=-0.000356081 0.000618365 0.00370027
internal_weight=1740.26 1316.6 464.922
internal_count=57842 43515 15007
is_linear=0
shrinkage=0.0321881


Tree=1093
num_leaves=4
num_cat=0
split_feature=25 23 25
split_gain=6.07105 13.131 10.8412
threshold=6.0385896662387708 4.3225035098137328 16.980396812379354
decision_type=2 2 2
left_child=-1 2 -2
right_child=1 -3 -4
leaf_value=0.00022259404188743065 -0.022010642136993195 0.024619349662839105 0.0050888755917239377
leaf_weight=1652.7870916273901 51.428920274230222 9.0129254403589112 16.64347810191839
leaf_count=46366 4802 427 6377
internal_value=-0.000152262 -0.00898934 -0.0144416
internal_weight=1729.87 77.0853 68.0724
internal_count=57972 11606 11179
is_linear=0
shrinkage=0.0321881


Tree=1094
num_leaves=4
num_cat=0
split_feature=0 33 4
split_gain=5.13221 13.9342 20.5015
threshold=1390.1580593651868 -0.50894605680683347 269.86201520777246
decision_type=2 2 2
left_child=-1 -2 -3
right_child=1 2 -4
leaf_value=0.0010835160450900299 -0.012803967206384685 0.036804146108661027 -0.004709878064175557
leaf_weight=1589.6212150152078 94.778889928507851 16.873548629631841 37.41489026850104
leaf_count=54491 1968 507 885
internal_value=0.000514551 -0.00511826 0.00712895
internal_weight=1738.69 149.067 54.2884
internal_count=57851 3360 1392
is_linear=0
shrinkage=0.0321881


Tree=1095
num_leaves=4
num_cat=0
split_feature=15 16 1
split_gain=6.30046 10.5628 26.7627
threshold=0.58046610804549836 94.544558023920715 5.2742211666593741
decision_type=8 8 2
left_child=-1 -2 -3
right_child=1 2 -4
leaf_value=0.0041766587601756661 -0.010357736368329894 0.02805611779456162 -0.0010049618839429795
leaf_weight=280.07226961836932 117.05413343613964 33.41720773195857 1285.8291234634089
leaf_count=5055 25689 5924 21151
internal_value=-0.00019146 -0.00108811 -0.000215651
internal_weight=1716.37 1436.3 1319.25
internal_count=57819 52764 27075
is_linear=0
shrinkage=0.0321881


Tree=1096
num_leaves=4
num_cat=0
split_feature=0 33 4
split_gain=5.40538 13.1087 12.6677
threshold=1464.0342515944224 -0.53640347114427689 260.48712550895743
decision_type=2 2 2
left_child=-1 -2 -3
right_child=1 2 -4
leaf_value=0.00036836915739745765 -0.014923715480005683 0.028938941771527494 -0.0041060155600820651
leaf_weight=1623.2808467593179 78.550509436994616 16.430285907001235 35.284364186647508
leaf_count=55050 1699 471 820
internal_value=-0.000101251 -0.00643147 0.00525081
internal_weight=1753.55 130.265 51.7147
internal_count=58040 2990 1291
is_linear=0
shrinkage=0.0321881


Tree=1097
num_leaves=4
num_cat=0
split_feature=30 5 4
split_gain=5.2921 10.6073 7.6951
threshold=-0.97567019703431956 2.2085259674861075 514.26233011041927
decision_type=2 2 2
left_child=1 2 -1
right_child=-2 -3 -4
leaf_value=-0.01416990155850301 0.00081720800320498666 -0.021333132170304331 0.0046034559849839132
leaf_weight=31.134450352194108 1589.5911435830217 33.852870382265792 78.864108682830647
leaf_count=590 55240 626 1344
internal_value=0.000246812 -0.00560513 -0.000151477
internal_weight=1733.44 143.851 109.999
internal_count=57800 2560 1934
is_linear=0
shrinkage=0.0321881


Tree=1098
num_leaves=4
num_cat=0
split_feature=30 10 23
split_gain=4.98926 14.8808 13.2356
threshold=0.77252711792581741 9626.3138205125306 26.292059817200091
decision_type=2 2 2
left_child=-1 -2 -3
right_child=1 2 -4
leaf_value=0.0012958658332012964 -0.010208972917900742 -0.0053478928735174311 0.01014051698644091
leaf_weight=1339.7519062588588 165.50949249585574 107.89428049933872 115.22253005274979
leaf_count=48965 3893 3336 1647
internal_value=0.000331593 -0.00282762 0.00236777
internal_weight=1728.38 388.626 223.117
internal_count=57841 8876 4983
is_linear=0
shrinkage=0.0321881


Tree=1099
num_leaves=4
num_cat=0
split_feature=30 4 10
split_gain=6.61209 16.463 16.952
threshold=-0.48875867096253017 1068.3348198750739 12065.512931380219
decision_type=2 2 2
left_child=1 2 -1
right_child=-2 -3 -4
leaf_value=-0.0024249260858706205 0.0015240820695677523 0.0039682304661023057 -0.017632198711696339
leaf_weight=307.06105235815744 1083.8141480812533 240.04044451140635 107.07427187662847
leaf_count=6880 42789 5423 2841
internal_value=0 -0.00257304 -0.0065183
internal_weight=1737.99 654.176 414.135
internal_count=57933 15144 9721
is_linear=0
shrinkage=0.0321881


Tree=1100
num_leaves=4
num_cat=0
split_feature=33 36 33
split_gain=5.20183 11.0186 17.3742
threshold=0.30419575848663211 0.84822263505422868 -0.10011527784720671
decision_type=2 2 2
left_child=1 -1 -3
right_child=-2 2 -4
leaf_value=0.0077107729586926403 -0.014674234966536972 -0.00013729346473495996 -0.02197983373013743
leaf_weight=178.22873034334953 24.729010726241086 1488.5266837478475 38.675523479801996
leaf_count=6548 8260 41701 1328
internal_value=-6.56665e-05 0.000110827 -0.000735467
internal_weight=1730.16 1705.43 1527.2
internal_count=57837 49577 43029
is_linear=0
shrinkage=0.0321881


Tree=1101
num_leaves=4
num_cat=0
split_feature=30 1 10
split_gain=6.09382 13.0039 16.1798
threshold=0.92704881348482104 14.894879213993802 11322.179473513917
decision_type=2 2 2
left_child=-1 2 -2
right_child=1 -3 -4
leaf_value=0.0011324707857174334 -0.0073919338877920984 -0.0092400233181274792 0.030847645130956929
leaf_weight=1532.7037620310834 20.569674789774126 158.25429318917304 20.997096632070679
leaf_count=53598 880 2759 678
internal_value=0.000409216 -0.00481482 0.0104662
internal_weight=1732.52 199.821 41.5668
internal_count=57915 4317 1558
is_linear=0
shrinkage=0.0321881


Tree=1102
num_leaves=4
num_cat=1
split_feature=41 3 3
split_gain=6.12606 12.4227 6.70408
threshold=0 213.83513943784035 99.056400492099172
decision_type=9 2 2
left_child=1 -1 -2
right_child=2 -3 -4
leaf_value=0 -0.004632717397363699 -0.026385152167775705 0.0016623977587679607
leaf_weight=56.890332354037355 195.22127371310785 26.836068122207507 1460.2708958896317
leaf_count=1917 4129 645 50946
internal_value=0.000394755 -0.00753907 0.000875742
internal_weight=1739.22 83.7264 1655.49
internal_count=57637 2562 55075
cat_boundaries=0 1
cat_threshold=64
is_linear=0
shrinkage=0.0321881


Tree=1103
num_leaves=4
num_cat=0
split_feature=36 20 32
split_gain=4.46448 10.2024 30.9526
threshold=0.97560033566640603 57.04519696278161 -0.15867582628188062
decision_type=2 2 2
left_child=-1 2 -2
right_child=1 -3 -4
leaf_value=-0.0026246158050976633 -0.015114114868928379 0.0026154113929545844 -0.00092112096354548688
leaf_weight=628.25120058419498 175.82453163164746 820.46724168122091 104.88889458364793
leaf_count=27102 7265 19268 4199
internal_value=-0.000436754 0.000753943 -0.00445765
internal_weight=1729.43 1101.18 280.713
internal_count=57834 30732 11464
is_linear=0
shrinkage=0.0321881


Tree=1104
num_leaves=4
num_cat=0
split_feature=7 4 30
split_gain=6.22277 15.0728 6.44311
threshold=23286.098577735549 642.77150516582105 0.92704881348482104
decision_type=2 2 2
left_child=2 -2 -1
right_child=1 -3 -4
leaf_value=0.0012647476269213107 0.0030411065630301928 -0.031608295727194716 -0.004942240069390369
leaf_weight=1485.5418831522809 25.841179610273684 21.206621649336284 193.67081213163078
leaf_count=52241 642 957 4119
internal_value=0.000149791 -0.0113101 0.000510348
internal_weight=1726.26 47.0478 1679.21
internal_count=57959 1599 56360
is_linear=0
shrinkage=0.0321881


Tree=1105
num_leaves=4
num_cat=1
split_feature=13 44 0
split_gain=4.39861 16.0682 20.3832
threshold=35.17002009640138 0 604.24536473874809
decision_type=8 9 2
left_child=-1 2 -2
right_child=1 -3 -4
leaf_value=0.00081722431739030617 0.025007768734119879 -0.0057710332534073204 -0.0039509383922694142
leaf_weight=1249.9639824114238 45.100607859756792 384.81259200366344 49.705763183115778
leaf_count=31141 11315 14219 1100
internal_value=-0.00014914 -0.00279953 0.00830874
internal_weight=1729.58 479.619 94.8064
internal_count=57775 26634 12415
cat_boundaries=0 1
cat_threshold=393748
is_linear=0
shrinkage=0.0321881


Tree=1106
num_leaves=4
num_cat=2
split_feature=44 29 41
split_gain=5.58518 22.7381 12.9197
threshold=0 8.426518352541974 1
decision_type=9 2 9
left_child=1 2 -1
right_child=-2 -3 -4
leaf_value=-0.0085351030343348584 -0.0004079627137395154 -0.021315984881892062 0.020542751457269057
leaf_weight=14.626670204306718 1640.0099949275034 20.14821205434373 65.431702280746094
leaf_count=2901 38284 5546 11415
internal_value=2.49242e-05 0.00706526 0.0159229
internal_weight=1740.22 100.207 80.0584
internal_count=58146 19862 14316
cat_boundaries=0 1 2
cat_threshold=394244 784
is_linear=0
shrinkage=0.0321881


Tree=1107
num_leaves=4
num_cat=1
split_feature=10 44 21
split_gain=5.99758 37.5441 27.1706
threshold=10283.316616369719 0 39.190561443939579
decision_type=2 9 2
left_child=2 -2 -1
right_child=1 -3 -4
leaf_value=-0.024266523630364436 0.00085447098571346026 -0.019727507460726258 0.0030209715099889975
leaf_weight=38.794634606794375 655.84841673746723 95.725774592152334 943.57937128584399
leaf_count=7415 13055 15731 21638
internal_value=0.000184039 -0.0019387 0.00187296
internal_weight=1733.95 751.574 982.374
internal_count=57839 28786 29053
cat_boundaries=0 1
cat_threshold=140291
is_linear=0
shrinkage=0.0321881


Tree=1108
num_leaves=4
num_cat=0
split_feature=31 14 11
split_gain=5.55953 9.29585 6.66088
threshold=0.51452505592600561 394.81167710433823 25.8305460576358
decision_type=2 8 8
left_child=2 -2 -1
right_child=1 -3 -4
leaf_value=0.0021627224197346678 -0.018650734517880064 0.00057816961418988505 -0.0024076243095096095
leaf_weight=1197.9951838881091 41.102486014032365 54.43966860359069 445.5025448777817
leaf_count=36625 866 941 19483
internal_value=0.000411193 -0.00705483 0.000884922
internal_weight=1739.04 95.5422 1643.5
internal_count=57915 1807 56108
is_linear=0
shrinkage=0.0321881


Tree=1109
num_leaves=4
num_cat=0
split_feature=38 13 2
split_gain=6.17994 5.54492 7.49748
threshold=-0.023287176974886619 34.980933915043003 13.028412260347826
decision_type=2 8 2
left_child=-1 -2 -3
right_child=1 2 -4
leaf_value=-0.0037962086434409556 0.0027080929755174624 0.016563815189843917 -0.001179311419825834
leaf_weight=274.28650452308193 1050.2720560081173 24.29321878769656 382.47940126473259
leaf_count=9881 25812 15406 6797
internal_value=0.000571231 0.00143759 -0.00117931
internal_weight=1731.33 1457.04 406.773
internal_count=57896 48015 22203
is_linear=0
shrinkage=0.0321881


Tree=1110
num_leaves=4
num_cat=0
split_feature=10 32 22
split_gain=5.43053 21.7262 34.9843
threshold=8555.7987687876575 0.23842264243667002 277.8941390065433
decision_type=2 2 2
left_child=1 2 -1
right_child=-2 -3 -4
leaf_value=-0.020000122999361915 0.0015165332974231972 0.011055606452987359 -0.00019042863925193375
leaf_weight=122.77381613654154 1108.2299290407443 103.20465809283917 397.97440592093335
leaf_count=5476 38679 4833 8740
internal_value=0.000129808 -0.00223081 -0.00499007
internal_weight=1732.18 623.953 520.748
internal_count=57728 19049 14216
is_linear=0
shrinkage=0.0321881


Tree=1111
num_leaves=4
num_cat=1
split_feature=31 44 10
split_gain=7.45963 16.6451 39.6014
threshold=-0.41687424061643186 0 5680.8217518983174
decision_type=2 9 2
left_child=-1 -2 -3
right_child=1 2 -4
leaf_value=-0.0017699096358298049 0.0044793401554535945 0.016403543544311054 -0.025080120399454675
leaf_weight=1007.8860927322107 634.87450499584361 35.476917041172328 65.217825111758884
leaf_count=44409 10315 616 2632
internal_value=0 0.00249236 -0.00894322
internal_weight=1743.46 735.569 100.695
internal_count=57972 13563 3248
cat_boundaries=0 1
cat_threshold=263191
is_linear=0
shrinkage=0.0321881


Tree=1112
num_leaves=4
num_cat=0
split_feature=30 5 10
split_gain=6.79156 13.4799 21.4191
threshold=0.73228533579509125 2.1827784079505679 8060.6461651789996
decision_type=2 2 2
left_child=-1 -2 -3
right_child=1 2 -4
leaf_value=0.0013075782888069174 -0.0076115711957321737 -0.01891482639169503 0.011631766475073999
leaf_weight=1313.6052132224652 275.00909178943516 29.278172203185932 106.76271883132813
leaf_count=48166 7118 686 1881
internal_value=0.000142342 -0.00342518 0.00456881
internal_weight=1724.66 411.05 136.041
internal_count=57851 9685 2567
is_linear=0
shrinkage=0.0321881


Tree=1113
num_leaves=4
num_cat=0
split_feature=25 10 5
split_gain=5.42643 11.2627 17.3857
threshold=1.6129097225830207 5606.8116103772954 4.1546934593304714
decision_type=2 2 2
left_child=-1 2 -2
right_child=1 -3 -4
leaf_value=0.0015558379494869528 0.012001606659130273 -0.004499574274579211 -0.032659891099365713
leaf_weight=1183.9353980705664 91.500357054138817 459.29548503837088 9.1996951413584593
leaf_count=31205 3753 22742 245
internal_value=0.000288838 -0.00227567 0.00722333
internal_weight=1743.93 559.996 100.7
internal_count=57945 26740 3998
is_linear=0
shrinkage=0.0321881


Tree=1114
num_leaves=4
num_cat=1
split_feature=29 33 44
split_gain=5.22851 16.1481 10.512
threshold=9.2977162652859988 -0.089687172281791308 0
decision_type=2 2 9
left_child=1 2 -1
right_child=-2 -3 -4
leaf_value=0.0004028252418666581 0.005308770158479653 -0.021737096290678107 -0.010602154349136111
leaf_weight=1446.3550068247273 159.54377595974006 37.053766229668781 85.316207767075412
leaf_count=35410 6761 6588 9193
internal_value=-0.00018801 -0.000788362 -0.000236714
internal_weight=1728.27 1568.72 1531.67
internal_count=57952 51191 44603
cat_boundaries=0 1
cat_threshold=394759
is_linear=0
shrinkage=0.0321881


Tree=1115
num_leaves=4
num_cat=0
split_feature=15 11 32
split_gain=6.17694 13.7577 11.7294
threshold=1.1618501140846111 27.863378609317369 -0.87052767214666626
decision_type=8 10 2
left_child=-1 2 -2
right_child=1 -3 -4
leaf_value=0.00052811717228169026 0.010608082235601371 -0.019832375130430062 -0.0070078834361394634
leaf_weight=1506.7557889994164 59.921963341176706 51.260274013732896 109.96174880667013
leaf_count=31695 3812 7933 14579
internal_value=-0.00017119 -0.00521906 -0.000413797
internal_weight=1727.9 221.144 169.884
internal_count=58019 26324 18391
is_linear=0
shrinkage=0.0321881


Tree=1116
num_leaves=4
num_cat=1
split_feature=36 44 36
split_gain=4.79649 15.946 16.3509
threshold=0.84822263505422868 0 0.090383134151744329
decision_type=2 9 2
left_child=1 -1 -3
right_child=-2 2 -4
leaf_value=0.02553595500446738 -0.0015617567985140638 -0.0037381666770699954 0.024665935538097008
leaf_weight=19.219871143072851 1520.9031085949214 161.64201908068162 23.88947974402754
leaf_count=1090 42940 13184 639
internal_value=-0.000909546 0.00362059 0
internal_weight=1725.65 204.751 185.531
internal_count=57853 14913 13823
cat_boundaries=0 1
cat_threshold=12292
is_linear=0
shrinkage=0.0321881


Tree=1117
num_leaves=4
num_cat=0
split_feature=14 1 31
split_gain=5.84277 10.646 15.345
threshold=189.22314142805959 23.239966367312025 -0.52417639668472005
decision_type=8 2 2
left_child=1 -1 -3
right_child=-2 2 -4
leaf_value=-0.011992217860361223 0.00022611309854775241 -0.0093574829997427889 0.018280941749276563
leaf_weight=115.93874735707743 1529.3447392201106 43.585621407613871 37.599322354260948
leaf_count=15490 41382 575 502
internal_value=-0.000406577 -0.00563228 0.00267644
internal_weight=1726.47 197.124 81.1849
internal_count=57949 16567 1077
is_linear=0
shrinkage=0.0321881


Tree=1118
num_leaves=4
num_cat=2
split_feature=41 44 3
split_gain=4.71741 8.57549 9.57017
threshold=0 1 119.71816665804145
decision_type=9 9 2
left_child=1 -1 -3
right_child=-2 2 -4
leaf_value=0.0038982774874335834 0.00032707099316880999 0.0040872741657435466 -0.025916764067866669
leaf_weight=33.389434998571232 1628.333905517665 10.577865998735431 38.447305257451717
leaf_count=573 55011 257 1748
internal_value=-3.5822e-05 -0.00713332 -0.0150969
internal_weight=1710.75 82.4146 49.0252
internal_count=57589 2578 2005
cat_boundaries=0 1 2
cat_threshold=64 518
is_linear=0
shrinkage=0.0321881


Tree=1119
num_leaves=4
num_cat=0
split_feature=10 2 15
split_gain=5.08269 5.04196 13.0467
threshold=1899.4708311970287 45.182017915350933 0.61258675901350856
decision_type=2 2 10
left_child=-1 -2 -3
right_child=1 2 -4
leaf_value=-0.019081664234131143 -0.00055172328951978331 0.011625938153315373 -0.0029187746476528613
leaf_weight=14.153131004122768 1464.9609076289985 127.93969258043217 116.80055114679271
leaf_count=942 53824 1614 1537
internal_value=0 0.000124447 0.00442847
internal_weight=1723.85 1709.7 244.74
internal_count=57917 56975 3151
is_linear=0
shrinkage=0.0321881


Tree=1120
num_leaves=4
num_cat=1
split_feature=31 41 33
split_gain=7.11592 11.4335 14.7952
threshold=-0.51514198748248319 0 -0.62090476663352034
decision_type=2 9 2
left_child=1 2 -1
right_child=-2 -3 -4
leaf_value=-0.0034369490821855291 0.001767110642375982 -0.0050123272313200851 0.01054650096294305
leaf_weight=172.8313394725983 826.00601419331133 581.86361132005572 137.41966567685267
leaf_count=5962 16010 30603 5341
internal_value=-0.00034165 -0.00236547 0.00247521
internal_weight=1718.12 892.115 310.251
internal_count=57916 41906 11303
cat_boundaries=0 1
cat_threshold=786
is_linear=0
shrinkage=0.0321881


Tree=1121
num_leaves=4
num_cat=1
split_feature=31 44 32
split_gain=5.22963 15.8008 32.3887
threshold=-0.73414005414471628 0 -0.67743669894125202
decision_type=2 9 2
left_child=1 -1 -3
right_child=-2 2 -4
leaf_value=0.0010345137415479996 0.00077556121034655682 0.0012820720173217501 -0.021604353076013334
leaf_weight=398.64618895733634 1073.0690940577285 128.49762991685338 118.54333986506276
leaf_count=25468 23227 3314 5821
internal_value=-0.000555345 -0.00286526 -0.00908524
internal_weight=1718.76 645.687 247.041
internal_count=57830 34603 9135
cat_boundaries=0 1
cat_threshold=414281
is_linear=0
shrinkage=0.0321881


Tree=1122
num_leaves=4
num_cat=1
split_feature=35 10 44
split_gain=5.09357 5.62693 23.2336
threshold=-0.0019638662444684276 8555.7987687876575 0
decision_type=2 2 9
left_child=-1 -2 -3
right_child=1 2 -4
leaf_value=-0.0031705514811380606 -0.001494284186777585 0.0045659882341942673 -0.011595475021649086
leaf_weight=348.2183601471404 496.61331372741256 796.73914355929287 92.846197755009371
leaf_count=11926 15244 23936 6756
internal_value=0.000260014 0.00116812 0.002726
internal_weight=1734.42 1386.2 889.585
internal_count=57862 45936 30692
cat_boundaries=0 1
cat_threshold=406531
is_linear=0
shrinkage=0.0321881


Tree=1123
num_leaves=4
num_cat=0
split_feature=22 18 36
split_gain=5.09387 9.28383 5.93166
threshold=851.83023505095173 34.484469154682451 0.84822263505422868
decision_type=2 2 2
left_child=2 -2 -1
right_child=1 -3 -4
leaf_value=0.0048877287132456631 0.0056726499168292428 0.026935978608237904 -0.00099771059251939614
leaf_weight=199.69286855808082 15.56753665722499 22.439966327161528 1496.7044953873492
leaf_count=14897 430 469 42214
internal_value=0 0.0116121 -0.000266774
internal_weight=1734.4 38.0075 1696.4
internal_count=58010 899 57111
is_linear=0
shrinkage=0.0321881


Tree=1124
num_leaves=4
num_cat=1
split_feature=10 44 4
split_gain=6.27238 36.7009 26.1199
threshold=10630.4600216089 0 1882.6020048453524
decision_type=2 9 2
left_child=-1 2 -2
right_child=1 -3 -4
leaf_value=0.0017952756710202839 -0.0011170888996673766 -0.020849093505523889 0.024115435880423256
leaf_weight=1047.41945035444 555.93726005224232 83.909386573982715 45.609494387729228
leaf_count=31257 11589 14665 565
internal_value=0.000195362 -0.00215629 0.000687527
internal_weight=1732.88 685.456 601.547
internal_count=58076 26819 12154
cat_boundaries=0 1
cat_threshold=132099
is_linear=0
shrinkage=0.0321881


Tree=1125
num_leaves=4
num_cat=0
split_feature=30 2 1
split_gain=9.51144 13.1516 13.5818
threshold=0.77252711792581741 51.365334396272594 8.641036371406571
decision_type=2 2 2
left_child=-1 2 -2
right_child=1 -3 -4
leaf_value=0.00095903727272740602 0.020380650107160805 0.020001993236280002 -0.0078180347928704774
leaf_weight=1334.2964694134296 17.291287667932693 19.60534080612706 347.38068800999463
leaf_count=49137 2379 236 6203
internal_value=-0.000286603 -0.00477532 -0.00629405
internal_weight=1718.57 384.277 364.672
internal_count=57955 8818 8582
is_linear=0
shrinkage=0.0321881


Tree=1126
num_leaves=4
num_cat=0
split_feature=14 5 22
split_gain=6.24915 9.90117 8.16738
threshold=165.38591058341453 1.1548332959413041 328.32833522713076
decision_type=10 2 2
left_child=1 2 -1
right_child=-2 -3 -4
leaf_value=-0.010736819598292714 0.00071803272863404054 -0.014806521711057461 0.011514857129924271
leaf_weight=27.589700084086871 1590.8586399712026 71.649597106511465 40.693932570053221
leaf_count=3104 47420 4924 2506
internal_value=0.000107981 -0.0063626 0.00158858
internal_weight=1730.79 139.933 68.2836
internal_count=57954 10534 5610
is_linear=0
shrinkage=0.0321881


Tree=1127
num_leaves=4
num_cat=0
split_feature=29 35 14
split_gain=4.89737 4.22517 5.27852
threshold=10.289735587166591 0.0027000305407332524 225.64904042671495
decision_type=2 2 10
left_child=1 2 -1
right_child=-2 -3 -4
leaf_value=-0.0024771124655074035 -0.018541691502245921 -0.0034590087595226015 0.0022670621693898678
leaf_weight=292.2471547425414 13.457691733111686 216.47606459694157 1209.1265767936648
leaf_count=25854 3621 7019 21397
internal_value=0.000475051 0.000663638 0.00130093
internal_weight=1731.31 1717.85 1501.37
internal_count=57891 54270 47251
is_linear=0
shrinkage=0.0321881


Tree=1128
num_leaves=4
num_cat=0
split_feature=32 10 10
split_gain=6.33447 13.4372 14.143
threshold=0.65113930365462513 8367.0091862323279 5374.3644452579674
decision_type=2 2 2
left_child=-1 2 -2
right_child=1 -3 -4
leaf_value=6.7878690145719127e-05 -0.032100481156082307 -0.029420787424222952 0.019250139226675199
leaf_weight=1675.0622354265706 7.316718588940037 23.381430333612911 18.637752169923942
leaf_count=52003 774 3961 1159
internal_value=-0.00022996 -0.0115791 0.0021828
internal_weight=1724.4 49.3359 25.9545
internal_count=57897 5894 1933
is_linear=0
shrinkage=0.0321881


Tree=1129
num_leaves=4
num_cat=0
split_feature=34 20 22
split_gain=5.15148 5.03216 9.62447
threshold=-0.046852208513604693 41.808478199216424 90.822097129828919
decision_type=2 2 2
left_child=-1 2 -2
right_child=1 -3 -4
leaf_value=-0.014649023065724258 -0.01762274956788169 0.0012277159675567945 -0.00095902082799783738
leaf_weight=24.135285698863754 41.620743970201829 1315.2084763094808 337.33212682440671
leaf_count=910 13442 32335 11261
internal_value=3.20027e-06 0.000251548 -0.00296706
internal_weight=1718.3 1694.16 378.953
internal_count=57948 57038 24703
is_linear=0
shrinkage=0.0321881


Tree=1130
num_leaves=4
num_cat=0
split_feature=30 5 4
split_gain=5.60951 18.6697 25.1259
threshold=-0.48875867096253017 2.7363057862341083 814.96994846771292
decision_type=2 2 2
left_child=1 -1 -3
right_child=-2 2 -4
leaf_value=0.0006390824097223586 0.001525049116093676 -0.004816698155433145 -0.038094759225139316
leaf_weight=491.24848682200627 1073.6246184967865 118.81484068147097 31.277872050051883
leaf_count=11572 42873 2414 1124
internal_value=6.65293e-05 -0.00227546 -0.0122243
internal_weight=1714.97 641.341 150.093
internal_count=57983 15110 3538
is_linear=0
shrinkage=0.0321881


Tree=1131
num_leaves=4
num_cat=0
split_feature=8 12 16
split_gain=4.88497 6.9491 10.023
threshold=7157.0778740648375 10.715185105228452 65.369179193835478
decision_type=2 8 8
left_child=1 -1 -3
right_child=-2 2 -4
leaf_value=0.012563764502553249 -0.011104111697333018 -0.013342952647028793 -0.00013574522066013797
leaf_weight=41.621002487960141 45.072182451147455 62.165027075420653 1570.0186733223336
leaf_count=954 701 15264 40956
internal_value=-0.000632127 -0.000310559 -0.00067965
internal_weight=1718.88 1673.8 1632.18
internal_count=57875 57174 56220
is_linear=0
shrinkage=0.0321881


Tree=1132
num_leaves=4
num_cat=0
split_feature=11 16 12
split_gain=5.03533 13.4104 32.7475
threshold=25.98720285470414 159.28271391690228 32.79589278931347
decision_type=8 8 10
left_child=-1 2 -2
right_child=1 -3 -4
leaf_value=0.00095437292535178531 0.011000348762481059 0.00070680234397984241 -0.020928419321128714
leaf_weight=1276.2078760486559 45.556655894880123 304.87820282249231 105.21359149310501
leaf_count=38724 7247 5997 6219
internal_value=-4.51632e-05 -0.00298348 -0.0108569
internal_weight=1731.86 455.648 150.77
internal_count=58187 19463 13466
is_linear=0
shrinkage=0.0321881


Tree=1133
num_leaves=4
num_cat=1
split_feature=30 29 41
split_gain=8.03135 13.9275 15.8183
threshold=-0.70783388077524501 6.2283330048401604 0
decision_type=2 2 9
left_child=-1 2 -2
right_child=1 -3 -4
leaf_value=-0.0032946655101672448 0.0084467054512608036 0.0031375987909688405 -0.010801992903794411
leaf_weight=498.64462509896316 49.683343584105387 1015.5203349405697 156.6215346745505
leaf_count=10125 5884 33629 8501
internal_value=0.000106597 0.00154719 -0.00596771
internal_weight=1720.47 1221.83 206.305
internal_count=58139 48014 14385
cat_boundaries=0 1
cat_threshold=520
is_linear=0
shrinkage=0.0321881


Tree=1134
num_leaves=4
num_cat=1
split_feature=10 44 10
split_gain=4.40195 21.2639 41.5627
threshold=8555.7987687876575 0 9505.8441830639658
decision_type=2 9 2
left_child=-1 -2 -3
right_child=1 2 -4
leaf_value=-0.0022546280831031878 0.0027206097789310383 0.017797493627553503 -0.025156382528317509
leaf_weight=626.78581873535427 977.42245087033723 30.994843737728161 79.911003180112061
leaf_count=19331 30166 1116 7331
internal_value=-7.19147e-05 0.00112685 -0.0115293
internal_weight=1715.11 1088.33 110.906
internal_count=57944 38613 8447
cat_boundaries=0 1
cat_threshold=406531
is_linear=0
shrinkage=0.0321881


Tree=1135
num_leaves=4
num_cat=0
split_feature=3 2 0
split_gain=5.21704 13.5988 9.75545
threshold=99.056400492099172 46.460611095909186 433.07388428330097
decision_type=2 2 2
left_child=1 -1 -2
right_child=2 -3 -4
leaf_value=-0.0084399001470894398 -0.0024611007252487013 0.015348093625466366 0.0027538735450377059
leaf_weight=176.94765603668725 634.9198053327525 27.205387278198032 880.82807598084401
leaf_count=4037 39537 354 14057
internal_value=-8.56806e-05 -0.00494417 0.000527356
internal_weight=1719.9 204.153 1515.75
internal_count=57985 4391 53594
is_linear=0
shrinkage=0.0321881


Tree=1136
num_leaves=4
num_cat=1
split_feature=10 10 44
split_gain=4.93846 4.84965 31.7256
threshold=2143.8089962931526 10325.399110574295 0
decision_type=2 2 9
left_child=-1 -2 -3
right_child=1 2 -4
leaf_value=-0.017143113076413415 0.0013219370962741148 -0.022179224149040097 0
leaf_weight=17.82437668533953 960.25066144773132 63.463941450515904 682.94433158675929
leaf_count=1184 28046 9992 18651
internal_value=-0.000365052 -0.000150151 -0.00212911
internal_weight=1724.48 1706.66 746.408
internal_count=57873 56689 28643
cat_boundaries=0 1
cat_threshold=262720
is_linear=0
shrinkage=0.0321881


Tree=1137
num_leaves=4
num_cat=1
split_feature=11 44 16
split_gain=5.50492 12.5739 18.3174
threshold=24.801170949632908 0 159.28271391690228
decision_type=8 9 10
left_child=-1 -2 -3
right_child=1 2 -4
leaf_value=0.0016175233612157019 0.01564941005408791 -0.011255221013941427 0.00077047045237514243
leaf_weight=1136.144800812084 27.313725136993526 201.77348818426185 349.92122000073141
leaf_count=33587 1665 17262 5491
internal_value=0.000283071 -0.00222505 -0.00345272
internal_weight=1715.15 579.008 551.695
internal_count=58005 24418 22753
cat_boundaries=0 1
cat_threshold=144388
is_linear=0
shrinkage=0.0321881


Tree=1138
num_leaves=4
num_cat=1
split_feature=32 44 31
split_gain=6.85901 29.1263 32.6376
threshold=-0.38521764513618745 0 -0.63950072207310527
decision_type=2 9 2
left_child=-1 -2 -3
right_child=1 2 -4
leaf_value=-0.0024062580875758828 0.0067693127829513084 -0.01973145893791976 0.0018121580171097111
leaf_weight=965.76532805213424 457.63469330680641 113.75002748400192 189.31386581815974
leaf_count=28192 17638 8144 4001
internal_value=-0.000578688 0.00165787 -0.00587914
internal_weight=1726.46 760.699 303.064
internal_count=57975 29783 12145
cat_boundaries=0 1
cat_threshold=262677
is_linear=0
shrinkage=0.0321881


Tree=1139
num_leaves=4
num_cat=0
split_feature=14 29 17
split_gain=5.91759 15.2288 12.6244
threshold=638.99993765390536 8.3814935217333382 6.0195768325760683
decision_type=10 2 10
left_child=2 -2 -1
right_child=1 -3 -4
leaf_value=1.237152231618375e-06 -0.0019201028330519474 0.026754264059957934 -0.023061438306093304
leaf_weight=1619.5109310261764 42.866350733529544 29.936488880346587 24.652438779144632
leaf_count=44118 880 474 12426
internal_value=5.17299e-05 0.00904729 -0.000309102
internal_weight=1716.97 72.8028 1644.16
internal_count=57898 1354 56544
is_linear=0
shrinkage=0.0321881


Tree=1140
num_leaves=4
num_cat=1
split_feature=30 44 23
split_gain=6.87242 15.9438 11.7266
threshold=0.72255049004727878 0 30.022270197594555
decision_type=2 9 2
left_child=-1 2 -2
right_child=1 -3 -4
leaf_value=0.0010618253396289317 0 -0.0052115319257895806 0.050570122405221178
leaf_weight=1313.731652657119 6.4485729041116455 403.7820986874649 11.173266901794703
leaf_count=47945 1188 8375 450
internal_value=-4.81707e-05 -0.00365831 0.0197958
internal_weight=1735.14 421.404 17.6218
internal_count=57958 10013 1638
cat_boundaries=0 1
cat_threshold=271376
is_linear=0
shrinkage=0.0321881


Tree=1141
num_leaves=4
num_cat=0
split_feature=30 32 10
split_gain=5.13983 17.0363 19.1552
threshold=-0.81602605447879462 0.23842264243667002 7059.7707560101417
decision_type=2 2 2
left_child=1 -1 -3
right_child=-2 2 -4
leaf_value=-0.0065572362186299077 0.00052647048787367518 0.033550176979547409 -0.0018060494734451894
leaf_weight=337.65239314057544 1320.6242001102287 24.713069682647983 35.268968379444914
leaf_count=5704 50312 497 1336
internal_value=-0.000397778 -0.00362596 0.011778
internal_weight=1718.26 397.634 59.982
internal_count=57849 7537 1833
is_linear=0
shrinkage=0.0321881


Tree=1142
num_leaves=4
num_cat=1
split_feature=41 2 29
split_gain=4.38728 17.9423 6.13749
threshold=0 34.97730825368803 6.2283330048401604
decision_type=9 2 2
left_child=1 -1 -2
right_child=2 -3 -4
leaf_value=-0.01619406089375475 -0.0046530375998152752 0.015154336334496104 0.0004793691854371048
leaf_weight=23.485485616874257 291.51116155378782 74.175483225466451 1332.7297822914009
leaf_count=688 16966 840 39586
internal_value=0 0.00630054 -0.000400641
internal_weight=1721.9 97.661 1624.24
internal_count=58080 1528 56552
cat_boundaries=0 1
cat_threshold=528
is_linear=0
shrinkage=0.0321881


Tree=1143
num_leaves=4
num_cat=0
split_feature=5 38 7
split_gain=5.93282 9.21547 5.66931
threshold=5.3406612760261511 0.024404386928910605 25635.356685849951
decision_type=2 2 2
left_child=2 -2 -1
right_child=1 -3 -4
leaf_value=-9.2520436578483097e-05 -0.00078577538374743157 0.026736195025803478 -0.016964950439676271
leaf_weight=1658.3032601145601 20.250833394552501 21.427034141309377 20.804413890816932
leaf_count=55516 693 450 1165
internal_value=-6.38813e-06 0.0119151 -0.000341864
internal_weight=1720.79 41.6779 1679.11
internal_count=57824 1143 56681
is_linear=0
shrinkage=0.0321881


Tree=1144
num_leaves=4
num_cat=1
split_feature=31 44 7
split_gain=5.10154 11.5744 21.1134
threshold=-0.72882100574748254 0 18496.447156732076
decision_type=2 9 2
left_child=-1 2 -2
right_child=1 -3 -4
leaf_value=-0.0026378155089480872 0.006300223326631979 -0.0021239016766483221 -0.023372053783294669
leaf_weight=655.11683594882106 467.34487449523363 559.46250398466623 25.251707728507427
leaf_count=34837 8855 13433 618
internal_value=-0.000382001 0.000962443 0.00454714
internal_weight=1707.18 1052.06 492.597
internal_count=57743 22906 9473
cat_boundaries=0 1
cat_threshold=271382
is_linear=0
shrinkage=0.0321881


Tree=1145
num_leaves=4
num_cat=0
split_feature=33 22 25
split_gain=4.82796 9.07784 8.92152
threshold=0.30419575848663211 228.63740349575338 14.189893342605354
decision_type=2 2 2
left_child=2 -2 -1
right_child=1 -3 -4
leaf_value=-0.00015916052374270083 -0.02940311218744392 0.0078479598748947207 0.022392816293699502
leaf_weight=1685.5277079807774 15.876789255155929 7.8305155372181607 18.118913552144477
leaf_count=46828 8135 233 2772
internal_value=-0.000118115 -0.0144831 4.63877e-05
internal_weight=1727.35 23.7073 1703.65
internal_count=57968 8368 49600
is_linear=0
shrinkage=0.0321881


Tree=1146
num_leaves=4
num_cat=0
split_feature=0 1 4
split_gain=4.68181 13.1585 28.5198
threshold=84.518640606756151 5.2742211666593741 498.54781742236361
decision_type=2 2 2
left_child=-1 2 -2
right_child=1 -3 -4
leaf_value=-0.0072156205072993109 0.046930990355709468 -0.00023681903442499943 -0.013078631911456588
leaf_weight=94.296815570716944 18.373588910656512 1579.564705947907 12.217493961336912
leaf_count=24030 1976 25707 6080
internal_value=-0.00024017 0.000129789 0.0209819
internal_weight=1704.45 1610.16 30.5911
internal_count=57793 33763 8056
is_linear=0
shrinkage=0.0321881


Tree=1147
num_leaves=4
num_cat=0
split_feature=30 30 1
split_gain=4.84686 5.31866 14.4718
threshold=-1.0302385800938807 0.77252711792581741 8.641036371406571
decision_type=2 2 2
left_child=-1 -2 -3
right_child=1 2 -4
leaf_value=-0.0098771048133935394 0.0010761247357859059 0.024805833617651957 -0.0047705714438873231
leaf_weight=51.98146858691598 1290.0085933184068 17.221352336010341 363.24431233631003
leaf_count=935 48233 2413 6442
internal_value=-0.000211619 5.23848e-05 -0.00324992
internal_weight=1722.46 1670.47 380.466
internal_count=58023 57088 8855
is_linear=0
shrinkage=0.0321881


Tree=1148
num_leaves=4
num_cat=0
split_feature=30 2 1
split_gain=5.88259 13.5101 15.1665
threshold=0.85983462038587788 50.356043798441114 9.5126325340413942
decision_type=2 2 2
left_child=-1 2 -2
right_child=1 -3 -4
leaf_value=0.00090302782695178866 0.022548001461479828 0.020877354779589706 -0.0081784236009608598
leaf_weight=1429.1244481399194 16.601984040300067 19.611908235412557 260.32381101086321
leaf_count=51434 1647 234 4709
internal_value=1.01667e-05 -0.00407553 -0.00608884
internal_weight=1725.66 296.538 276.926
internal_count=58024 6590 6356
is_linear=0
shrinkage=0.0321881


Tree=1149
num_leaves=4
num_cat=0
split_feature=35 7 10
split_gain=4.75396 4.45284 7.68599
threshold=-0.0043271040022564251 -1037.3418833205185 16391.174043107767
decision_type=2 2 2
left_child=-1 2 -2
right_child=1 -3 -4
leaf_value=-0.0089704659290570539 -0.0033361560642285082 0.0013717933441367305 0.022169288105814446
leaf_weight=58.021241733017632 405.38551824874162 1250.5924331702752 11.863289093469119
leaf_count=2110 15255 40001 492
internal_value=2.58484e-05 0.000378228 -0.00244624
internal_weight=1725.86 1667.84 417.249
internal_count=57858 55748 15747
is_linear=0
shrinkage=0.0321881


Tree=1150
num_leaves=4
num_cat=0
split_feature=30 4 10
split_gain=5.23977 11.0875 15.9169
threshold=0.77252711792581741 305.52564606808335 7128.1291894377964
decision_type=2 2 2
left_child=-1 2 -2
right_child=1 -3 -4
leaf_value=0.00088444237840354628 -0.018107303211006291 -0.0070773521419206778 0.010736454326406835
leaf_weight=1334.3361900036664 23.611034947484313 268.86318690550456 95.776683287080232
leaf_count=48908 514 6555 1794
internal_value=-3.56664e-05 -0.00336045 0.00447508
internal_weight=1722.59 388.251 119.388
internal_count=57771 8863 2308
is_linear=0
shrinkage=0.0321881


Tree=1151
num_leaves=4
num_cat=0
split_feature=32 4 22
split_gain=6.86779 40.4265 26.4473
threshold=-0.11391272431726579 251.30608424692744 258.006237377334
decision_type=2 2 2
left_child=2 -2 -1
right_child=1 -3 -4
leaf_value=-0.011480186480086927 -0.014668067544737097 0.0080737743804736532 0.0009077593153475191
leaf_weight=215.61611663427766 100.68060105962621 389.69827743508341 998.95439123164533
leaf_count=10821 3788 18494 24773
internal_value=1.95179e-05 0.00326995 -0.00124079
internal_weight=1704.95 490.379 1214.57
internal_count=57876 22282 35594
is_linear=0
shrinkage=0.0321881


Tree=1152
num_leaves=4
num_cat=0
split_feature=32 7 21
split_gain=4.52864 32.7728 25.8429
threshold=-0.33447160329628733 8466.1771153741502 41.076392687326063
decision_type=2 2 2
left_child=-1 2 -2
right_child=1 -3 -4
leaf_value=-0.0015396869767763204 -0.02515160556787872 -0.02329363172737017 0.0052613054739579336
leaf_weight=1006.5620227083987 29.530273867538654 49.169871418915363 629.09746448646865
leaf_count=29600 8848 2736 16837
internal_value=-0.000117979 0.00181372 0.00379248
internal_weight=1714.36 707.798 658.628
internal_count=58021 28421 25685
is_linear=0
shrinkage=0.0321881


Tree=1153
num_leaves=4
num_cat=0
split_feature=16 12 12
split_gain=4.14363 23.9219 18.499
threshold=174.15629550880161 33.422442728064205 31.86859795500531
decision_type=10 10 10
left_child=2 -2 -1
right_child=1 -3 -4
leaf_value=0.0010015037946935282 -0.011404832057563768 0.0085995145767583589 -0.0072029121748118903
leaf_weight=1020.4214733900653 83.941178687455249 221.17300808862637 390.16004522021831
leaf_count=30937 2014 3824 21133
internal_value=-0.000455803 0.00288287 -0.00122348
internal_weight=1715.7 305.114 1410.58
internal_count=57908 5838 52070
is_linear=0
shrinkage=0.0321881


Tree=1154
num_leaves=4
num_cat=0
split_feature=33 29 21
split_gain=4.71709 24.7071 37.8933
threshold=-0.6779684643841809 7.7278592326743665 251.12933531913771
decision_type=2 2 2
left_child=1 -1 -3
right_child=-2 2 -4
leaf_value=0.0008702332529756903 0.0019670886575400177 -0.029587082507458222 0.00070566481909229025
leaf_weight=782.48358892786837 754.93973255489936 75.372808430766327 89.462120364427392
leaf_count=23206 28666 3841 2219
internal_value=3.32261e-05 -0.0014408 -0.0127828
internal_weight=1702.26 947.319 164.835
internal_count=57932 29266 6060
is_linear=0
shrinkage=0.0321881


Tree=1155
num_leaves=4
num_cat=0
split_feature=25 16 36
split_gain=4.75877 11.1 6.33663
threshold=16.980396812379354 109.60151057441864 0.9713269998594587
decision_type=2 8 2
left_child=2 -2 -1
right_child=1 -3 -4
leaf_value=-0.0030974117333336815 0.033916600632869859 -0.012839767265417242 0.0010650720762719766
leaf_weight=566.42696164524205 13.020751137450814 6.0973627295652504 1122.7960205868244
leaf_count=20516 4368 2265 30652
internal_value=-7.43669e-05 0.0157391 -0.000293222
internal_weight=1708.34 19.1181 1689.22
internal_count=57801 6633 51168
is_linear=0
shrinkage=0.0321881


Tree=1156
num_leaves=4
num_cat=0
split_feature=39 31 10
split_gain=4.92057 4.02639 6.49171
threshold=-0.073061589605064106 0.51452505592600561 6720.7833034750611
decision_type=2 2 2
left_child=-1 -2 -3
right_child=1 2 -4
leaf_value=-0.017573632651868513 0.00028936065589578794 0.0087034276519914293 -0.0088150738548672201
leaf_weight=16.647671922100699 1593.9956063766233 19.718278117713453 75.252705692447307
leaf_count=683 55264 367 1427
internal_value=-0.000267247 -5.65151e-05 -0.00651697
internal_weight=1705.61 1688.97 94.971
internal_count=57741 57058 1794
is_linear=0
shrinkage=0.0321881


Tree=1157
num_leaves=4
num_cat=0
split_feature=7 31 14
split_gain=4.88142 5.85806 11.3274
threshold=-2475.7919343241806 0.51452505592600561 388.50104778285601
decision_type=2 2 8
left_child=-1 -2 -3
right_child=1 2 -4
leaf_value=-0.0042890664453556493 0.0010121444803712749 -0.023668195703218417 0.00038362489384086124
leaf_weight=261.05315893226998 1361.133249696034 29.635358059504142 48.119077045257654
leaf_count=10248 45936 674 820
internal_value=-0.000216193 0.000479062 -0.00801088
internal_weight=1699.94 1438.89 77.7544
internal_count=57678 47430 1494
is_linear=0
shrinkage=0.0321881


Tree=1158
num_leaves=4
num_cat=0
split_feature=30 10 13
split_gain=6.64419 16.3514 22.9557
threshold=-0.74802997209447308 5053.332276350563 36.754008864973265
decision_type=2 2 8
left_child=1 -1 -3
right_child=-2 2 -4
leaf_value=0.010791591014913447 0.0011729459659387447 -0.0023542704939486085 -0.023788531860179311
leaf_weight=68.9486303315648 1247.8323337306585 333.49863403591644 63.353208063393595
leaf_count=1152 48919 5409 2572
internal_value=-1.41124e-05 -0.00332977 -0.00594858
internal_weight=1713.63 465.8 396.852
internal_count=58052 9133 7981
is_linear=0
shrinkage=0.0321881


Tree=1159
num_leaves=4
num_cat=0
split_feature=32 33 20
split_gain=4.8597 14.1774 16.3686
threshold=0.56195697437545788 -0.31686543453533106 35.338013708968568
decision_type=2 2 2
left_child=-1 -2 -3
right_child=1 2 -4
leaf_value=0.00032535022590882872 -0.022765968612113358 -0.018550368723558221 0.032197830160135762
leaf_weight=1652.0056802565878 34.607168869927591 10.607475403084438 13.95902949270703
leaf_count=50968 2390 4112 322
internal_value=0 -0.00904465 0.00774966
internal_weight=1711.18 59.1737 24.5665
internal_count=57792 6824 4434
is_linear=0
shrinkage=0.0321881


Tree=1160
num_leaves=4
num_cat=0
split_feature=5 10 5
split_gain=5.45585 10.6347 7.66401
threshold=5.3406612760261511 8420.0965047902901 4.9261390761276749
decision_type=2 2 2
left_child=2 -2 -1
right_child=1 -3 -4
leaf_value=0.00049851226242058266 -0.0079082980493999835 0.024207799451006769 -0.0084833416251734999
leaf_weight=1568.0703836925322 13.600880085385141 26.872078229849649 104.69922491593752
leaf_count=55214 266 854 1585
internal_value=0.000218698 0.0118675 -2.67158e-05
internal_weight=1713.24 40.473 1672.77
internal_count=57919 1120 56799
is_linear=0
shrinkage=0.0321881


Tree=1161
num_leaves=4
num_cat=1
split_feature=2 32 44
split_gain=5.33528 16.2128 19.1865
threshold=28.32551703267341 -0.11391272431726579 0
decision_type=2 2 9
left_child=1 2 -1
right_child=-2 -3 -4
leaf_value=0.0027097399969704464 0.0011946056313673304 0.005458644381672104 -0.013321501204092968
leaf_weight=118.4153940275578 1244.1259395148463 152.63765655553539 186.62552930423249
leaf_count=5302 18990 15502 17820
internal_value=6.51071e-05 -0.00286519 -0.00723995
internal_weight=1701.8 457.679 305.041
internal_count=57614 38624 23122
cat_boundaries=0 1
cat_threshold=160066
is_linear=0
shrinkage=0.0321881


Tree=1162
num_leaves=4
num_cat=0
split_feature=8 12 10
split_gain=6.11574 5.38735 5.89215
threshold=7157.0778740648375 10.027413976244217 10592.116154716563
decision_type=2 8 2
left_child=1 -1 -3
right_child=-2 2 -4
leaf_value=0.013041260646177244 -0.012652270926576895 0.0011751332393106898 -0.002756997049113862
leaf_weight=31.449290127750032 40.990701153289592 986.30912558361626 649.68844107426128
leaf_count=763 656 30026 26381
internal_value=-0.000396343 -5.51087e-05 -0.000347643
internal_weight=1708.44 1667.45 1636
internal_count=57826 57170 56407
is_linear=0
shrinkage=0.0321881


Tree=1163
num_leaves=4
num_cat=0
split_feature=33 32 22
split_gain=9.13745 24.1355 27.7794
threshold=-0.71857706079924311 -0.45297231588863912 490.4083123982399
decision_type=2 2 2
left_child=1 2 -1
right_child=-2 -3 -4
leaf_value=-0.027690813303615884 0.0027067250919671805 0.00045320111106013768 -0.00050490732509339217
leaf_weight=74.285580574565756 822.0261599087371 730.49568097928477 91.962038638554077
leaf_count=3345 30494 21420 2494
internal_value=0.000222788 -0.00198329 -0.0130573
internal_weight=1718.77 896.743 166.248
internal_count=57753 27259 5839
is_linear=0
shrinkage=0.0321881


Tree=1164
num_leaves=4
num_cat=1
split_feature=0 44 11
split_gain=4.89048 5.18093 13.0447
threshold=11.786158892307574 0 24.38822036861156
decision_type=2 9 10
left_child=-1 2 -2
right_child=1 -3 -4
leaf_value=-0.013881163236329748 0.024195784563541323 3.2222843859944965e-05 -0.012477016222247917
leaf_weight=24.88862339392972 31.415170598348368 1644.0771586018377 11.994533711522534
leaf_count=9290 7197 35503 6105
internal_value=0.000148356 0.000394936 0.0102437
internal_weight=1712.38 1687.49 43.4097
internal_count=58095 48805 13302
cat_boundaries=0 1
cat_threshold=393216
is_linear=0
shrinkage=0.0321881


Tree=1165
num_leaves=4
num_cat=1
split_feature=10 42 4
split_gain=5.11011 15.6381 16.9041
threshold=8555.7987687876575 0 1833.3034611761889
decision_type=2 9 2
left_child=1 2 -1
right_child=-2 -3 -4
leaf_value=-0.0026980382058483608 0.0012734423437777858 0.01081097565530504 -0.025348552701272269
leaf_weight=517.98279904740366 1085.6646915741906 70.099464253079532 37.542331923341862
leaf_count=16548 38628 1364 1426
internal_value=-2.38299e-05 -0.00237642 -0.00427657
internal_weight=1711.29 625.625 555.525
internal_count=57966 19338 17974
cat_boundaries=0 1
cat_threshold=16454
is_linear=0
shrinkage=0.0321881


Tree=1166
num_leaves=4
num_cat=1
split_feature=4 32 44
split_gain=4.82607 7.62741 5.24349
threshold=5.6120496248724132 -0.81154779447969339 0
decision_type=2 2 9
left_child=1 -1 -2
right_child=2 -3 -4
leaf_value=0.0034105182095801297 0.0076475434212158796 -0.01259338107250348 -0.00031190657486957634
leaf_weight=41.889013199115652 80.402766942795324 79.138751247706978 1503.265190732458
leaf_count=767 18452 2232 36458
internal_value=-0.000334995 -0.00653318 9.93788e-05
internal_weight=1704.7 121.028 1583.67
internal_count=57909 2999 54910
cat_boundaries=0 1
cat_threshold=393220
is_linear=0
shrinkage=0.0321881


Tree=1167
num_leaves=4
num_cat=1
split_feature=10 44 4
split_gain=5.05664 33.0922 28.0249
threshold=10592.116154716563 0 2026.2954925786576
decision_type=2 9 2
left_child=2 -2 -1
right_child=1 -3 -4
leaf_value=0.0026043462890525588 -0.022999515836885837 0.00027510056885889854 -0.027566164572714987
leaf_weight=988.15863205529922 59.635802349858523 627.26648054063594 32.486111755480124
leaf_count=29531 12441 14588 1350
internal_value=0.000103479 -0.00199082 0.00157548
internal_weight=1707.55 686.902 1020.64
internal_count=57910 27029 30881
cat_boundaries=0 1
cat_threshold=795200
is_linear=0
shrinkage=0.0321881


Tree=1168
num_leaves=4
num_cat=1
split_feature=30 44 10
split_gain=7.53761 13.3875 26.1921
threshold=-0.48875867096253017 0 7128.1291894377964
decision_type=2 9 2
left_child=1 -1 -3
right_child=-2 2 -4
leaf_value=0.0021859081883810649 0.0021718329963914115 0.0056738232835467691 -0.013726066238118315
leaf_weight=329.59168561360093 1063.8908793803193 103.904292895244 210.48801591006122
leaf_count=4634 42659 2667 7871
internal_value=0.000477773 -0.00222179 -0.00689356
internal_weight=1707.87 643.984 314.392
internal_count=57831 15172 10538
cat_boundaries=0 1
cat_threshold=139270
is_linear=0
shrinkage=0.0321881


Tree=1169
num_leaves=4
num_cat=1
split_feature=0 44 16
split_gain=5.80556 21.2641 32.2905
threshold=433.07388428330097 0 97.664980552663366
decision_type=2 9 8
left_child=1 2 -1
right_child=-2 -3 -4
leaf_value=-0.0073181058552541194 0.0017020255903893399 -0.0048700192083372474 0.023475392948279421
leaf_weight=60.843829029534845 1003.6127066270519 573.98661997796125 76.521691176872082
leaf_count=16916 16844 20523 3373
internal_value=9.01633e-05 -0.00209424 0.00874816
internal_weight=1714.96 711.352 137.366
internal_count=57656 40812 20289
cat_boundaries=0 1
cat_threshold=394832
is_linear=0
shrinkage=0.0321881


Tree=1170
num_leaves=4
num_cat=0
split_feature=30 5 22
split_gain=5.62901 17.8419 22.9119
threshold=-0.50891358881583248 2.2448717033133412 207.544426121844
decision_type=2 2 2
left_child=-1 -2 -3
right_child=1 2 -4
leaf_value=-0.0026057228763489916 -0.0014960194969526875 -0.0098880744627340578 0.011471138255497124
leaf_weight=621.71753293386291 736.5835933275041 60.802187876857715 275.22632996090033
leaf_count=14659 32561 4075 6449
internal_value=-0.000135914 0.00123655 0.00741267
internal_weight=1694.33 1072.61 336.029
internal_count=57744 43085 10524
is_linear=0
shrinkage=0.0321881


Tree=1171
num_leaves=4
num_cat=0
split_feature=5 4 5
split_gain=5.02193 25.3358 25.5855
threshold=2.0926388398448812 915.6871354467936 4.5081477168508153
decision_type=2 2 2
left_child=-1 -2 -3
right_child=1 2 -4
leaf_value=-0.0013408767172533222 0.0060643117764513929 -0.0027231552391997291 -0.042289725713530499
leaf_weight=1154.7912922073256 432.65756366027836 93.729716203594307 21.729473633299676
leaf_count=41764 10329 5060 744
internal_value=-0.000101035 0.0023944 -0.0107915
internal_weight=1702.91 548.117 115.459
internal_count=57897 16133 5804
is_linear=0
shrinkage=0.0321881


Tree=1172
num_leaves=4
num_cat=0
split_feature=10 16 30
split_gain=4.44354 6.14681 6.69728
threshold=17253.279512906676 232.19036540009088 -0.56941413648224526
decision_type=2 10 2
left_child=1 -1 -3
right_child=-2 2 -4
leaf_value=0.00021238722766172324 0.014944124311054557 0 -0.028932288299767146
leaf_weight=1655.4229051596694 20.541001535633313 11.301045759704722 15.571355171371577
leaf_count=55824 686 486 852
internal_value=0.000146255 0 -0.015237
internal_weight=1702.84 1682.3 26.8724
internal_count=57848 57162 1338
is_linear=0
shrinkage=0.0321881


Tree=1173
num_leaves=4
num_cat=1
split_feature=10 32 44
split_gain=4.94417 18.8098 16.9916
threshold=8640.475973743447 0.69524611555236004 0
decision_type=2 2 9
left_child=2 -2 -1
right_child=1 -3 -4
leaf_value=0.0057884000719933245 0.0019910391773192621 -0.03038687617721068 -0.0055262139250785791
leaf_weight=181.36647826639455 1044.0033055324418 18.515346379215771 459.35893135479
leaf_count=2693 34546 3494 17080
internal_value=0 0.00136024 -0.00221903
internal_weight=1703.24 1062.52 640.725
internal_count=57813 38040 19773
cat_boundaries=0 1
cat_threshold=596
is_linear=0
shrinkage=0.0321881


Tree=1174
num_leaves=4
num_cat=1
split_feature=14 44 12
split_gain=4.82904 12.5616 19.3401
threshold=312.07440049921246 0 38.926155287247475
decision_type=10 9 8
left_child=1 -1 -3
right_child=-2 2 -4
leaf_value=0.0094351920969367176 0.0013219545885431972 -0.0026669892571336935 -0.03767062911963151
leaf_weight=74.607469200540208 968.83323608686987 645.6975744138233 16.941190879831993
leaf_count=20045 15851 19536 2645
internal_value=-0.000131587 -0.0021279 -0.00361658
internal_weight=1706.08 737.246 662.639
internal_count=58077 42226 22181
cat_boundaries=0 1
cat_threshold=410688
is_linear=0
shrinkage=0.0321881


Tree=1175
num_leaves=4
num_cat=1
split_feature=31 42 10
split_gain=5.07852 12.4524 13.1979
threshold=-0.61061010756638778 0 9975.8531474346109
decision_type=2 9 2
left_child=1 2 -1
right_child=-2 -3 -4
leaf_value=0.023772498841102632 0.0016706736070082914 -0.0031478453869457999 -0.0046489599239434853
leaf_weight=40.110132492039156 903.49375370768962 726.89532506152614 23.547878028404284
leaf_count=903 18491 37439 1000
internal_value=0 -0.00186118 0.0106216
internal_weight=1694.05 790.553 63.658
internal_count=57833 39342 1903
cat_boundaries=0 1
cat_threshold=262756
is_linear=0
shrinkage=0.0321881


Tree=1176
num_leaves=4
num_cat=1
split_feature=10 29 44
split_gain=5.13722 5.02056 40.5263
threshold=2143.8089962931526 7.6097084907065637 0
decision_type=2 2 9
left_child=-1 -2 -3
right_child=1 2 -4
leaf_value=-0.017627705286708963 0.002020553226414183 0.0051769195581601625 -0.0085060615624967598
leaf_weight=16.754820750128829 808.60128456548432 445.83537912800966 427.99530707858867
leaf_count=1175 29876 8102 18628
internal_value=0 0.000159104 -0.0014906
internal_weight=1699.19 1682.43 873.831
internal_count=57781 56606 26730
cat_boundaries=0 1
cat_threshold=144450
is_linear=0
shrinkage=0.0321881


Tree=1177
num_leaves=4
num_cat=0
split_feature=30 10 4
split_gain=6.74212 11.2581 21.48
threshold=0.74225320478937828 10169.923348042399 2052.3562229940012
decision_type=2 2 2
left_child=1 2 -1
right_child=-2 -3 -4
leaf_value=0.0046994833026590722 -0.00369559142387567 -0.0023228605116973338 -0.027388862924994511
leaf_weight=727.29255449675566 401.33727075798697 557.07873380112187 21.552914751026037
leaf_count=22739 9584 24602 969
internal_value=-1.17725e-05 0.00107204 0.00368253
internal_weight=1707.26 1305.92 748.845
internal_count=57894 48310 23708
is_linear=0
shrinkage=0.0321881


Tree=1178
num_leaves=4
num_cat=0
split_feature=1 10 10
split_gain=5.42144 5.23289 4.85445
threshold=35.658955843582966 1636.446172546707 4811.1069531546837
decision_type=2 2 2
left_child=1 -1 -3
right_child=-2 2 -4
leaf_value=-0.021687685151521894 -0.017924150614663115 0.0052532217855247552 -0.00010976600786334206
leaf_weight=10.783404124143543 16.812690102633496 195.4278243329527 1467.5845391500739
leaf_count=738 238 5453 51457
internal_value=7.75154e-05 0.000298895 0.000482826
internal_weight=1690.61 1673.8 1663.01
internal_count=57886 57648 56910
is_linear=0
shrinkage=0.0321881


Tree=1179
num_leaves=4
num_cat=1
split_feature=29 5 41
split_gain=7.81356 22.469 21.8148
threshold=6.1391381453074558 4.5081477168508153 0
decision_type=2 2 9
left_child=1 2 -1
right_child=-2 -3 -4
leaf_value=0.011925662043108529 0.00091638796622192447 -0.041024115081215937 -0.0081663457482112865
leaf_weight=67.50834222976772 1440.91835451509 16.850417526013189 183.97641805160089
leaf_count=6112 41630 741 9229
internal_value=0 -0.00506324 -0.00236434
internal_weight=1709.25 268.335 251.485
internal_count=57712 16082 15341
cat_boundaries=0 1
cat_threshold=520
is_linear=0
shrinkage=0.0321881


Tree=1180
num_leaves=4
num_cat=1
split_feature=10 32 44
split_gain=4.66527 31.0897 26.3842
threshold=7962.8718637735992 0.2809435404271175 0
decision_type=2 2 9
left_child=1 2 -1
right_child=-2 -3 -4
leaf_value=0.0055467503360831227 0.0011608713520739446 0.01574954724172116 -0.010916529535331508
leaf_weight=136.17300199386955 1169.682290121144 80.062640674901672 311.83585519804581
leaf_count=1765 41474 3890 10869
internal_value=0 -0.00248292 -0.0058899
internal_weight=1697.75 528.071 448.009
internal_count=57998 16524 12634
cat_boundaries=0 1
cat_threshold=580
is_linear=0
shrinkage=0.0321881


Tree=1181
num_leaves=4
num_cat=0
split_feature=33 21 11
split_gain=4.64452 19.3706 17.8993
threshold=-0.57830730159644039 59.576719472656372 29.147664237515119
decision_type=2 2 8
left_child=1 -1 -2
right_child=2 -3 -4
leaf_value=-0.021925823044076302 0.0040297072016530471 -1.884900519360468e-05 -0.016306693092447425
leaf_weight=43.652677209137892 604.91175339136066 1016.0839181445594 47.30027920139014
leaf_count=4317 21553 28185 3898
internal_value=0.000286677 -0.000986031 0.00245184
internal_weight=1711.95 1059.74 652.212
internal_count=57953 32502 25451
is_linear=0
shrinkage=0.0321881


Tree=1182
num_leaves=4
num_cat=0
split_feature=37 30 5
split_gain=4.78851 4.44255 14.2304
threshold=-0.031714658664384686 -0.48875867096253017 2.2448717033133412
decision_type=2 2 2
left_child=-1 -2 -3
right_child=1 2 -4
leaf_value=-0.015018035014024404 -0.002262782465096539 -0.0013211738959877238 0.0067018807475414379
leaf_weight=22.52985037164899 631.99931091995882 719.20613262332949 330.81670521606543
leaf_count=956 14928 31646 10341
internal_value=-0.000333206 -9.65609e-05 0.00114684
internal_weight=1704.55 1682.02 1050.02
internal_count=57871 56915 41987
is_linear=0
shrinkage=0.0321881


Tree=1183
num_leaves=4
num_cat=0
split_feature=30 4 4
split_gain=4.25003 12.4755 13.1609
threshold=0.92106191567533924 143.76595110439408 1937.8555032838869
decision_type=2 2 2
left_child=-1 -2 -3
right_child=1 2 -4
leaf_value=0.00026301135551664407 0.010616327714478268 -0.012129411417037992 0.016558809482389865
leaf_weight=1498.8189344995619 40.477192538385225 147.75313079727516 16.701443066542197
leaf_count=53371 799 3493 252
internal_value=-0.000291651 -0.00465437 -0.00880956
internal_weight=1703.75 204.932 164.455
internal_count=57915 4544 3745
is_linear=0
shrinkage=0.0321881


Tree=1184
num_leaves=4
num_cat=0
split_feature=32 10 10
split_gain=5.78656 10.782 10.4497
threshold=0.62874629050047381 8367.0091862323279 5374.3644452579674
decision_type=2 2 2
left_child=-1 2 -2
right_child=1 -3 -4
leaf_value=3.6327059012187904e-05 -0.029082805026277032 -0.028691279225823627 0.015162692589966052
leaf_weight=1669.3972210467707 7.400937742530064 20.733388745352102 18.75638105930102
leaf_count=51846 831 4141 1215
internal_value=-0.000239706 -0.0113693 8.20337e-05
internal_weight=1716.29 46.8907 26.1573
internal_count=58033 6187 2046
is_linear=0
shrinkage=0.0321881


Tree=1185
num_leaves=4
num_cat=1
split_feature=36 44 32
split_gain=5.60082 15.6038 20.4261
threshold=0.84822263505422868 0 0.62874629050047381
decision_type=2 9 2
left_child=1 -1 -3
right_child=-2 2 -4
leaf_value=0.013833697461322793 -0.00087241596013143364 0.0029285647634704672 -0.032096886500344986
leaf_weight=91.378824758452481 1517.7205702500346 77.917450187903569 21.177709618261417
leaf_count=4245 43037 6171 4371
internal_value=-0.000183407 0.00496698 -0.00361075
internal_weight=1708.19 190.474 99.0952
internal_count=57824 14787 10542
cat_boundaries=0 1
cat_threshold=12357
is_linear=0
shrinkage=0.0321881


Tree=1186
num_leaves=4
num_cat=0
split_feature=0 29 32
split_gain=7.07121 11.9578 12.4782
threshold=1503.0570910859722 8.3175351628288272 0.23842264243667002
decision_type=2 2 2
left_child=-1 2 -2
right_child=1 -3 -4
leaf_value=0.00068987295200108453 -0.024340681752817266 0.0050406107765584825 0.0026560324860606978
leaf_weight=1599.813651462197 51.563894587645336 41.500435898444266 20.891991132131807
leaf_count=55317 1171 875 707
internal_value=0.000101025 -0.00759222 -0.0156969
internal_weight=1713.77 113.956 72.4559
internal_count=58070 2753 1878
is_linear=0
shrinkage=0.0321881


Tree=1187
num_leaves=4
num_cat=1
split_feature=14 44 16
split_gain=6.10726 14.2851 19.6275
threshold=301.61718833258448 0 97.664980552663366
decision_type=10 9 8
left_child=1 2 -1
right_child=-2 -3 -4
leaf_value=-0.0040536220143116992 0.0017870312339918664 -0.0038474971488268893 0.02836031409052588
leaf_weight=34.355599222390083 1022.5547303941448 603.91992111773038 36.851677268345156
leaf_count=16228 16794 22240 2550
internal_value=0.000184179 -0.00214898 0.0104111
internal_weight=1697.68 675.127 71.2073
internal_count=57812 41018 18778
cat_boundaries=0 1
cat_threshold=394304
is_linear=0
shrinkage=0.0321881


Tree=1188
num_leaves=4
num_cat=0
split_feature=25 32 25
split_gain=4.7672 10.0809 6.75898
threshold=16.980396812379354 -0.83254370561851321 7.229627656948268
decision_type=2 2 2
left_child=2 -2 -1
right_child=1 -3 -4
leaf_value=0.00054587510322443673 0.033219861413013439 -0.011302233081688451 -0.012914553052490601
leaf_weight=1642.574300340774 13.213876574939151 5.7752678818028462 39.188895331612002
leaf_count=47329 838 5720 3918
internal_value=0.000413167 0.0163939 0.000192574
internal_weight=1700.75 18.9891 1681.76
internal_count=57805 6558 51247
is_linear=0
shrinkage=0.0321881


Tree=1189
num_leaves=4
num_cat=1
split_feature=7 4 44
split_gain=5.86145 12.6052 5.3839
threshold=18496.447156732076 649.19895171211988 0
decision_type=2 2 9
left_child=2 -2 -1
right_child=1 -3 -4
leaf_value=0.0020736489661867287 0.0015808400172810694 -0.02808692815590845 -0.0015882702744766139
leaf_weight=763.97494106016939 28.86869768215729 24.025078754659944 884.78111944950888
leaf_count=30332 726 1095 25824
internal_value=-0.000227881 -0.010761 7.29049e-05
internal_weight=1701.65 52.8938 1648.76
internal_count=57977 1821 56156
cat_boundaries=0 1
cat_threshold=398342
is_linear=0
shrinkage=0.0321881


Tree=1190
num_leaves=4
num_cat=0
split_feature=6 10 10
split_gain=4.83405 8.59047 8.21905
threshold=-1.6079422006619386 5294.6140866398246 15772.55302422913
decision_type=2 2 2
left_child=1 -1 -3
right_child=-2 2 -4
leaf_value=0.0057126976248577073 0.0010845300009644696 -0.0050996637556827724 0.012547577946354091
leaf_weight=105.75111487450647 1046.1624157221122 521.88306035800508 26.737251090710515
leaf_count=3174 33826 19456 1201
internal_value=-0.000230934 -0.00243094 -0.00411852
internal_weight=1700.53 654.371 548.62
internal_count=57657 23831 20657
is_linear=0
shrinkage=0.0321881


Tree=1191
num_leaves=4
num_cat=1
split_feature=36 44 25
split_gain=5.20773 13.8241 23.0636
threshold=0.84822263505422868 0 14.189893342605354
decision_type=2 9 2
left_child=1 -1 -3
right_child=-2 2 -4
leaf_value=0.013067053635691656 -0.00056902567934606478 -0.011313852985526927 0.02842195867330986
leaf_weight=96.041843812338811 1503.6744096667694 81.415881252043391 17.885934066479649
leaf_count=4270 42890 6587 3949
internal_value=3.5647e-05 0.00501088 -0.00314981
internal_weight=1699.02 195.344 99.3018
internal_count=57696 14806 10536
cat_boundaries=0 1
cat_threshold=12357
is_linear=0
shrinkage=0.0321881


Tree=1192
num_leaves=4
num_cat=0
split_feature=31 10 32
split_gain=5.43438 6.33379 19.1603
threshold=0.71779056902506799 8640.475973743447 0.23842264243667002
decision_type=2 2 2
left_child=1 2 -1
right_child=-2 -3 -4
leaf_value=-0.0050755414149145162 -0.012689464477174834 0.001655453287074493 0.0099552597294326993
leaf_weight=514.62838625723748 34.835314509796262 1045.3401085456364 103.67872316028979
leaf_count=14464 656 37636 4960
internal_value=-0.000134904 9.14675e-05 -0.00244933
internal_weight=1698.48 1663.65 618.307
internal_count=57716 57060 19424
is_linear=0
shrinkage=0.0321881


Tree=1193
num_leaves=4
num_cat=1
split_feature=31 44 10
split_gain=5.43669 12.7396 40.5574
threshold=-0.49705570514663372 0 5529.0430103474591
decision_type=2 9 2
left_child=-1 -2 -3
right_child=1 2 -4
leaf_value=-0.0014142307091492199 0.0038789841122775621 0.01751471948784462 -0.023233499609402727
leaf_weight=911.34468578852682 687.76981311207635 38.005384291006976 69.249274980937798
leaf_count=42342 11603 665 3234
internal_value=0.000240285 0.00221682 -0.00749765
internal_weight=1706.37 795.024 107.255
internal_count=57844 15502 3899
cat_boundaries=0 1
cat_threshold=263191
is_linear=0
shrinkage=0.0321881


Tree=1194
num_leaves=4
num_cat=0
split_feature=14 22 25
split_gain=4.56328 20.9083 4.76638
threshold=79.239868707317328 618.1278892513543 1.4689806686731122
decision_type=10 2 2
left_child=1 -1 -2
right_child=2 -3 -4
leaf_value=-0.029204320334640137 0.0014222569968451845 0.035835881773518166 -0.0021902476547313696
leaf_weight=21.636305806621525 1097.9583194770973 5.7603333083679891 573.40497412365562
leaf_count=1956 28813 225 26797
internal_value=-3.21861e-05 -0.0130342 0.000144655
internal_weight=1698.76 27.3966 1671.36
internal_count=57791 2181 55610
is_linear=0
shrinkage=0.0321881


Tree=1195
num_leaves=4
num_cat=0
split_feature=5 40 5
split_gain=4.91161 8.11561 7.54039
threshold=5.3406612760261511 0.085753763869869076 4.8157880621559777
decision_type=2 2 2
left_child=2 -2 -1
right_child=1 -3 -4
leaf_value=0.0001143916368158505 -0.0034959838502546551 0.023453357101591358 -0.0077862427117775228
leaf_weight=1518.0010495519778 15.858559414663885 23.321720408450346 134.92712627407673
leaf_count=54599 612 510 2057
internal_value=-0.000188373 0.0109741 -0.000493026
internal_weight=1692.11 39.1803 1652.93
internal_count=57778 1122 56656
is_linear=0
shrinkage=0.0321881


Tree=1196
num_leaves=4
num_cat=0
split_feature=2 2 16
split_gain=4.8739 5.17326 27.9439
threshold=3.8485226149608818 11.957255155035687 95.799152455911823
decision_type=2 2 8
left_child=-1 2 -2
right_child=1 -3 -4
leaf_value=-0.015213673334735953 -0.019024596692964905 -8.6910203942650751e-05 0.042849023894709043
leaf_weight=21.509217339204952 12.347645939574475 1644.2013918883104 15.974616843706828
leaf_count=15413 12182 27473 2426
internal_value=-4.8527e-05 0.000110553 0.0137098
internal_weight=1694.03 1672.52 28.3223
internal_count=57494 42081 14608
is_linear=0
shrinkage=0.0321881


Tree=1197
num_leaves=4
num_cat=0
split_feature=13 16 2
split_gain=5.30941 15.7526 18.4326
threshold=21.36773898970991 90.940779397422602 13.028412260347826
decision_type=8 8 2
left_child=-1 -2 -3
right_child=1 2 -4
leaf_value=0.0030006439726140794 -0.020402677924043357 0.023167827117613685 -0.0012914312656321059
leaf_weight=374.10092258807708 43.335126166047075 32.367939767956614 1261.8180673772367
leaf_count=7846 22516 6667 20915
internal_value=-0.000336775 -0.00131822 -0.000626363
internal_weight=1711.62 1337.52 1294.19
internal_count=57944 50098 27582
is_linear=0
shrinkage=0.0321881


Tree=1198
num_leaves=4
num_cat=0
split_feature=6 30 10
split_gain=3.87213 9.76994 11.9378
threshold=-1.0000000180025095e-35 0.77252711792581741 10667.714292155262
decision_type=2 2 2
left_child=1 2 -1
right_child=-2 -3 -4
leaf_value=0.0039329298723515052 0.0013684756097355083 -0.0090847620295847076 -0.0059196563655946662
leaf_weight=340.11015227403414 1016.5271163372042 147.92803423419139 202.77053667610346
leaf_count=11434 33082 3813 9700
internal_value=6.94005e-05 -0.00174984 0.000134655
internal_weight=1707.34 690.809 542.881
internal_count=58029 24947 21134
is_linear=0
shrinkage=0.0321881


Tree=1199
num_leaves=4
num_cat=0
split_feature=17 16 2
split_gain=4.19702 12.4145 12.8145
threshold=2.8335617904881487 83.791783554371904 13.028412260347826
decision_type=8 8 2
left_child=-1 -2 -3
right_child=1 2 -4
leaf_value=0.0042986575339769052 -0.01740367541511852 0.019183075553795354 -4.9279751063818926e-05
leaf_weight=266.17885620769721 41.466772490783796 36.475277628636604 1356.3174711430192
leaf_count=5096 21943 8513 22564
internal_value=0.000583969 -6.16211e-05 0.000411843
internal_weight=1700.44 1434.26 1392.79
internal_count=58116 53020 31077
is_linear=0
shrinkage=0.0321881


end of trees

feature_importances:
cell_dist_m=311
lithology_class=308
rain_30d_mm=226
nearest_river_order=188
doy_sin=172
soil_soc_0_5cm_dg_kg=156
doy_cos=151
soil_cfvo_0_5cm_cm3_dm3=138
distance_to_nearest_river_m=132
is_monsoon=122
aspect_sin=117
highway=110
slope_mean_deg=109
slope_max_deg=106
upslope_basin_area_km2=104
aspect_cos=102
landcover_class=99
days_since_rain=91
rain_15d_mm=85
aspect_mean_deg=78
nearest_river_discharge_cms=60
soil_bdod_0_5cm_cg_cm3=59
soil_silt_0_5cm_pct=56
soil_sand_0_5cm_pct=55
month=52
soil_clay_0_5cm_pct=50
elevation_mean=42
surface=37
length_m=30
tunnel=29
rain_max_1d_in_3d_mm=26
maxspeed=24
soil_phh2o_0_5cm_ph10=22
rain_7d_mm=21
bridge=19
api_mm=18
id_exceed_7d=18
soil_is_missing=16
id_exceed_3d=15
id_ratio_7d=11
id_exceed_1d=11
id_ratio_1d=10
id_ratio_3d=6
rain_3d_mm=5
rain_1d_mm=3

parameters:
[boosting: gbdt]
[objective: binary]
[metric: custom]
[tree_learner: serial]
[device_type: cpu]
[data_sample_strategy: bagging]
[data: ]
[valid: ]
[num_iterations: 1200]
[learning_rate: 0.0321881]
[num_leaves: 4]
[num_threads: 0]
[seed: 42]
[deterministic: 1]
[force_col_wise: 0]
[force_row_wise: 1]
[histogram_pool_size: -1]
[max_depth: 11]
[min_data_in_leaf: 364]
[min_sum_hessian_in_leaf: 0.001]
[bagging_fraction: 0.697131]
[pos_bagging_fraction: 1]
[neg_bagging_fraction: 1]
[bagging_freq: 1]
[bagging_seed: 400]
[bagging_by_query: 0]
[feature_fraction: 0.853148]
[feature_fraction_bynode: 1]
[feature_fraction_seed: 30056]
[extra_trees: 0]
[extra_seed: 12879]
[early_stopping_round: 0]
[early_stopping_min_delta: 0]
[first_metric_only: 0]
[max_delta_step: 0]
[lambda_l1: 1.97878]
[lambda_l2: 0.236966]
[linear_lambda: 0]
[min_gain_to_split: 0.839264]
[drop_rate: 0.1]
[max_drop: 50]
[skip_drop: 0.5]
[xgboost_dart_mode: 0]
[uniform_drop: 0]
[drop_seed: 17869]
[top_rate: 0.2]
[other_rate: 0.1]
[min_data_per_group: 100]
[max_cat_threshold: 32]
[cat_l2: 10]
[cat_smooth: 10]
[max_cat_to_onehot: 4]
[top_k: 20]
[monotone_constraints: 0,0,0,0,0,0,0,0,0,0,0,0,0,0,0,0,0,0,1,1,1,1,1,1,1,0,1,1,1,0,0,0,0,0,0,0,0,0,1,1,1,0,0,0,0]
[monotone_constraints_method: basic]
[monotone_penalty: 0]
[feature_contri: ]
[forcedsplits_filename: ]
[refit_decay_rate: 0.9]
[cegb_tradeoff: 1]
[cegb_penalty_split: 0]
[cegb_penalty_feature_lazy: ]
[cegb_penalty_feature_coupled: ]
[path_smooth: 0]
[interaction_constraints: ]
[verbosity: -1]
[saved_feature_importance_type: 0]
[use_quantized_grad: 0]
[num_grad_quant_bins: 4]
[quant_train_renew_leaf: 0]
[stochastic_rounding: 1]
[linear_tree: 0]
[max_bin: 255]
[max_bin_by_feature: ]
[min_data_in_bin: 3]
[bin_construct_sample_cnt: 200000]
[data_random_seed: 175]
[is_enable_sparse: 1]
[enable_bundle: 1]
[use_missing: 1]
[zero_as_missing: 0]
[feature_pre_filter: 1]
[pre_partition: 0]
[two_round: 0]
[header: 0]
[label_column: ]
[weight_column: ]
[group_column: ]
[ignore_column: ]
[categorical_feature: 41,42,43,44]
[forcedbins_filename: ]
[precise_float_parser: 0]
[parser_config_file: ]
[objective_seed: 16083]
[num_class: 1]
[is_unbalance: 0]
[scale_pos_weight: 1.1154]
[sigmoid: 1]
[boost_from_average: 1]
[reg_sqrt: 0]
[alpha: 0.9]
[fair_c: 1]
[poisson_max_delta_step: 0.7]
[tweedie_variance_power: 1.5]
[lambdarank_truncation_level: 30]
[lambdarank_norm: 1]
[label_gain: ]
[lambdarank_position_bias_regularization: 0]
[eval_at: ]
[multi_error_top_k: 1]
[auc_mu_weights: ]
[num_machines: 1]
[local_listen_port: 12400]
[time_out: 120]
[machine_list_filename: ]
[machines: ]
[gpu_platform_id: -1]
[gpu_device_id: -1]
[gpu_device_id_list: ]
[gpu_use_dp: 0]
[num_gpu: 1]

end of parameters

pandas_categorical:[["motorway", "primary", "primary_link", "residential", "secondary", "secondary_link", "tertiary", "tertiary_link", "track", "trunk", "trunk_link", "unclassified"], ["G", "__missing__", "asphalt", "compacted", "concrete", "dirt", "earth", "fine_gravel", "grass", "gravel", "ground", "metal", "metalled", "mud", "paved", "paving_stones", "sand", "unhewn_cobblestone", "unpaved", "wood", "\u00f9np", "\u05d1\u05dc\u05ea\u05d9_\u05e1\u05dc\u05d5\u05dc"], ["10", "100", "30", "40", "50", "60", "80", "90"], ["mt", "mtpu", "pa", "scshbs", "scshmt", "scssmt", "smmx", "smmxcl", "smmxev", "smmxmt", "smshev", "smshmt", "ssmx", "ssmxcl", "sssh", "ssss", "sssscl", "suad", "sumx", "suss", "wb"]]
