tree
version=v4
num_class=1
num_tree_per_iteration=1
label_index=0
max_feature_idx=44
objective=binary sigmoid:1
feature_names=elevation_mean slope_mean_deg slope_max_deg aspect_mean_deg distance_to_nearest_river_m nearest_river_order nearest_river_discharge_cms upslope_basin_area_km2 length_m maxspeed cell_dist_m soil_clay_0_5cm_pct soil_sand_0_5cm_pct soil_silt_0_5cm_pct soil_soc_0_5cm_dg_kg soil_bdod_0_5cm_cg_cm3 soil_cfvo_0_5cm_cm3_dm3 soil_phh2o_0_5cm_ph10 rain_1d_mm rain_3d_mm rain_7d_mm rain_15d_mm rain_30d_mm rain_max_1d_in_3d_mm api_mm days_since_rain id_ratio_1d id_ratio_3d id_ratio_7d month aspect_sin aspect_cos doy_sin doy_cos bridge tunnel is_monsoon soil_is_missing id_exceed_1d id_exceed_3d id_exceed_7d highway surface landcover_class lithology_class
monotone_constraints=0 0 0 0 0 0 0 0 0 0 0 0 0 0 0 0 0 0 1 1 1 1 1 1 1 0 1 1 1 0 0 0 0 0 0 0 0 0 0 0 0 0 0 0 0
feature_infos=[-191.69292416219849:4956.829201770287] [-3.0101902869751362:54.882062669486487] [-5.8285418631194226:90.942315157656466] [-6.6894862712092849:365.28642140268948] [-261.66192419010281:3464.7488727522136] [0.51506658096971791:8.3344756366330124] [-152.51958735466806:21258.305849545668] [-15965.952811904506:920042.68972640496] [-700.09071513142533:53638.712998684947] [1.6656647880241309:101.49352688514594] [-490.60600544926217:19245.019183798471] [0.28716921093746128:46.994740872203174] [0.95381347218422463:59.694029027145902] [0.92909873671192611:63.177660773533042] [-15.255142617678324:1038.3480997436484] [0.028939756446984041:1.4715205988621956] [-3.2060579600354213:340.35437189086667] [0.22936441212697273:7.5358199056768633] [-7.0891026508873898:192.34969016649504] [-15.114083429584802:344.29091646857131] [-27.773912090728718:503.57967929122549] [-57.252762500323975:881.58759184352311] [-87.049644733939033:1323.4560667006756] [-9.340880225343092:195.9332444313028] [-33.459595361676747:611.87377603950699] [-5.5978600983999156:65.548275849894054] [-0.17784096299844565:5.0309278977461265] [-0.19337353138354668:4.8477534525654029] [-0.22160874906521907:4.2045014923581094] [-0.03501581699273415:12.826747034106299] [-1.2454604936055624:1.2005877170153525] [-1.170707021381413:1.060860995510974] [-1.1971293360378192:1.1859544837167799] [-1.2366116373101508:1.1973966555821447] [-0.098819236638096622:1.0771413368596119] [-0.011577869491445942:1.0063800153097773] [-0.2074189605618017:1.180676276023388] [-0.061087004047871485:1.0473982660371906] [-0.11325408211726458:1.103897953805139] [-0.13197908643772704:1.1216016261430635] [-0.16844697577233139:1.1623051397920174] -1:3:11:8:6:9:1:4:10:2:5:7 -1:1:18:10:2:14:5:9:6:4:3:7:8:17:15:13:16:12:20:0:11 -1:0:3:4:2:5:6:1 -1:18:0:1:19:9:17:12:14:20:10:6:2:13:4:8:7:3:11:16
tree_sizes=585 598 601 606 604 604 602 600 605 585 605 604 588 608 607 594 587 586 610 586 602 608 602 607 586 604 603 581 608 587 596 591 610 583 593 593 594 606 591 595 607 587 585 594 592 609 603 585 593 607 588 596 591 597 604 607 610 586 588 588 607 611 610 595 597 598 611 593 594 599 599 596 608 591 577 602 599 597 613 592 609 611 591 608 610 583 599 610 591 601 590 595 591 592 585 595 609 610 593 594 600 583 602 564 584 594 572 597 610 591 609 587 594 592 595 594 612 601 614 608 596 595 616 602 574 592 577 591 591 601 602 594 590 614 612 616 617 596 598 595 614 609 597 594 603 608 596 600 609 605 583 615 603 614 589 611 612 611 617 616 598 609 608 608 593 593 612 590 610 595 597 594 595 594 610 610 618 596 624 603 589 613 593 588 614 613 610 610 599 612 612 596 592 593 591 612 608 605 586 604 593 591 610 613 581 594 589 622 592 612 586 609 604 588 587 591 590 611 590 590 613 590 593 620 589 603 589 585 611 601 615 585 584 590 601 565 594 609 610 591 606 578 590 599 584 592 584 593 596 587 613 580 593 595 607 591 614 593 605 596 563 604 587 584 586 603 613 590 608 594 610 610 580 573 610 610 589 591 586 594 597 579 608 593 602 609 591 595 598 592 607 591 592 588 598 594 595 588 601 593 599 596 588 596 610 588 606 587 592 610 608 604 590 594 590 586 603 611 611 594 589 616 593 598 599 595 591 605 578 595 610 594 610 591 619 590 591 596 593 619 598 587 611 591 605 593 610 610 618 591 616 587 604 593 616 591 611 610 594 590 595 596 591 601 596 594 588 615 614 591 595 609 598 590 595 614 595 596 597 589 583 586 592 590 612 592 575 592 592 613 615 617 596 595 605 593 616 615 586 593 584 619 614 571 598 569 611 583 594 594 605 591 591 601 581 616 606 615 592 615 594 594 613 614 586 597 607 591 600 609 589 596 595 608 596 605 582 594 607 616 593 623 569 614 618 613 594 583 586 597 593 596 599 596 586 597 601 594 609 592 609 619 616 593 598 590 582 598 583 578 596 590 571 592 591 588 588 597 595 594 592 610 590 595 564 598 595 591 616 596 589 591 597 588 584 613 592 591 609 580 591 596 567 603 605 591 617 588 616 595 579 620 603 613 604 574 594 597 589 594 588 611 589 583 591 589 586 592 601 593 591 592 611 616 595 597 595 603 595 612 589 597 587 582 572 593 584 593 590 590 591 593 589 590 589 586 607 612 590 616 590 573 615 594 580 595 577 613 613 572 587 598 591 591 580 618 595 602 613 599 586 625 589 579 587 612 615 593 591 582 595 586 621 586 597 573 593 590 592 593 581 589 569 589 585 605 617 593 613 619 589 595 597 590 592 604 611 620 597 592 591 620 611 610 569 605 584 615 600 589 590 598 601 593 576 599 597 618 576 604 618 591 582 568 606 582 618 591 593 588 590 618 594 615 593 599 588 593 596 589 593 619 590 592 588 589 592 591 617 596 587 567 587 605 591 619 598 600 601 572 613 590 607 588 571 595 610 614 600 586 610 610 578 591 590 587 595 595 595 590 621 596 591 589 594 589 593 603 591 611 589 587 612 589 618 585 595 583 584 566 586 583 606 619 589 586 594 609 593 591 590 595 612 589 590 592 618 595 594 571 595 588 594 620 584 593 572 587 591 568 577 596 590 618 589 598 593 600 590 619 605 590 596 591 587 594 596 611 598 595 596 587 597 617 599 591 605 607 588 607 591 595 613 587 584 589 613 607 598 596 591 596 576 610 578 592 614 613 592 609 587 565 589 592 590 599 598 593 591 589 587 592 592 592 612 621 599 593 611 586 582 592 595 596 590 589 598 576 592 615 592 591 593 586 588 610 591 594 594 591 609 593 593 573 618 593 595 595 605 585 589 612 593 594 597 597 594 584 617 594 589 597 586 589 582 594 582 619 595 594 614 611 573 614 605 584 594 607 590 594 591 606 575 589 586 596 586 614 590 601 568 593 588 614 613 589 588 591 617 616 593 612 592 584 590 590 579 596 607 572 590 605 598 589 605 592 584 592 588 587 602 573 602 593 595 614 609 603 580 610 591 617 593 588 607 592 592 573 597 613 595 594 587 590 586 597 589 590 596 608 595 588 586 608 588 608 612 577 581 613 591 590 616 595 593 595 568 620 588 571 580 615 587 598 596 616 613 614 565 592 596 594 591 595 594 579 614 597 599 580 625 584 590 615 593 592 593 578 621 616 615 613 587 612 616 611 593 597 588 595 612 597 608 591 596 589 596 596 589 605 597 588 599 578 592 587 596 589 604 596 624 584 599 589 585 594 595 593 590 613 619 589 584 592 591 598 587 613 614 607 590 616 585 591 616 569 615 592 578 593 623 569 567 589 558 588 591 587 606 593 584 614 585 596 621 590 597 590 594 594 611 618 571 596 590 610 613 591 592 618 604 611 588 595 616 593 594 594 589 588 595 594 590 611 587 621 617 585 604 593 586 605 595 609 614 598 590 594 619 609 590 600 594 616 586 588 597 591 591 613 585 591 586 613 614 601 604 590 594 596 613 608 602 603 591 614 614 612 588 592 587 594 593 594 602 614 592 597 615 580 586 594 619 589 589 594 613 610 597 593 592 587 600 600 566 587 614 575 592 582 592 619 594 607 605 599 614 592 611 594 588 593 615 606 593 592 613 605 610

Tree=0
num_leaves=4
num_cat=1
split_feature=1 43 22
split_gain=5133.5 3186.47 1734.62
threshold=5.3467707112379506 0 260.18420733632871
decision_type=2 9 2
left_child=-1 -2 -3
right_child=1 2 -4
leaf_value=-2.3880451971711461 -2.1600619808049015 -2.3590487695894811 -2.2854659333352547
leaf_weight=2160.3394952258095 124.21417068131268 722.98100813105702 610.92787862196565
leaf_count=31075 2440 13358 11720
internal_value=-2.35653 -2.30989 -2.32562
internal_weight=3618.46 1458.12 1333.91
internal_count=58593 27518 25078
cat_boundaries=0 1
cat_threshold=16
is_linear=0
shrinkage=1


Tree=1
num_leaves=4
num_cat=1
split_feature=1 43 21
split_gain=4655.23 2310.5 1561.3
threshold=5.9481623140548718 0 135.56820862875512
decision_type=2 9 2
left_child=-1 -2 -3
right_child=1 2 -4
leaf_value=-0.031210444697537736 0.162631419253283 -0.0020666922652068415 0.06734439638516157
leaf_weight=2126.340720852837 141.19509998895228 743.62550853658468 609.321448745206
leaf_count=31467 2372 13701 11099
internal_value=-0.000598533 0.0429213 0.0289391
internal_weight=3620.48 1494.14 1352.95
internal_count=58639 27172 24800
cat_boundaries=0 1
cat_threshold=16
is_linear=0
shrinkage=0.0321881


Tree=2
num_leaves=4
num_cat=1
split_feature=2 21 43
split_gain=4658.76 2012.8 1258.85
threshold=12.031026081624196 135.56820862875512 0
decision_type=2 2 9
left_child=-1 -2 -3
right_child=1 2 -4
leaf_value=-0.031832776732559277 0.0077276895178007695 0.19764607518076729 0.062380144124747745
leaf_weight=2042.0830679638311 846.59714113362134 79.073162831366062 659.956110002473
leaf_count=30839 15270 1235 11435
internal_value=0.000290408 0.0416997 0.0805153
internal_weight=3627.71 1585.63 739.029
internal_count=58779 27940 12670
cat_boundaries=0 1
cat_threshold=16
is_linear=0
shrinkage=0.0321881


Tree=3
num_leaves=4
num_cat=1
split_feature=2 21 41
split_gain=4217.62 1814.12 1074.28
threshold=12.031026081624196 124.60331907614878 0
decision_type=2 2 9
left_child=-1 -2 -3
right_child=1 2 -4
leaf_value=-0.031281123290174871 0.0036899594120762985 0.047734019737727222 0.13439068713199828
leaf_weight=1988.2967985589057 794.42239508125931 624.63358634151518 208.98160793818533
leaf_count=30867 14218 10249 3303
internal_value=0.000154357 0.0385841 0.0717508
internal_weight=3616.33 1628.04 833.615
internal_count=58637 27770 13552
cat_boundaries=0 1
cat_threshold=2368
is_linear=0
shrinkage=0.0321881


Tree=4
num_leaves=4
num_cat=1
split_feature=44 22 36
split_gain=3931.44 1643.69 1028.66
threshold=0 95.264359318160501 0.88315754986673267
decision_type=9 2 2
left_child=1 -1 -3
right_child=-2 2 -4
leaf_value=-0.020187700032242711 -0.026229961286334959 0.16018711495110891 0.052095075402965395
leaf_weight=323.43865640833974 2232.6225849241018 101.63091909885406 947.30960525013506
leaf_count=5666 35785 1776 15275
internal_value=6.99964e-05 0.0427784 0.0626625
internal_weight=3605 1372.38 1048.94
internal_count=58502 22717 17051
cat_boundaries=0 1
cat_threshold=8263
is_linear=0
shrinkage=0.0321881


Tree=5
num_leaves=4
num_cat=1
split_feature=44 22 36
split_gain=3668.07 1484.52 597.456
threshold=0 257.53053842399476 0.81528568745293051
decision_type=9 2 2
left_child=1 -1 -3
right_child=-2 2 -4
leaf_value=0.007060136878771492 -0.02629369158161236 0.20157761600092766 0.065819136606807743
leaf_weight=712.90898438170552 2182.7547015752643 35.716344160959125 683.22138723917305
leaf_count=12182 35734 493 10242
internal_value=-5.6389e-05 0.0397996 0.0727163
internal_weight=3614.6 1431.85 718.938
internal_count=58651 22917 10735
cat_boundaries=0 1
cat_threshold=8263
is_linear=0
shrinkage=0.0321881


Tree=6
num_leaves=4
num_cat=1
split_feature=1 43 22
split_gain=3508.4 1384.49 973.86
threshold=4.8475256227508687 0 95.264359318160501
decision_type=2 9 2
left_child=-1 -2 -3
right_child=1 2 -4
leaf_value=-0.030819693071932518 0.11159649362980822 -0.025508036823924288 0.035865432150622607
leaf_weight=1875.5275312988088 195.08397429063916 344.94885786063969 1181.6587061062455
leaf_count=30942 2447 6368 18736
internal_value=-0.000347331 0.0328105 0.0218112
internal_weight=3597.22 1721.69 1526.61
internal_count=58493 27551 25104
cat_boundaries=0 1
cat_threshold=16
is_linear=0
shrinkage=0.0321881


Tree=7
num_leaves=4
num_cat=1
split_feature=1 22 44
split_gain=3421.16 1268.15 815.681
threshold=4.8475256227508687 98.801492343828031 0
decision_type=2 2 9
left_child=-1 -2 -3
right_child=1 2 -4
leaf_value=-0.030702243072178892 -0.020069304346013464 0.061102776097861758 0.013097652620360254
leaf_weight=1819.7169959144667 378.1016487237066 1025.72994347848 371.36334097199142
leaf_count=30811 6914 14754 5976
internal_value=0.00029203 0.0320994 0.0462646
internal_weight=3594.91 1775.19 1397.09
internal_count=58455 27644 20730
cat_boundaries=0 1
cat_threshold=71
is_linear=0
shrinkage=0.0321881


Tree=8
num_leaves=4
num_cat=1
split_feature=2 43 40
split_gain=3105.98 1217.65 874.064
threshold=11.177144273856198 0 0.11055050241962891
decision_type=2 9 2
left_child=-1 -2 -3
right_child=1 2 -4
leaf_value=-0.030930714114513272 0.098220696761048526 0.0067225590296666731 0.065032353173633858
leaf_weight=1746.6273909835145 221.38883980363607 1288.707908866927 336.64784216322005
leaf_count=30294 2507 20830 4828
internal_value=-0.000143815 0.0289398 0.0187315
internal_weight=3593.37 1846.74 1625.36
internal_count=58459 28165 25658
cat_boundaries=0 1
cat_threshold=16
is_linear=0
shrinkage=0.0321881


Tree=9
num_leaves=4
num_cat=0
split_feature=2 39 22
split_gain=2879.41 1117.36 718.29
threshold=11.177144273856198 0.091303589551551087 95.264359318160501
decision_type=2 2 2
left_child=-1 2 -2
right_child=1 -3 -4
leaf_value=-0.030629512133361996 -0.022678037383779048 0.086113321991384592 0.028495007020991409
leaf_weight=1708.1358851287514 368.56945283710957 282.88686298765242 1223.678079135716
leaf_count=30423 6823 3813 17440
internal_value=-0.000382457 0.0271372 0.016608
internal_weight=3583.27 1875.13 1592.25
internal_count=58499 28076 24263
is_linear=0
shrinkage=0.0321881


Tree=10
num_leaves=4
num_cat=1
split_feature=2 43 21
split_gain=2797.2 1030.91 725.762
threshold=9.8932524444618064 0 124.60331907614878
decision_type=2 9 2
left_child=-1 -2 -3
right_child=1 2 -4
leaf_value=-0.030967334495142881 0.08700368090720885 -0.0063326039646421214 0.036095113583205482
leaf_weight=1648.2037808289751 242.3522152043879 761.49639404192567 919.06437117792666
leaf_count=30087 2564 13329 12509
internal_value=-0.000181837 0.0261731 0.0167346
internal_weight=3571.12 1922.91 1680.56
internal_count=58489 28402 25838
cat_boundaries=0 1
cat_threshold=16
is_linear=0
shrinkage=0.0321881


Tree=11
num_leaves=4
num_cat=1
split_feature=2 22 43
split_gain=2603.05 948.517 801.938
threshold=10.508060547588348 98.801492343828031 0
decision_type=2 2 9
left_child=-1 -2 -3
right_child=1 2 -4
leaf_value=-0.03054560575985232 -0.020501725767288197 0.092790521650220364 0.025935035505756838
leaf_weight=1604.6588740190491 383.88383403606713 213.90138341858983 1360.3713021110743
leaf_count=30093 7199 2042 19112
internal_value=-0.000137319 0.0247496 0.035826
internal_weight=3562.82 1958.16 1574.27
internal_count=58446 28353 21154
cat_boundaries=0 1
cat_threshold=16
is_linear=0
shrinkage=0.0321881


Tree=12
num_leaves=4
num_cat=0
split_feature=2 22 36
split_gain=2455.94 850.667 648.833
threshold=12.031026081624196 98.801492343828031 0.81528568745293051
decision_type=2 2 2
left_child=-1 -2 -3
right_child=1 2 -4
leaf_value=-0.029948311349518298 -0.020423729677280886 0.097866083613762173 0.027348016958596288
leaf_weight=1590.8005744740367 363.48812975920737 150.03270948119462 1444.2390437871218
leaf_count=30644 6924 2016 18850
internal_value=-0.000226544 0.0238924 0.0340378
internal_weight=3548.56 1957.76 1594.27
internal_count=58434 27790 20866
is_linear=0
shrinkage=0.0321881


Tree=13
num_leaves=4
num_cat=1
split_feature=1 22 44
split_gain=2355.55 809.883 607.494
threshold=4.2903737229554073 83.818491241324708 0
decision_type=2 2 9
left_child=-1 -2 -3
right_child=1 2 -4
leaf_value=-0.029937379178657839 -0.022832046060085487 0.043555748723262233 0.0046782197777683046
leaf_weight=1543.7245088210329 331.0439736712724 1238.8510806504637 424.05636049807072
leaf_count=30459 6456 15335 6152
internal_value=-7.11951e-05 0.0230202 0.0321885
internal_weight=3537.68 1993.95 1662.91
internal_count=58402 27943 21487
cat_boundaries=0 1
cat_threshold=8263
is_linear=0
shrinkage=0.0321881


Tree=14
num_leaves=4
num_cat=1
split_feature=44 22 13
split_gain=2275.8 855.211 331.971
threshold=0 297.81316001205488 37.043335040291389
decision_type=9 2 8
left_child=1 -1 -3
right_child=-2 2 -4
leaf_value=0.0054738289433454903 -0.024413211484925548 0.063815305978642323 0.028611534643519825
leaf_weight=884.33148972503841 1880.4303705953062 618.83377286233008 164.39677564613521
leaf_count=13506 35957 7042 2136
internal_value=-0.000181513 0.0270888 0.0517492
internal_weight=3547.99 1667.56 783.231
internal_count=58641 22684 9178
cat_boundaries=0 1
cat_threshold=8263
is_linear=0
shrinkage=0.0321881


Tree=15
num_leaves=4
num_cat=2
split_feature=2 43 41
split_gain=2159.76 781.48 544.778
threshold=9.0165244665816076 0 1
decision_type=2 9 9
left_child=-1 -2 -3
right_child=1 2 -4
leaf_value=-0.030571902942508937 0.069232495918822454 0.089925355539458546 0.0083759845847540364
leaf_weight=1439.1131431935355 285.51436140295118 79.738505842164159 1742.7208447065204
leaf_count=29663 2657 1051 25288
internal_value=-0.000158758 0.0205752 0.0124612
internal_weight=3547.09 2107.97 1822.46
internal_count=58659 28996 26339
cat_boundaries=0 1 2
cat_threshold=16 528
is_linear=0
shrinkage=0.0321881


Tree=16
num_leaves=4
num_cat=0
split_feature=2 39 22
split_gain=2088.56 771.561 470.152
threshold=9.4119038255165304 0.091303589551551087 83.818491241324708
decision_type=2 2 2
left_child=-1 2 -2
right_child=1 -3 -4
leaf_value=-0.030424258672669766 -0.023030191093987545 0.063928399724281021 0.019375295874541891
leaf_weight=1415.3880055509508 331.92317835241556 347.54277154710144 1445.1946895122528
leaf_count=29982 6564 3972 18269
internal_value=-0.0001177 0.0200428 0.0114171
internal_weight=3540.05 2124.66 1777.12
internal_count=58787 28805 24833
is_linear=0
shrinkage=0.0321881


Tree=17
num_leaves=4
num_cat=0
split_feature=2 39 22
split_gain=1934.63 663.43 446.348
threshold=9.0165244665816076 0.091303589551551087 83.818491241324708
decision_type=2 2 2
left_child=-1 2 -2
right_child=1 -3 -4
leaf_value=-0.030208800996570778 -0.023261401819911473 0.058465446079754971 0.018279752387413844
leaf_weight=1362.913176164031 326.3223966434598 363.22461716737598 1470.0009535197169
leaf_count=29656 6584 4023 18407
internal_value=-0.000166389 0.0187654 0.0106958
internal_weight=3522.46 2159.55 1796.32
internal_count=58670 29014 24991
is_linear=0
shrinkage=0.0321881


Tree=18
num_leaves=4
num_cat=1
split_feature=44 21 29
split_gain=1876.89 563.316 248.195
threshold=0 138.25589610077867 9.1885738940321797
decision_type=9 2 2
left_child=1 2 -1
right_child=-2 -3 -4
leaf_value=-0.0058742468339244413 -0.023733372046126505 0.040939148623245838 0.022648213357603218
leaf_weight=661.53232560865581 1761.549460561946 906.59370168019086 187.06456660665572
leaf_count=10106 35917 9847 2869
internal_value=-0.000312655 0.0231599 0.00435728
internal_weight=3516.74 1755.19 848.597
internal_count=58739 22822 12975
cat_boundaries=0 1
cat_threshold=8263
is_linear=0
shrinkage=0.0321881


Tree=19
num_leaves=4
num_cat=0
split_feature=2 39 39
split_gain=1773.31 613.865 408.358
threshold=9.0165244665816076 0.091303589551551087 0.91925617272353211
decision_type=2 2 2
left_child=-1 -2 -3
right_child=1 2 -4
leaf_value=-0.029756460128785883 0.0096530487249730686 0.1246582260549542 0.038412589647031391
leaf_weight=1311.6147319301963 1804.6285812817514 70.755815055221319 313.89171184413135
leaf_count=29831 24884 776 3297
internal_value=-0.000144581 0.0175684 0.0545099
internal_weight=3500.89 2189.28 384.648
internal_count=58788 28957 4073
is_linear=0
shrinkage=0.0321881


Tree=20
num_leaves=4
num_cat=1
split_feature=1 43 4
split_gain=1697.32 581.393 406.393
threshold=4.5259747138451738 0 685.17900092449952
decision_type=2 9 2
left_child=-1 2 -2
right_child=1 -3 -4
leaf_value=-0.028712709635851773 0.010757345913202669 0.010663872670985182 0.090405923080394732
leaf_weight=1326.7156316782348 107.13936379924417 1854.8552587870508 183.26473747566342
leaf_count=30736 989 25220 1496
internal_value=-7.93423e-05 0.0176002 0.0592348
internal_weight=3471.97 2145.26 290.404
internal_count=58441 27705 2485
cat_boundaries=0 1
cat_threshold=16
is_linear=0
shrinkage=0.0321881


Tree=21
num_leaves=4
num_cat=1
split_feature=44 22 24
split_gain=1642.69 581.381 222.728
threshold=0 275.33927731758837 322.14705216959044
decision_type=9 2 2
left_child=1 -1 -2
right_child=2 -3 -4
leaf_value=0.0015820276207193105 -0.025223735764157356 0.038189028786524526 0.04891562372939199
leaf_weight=849.6742638554424 1627.9205124108121 963.26435140147805 42.312185764312744
leaf_count=12800 34972 10105 917
internal_value=-0.000188337 0.0209543 -0.0231621
internal_weight=3483.17 1812.94 1670.23
internal_count=58794 22905 35889
cat_boundaries=0 1
cat_threshold=8263
is_linear=0
shrinkage=0.0321881


Tree=22
num_leaves=4
num_cat=1
split_feature=1 43 21
split_gain=1567.17 507.584 365.382
threshold=5.3467707112379506 0 138.25589610077867
decision_type=2 9 2
left_child=-1 -2 -3
right_child=1 2 -4
leaf_value=-0.02812505003709222 0.055335062056739381 -0.0051310248360717254 0.023330600529060098
leaf_weight=1300.2173238946125 292.76942636072636 863.6633527521044 1010.3518049791455
leaf_count=31296 2406 14080 10986
internal_value=-0.000172997 0.016572 0.0101267
internal_weight=3467 2166.78 1874.02
internal_count=58768 27472 25066
cat_boundaries=0 1
cat_threshold=16
is_linear=0
shrinkage=0.0321881


Tree=23
num_leaves=4
num_cat=1
split_feature=44 24 36
split_gain=1438.9 479.696 531.342
threshold=0 35.058260461630695 0.88315754986673267
decision_type=9 2 2
left_child=1 -1 -3
right_child=-2 2 -4
leaf_value=-0.016907709334794088 -0.02259662899569681 0.083450000497311438 0.02013043587112286
leaf_weight=315.07730674743652 1621.9600226380862 153.69723963178694 1351.2826599087566
leaf_count=5864 36015 1674 15065
internal_value=-0.000609255 0.0189703 0.0266514
internal_weight=3442.02 1820.06 1504.98
internal_count=58618 22603 16739
cat_boundaries=0 1
cat_threshold=8263
is_linear=0
shrinkage=0.0321881


Tree=24
num_leaves=4
num_cat=0
split_feature=2 22 36
split_gain=1446.61 497.909 501.979
threshold=9.0165244665816076 83.818491241324708 0.81528568745293051
decision_type=2 2 2
left_child=-1 -2 -3
right_child=1 2 -4
leaf_value=-0.029335732528921153 -0.022244329015869174 0.069643780726500876 0.01533645109348152
leaf_weight=1168.4173196279444 322.22894384898245 196.93432875536382 1756.9148739976808
leaf_count=29683 6635 2288 20109
internal_value=-0.000206822 0.0147199 0.0208506
internal_weight=3444.5 2276.08 1953.85
internal_count=58715 29032 22397
is_linear=0
shrinkage=0.0321881


Tree=25
num_leaves=4
num_cat=1
split_feature=1 22 41
split_gain=1359.44 481.807 425.543
threshold=3.8327243907930018 83.818491241324708 0
decision_type=2 2 9
left_child=-1 -2 -3
right_child=1 2 -4
leaf_value=-0.028570699325186234 -0.02275780338274553 0.043460887784999319 0.01027136311921989
leaf_weight=1154.9004198387265 311.13371433876455 570.76254910975695 1383.3544424213469
leaf_count=29888 6545 5879 16226
internal_value=-0.000134682 0.0143363 0.020277
internal_weight=3420.15 2265.25 1954.12
internal_count=58538 28650 22105
cat_boundaries=0 1
cat_threshold=538
is_linear=0
shrinkage=0.0321881


Tree=26
num_leaves=4
num_cat=1
split_feature=2 43 22
split_gain=1298.93 462.433 353.111
threshold=9.0165244665816076 0 87.469062523357238
decision_type=2 9 2
left_child=-1 -2 -3
right_child=1 2 -4
leaf_value=-0.028961722306128677 0.049036453039180458 -0.025850382618346365 0.013001684432788289
leaf_weight=1111.9800478760153 315.12397227063775 281.43189387209713 1705.3423308301717
leaf_count=29733 2561 6305 20042
internal_value=-0.000380574 0.0134 0.00742633
internal_weight=3413.88 2301.9 1986.77
internal_count=58641 28908 26347
cat_boundaries=0 1
cat_threshold=16
is_linear=0
shrinkage=0.0321881


Tree=27
num_leaves=4
num_cat=0
split_feature=1 40 40
split_gain=1209.71 431.447 375.342
threshold=4.109701538881497 0.11055050241962891 0.90139418391849302
decision_type=2 2 2
left_child=-1 -2 -3
right_child=1 2 -4
leaf_value=-0.028304957155071385 0.0044737556442973267 0.10520649600230743 0.026626657734717552
leaf_weight=1121.0288524380885 1723.3766438057646 73.10318841598928 489.818110473454
leaf_count=30456 22874 731 4772
internal_value=-0.000901197 0.0125092 0.0369844
internal_weight=3407.33 2286.3 562.921
internal_count=58833 28377 5503
is_linear=0
shrinkage=0.0321881


Tree=28
num_leaves=4
num_cat=1
split_feature=44 22 23
split_gain=1199.9 422.921 248.339
threshold=0 277.85031645984753 103.93452785448572
decision_type=9 2 2
left_child=1 -1 -2
right_child=2 -3 -4
leaf_value=4.3670043066816152e-05 -0.023665336506834223 0.030475145217624445 0.10165683373307037
leaf_weight=882.89859326742589 1465.2889747950248 1029.8727861782536 16.153782709501684
leaf_count=12905 35233 10096 349
internal_value=-0.000410535 0.016378 -0.0220907
internal_weight=3394.21 1912.77 1481.44
internal_count=58583 23001 35582
cat_boundaries=0 1
cat_threshold=8279
is_linear=0
shrinkage=0.0321881


Tree=29
num_leaves=4
num_cat=0
split_feature=1 40 40
split_gain=1179.12 421.093 316.482
threshold=3.8327243907930018 0.11055050241962891 0.90139418391849302
decision_type=2 2 2
left_child=-1 -2 -3
right_child=1 2 -4
leaf_value=-0.028405166467349505 0.0047742471596397976 0.097656791706927093 0.027016192909269029
leaf_weight=1046.6004174076952 1739.6587189557031 76.615872037597001 504.79300556890666
leaf_count=29710 23119 726 4878
internal_value=-2.63158e-05 0.0127442 0.0364704
internal_weight=3367.67 2321.07 581.409
internal_count=58433 28723 5604
is_linear=0
shrinkage=0.0321881


Tree=30
num_leaves=4
num_cat=2
split_feature=44 13 41
split_gain=1104.6 355.022 389.101
threshold=0 38.055404456590942 1
decision_type=9 8 9
left_child=1 2 -1
right_child=-2 -3 -4
leaf_value=0.048032806596864659 -0.021388987797102847 -0.014103978807487561 0.01197162692699592
leaf_weight=430.74595288746059 1447.8901516622864 336.21924951579422 1152.6143225561827
leaf_count=4330 35868 4625 13788
internal_value=-0.000227654 0.0157308 0.0222068
internal_weight=3367.47 1919.58 1583.36
internal_count=58611 22743 18118
cat_boundaries=0 1 2
cat_threshold=8263 536
is_linear=0
shrinkage=0.0321881


Tree=31
num_leaves=4
num_cat=2
split_feature=2 43 41
split_gain=1073.97 436.748 381.692
threshold=9.0165244665816076 0 1
decision_type=2 9 9
left_child=-1 -2 -3
right_child=1 2 -4
leaf_value=-0.028111328411025475 0.045076003754070802 0.077155861557385533 0.0031302853795883968
leaf_weight=994.67907048482448 338.13700944650918 64.9483532756567 1967.818380471319
leaf_count=29718 2663 666 25727
internal_value=-2.41126e-05 0.0117343 0.00590139
internal_weight=3365.58 2370.9 2032.77
internal_count=58774 29056 26393
cat_boundaries=0 1 2
cat_threshold=16 512
is_linear=0
shrinkage=0.0321881


Tree=32
num_leaves=4
num_cat=1
split_feature=2 21 41
split_gain=1008.16 421.363 302.725
threshold=9.0165244665816076 113.25153254639271 0
decision_type=2 2 9
left_child=-1 -2 -3
right_child=1 2 -4
leaf_value=-0.028014632188850471 -0.0066139203474441261 0.011748616244133108 0.044032751986629197
leaf_weight=963.11966707929969 880.41849564947188 1072.3552403412759 428.61365687288344
leaf_count=29539 13781 11392 3920
internal_value=-0.000211141 0.0110085 0.0213871
internal_weight=3344.51 2381.39 1500.97
internal_count=58632 29093 15312
cat_boundaries=0 1
cat_threshold=2368
is_linear=0
shrinkage=0.0321881


Tree=33
num_leaves=4
num_cat=0
split_feature=2 22 36
split_gain=1003.63 373.715 421.87
threshold=9.0165244665816076 87.469062523357238 0.88315754986673267
decision_type=2 2 2
left_child=-1 -2 -3
right_child=1 2 -4
leaf_value=-0.027855808851679039 -0.021291575736219804 0.058096948221447162 0.011243691189997788
leaf_weight=941.60604371596128 313.39801295846701 224.06369012780488 1853.0359509112313
leaf_count=29634 6744 2368 19894
internal_value=0.000267541 0.0113735 0.0163346
internal_weight=3332.1 2390.5 2077.1
internal_count=58640 29006 22262
is_linear=0
shrinkage=0.0321881


Tree=34
num_leaves=4
num_cat=2
split_feature=44 13 43
split_gain=943.897 352.355 354.236
threshold=0 37.85943859770709 1
decision_type=9 8 9
left_child=1 2 -1
right_child=-2 -3 -4
leaf_value=0.055159935836739046 -0.020471697215452854 -0.014815678632244539 0.013768268271690025
leaf_weight=253.61933405324817 1364.812013534829 348.21598064433783 1343.001352198422
leaf_count=1974 35789 4869 15903
internal_value=-1.88572e-05 0.0143337 0.020822
internal_weight=3309.65 1944.84 1596.62
internal_count=58535 22746 17877
cat_boundaries=0 1 2
cat_threshold=8263 16
is_linear=0
shrinkage=0.0321881


Tree=35
num_leaves=4
num_cat=0
split_feature=2 40 32
split_gain=890.328 384.214 289.61
threshold=7.8372374721275513 0.097990522618808265 -0.80067002211458382
decision_type=2 2 2
left_child=-1 2 -2
right_child=1 -3 -4
leaf_value=-0.028165320117018691 0.020278787840349189 0.030973625887522994 -0.0071019550610821863
leaf_weight=881.57957405922934 597.35569535661489 640.71423599030823 1208.6583249066025
leaf_count=28882 7063 6231 16820
internal_value=-0.000416829 0.00955695 0.00192069
internal_weight=3328.31 2446.73 1806.01
internal_count=58996 30114 23883
is_linear=0
shrinkage=0.0321881


Tree=36
num_leaves=4
num_cat=2
split_feature=2 43 41
split_gain=864.362 365.106 320.56
threshold=9.0165244665816076 0 1
decision_type=2 9 9
left_child=-1 -2 -3
right_child=1 2 -4
leaf_value=-0.027701088397440239 0.040037659361014589 0.067476498663272308 0.0017746651892342118
leaf_weight=881.38068982120603 338.20623662136495 69.961524832993746 2021.4302292969078
leaf_count=29651 2598 670 25910
internal_value=-0.000381369 0.00950488 0.00432081
internal_weight=3310.98 2429.6 2091.39
internal_count=58829 29178 26580
cat_boundaries=0 1 2
cat_threshold=16 512
is_linear=0
shrinkage=0.0321881


Tree=37
num_leaves=4
num_cat=1
split_feature=44 22 24
split_gain=845.29 351.25 216.32
threshold=0 297.81316001205488 322.14705216959044
decision_type=9 2 2
left_child=1 -1 -2
right_child=2 -3 -4
leaf_value=-0.00032553203471317728 -0.022316716432767895 0.026783525002851485 0.056844026010337174
leaf_weight=969.77805877104402 1270.7618517288938 1001.9872146900743 36.148368623107672
leaf_count=13461 34985 9270 880
internal_value=5.10537e-05 0.013352 -0.0199162
internal_weight=3278.68 1971.77 1306.91
internal_count=58596 22731 35865
cat_boundaries=0 1
cat_threshold=8263
is_linear=0
shrinkage=0.0321881


Tree=38
num_leaves=4
num_cat=0
split_feature=2 39 32
split_gain=779.568 326.167 277.768
threshold=8.3707237821027167 0.091303589551551087 -0.79515944402251371
decision_type=2 2 2
left_child=-1 2 -2
right_child=1 -3 -4
leaf_value=-0.027270197720346501 0.020109873558590209 0.033712535747960043 -0.0052898435128393984
leaf_weight=834.01452837046236 669.48053256236017 444.48030969593674 1330.0350048895925
leaf_count=29239 7552 4114 17850
internal_value=-0.000385254 0.00876494 0.00318405
internal_weight=3278.01 2444 1999.52
internal_count=58755 29516 25402
is_linear=0
shrinkage=0.0321881


Tree=39
num_leaves=4
num_cat=2
split_feature=2 43 41
split_gain=786.384 320.138 298.044
threshold=7.8372374721275513 0 1
decision_type=2 9 9
left_child=-1 -2 -3
right_child=1 2 -4
leaf_value=-0.027614084506590964 0.037608845114129576 0.064070795237995887 0.0018784404358602313
leaf_weight=795.78130560368299 342.70011771796271 73.097224792465568 2039.0698424289003
leaf_count=28579 2716 673 26467
internal_value=0.000167561 0.00920113 0.00435943
internal_weight=3250.65 2454.87 2112.17
internal_count=58435 29856 27140
cat_boundaries=0 1 2
cat_threshold=16 512
is_linear=0
shrinkage=0.0321881


Tree=40
num_leaves=4
num_cat=1
split_feature=44 22 36
split_gain=750.931 283.586 321.901
threshold=0 51.561232289976353 0.88315754986673267
decision_type=9 2 2
left_child=1 -1 -3
right_child=-2 2 -4
leaf_value=-0.023711420345385231 -0.019056589442335736 0.051643547048190908 0.011359696311328254
leaf_weight=198.37290029972792 1249.9757758504711 237.97324547916651 1572.0768759502098
leaf_count=4292 35769 2595 16098
internal_value=0.00042185 0.0126092 0.0166972
internal_weight=3258.4 2008.42 1810.05
internal_count=58754 22985 18693
cat_boundaries=0 1
cat_threshold=8263
is_linear=0
shrinkage=0.0321881


Tree=41
num_leaves=4
num_cat=0
split_feature=2 21 23
split_gain=706.396 306.765 243.27
threshold=7.8372374721275513 120.27819242651525 95.347479481653252
decision_type=2 2 2
left_child=2 -2 -1
right_child=1 -3 -4
leaf_value=-0.029487022632190326 -0.0060430926347622522 0.017214157450105225 0.11855043885556182
leaf_weight=750.49107361119241 950.04160170629621 1526.2587031233124 11.288172335363923
leaf_count=28121 14673 15238 417
internal_value=-5.31189e-05 0.00826599 -0.0271736
internal_weight=3238.08 2476.3 761.779
internal_count=58449 29911 28538
is_linear=0
shrinkage=0.0321881


Tree=42
num_leaves=4
num_cat=0
split_feature=1 23 22
split_gain=689.253 304.262 293.838
threshold=3.7201457175506873 95.347479481653252 76.475158756418693
decision_type=2 2 2
left_child=1 -1 -2
right_child=2 -3 -4
leaf_value=-0.02876293012098443 -0.022286473531461931 0.12165775203320477 0.012651268161377649
leaf_weight=774.18765236157924 280.58398530445993 13.805939053185282 2160.5792133803479
leaf_count=29145 6338 431 22727
internal_value=0.000138902 -0.0260109 0.00860771
internal_weight=3229.16 787.994 2441.16
internal_count=58641 29576 29065
is_linear=0
shrinkage=0.0321881


Tree=43
num_leaves=4
num_cat=2
split_feature=44 13 41
split_gain=683.273 282.747 284.572
threshold=0 37.85943859770709 1
decision_type=9 8 9
left_child=1 2 -1
right_child=-2 -3 -4
leaf_value=0.038385048983577613 -0.018787584112736868 -0.014663652452137205 0.0086442966305538965
leaf_weight=467.85654251649976 1204.2941377069801 343.46383077092469 1198.3478389475495
leaf_count=4345 35766 4809 13565
internal_value=0.000272945 0.0117625 0.01732
internal_weight=3213.96 2009.67 1666.2
internal_count=58485 22719 17910
cat_boundaries=0 1 2
cat_threshold=8263 536
is_linear=0
shrinkage=0.0321881


Tree=44
num_leaves=4
num_cat=2
split_feature=44 23 43
split_gain=646.861 270.928 264.738
threshold=0 103.93452785448572 1
decision_type=9 2 9
left_child=2 -2 -1
right_child=1 -3 -4
leaf_value=0.034690979907779119 -0.02560824353287957 0.10846213448286 0.0044875393866191712
leaf_weight=348.54531342722476 876.03796315286309 15.499645019881426 1972.9867422226816
leaf_count=3108 30849 333 24358
internal_value=0.000210674 -0.0229207 0.00918187
internal_weight=3213.07 891.538 2321.53
internal_count=58648 31182 27466
cat_boundaries=0 1 2
cat_threshold=8911 16
is_linear=0
shrinkage=0.0321881


Tree=45
num_leaves=4
num_cat=1
split_feature=2 43 22
split_gain=618.055 284.363 226.648
threshold=7.4691489488783311 0 98.801492343828031
decision_type=2 9 2
left_child=-1 -2 -3
right_child=1 2 -4
leaf_value=-0.026847469017287372 0.033752486798559696 -0.023158235525429706 0.0070644882544645482
leaf_weight=698.61042811488733 352.63093538815156 297.36234875582159 1866.7426625275984
leaf_count=28372 2787 7075 20606
internal_value=-4.77412e-05 0.00736801 0.00286693
internal_weight=3215.35 2516.74 2164.11
internal_count=58840 30468 27681
cat_boundaries=0 1
cat_threshold=16
is_linear=0
shrinkage=0.0321881


Tree=46
num_leaves=4
num_cat=1
split_feature=1 41 4
split_gain=585.212 272.502 268.28
threshold=3.8327243907930018 0 1058.1241301364505
decision_type=2 9 2
left_child=-1 2 -2
right_child=1 -3 -4
leaf_value=-0.02522565874426148 0.0084019924660052783 0.00036939538558782595 0.048820967477237937
leaf_weight=739.50147909787484 443.48717893846333 1723.2882205075584 280.92427762178704
leaf_count=30020 4954 21257 2572
internal_value=-0.000117405 0.00744401 0.023846
internal_weight=3187.2 2447.7 724.411
internal_count=58803 28783 7526
cat_boundaries=0 1
cat_threshold=538
is_linear=0
shrinkage=0.0321881


Tree=47
num_leaves=4
num_cat=0
split_feature=1 23 21
split_gain=567.999 307.353 272.083
threshold=3.8327243907930018 95.347479481653252 120.27819242651525
decision_type=2 2 2
left_child=1 -1 -2
right_child=2 -3 -4
leaf_value=-0.028436523322453864 -0.0061777485516303857 0.1129001044129179 0.015888218240174386
leaf_weight=697.13091855868697 930.12377290986478 15.916787500493227 1519.112105498556
leaf_count=29198 14261 446 14460
internal_value=0.00010168 -0.0251558 0.00748264
internal_weight=3162.28 713.048 2449.24
internal_count=58365 29644 28721
is_linear=0
shrinkage=0.0321881


Tree=48
num_leaves=4
num_cat=0
split_feature=2 39 32
split_gain=547.541 287.587 275.16
threshold=7.8372374721275513 0.091303589551551087 -0.81156326318992877
decision_type=2 2 2
left_child=-1 2 -2
right_child=1 -3 -4
leaf_value=-0.026229159975264239 0.018559185726975447 0.029776456863825497 -0.0066099935684444154
leaf_weight=656.02996650943533 667.87577617354691 460.63300824631006 1375.4340047300793
leaf_count=28600 7266 4193 18276
internal_value=-3.80069e-05 0.00680044 0.00158683
internal_weight=3159.97 2503.94 2043.31
internal_count=58335 29735 25542
is_linear=0
shrinkage=0.0321881


Tree=49
num_leaves=4
num_cat=1
split_feature=2 24 41
split_gain=499.239 321.377 228.408
threshold=6.7048524680818611 312.32637894030364 0
decision_type=2 2 9
left_child=-1 2 -2
right_child=1 -3 -4
leaf_value=-0.026701816594754037 0.035328119226037423 0.068367623571795197 0.00065310145080091852
leaf_weight=603.6235621466767 206.04395057586953 82.314465042203665 2256.6176432608627
leaf_count=26961 1983 861 28836
internal_value=-0.000370919 0.00585119 0.00372934
internal_weight=3148.6 2544.98 2462.66
internal_count=58641 31680 30819
cat_boundaries=0 1
cat_threshold=530
is_linear=0
shrinkage=0.0321881


Tree=50
num_leaves=4
num_cat=0
split_feature=2 39 39
split_gain=507.717 249.057 238.517
threshold=7.4691489488783311 0.091303589551551087 0.91925617272353211
decision_type=2 2 2
left_child=-1 -2 -3
right_child=1 2 -4
leaf_value=-0.026429554527824424 0.0013158101177041803 0.077463855819072447 0.016540900724142753
leaf_weight=616.33547357539646 2065.8339515067637 81.761211415287107 383.67395239509642
leaf_count=28223 26152 743 3461
internal_value=-0.000217282 0.00614183 0.0274138
internal_weight=3147.6 2531.27 465.435
internal_count=58579 30356 4204
is_linear=0
shrinkage=0.0321881


Tree=51
num_leaves=4
num_cat=2
split_feature=44 43 4
split_gain=506.576 241.178 229.892
threshold=0 1 1082.6532833273934
decision_type=9 9 2
left_child=1 2 -1
right_child=-2 -3 -4
leaf_value=0.0056405537365741571 -0.017747656484514034 -0.013881572932788289 0.030684314199235025
leaf_weight=1080.6173320105299 1100.5239248750731 372.2823473289609 592.47642742656171
leaf_count=11679 35913 5617 5570
internal_value=-0.000214885 0.00923017 0.0144638
internal_weight=3145.9 2045.38 1673.09
internal_count=58779 22866 17249
cat_boundaries=0 1 2
cat_threshold=8263 81
is_linear=0
shrinkage=0.0321881


Tree=52
num_leaves=4
num_cat=0
split_feature=2 22 36
split_gain=465.826 237.798 385.901
threshold=7.8372374721275513 190.56142799501137 0.81528568745293051
decision_type=2 2 2
left_child=-1 -2 -3
right_child=1 2 -4
leaf_value=-0.02563660278960761 -0.0095519683550572207 0.069437839042002431 0.0082104848751595964
leaf_weight=604.07277384609915 735.14991184510291 114.12263707164675 1680.8216734635644
leaf_count=28748 12116 1042 16811
internal_value=-0.000226505 0.00581695 0.0121475
internal_weight=3134.17 2530.09 1794.94
internal_count=58717 29969 17853
is_linear=0
shrinkage=0.0321881


Tree=53
num_leaves=4
num_cat=1
split_feature=44 24 13
split_gain=468.946 242.979 231.006
threshold=0 322.14705216959044 37.85943859770709
decision_type=9 2 8
left_child=2 -2 -1
right_child=1 -3 -4
leaf_value=0.013905924035541138 -0.020280245926241707 0.062014372982774547 -0.015259364771786143
leaf_weight=1706.9279290745035 1034.6437500424217 37.980989213567227 334.74388168659061
leaf_count=17930 34976 892 4802
internal_value=0 -0.0171341 0.00904739
internal_weight=3114.3 1072.62 2041.67
internal_count=58600 35868 22732
cat_boundaries=0 1
cat_threshold=8263
is_linear=0
shrinkage=0.0321881


Tree=54
num_leaves=4
num_cat=1
split_feature=2 43 4
split_gain=439.289 246.093 212.847
threshold=7.8372374721275513 0 593.7019005953124
decision_type=2 9 2
left_child=-1 2 -2
right_child=1 -3 -4
leaf_value=-0.02542322461595227 -0.0016966360566579525 0.001432525776498965 0.050157317981728691
leaf_weight=583.04956723749638 126.37051671743393 2169.0710134683177 221.72591475816444
leaf_count=28882 1039 27041 1636
internal_value=-0.000233888 0.00557724 0.0302918
internal_weight=3100.22 2517.17 348.096
internal_count=58598 29716 2675
cat_boundaries=0 1
cat_threshold=16
is_linear=0
shrinkage=0.0321881


Tree=55
num_leaves=4
num_cat=1
split_feature=44 22 24
split_gain=424.093 233.102 179.322
threshold=0 297.81316001205488 302.94634673353039
decision_type=9 2 2
left_child=1 -1 -2
right_child=2 -3 -4
leaf_value=-0.0032568034715960304 -0.020768697470811882 0.018271558787482742 0.040852988067198386
leaf_weight=1016.8661196585745 978.95522503834218 1059.5524746514857 50.628730695694685
leaf_count=13789 34278 9308 1222
internal_value=-0.00069001 0.00766193 -0.017498
internal_weight=3106 2076.42 1029.58
internal_count=58597 23097 35500
cat_boundaries=0 1
cat_threshold=8279
is_linear=0
shrinkage=0.0321881


Tree=56
num_leaves=4
num_cat=1
split_feature=44 24 36
split_gain=417.207 219.822 324.218
threshold=0 35.058260461630695 0.88315754986673267
decision_type=9 2 2
left_child=1 -1 -3
right_child=-2 2 -4
leaf_value=-0.016907718660197666 -0.020676193150931534 0.049486667183581426 0.0066437948235313167
leaf_weight=339.89014215953648 734.8597722761333 204.21134009584785 1818.3587233247235
leaf_count=7088 31105 1967 18502
internal_value=0.000316253 0.00693265 0.0110063
internal_weight=3097.32 2362.46 2022.57
internal_count=58662 27557 20469
cat_boundaries=0 1
cat_threshold=8911
is_linear=0
shrinkage=0.0321881


Tree=57
num_leaves=4
num_cat=0
split_feature=1 23 20
split_gain=406.442 251.279 218.755
threshold=3.7201457175506873 95.347479481653252 176.62318586481544
decision_type=2 2 2
left_child=1 -1 -2
right_child=2 -3 -4
leaf_value=-0.027601313588041687 0.0026832769807865523 0.098305817171531223 0.035360634502903984
leaf_weight=572.45243302732706 2248.6539064515382 16.47562038525939 234.98902082722634
leaf_count=29141 26904 449 2033
internal_value=8.19431e-05 -0.0239328 0.00580376
internal_weight=3072.57 588.928 2483.64
internal_count=58527 29590 28937
is_linear=0
shrinkage=0.0321881


Tree=58
num_leaves=4
num_cat=0
split_feature=2 40 40
split_gain=371.305 238.287 264.083
threshold=6.7048524680818611 0.11055050241962891 0.90139418391849302
decision_type=2 2 2
left_child=-1 -2 -3
right_child=1 2 -4
leaf_value=-0.025545349980297914 -0.0011241503283155182 0.073924457848110622 0.013278206644052904
leaf_weight=502.4028255448211 1902.8936635022983 85.775949819944799 594.61773308925331
leaf_count=26905 25326 788 5753
internal_value=-0.000213472 0.00469036 0.0210404
internal_weight=3085.69 2583.29 680.394
internal_count=58772 31867 6541
is_linear=0
shrinkage=0.0321881


Tree=59
num_leaves=4
num_cat=0
split_feature=1 22 20
split_gain=366.423 215.745 210.385
threshold=3.8327243907930018 76.475158756418693 281.38290601265311
decision_type=2 2 2
left_child=2 -2 -1
right_child=1 -3 -4
leaf_value=-0.027083504316920741 -0.022090284384547666 0.0083621199190811075 0.090678988993708617
leaf_weight=550.63925166148692 269.45605313312262 2209.2720338390209 15.721966842655091
leaf_count=29198 6379 22307 499
internal_value=-0.00029233 0.00502423 -0.0236655
internal_weight=3045.09 2478.73 566.361
internal_count=58383 28686 29697
is_linear=0
shrinkage=0.0321881


Tree=60
num_leaves=4
num_cat=1
split_feature=2 41 1
split_gain=348.138 217.837 194.203
threshold=6.7048524680818611 0 11.639847752412917
decision_type=2 9 2
left_child=-1 2 -2
right_child=1 -3 -4
leaf_value=-0.025237932798128571 -0.0077126893669117918 -0.0015636183557620584 0.028610720119182174
leaf_weight=479.96300605218858 204.3463549586013 1789.4253268763423 572.38633491657674
leaf_count=26890 3753 22512 5347
internal_value=-6.2913e-05 0.00462279 0.0187321
internal_weight=3046.12 2566.16 776.733
internal_count=58502 31612 9100
cat_boundaries=0 1
cat_threshold=538
is_linear=0
shrinkage=0.0321881


Tree=61
num_leaves=4
num_cat=1
split_feature=43 39 1
split_gain=332.213 249.522 244.942
threshold=0 0.091303589551551087 10.414900013981008
decision_type=9 2 2
left_child=1 2 -1
right_child=-2 -3 -4
leaf_value=-0.02320895714386785 -0.020677914116485806 0.025792976070820067 0.005584490124508199
leaf_weight=382.58218844025396 656.59976179548539 478.9321652550716 1526.5960040893406
leaf_count=14885 20311 5858 17529
internal_value=-0.000566233 0.00500384 -0.000154265
internal_weight=3044.71 2388.11 1909.18
internal_count=58583 38272 32414
cat_boundaries=0 1
cat_threshold=81
is_linear=0
shrinkage=0.0321881


Tree=62
num_leaves=4
num_cat=1
split_feature=44 22 29
split_gain=346.739 189.074 182.162
threshold=0 61.860380384658775 9.4423608439497979
decision_type=9 2 2
left_child=1 -1 -3
right_child=-2 2 -4
leaf_value=-0.022488970122666783 -0.015548594078106744 0.0079850719298645272 0.046774316563013708
leaf_weight=193.42720071971416 971.55705636716448 1743.9197671832517 136.00537466257811
leaf_count=4557 35861 16946 1290
internal_value=0.000202073 0.00765244 0.0108307
internal_weight=3044.91 2073.35 1879.93
internal_count=58654 22793 18236
cat_boundaries=0 1
cat_threshold=8263
is_linear=0
shrinkage=0.0321881


Tree=63
num_leaves=4
num_cat=2
split_feature=43 24 44
split_gain=311.25 269.274 229.74
threshold=0 322.14705216959044 1
decision_type=9 2 9
left_child=1 2 -1
right_child=-2 -3 -4
leaf_value=0.0093315345301949095 -0.020248101498775633 0.060658567406587267 -0.01283110388865227
leaf_weight=1636.9366160966456 635.75965786771849 86.464027824811637 675.55374169535935
leaf_count=16457 20352 1034 20694
internal_value=-0.00039083 0.00491051 0.00281378
internal_weight=3034.71 2398.95 2312.49
internal_count=58537 38185 37151
cat_boundaries=0 1 2
cat_threshold=81 71
is_linear=0
shrinkage=0.0321881


Tree=64
num_leaves=4
num_cat=2
split_feature=13 43 41
split_gain=306 326.641 216.287
threshold=38.507326384873899 0 1
decision_type=10 9 9
left_child=1 -1 -3
right_child=-2 2 -4
leaf_value=0.032536554227162222 -0.022253701761461381 0.048026082932897493 -0.0024290926089300356
leaf_weight=358.10070770909078 535.82278947881423 81.681175441481173 2061.4312233217061
leaf_count=5634 17364 705 34975
internal_value=-0.000164288 0.00454402 -0.000257326
internal_weight=3037.04 2501.21 2143.11
internal_count=58678 41314 35680
cat_boundaries=0 1 2
cat_threshold=16 512
is_linear=0
shrinkage=0.0321881


Tree=65
num_leaves=4
num_cat=1
split_feature=2 24 41
split_gain=300.076 208.014 190.562
threshold=6.8065755583339991 312.32637894030364 0
decision_type=2 2 9
left_child=-1 2 -2
right_child=1 -3 -4
leaf_value=-0.024316004686540934 0.015908159333133949 0.052430654403839427 -0.0034230707722178962
leaf_weight=447.53996802424081 749.36847215122543 89.468803314492106 1719.5712468996644
leaf_count=27043 8701 853 21899
internal_value=0 0.00424678 0.00247004
internal_weight=3005.95 2558.41 2468.94
internal_count=58496 31453 30600
cat_boundaries=0 1
cat_threshold=538
is_linear=0
shrinkage=0.0321881


Tree=66
num_leaves=4
num_cat=1
split_feature=44 23 22
split_gain=298.053 189.756 168.656
threshold=0 51.282349402096457 76.475158756418693
decision_type=9 2 2
left_child=2 -2 -1
right_child=1 -3 -4
leaf_value=-0.02011863196625821 -0.026842486888826924 0.022509072378703646 0.0081866593724520924
leaf_weight=241.86574131436646 550.77406721026637 92.981994825182483 2118.1953199515119
leaf_count=5980 27889 3277 21360
internal_value=-5.20738e-05 -0.0193099 0.00523496
internal_weight=3003.82 643.756 2360.06
internal_count=58506 31166 27340
cat_boundaries=0 1
cat_threshold=8911
is_linear=0
shrinkage=0.0321881


Tree=67
num_leaves=4
num_cat=2
split_feature=2 43 41
split_gain=284.305 196.122 183.126
threshold=7.4691489488783311 0 1
decision_type=2 9 9
left_child=-1 -2 -3
right_child=1 2 -4
leaf_value=-0.02334973384434871 0.02658084536560372 0.04546417264795076 -0.0011017281113689182
leaf_weight=448.13638026546687 346.58115998003632 80.985148882493377 2109.3229433149099
leaf_count=28137 2785 658 26790
internal_value=0.000255788 0.00445255 0.00079456
internal_weight=2985.03 2536.89 2190.31
internal_count=58370 30233 27448
cat_boundaries=0 1 2
cat_threshold=16 512
is_linear=0
shrinkage=0.0321881


Tree=68
num_leaves=4
num_cat=2
split_feature=43 24 44
split_gain=275.851 227.247 212.239
threshold=0 322.14705216959044 1
decision_type=9 2 9
left_child=1 2 -1
right_child=-2 -3 -4
leaf_value=0.009238091650713506 -0.018997208197793117 0.056523374030759563 -0.012427412605145518
leaf_weight=1643.103779069148 613.8093094616197 85.606578211765736 642.62017585453577
leaf_count=16589 20463 999 20572
internal_value=3.13946e-05 0.00504397 0.00310447
internal_weight=2985.14 2371.33 2285.72
internal_count=58623 38160 37161
cat_boundaries=0 1 2
cat_threshold=81 87
is_linear=0
shrinkage=0.0321881


Tree=69
num_leaves=4
num_cat=2
split_feature=43 24 44
split_gain=271.067 239.945 210.723
threshold=0 302.94634673353039 1
decision_type=9 2 9
left_child=1 2 -1
right_child=-2 -3 -4
leaf_value=0.0085604104462110881 -0.019338848358144405 0.051335935347543764 -0.013098943042384742
leaf_weight=1626.0570050142705 603.03593053389341 108.82982859387994 639.32968160836026
leaf_count=16350 20412 1279 20635
internal_value=-0.000234607 0.00465421 0.00239891
internal_weight=2977.25 2374.22 2265.39
internal_count=58676 38264 36985
cat_boundaries=0 1 2
cat_threshold=81 71
is_linear=0
shrinkage=0.0321881


Tree=70
num_leaves=4
num_cat=2
split_feature=43 24 44
split_gain=272.649 211.987 188.743
threshold=0 302.94634673353039 1
decision_type=9 2 9
left_child=1 2 -1
right_child=-2 -3 -4
leaf_value=0.0068307461204766152 -0.019386640397669127 0.047588379259816099 -0.017685076016050568
leaf_weight=1879.2666195780039 596.35199716011994 114.13137761829421 382.33666762080975
leaf_count=20382 20428 1324 16592
internal_value=-9.73649e-05 0.00478071 0.00260864
internal_weight=2972.09 2375.73 2261.6
internal_count=58726 38298 36974
cat_boundaries=0 1 2
cat_threshold=81 583
is_linear=0
shrinkage=0.0321881


Tree=71
num_leaves=4
num_cat=2
split_feature=13 43 41
split_gain=255.913 217.293 171.77
threshold=37.85943859770709 0 1
decision_type=10 9 9
left_child=1 -1 -3
right_child=-2 2 -4
leaf_value=0.028452468973771728 -0.018826993736670228 0.043811774705120203 -0.0011572340393040106
leaf_weight=335.28812159737572 590.12607018859126 81.803094301372766 1974.4244283151347
leaf_count=5407 19124 673 33614
internal_value=0.000130223 0.0048361 0.000809125
internal_weight=2981.64 2391.52 2056.23
internal_count=58818 39694 34287
cat_boundaries=0 1 2
cat_threshold=16 512
is_linear=0
shrinkage=0.0321881


Tree=72
num_leaves=4
num_cat=1
split_feature=2 21 41
split_gain=247.904 191.457 159.223
threshold=6.7048524680818611 120.27819242651525 0
decision_type=2 2 9
left_child=-1 -2 -3
right_child=1 2 -4
leaf_value=-0.023826254469514953 -0.0081050523009198547 0.025698609139959125 0.0034389699129703881
leaf_weight=401.86268813489005 949.26366079505533 468.20009408378974 1159.695281047374
leaf_count=27053 15503 4676 11629
internal_value=-0.000300094 0.00334554 0.010062
internal_weight=2979.02 2577.16 1627.9
internal_count=58861 31808 16305
cat_boundaries=0 1
cat_threshold=538
is_linear=0
shrinkage=0.0321881


Tree=73
num_leaves=4
num_cat=0
split_feature=39 1 39
split_gain=234.864 315.793 253.143
threshold=0.091303589551551087 10.099284489629953 0.91925617272353211
decision_type=2 2 2
left_child=1 -1 -2
right_child=2 -3 -4
leaf_value=-0.025741463858871459 0.067945703594275569 0.0018932195926897525 0.0089437971529414875
leaf_weight=556.68342362809926 90.788566482951865 1842.9055422479287 461.96077646990307
leaf_count=28080 961 21953 7587
internal_value=-0.000114068 -0.00449315 0.0187749
internal_weight=2952.34 2399.59 552.749
internal_count=58581 50033 8548
is_linear=0
shrinkage=0.0321881


Tree=74
num_leaves=4
num_cat=2
split_feature=13 43 41
split_gain=244.48 233.748 151.437
threshold=38.507326384873899 0 1
decision_type=10 9 9
left_child=1 -1 -3
right_child=-2 2 -4
leaf_value=0.028057059688655812 -0.020791376864044114 0.03320952977810851 -0.0022104157193636818
leaf_weight=350.42744294507429 489.1824333735276 123.17877471167594 1987.2541507454589
leaf_count=5625 17387 1107 34427
internal_value=0 0.00411791 0
internal_weight=2950.04 2460.86 2110.43
internal_count=58546 41159 35534
cat_boundaries=0 1 2
cat_threshold=16 528
is_linear=0
shrinkage=0.0321881


Tree=75
num_leaves=4
num_cat=1
split_feature=44 4 7
split_gain=222.17 149.14 146.748
threshold=0 1122.7963054328486 15803.9777145189
decision_type=9 2 2
left_child=1 -1 -3
right_child=-2 2 -4
leaf_value=-0.00032390584753450285 -0.013589916158975068 0.022288065822444723 -0.040195647407776466
leaf_weight=1391.108704386279 893.44815277960151 611.93271325435489 40.693822667002678
leaf_count=16309 36053 5902 429
internal_value=-0.000271165 0.00556034 0.0182812
internal_weight=2937.18 2043.74 652.627
internal_count=58693 22640 6331
cat_boundaries=0 1
cat_threshold=87
is_linear=0
shrinkage=0.0321881


Tree=76
num_leaves=4
num_cat=2
split_feature=13 43 41
split_gain=229.165 207.32 152.325
threshold=39.335655512278358 0 1
decision_type=10 9 9
left_child=1 -1 -3
right_child=-2 2 -4
leaf_value=0.025452522865354744 -0.023686446503127866 0.039177645289015316 -0.002431903414282168
leaf_weight=358.58693349617533 379.00674847816117 84.978595330379903 2104.2999268404674
leaf_count=5810 15176 699 36927
internal_value=-0.000322425 0.00312996 -0.000613014
internal_weight=2926.87 2547.87 2189.28
internal_count=58612 43436 37626
cat_boundaries=0 1 2
cat_threshold=16 512
is_linear=0
shrinkage=0.0321881


Tree=77
num_leaves=4
num_cat=2
split_feature=2 41 44
split_gain=225.821 177.464 165.855
threshold=6.6048424683001441 0 1
decision_type=2 9 9
left_child=-1 2 -2
right_child=1 -3 -4
leaf_value=-0.023391427822960324 0.034157375746716664 -0.0021655844324910303 0.0035765110202000765
leaf_weight=371.19460097770207 310.9332273430191 1761.6665188497864 464.69045118475333
leaf_count=26719 2904 22664 6279
internal_value=2.74002e-05 0.00348044 0.0162021
internal_weight=2908.48 2537.29 775.624
internal_count=58566 31847 9183
cat_boundaries=0 1 2
cat_threshold=538 4678
is_linear=0
shrinkage=0.0321881


Tree=78
num_leaves=4
num_cat=1
split_feature=13 20 44
split_gain=221.463 180.29 155.303
threshold=37.85943859770709 179.23171819885533 0
decision_type=10 2 9
left_child=1 2 -1
right_child=-2 -3 -4
leaf_value=0.0058797429236388376 -0.018658240610409851 0.029482726799691057 -0.014307759759497973
leaf_weight=1585.3946619667113 550.58830800442956 256.44465143070556 513.99445322854444
leaf_count=16815 19109 3694 18876
internal_value=-0.000263098 0.00401049 0.000865694
internal_weight=2906.42 2355.83 2099.39
internal_count=58494 39385 35691
cat_boundaries=0 1
cat_threshold=8279
is_linear=0
shrinkage=0.0321881


Tree=79
num_leaves=4
num_cat=0
split_feature=22 36 21
split_gain=216.782 257.673 204.096
threshold=72.707224699839273 0.88315754986673267 135.56820862875512
decision_type=2 2 2
left_child=-1 -2 -3
right_child=1 2 -4
leaf_value=-0.02436616428501882 0.032008601190733392 -0.010468561734781825 0.006247409894066267
leaf_weight=327.11073434446007 290.06185460835695 673.14791111135855 1630.8303993300069
leaf_count=13120 4805 13001 27692
internal_value=0.000293005 0.00342904 -0.000144294
internal_weight=2921.15 2594.04 2303.98
internal_count=58618 45498 40693
is_linear=0
shrinkage=0.0321881


Tree=80
num_leaves=4
num_cat=1
split_feature=43 20 2
split_gain=223.425 174.477 145.231
threshold=0 181.78875189703101 13.989617256139338
decision_type=9 2 2
left_child=1 2 -1
right_child=-2 -3 -4
leaf_value=-0.022663880681139167 -0.01815420836557903 0.030120583276018235 0.0043078819153065957
leaf_weight=231.79480653419159 558.79831676464528 243.57882062555291 1885.1734449658543
leaf_count=14352 20292 3091 20921
internal_value=-2.03567e-05 0.00430544 0.00132235
internal_weight=2919.35 2360.55 2116.97
internal_count=58656 38364 35273
cat_boundaries=0 1
cat_threshold=81
is_linear=0
shrinkage=0.0321881


Tree=81
num_leaves=4
num_cat=1
split_feature=44 39 1
split_gain=203.069 197.581 192.395
threshold=0 0.091303589551551087 10.414900013981008
decision_type=9 2 2
left_child=-1 2 -2
right_child=1 -3 -4
leaf_value=0.012106594426087986 -0.027356195348305686 0.015004200473812446 -0.0030072933167026431
leaf_weight=980.55450257938355 501.81612974358723 375.59175414638594 1040.0191674465314
leaf_count=9570 27945 7140 13772
internal_value=0.000244222 -0.00582239 -0.0109763
internal_weight=2897.98 1917.43 1541.84
internal_count=58427 48857 41717
cat_boundaries=0 1
cat_threshold=70
is_linear=0
shrinkage=0.0321881


Tree=82
num_leaves=4
num_cat=0
split_feature=22 36 32
split_gain=202.542 245.806 182.02
threshold=80.140099683050138 0.88315754986673267 0.62633384631382116
decision_type=2 2 2
left_child=-1 2 -2
right_child=1 -3 -4
leaf_value=-0.023622435166060839 0.044457907307807271 -0.00044910668501652452 -0.010281769132140094
leaf_weight=333.03326977975667 226.97338153328747 2267.8030692283064 56.868269874714315
leaf_count=13649 3255 40327 1253
internal_value=-1.04618e-06 0.0030589 0.0312879
internal_weight=2884.68 2551.64 283.842
internal_count=58484 44835 4508
is_linear=0
shrinkage=0.0321881


Tree=83
num_leaves=4
num_cat=1
split_feature=13 43 22
split_gain=196.293 181.814 138.6
threshold=39.255460738317431 0 61.860380384658775
decision_type=10 9 2
left_child=1 -1 -3
right_child=-2 2 -4
leaf_value=0.024263131672790178 -0.021870169066209501 -0.025745872530531969 0.0024059052812733955
leaf_weight=358.94136135047302 364.51293615344912 199.24087786395103 1973.5197023772635
leaf_count=5903 15384 7781 29525
internal_value=0.000182819 0.0033849 -0.000148129
internal_weight=2896.21 2531.7 2172.76
internal_count=58593 43209 37306
cat_boundaries=0 1
cat_threshold=16
is_linear=0
shrinkage=0.0321881


Tree=84
num_leaves=4
num_cat=1
split_feature=43 39 39
split_gain=193.897 158.442 172.493
threshold=0 0.091303589551551087 0.91925617272353211
decision_type=9 2 2
left_child=1 -1 -3
right_child=-2 2 -4
leaf_value=-0.00050239973209699777 -0.017441312435087362 0.063541560011106127 0.011382585799838871
leaf_weight=1865.1039149113931 545.12682249397039 79.689937142189592 401.63776135328226
leaf_count=32452 20422 809 5071
internal_value=-0.000313533 0.0036984 0.0201775
internal_weight=2891.56 2346.43 481.328
internal_count=58754 38332 5880
cat_boundaries=0 1
cat_threshold=81
is_linear=0
shrinkage=0.0321881


Tree=85
num_leaves=4
num_cat=0
split_feature=22 36 21
split_gain=185.689 207.932 162.713
threshold=83.818491241324708 0.88315754986673267 135.56820862875512
decision_type=2 2 2
left_child=-1 -2 -3
right_child=1 2 -4
leaf_value=-0.02258590647390489 0.029170383818915954 -0.0098125077391218347 0.0053739753653522333
leaf_weight=333.09214874263853 279.0598361864686 641.78681608731858 1628.1991018846165
leaf_count=13970 4351 12603 27857
internal_value=0 0.00296089 -0.000235815
internal_weight=2882.14 2549.05 2269.99
internal_count=58781 44811 40460
is_linear=0
shrinkage=0.0321881


Tree=86
num_leaves=4
num_cat=2
split_feature=43 24 44
split_gain=189.348 161.383 128.825
threshold=0 322.14705216959044 1
decision_type=9 2 9
left_child=1 2 -1
right_child=-2 -3 -4
leaf_value=0.0051355983703935456 -0.017052571506890789 0.045631230458575187 -0.018528453999465466
leaf_weight=1983.5816936686169 532.80585934198461 92.80978871230036 260.04647461185232
leaf_count=22480 20391 1028 14710
internal_value=5.34541e-05 0.00403863 0.00230309
internal_weight=2869.24 2336.44 2243.63
internal_count=58609 38218 37190
cat_boundaries=0 1 2
cat_threshold=81 5703
is_linear=0
shrinkage=0.0321881


Tree=87
num_leaves=4
num_cat=1
split_feature=44 23 32
split_gain=184.287 163.677 152.077
threshold=0 49.771424975219126 -0.74485116957580033
decision_type=9 2 2
left_child=2 -2 -1
right_child=1 -3 -4
leaf_value=0.014783194169024322 -0.025568302967813289 0.01980767780798607 -0.002210457500768787
leaf_weight=858.84530041087419 438.68276875396259 99.601805845042691 1481.8951202072203
leaf_count=8932 27693 3550 18635
internal_value=4.00235e-05 -0.016738 0.00398136
internal_weight=2879.02 538.285 2340.74
internal_count=58810 31243 27567
cat_boundaries=0 1
cat_threshold=8911
is_linear=0
shrinkage=0.0321881


Tree=88
num_leaves=4
num_cat=0
split_feature=22 36 32
split_gain=172.809 208.209 159.485
threshold=102.43010375130621 0.81528568745293051 0.62633384631382116
decision_type=2 2 2
left_child=-1 2 -2
right_child=1 -3 -4
leaf_value=-0.020141606571696904 0.044237893744589092 9.9035946634970691e-05 -0.0084867069470778312
leaf_weight=379.83421717397869 198.45941430795938 2239.0487711611204 38.969016385264695
leaf_count=14927 2732 39870 831
internal_value=4.47288e-05 0.00316819 0.0318147
internal_weight=2856.31 2476.48 237.428
internal_count=58360 43433 3563
is_linear=0
shrinkage=0.0321881


Tree=89
num_leaves=4
num_cat=2
split_feature=13 43 41
split_gain=177.061 188.622 130.633
threshold=39.335655512278358 0 1
decision_type=10 9 9
left_child=1 -1 -3
right_child=-2 2 -4
leaf_value=0.024236350215474305 -0.021884113839929383 0.035463014621735775 -0.0024199527675892911
leaf_weight=356.38588927709498 338.99156676139683 88.440886701457202 2092.1341090861242
leaf_count=5954 15025 737 36838
internal_value=-2.17813e-05 0.00287616 -0.000695875
internal_weight=2875.95 2536.96 2180.57
internal_count=58554 43529 37575
cat_boundaries=0 1 2
cat_threshold=16 512
is_linear=0
shrinkage=0.0321881


Tree=90
num_leaves=4
num_cat=0
split_feature=2 21 36
split_gain=170.929 140.135 131.671
threshold=6.4154401135393799 111.84999532353483 0.88315754986673267
decision_type=2 2 2
left_child=-1 2 -2
right_child=1 -3 -4
leaf_value=-0.0220218034758583 0.00019933683355269691 0.0082270240518943945 -0.019918616426875889
leaf_weight=321.72172318329103 369.71209010854363 1693.4433625410311 470.75246556848288
leaf_count=26144 7521 17533 7295
internal_value=4.73219e-05 0.0028763 -0.00782835
internal_weight=2855.63 2533.91 840.465
internal_count=58493 32349 14816
is_linear=0
shrinkage=0.0321881


Tree=91
num_leaves=4
num_cat=2
split_feature=43 24 44
split_gain=156.534 136.186 114.245
threshold=0 322.14705216959044 1
decision_type=9 2 9
left_child=1 2 -1
right_child=-2 -3 -4
leaf_value=0.01101366372893599 -0.01629482484071838 0.040919432689455755 -0.0039758463692604355
leaf_weight=819.72385697998106 516.98768670647405 94.649482043460011 1427.2139502675273
leaf_count=7670 20342 1041 29616
internal_value=-0.000426336 0.0031076 0.00149616
internal_weight=2858.57 2341.59 2246.94
internal_count=58669 38327 37286
cat_boundaries=0 1 2
cat_threshold=81 70
is_linear=0
shrinkage=0.0321881


Tree=92
num_leaves=4
num_cat=0
split_feature=39 1 39
split_gain=162.855 230.675 206.733
threshold=0.091303589551551087 9.348266949421685 0.91925617272353211
decision_type=2 2 2
left_child=1 -1 -2
right_child=2 -3 -4
leaf_value=-0.025332530212276161 0.061319884439397274 0.00055951674548213742 0.0065660575684289733
leaf_weight=439.69156384654343 84.679160342318937 1856.8771771183237 477.27616013051011
leaf_count=27841 927 22389 7676
internal_value=-0.000549857 -0.00437204 0.0149524
internal_weight=2858.52 2296.57 561.955
internal_count=58833 50230 8603
is_linear=0
shrinkage=0.0321881


Tree=93
num_leaves=4
num_cat=0
split_feature=24 36 21
split_gain=163.073 212.701 153.81
threshold=26.806359668267536 0.88315754986673267 138.25589610077867
decision_type=2 2 2
left_child=-1 -2 -3
right_child=1 2 -4
leaf_value=-0.021650590001526894 0.029155380877250326 -0.0094918278479921587 0.0049986167376782267
leaf_weight=322.02720011165366 279.10539787681773 644.41459762118757 1594.2424392860848
leaf_count=13502 4702 13191 27257
internal_value=-6.978e-05 0.00266693 -0.00060981
internal_weight=2839.79 2517.76 2238.66
internal_count=58652 45150 40448
is_linear=0
shrinkage=0.0321881


Tree=94
num_leaves=4
num_cat=3
split_feature=43 41 44
split_gain=159.575 122.674 127.947
threshold=0 1 2
decision_type=9 9 9
left_child=1 -1 -3
right_child=-2 2 -4
leaf_value=0.026316145810708153 -0.016332896582328733 0.011320406620276939 -0.0049876960875233417
leaf_weight=211.65442861570045 500.97145792096853 785.5936046987772 1320.5037989425473
leaf_count=2038 20380 7424 28625
internal_value=-2.64989e-05 0.00352713 0.00109061
internal_weight=2818.72 2317.75 2106.1
internal_count=58467 38087 36049
cat_boundaries=0 1 2 3
cat_threshold=81 530 70
is_linear=0
shrinkage=0.0321881


Tree=95
num_leaves=4
num_cat=0
split_feature=22 36 28
split_gain=149.385 154.977 167.255
threshold=51.561232289976353 0.88315754986673267 0.57434555365917861
decision_type=2 2 2
left_child=-1 -2 -3
right_child=1 2 -4
leaf_value=-0.024296106799897875 0.023173663194874652 -0.011055396254670013 0.0059437490399362096
leaf_weight=241.17498086206615 319.18851028010249 831.80983403883874 1420.346519009443
leaf_count=11795 5805 16670 24163
internal_value=-6.46919e-05 0.00218531 -0.000763122
internal_weight=2812.52 2571.34 2252.16
internal_count=58433 46638 40833
is_linear=0
shrinkage=0.0321881


Tree=96
num_leaves=4
num_cat=1
split_feature=13 43 5
split_gain=165.947 155.234 129.439
threshold=39.421527497458854 0 2.7584931222708415
decision_type=10 9 2
left_child=1 2 -1
right_child=-2 -3 -4
leaf_value=0.034482627688584878 -0.021678367634162646 -0.00041939672128786645 -0.0097641971303605926
leaf_weight=261.66399856423959 322.41046203393489 2144.5156346093863 89.910052846185863
leaf_count=4378 14982 37594 1467
internal_value=2.18446e-05 0.00285209 0.0223518
internal_weight=2818.5 2496.09 351.574
internal_count=58421 43439 5845
cat_boundaries=0 1
cat_threshold=16
is_linear=0
shrinkage=0.0321881


Tree=97
num_leaves=4
num_cat=1
split_feature=13 41 1
split_gain=149.758 149.313 148.895
threshold=37.962680789110948 0 11.639847752412917
decision_type=10 9 2
left_child=1 2 -1
right_child=-2 -3 -4
leaf_value=-0.0046107513463551309 -0.016550359570917678 -0.0020504635032196953 0.02695358249464145
leaf_weight=232.9423488965258 483.27972751995549 1666.6014035805129 443.44514072686434
leaf_count=9581 18889 26395 3957
internal_value=-0.000219591 0.00312305 0.0157582
internal_weight=2826.27 2342.99 676.387
internal_count=58822 39933 13538
cat_boundaries=0 1
cat_threshold=536
is_linear=0
shrinkage=0.0321881


Tree=98
num_leaves=4
num_cat=0
split_feature=40 40 1
split_gain=147.22 239.796 182.157
threshold=0.097990522618808265 0.90139418391849302 10.726636358139656
decision_type=2 2 2
left_child=2 -2 -1
right_child=1 -3 -4
leaf_value=-0.023847296094791453 0.061060101790362857 0.0047933512040191258 -0.00014122018314402472
leaf_weight=426.55928092030808 88.746464789845049 698.73167404171545 1601.6614088574424
leaf_count=25433 1121 12150 20130
internal_value=-0.000552827 0.0112318 -0.0051605
internal_weight=2815.7 787.478 2028.22
internal_count=58834 13271 45563
is_linear=0
shrinkage=0.0321881


Tree=99
num_leaves=4
num_cat=1
split_feature=44 4 7
split_gain=140.615 119.325 139.778
threshold=0 1122.7963054328486 18038.316442328625
decision_type=9 2 2
left_child=1 -1 -3
right_child=-2 2 -4
leaf_value=-0.0008142944226280979 -0.011532523248886766 0.019930143912975557 -0.040589628311606056
leaf_weight=1370.4205299480818 777.5134605683852 603.91058669518679 41.45532554667443
leaf_count=16396 35747 5846 461
internal_value=0 0.00449401 0.0159305
internal_weight=2793.3 2015.79 645.366
internal_count=58450 22703 6307
cat_boundaries=0 1
cat_threshold=8263
is_linear=0
shrinkage=0.0321881


Tree=100
num_leaves=4
num_cat=2
split_feature=22 43 41
split_gain=140.645 110.459 103.54
threshold=51.561232289976353 0 1
decision_type=2 9 9
left_child=-1 2 -2
right_child=1 -3 -4
leaf_value=-0.02444612286003614 0.0089228273105613036 -0.011426391677077295 -0.0069327310284244452
leaf_weight=234.14908191002905 1566.2342505559791 430.54973340989091 573.682427380234
leaf_count=11829 23520 15984 7416
internal_value=-0.000559792 0.00159334 0.00462978
internal_weight=2804.62 2570.47 2139.92
internal_count=58749 46920 30936
cat_boundaries=0 1 2
cat_threshold=81 2586
is_linear=0
shrinkage=0.0321881


Tree=101
num_leaves=4
num_cat=3
split_feature=44 41 41
split_gain=148.18 139.515 139.499
threshold=0 1 2
decision_type=9 9 9
left_child=2 -2 -1
right_child=1 -3 -4
leaf_value=0.032374732690601628 0.021148282645627216 -0.0083683132996385644 0.0033637214294352067
leaf_weight=215.94160483032465 174.0915912357159 1639.378725271672 775.64691374916583
leaf_count=1825 1936 46959 7828
internal_value=4.39847e-05 -0.00539701 0.0100114
internal_weight=2805.06 1813.47 991.589
internal_count=58548 48895 9653
cat_boundaries=0 1 2 3
cat_threshold=70 530 536
is_linear=0
shrinkage=0.0321881


Tree=102
num_leaves=4
num_cat=2
split_feature=43 24 44
split_gain=132.661 120.914 102.347
threshold=0 302.94634673353039 1
decision_type=9 2 9
left_child=1 2 -1
right_child=-2 -3 -4
leaf_value=-0.019553298249758756 -0.015573448116636399 0.034995862705593475 0.0034206759113397907
leaf_weight=212.87897561630234 483.625856757164 114.77897020149976 1986.1088777394034
leaf_count=13327 20552 1316 23677
internal_value=-0.00040612 0.00279315 0.00109243
internal_weight=2797.39 2313.77 2198.99
internal_count=58872 38320 37004
cat_boundaries=0 1 2
cat_threshold=81 1859856
is_linear=0
shrinkage=0.0321881


Tree=103
num_leaves=4
num_cat=0
split_feature=2 4 23
split_gain=126.888 121.558 247.081
threshold=6.7048524680818611 308.13049276203509 64.421398336213912
decision_type=2 2 2
left_child=1 2 -1
right_child=-2 -3 -4
leaf_value=0 0.0023788370693862072 -0.026096161145001486 0.26453593916853985
leaf_weight=17.199003381887454 2491.5150190833956 269.86690339865163 4.269518880872055
leaf_count=1638 31720 25001 218
internal_value=5.00959e-06 -0.0200631 0.0522976
internal_weight=2782.85 291.335 21.4685
internal_count=58577 26857 1856
is_linear=0
shrinkage=0.0321881


Tree=104
num_leaves=4
num_cat=0
split_feature=22 36 20
split_gain=138.708 151.767 146.45
threshold=51.561232289976353 0.88315754986673267 59.624152621243589
decision_type=2 2 2
left_child=-1 -2 -3
right_child=1 2 -4
leaf_value=-0.024183770637922399 0.022688341757517987 -0.011024945592936141 0.0048106353157464062
leaf_weight=225.66585588408634 324.67052986193448 703.49276185408235 1517.3199408630608
leaf_count=11767 5869 14541 26283
internal_value=0 0.00213388 -0.000844492
internal_weight=2771.15 2545.48 2220.81
internal_count=58460 46693 40824
is_linear=0
shrinkage=0.0321881


Tree=105
num_leaves=4
num_cat=0
split_feature=24 36 39
split_gain=134.104 187.812 114.407
threshold=38.964276668893142 0.88315754986673267 0.091303589551551087
decision_type=2 2 2
left_child=-1 -2 -3
right_child=1 2 -4
leaf_value=-0.017385360149593344 0.030202480144554653 -0.0041291605806533264 0.013193053906784392
leaf_weight=386.78046821756288 237.25138230016455 1639.170706867706 520.18766397994477
leaf_count=15428 3602 31607 8097
internal_value=0.000171438 0.00303288 1.52433e-05
internal_weight=2783.39 2396.61 2159.36
internal_count=58734 43306 39704
is_linear=0
shrinkage=0.0321881


Tree=106
num_leaves=4
num_cat=0
split_feature=32 23 5
split_gain=128.083 141.325 111.37
threshold=-0.74485116957580033 4.9120024392176402 4.0019646186225621
decision_type=2 2 2
left_child=2 -2 -1
right_child=1 -3 -4
leaf_value=0.0047002956413696225 -0.020884638566219749 0 0.036000388635618122
leaf_weight=872.03817687602714 450.78556299116462 1303.8521200394025 137.52180325193331
leaf_count=16132 15845 24890 1795
internal_value=-7.53601e-05 -0.00535368 0.0090345
internal_weight=2764.2 1754.64 1009.56
internal_count=58662 40735 17927
is_linear=0
shrinkage=0.0321881


Tree=107
num_leaves=4
num_cat=2
split_feature=13 43 41
split_gain=137.367 151.796 120.677
threshold=37.85943859770709 0 1
decision_type=10 9 9
left_child=1 -1 -3
right_child=-2 2 -4
leaf_value=0.024037462114009141 -0.015600711459999477 0.035674124933665327 -0.0015905781680000653
leaf_weight=311.00404615723528 468.62690791464411 84.250552554614842 1894.9447750394465
leaf_count=5383 18996 686 33472
internal_value=0.000247886 0.00351996 0.000139098
internal_weight=2758.83 2290.2 1979.2
internal_count=58537 39541 34158
cat_boundaries=0 1 2
cat_threshold=16 512
is_linear=0
shrinkage=0.0321881


Tree=108
num_leaves=4
num_cat=1
split_feature=43 24 1
split_gain=126.169 114.618 104.543
threshold=0 255.93301059355656 8.5447002079339622
decision_type=9 2 2
left_child=1 2 -1
right_child=-2 -3 -4
leaf_value=-0.018781602343151793 -0.015466710183485935 0.026093532137613448 0.0032654491218440038
leaf_weight=253.21542273228988 461.33691394748166 199.9625513756182 1834.3021042207256
leaf_count=15406 20356 2621 20257
internal_value=-0.000282184 0.00280899 0.00055881
internal_weight=2748.82 2287.48 2087.52
internal_count=58640 38284 35663
cat_boundaries=0 1
cat_threshold=81
is_linear=0
shrinkage=0.0321881


Tree=109
num_leaves=4
num_cat=0
split_feature=0 32 22
split_gain=128.775 104.347 128.177
threshold=82.826406553006308 -0.75680118651599193 479.9349080540772
decision_type=2 2 2
left_child=-1 -2 -3
right_child=1 2 -4
leaf_value=-0.018024141328814584 0.01151914005195512 -0.0077402134691362196 0.01414142938954038
leaf_weight=364.58842963108327 855.70854933280498 1164.1888187465956 362.69486275198869
leaf_count=23875 10656 19717 4482
internal_value=-0.000193907 0.0025093 -0.00249937
internal_weight=2747.18 2382.59 1526.88
internal_count=58730 34855 24199
is_linear=0
shrinkage=0.0321881


Tree=110
num_leaves=4
num_cat=1
split_feature=13 43 5
split_gain=122.113 137.902 114.32
threshold=39.335655512278358 0 2.7584931222708415
decision_type=10 9 2
left_child=1 2 -1
right_child=-2 -3 -4
leaf_value=0.032418141826731688 -0.020016229982335407 -0.0011623837365343438 -0.0095789682666670567
leaf_weight=250.39933276758529 294.95686577481683 2132.9469589779619 88.757546364795417
leaf_count=4432 15142 37666 1497
internal_value=-0.000430339 0.00188247 0.0206329
internal_weight=2767.06 2472.1 339.157
internal_count=58737 43595 5929
cat_boundaries=0 1
cat_threshold=16
is_linear=0
shrinkage=0.0321881


Tree=111
num_leaves=4
num_cat=3
split_feature=44 41 41
split_gain=116.028 135.294 125.269
threshold=0 1 2
decision_type=9 9 9
left_child=2 -2 -1
right_child=1 -3 -4
leaf_value=0.030107907748909261 0.020882780987130374 -0.0080628832030169954 0.0024120955846622144
leaf_weight=211.41329633258283 176.33377447910607 1595.7593515453627 770.1049137134105
leaf_count=1806 1943 47153 7809
internal_value=-0.000111146 -0.00504348 0.00869103
internal_weight=2753.61 1772.09 981.518
internal_count=58711 49096 9615
cat_boundaries=0 1 2 3
cat_threshold=70 530 536
is_linear=0
shrinkage=0.0321881


Tree=112
num_leaves=4
num_cat=0
split_feature=14 17 21
split_gain=127.142 121.31 100.135
threshold=298.17712055159183 5.5639920576264812 266.85206246494369
decision_type=8 10 2
left_child=1 -1 -2
right_child=2 -3 -4
leaf_value=-0.0026991054642807291 0.0023658572458025618 -0.028398353191162823 0.024279843669859136
leaf_weight=1014.9799727225909 1219.4168891832232 236.21991385146976 264.81011305423453
leaf_count=20113 16233 19654 2564
internal_value=-2.58225e-05 -0.00760634 0.00632183
internal_weight=2735.43 1251.2 1484.23
internal_count=58564 39767 18797
is_linear=0
shrinkage=0.0321881


Tree=113
num_leaves=4
num_cat=0
split_feature=24 36 24
split_gain=120.902 163.652 113.957
threshold=32.474443461749352 0.81528568745293051 322.14705216959044
decision_type=2 2 2
left_child=-1 -2 -3
right_child=1 2 -4
leaf_value=-0.018904309826013089 0.02755074420626219 -0.0022242935861783806 0.03274646524477165
leaf_weight=318.36506556347013 237.50113994302228 2063.6166188347852 100.97808880545199
leaf_count=14325 3877 38994 1399
internal_value=-0.000251986 0.00219523 -0.000560084
internal_weight=2720.46 2402.1 2164.59
internal_count=58595 44270 40393
is_linear=0
shrinkage=0.0321881


Tree=114
num_leaves=4
num_cat=0
split_feature=32 39 39
split_gain=112.917 142.197 141.804
threshold=-0.81156326318992877 0.091303589551551087 0.91925617272353211
decision_type=2 2 2
left_child=-1 -2 -3
right_child=1 2 -4
leaf_value=0.0090386093142786322 -0.0098738590826473512 0.055487559172995575 0.003250551441395441
leaf_weight=858.09436158020981 1455.8401751682395 63.519060587277636 368.95745286985766
leaf_count=15210 36990 752 5958
internal_value=-0.000615349 -0.00503664 0.0110961
internal_weight=2746.41 1888.32 432.477
internal_count=58910 43700 6710
is_linear=0
shrinkage=0.0321881


Tree=115
num_leaves=4
num_cat=0
split_feature=13 24 14
split_gain=118.311 119.283 112.747
threshold=39.421527497458854 322.14705216959044 298.17712055159183
decision_type=10 2 8
left_child=1 2 -1
right_child=-2 -3 -4
leaf_value=-0.0070737290643648667 -0.020069093532384372 0.037094113913014891 0.0070697072992589724
leaf_weight=1066.73934883927 277.28631579538342 96.774273163639009 1287.7289751179051
leaf_count=26491 14912 1196 15948
internal_value=-0.000128029 0.00210346 0.000634622
internal_weight=2728.53 2451.24 2354.47
internal_count=58547 43635 42439
is_linear=0
shrinkage=0.0321881


Tree=116
num_leaves=4
num_cat=1
split_feature=0 41 3
split_gain=105.122 91.4181 87.3456
threshold=82.826406553006308 0 88.755895321842729
decision_type=2 9 2
left_child=-1 2 -2
right_child=1 -3 -4
leaf_value=-0.016790554590666844 -0.014749796813476363 -0.0077515322591532199 0.0086984909444493084
leaf_weight=350.05752983537968 182.652785257902 682.51296027563512 1514.2272387065459
leaf_count=23719 2108 11148 21792
internal_value=-0.000307449 0.00209222 0.00609933
internal_weight=2729.45 2379.39 1696.88
internal_count=58767 35048 23900
cat_boundaries=0 1
cat_threshold=2586
is_linear=0
shrinkage=0.0321881


Tree=117
num_leaves=4
num_cat=2
split_feature=41 44 26
split_gain=112.206 112.826 116.653
threshold=0 1 0.15527755252336795
decision_type=9 9 2
left_child=-1 -2 -3
right_child=1 2 -4
leaf_value=0.025375195497680837 0.0073613247981228341 -0.014398215147116826 0.0029264414973364989
leaf_weight=161.01901897834614 923.59769698325545 904.28848968248349 716.4527211075183
leaf_count=1609 9194 29813 17720
internal_value=0.000132099 -0.00153628 -0.00666012
internal_weight=2705.36 2544.34 1620.74
internal_count=58336 56727 47533
cat_boundaries=0 1 2
cat_threshold=528 70
is_linear=0
shrinkage=0.0321881


Tree=118
num_leaves=4
num_cat=1
split_feature=43 32 22
split_gain=103.907 105.986 123.087
threshold=0 -0.74485116957580033 476.20065803647026
decision_type=9 2 2
left_child=-1 -2 -3
right_child=1 2 -4
leaf_value=-0.021739271719108135 0.010204262461752269 -0.0086927560162399584 0.01197312720442857
leaf_weight=206.06958517292514 922.37641443498433 1192.8706225261558 396.19647550513037
leaf_count=15945 13140 23967 5501
internal_value=-0.000312357 0.00150286 -0.00349911
internal_weight=2717.51 2511.44 1589.07
internal_count=58553 42608 29468
cat_boundaries=0 1
cat_threshold=40
is_linear=0
shrinkage=0.0321881


Tree=119
num_leaves=4
num_cat=1
split_feature=13 43 5
split_gain=105.785 131.177 121.57
threshold=37.85943859770709 0 2.7584931222708415
decision_type=10 9 2
left_child=1 2 -1
right_child=-2 -3 -4
leaf_value=0.033820825800787248 -0.014843401671245086 -0.00056979851089138285 -0.014045303463061687
leaf_weight=232.56485917931423 434.96648045943584 1975.3930054920493 69.677525234408677
leaf_count=4033 18843 34456 1297
internal_value=-0.000281411 0.00247283 0.0218507
internal_weight=2712.6 2277.64 302.242
internal_count=58629 39786 5330
cat_boundaries=0 1
cat_threshold=16
is_linear=0
shrinkage=0.0321881


Tree=120
num_leaves=4
num_cat=2
split_feature=41 44 18
split_gain=102.19 119.238 120.779
threshold=0 1 6.0813793242144643
decision_type=9 9 2
left_child=-1 -2 -3
right_child=1 2 -4
leaf_value=0.02351283053243779 0.0074212963292008419 -0.01473349185894373 0.0029802659739717376
leaf_weight=169.09920557541773 937.83395220153034 909.4591620368883 701.03140503133181
leaf_count=1681 9309 30206 17567
internal_value=1.20523e-06 -0.0016219 -0.00694092
internal_weight=2717.42 2548.32 1610.49
internal_count=58763 57082 47773
cat_boundaries=0 1 2
cat_threshold=528 70
is_linear=0
shrinkage=0.0321881


Tree=121
num_leaves=4
num_cat=0
split_feature=22 36 28
split_gain=103.665 113.733 125.527
threshold=51.561232289976353 0.88315754986673267 0.54119555675040532
decision_type=2 2 2
left_child=-1 -2 -3
right_child=1 2 -4
leaf_value=-0.022444725013274616 0.019761694948507751 -0.010448025774595198 0.0044955914976591354
leaf_weight=201.30750273168087 311.1322944748681 740.55014964658767 1450.0294515290298
leaf_count=11911 5720 15735 25411
internal_value=-0.000216485 0.00154867 -0.00101094
internal_weight=2703.02 2501.71 2190.58
internal_count=58777 46866 41146
is_linear=0
shrinkage=0.0321881


Tree=122
num_leaves=4
num_cat=1
split_feature=43 21 32
split_gain=99.8185 91.3632 116.807
threshold=0 269.30773788945743 -0.80067002211458382
decision_type=9 2 2
left_child=1 2 -1
right_child=-2 -3 -4
leaf_value=0.0064054363443699289 -0.021409699081934744 0.014254704564084803 -0.0074133171004572363
leaf_weight=726.53305019135587 203.37228991452139 473.14292081352323 1287.8434882478323
leaf_count=10269 15971 6584 25777
internal_value=-0.000272816 0.00151153 -0.00144383
internal_weight=2690.89 2487.52 2014.38
internal_count=58601 42630 36046
cat_boundaries=0 1
cat_threshold=85
is_linear=0
shrinkage=0.0321881


Tree=123
num_leaves=4
num_cat=2
split_feature=13 43 41
split_gain=99.5429 128.737 86.8939
threshold=38.507326384873899 0 1
decision_type=10 9 9
left_child=1 -1 -3
right_child=-2 2 -4
leaf_value=0.020999416223540845 -0.015923402306338964 0.029203775850357824 -0.0023429576903494756
leaf_weight=314.09209451801144 363.58572986081708 84.574280025903136 1918.4400948412949
leaf_count=5601 17323 681 34836
internal_value=-0.000249482 0.00218386 -0.000837585
internal_weight=2680.69 2317.11 2003.01
internal_count=58441 41118 35517
cat_boundaries=0 1 2
cat_threshold=16 512
is_linear=0
shrinkage=0.0321881


Tree=124
num_leaves=4
num_cat=0
split_feature=32 19 5
split_gain=108.465 111.472 96.8593
threshold=-0.74485116957580033 5.8059506780342476 4.3228404893762571
decision_type=2 2 2
left_child=2 -2 -1
right_child=1 -3 -4
leaf_value=0.0052929798973727063 -0.019451622822646043 0 0.038689662374807227
leaf_weight=891.21267698146403 400.96063150232658 1295.8054662509821 101.09581535030156
leaf_count=16591 15268 25543 1141
internal_value=0.000293658 -0.00462534 0.00876801
internal_weight=2689.07 1696.77 992.308
internal_count=58543 40811 17732
is_linear=0
shrinkage=0.0321881


Tree=125
num_leaves=4
num_cat=0
split_feature=24 36 20
split_gain=95.4359 144.203 108.83
threshold=32.474443461749352 0.81528568745293051 61.969406089913981
decision_type=2 2 2
left_child=-1 -2 -3
right_child=1 2 -4
leaf_value=-0.017112338423365955 0.025724676189181086 -0.0074558381767626698 0.0047242396974081875
leaf_weight=297.99937603808939 242.37425361969508 676.48682277044281 1465.442800754332
leaf_count=14312 3879 14467 25885
internal_value=2.99544e-05 0.00220066 -0.000434062
internal_weight=2682.3 2384.3 2141.93
internal_count=58543 44231 40352
is_linear=0
shrinkage=0.0321881


Tree=126
num_leaves=4
num_cat=0
split_feature=22 36 32
split_gain=100.188 130.629 133
threshold=61.860380384658775 0.88315754986673267 0.6044817843091318
decision_type=2 2 2
left_child=-1 2 -2
right_child=1 -3 -4
leaf_value=-0.021525321156713597 0.032797509139980481 -0.001035674166630368 -0.0098721006676581007
leaf_weight=206.84965273924172 243.31621409067884 2155.7952872483293 75.532447565346956
leaf_count=12534 3489 40692 1866
internal_value=0 0.00178112 0.0210122
internal_weight=2681.49 2474.64 318.849
internal_count=58581 46047 5355
is_linear=0
shrinkage=0.0321881


Tree=127
num_leaves=4
num_cat=0
split_feature=21 5 38
split_gain=100.746 97.5418 85.2008
threshold=100.81479691209159 1.2773089285681274 0.070232736019946437
decision_type=2 2 2
left_child=-1 -2 -3
right_child=1 2 -4
leaf_value=-0.01017540412417145 -0.0022501158225941339 0.0069397721062023467 0.03363042678609357
leaf_weight=760.41613522917032 1140.7180742290802 609.75498578289989 158.88490572036244
leaf_count=24124 20377 11753 2340
internal_value=-0.000246815 0.00367474 0.0125485
internal_weight=2669.77 1909.36 768.64
internal_count=58594 34470 14093
is_linear=0
shrinkage=0.0321881


Tree=128
num_leaves=4
num_cat=0
split_feature=14 17 3
split_gain=105.582 103.2 84.475
threshold=301.08359618331298 5.5793249530989284 88.755895321842729
decision_type=8 10 2
left_child=1 -1 -2
right_child=2 -3 -4
leaf_value=-0.0027241071131051853 -0.015068720806922651 -0.027453934497679335 0.008658142860874924
leaf_weight=1018.0677845465252 175.09701037732884 213.00421641534194 1277.3358093895949
leaf_count=20610 2175 19441 16424
internal_value=-0.000101584 -0.00705913 0.00575193
internal_weight=2683.5 1231.07 1452.43
internal_count=58650 40051 18599
is_linear=0
shrinkage=0.0321881


Tree=129
num_leaves=4
num_cat=2
split_feature=43 41 17
split_gain=90.7976 84.4021 96.6832
threshold=0 1 6.0995224477666037
decision_type=9 9 10
left_child=1 2 -1
right_child=-2 -3 -4
leaf_value=0.0082479856671244731 -0.013210429503114489 -0.0075689784879936547 -0.0286084888372275
leaf_weight=1581.7068825131282 432.66746106778737 592.61773400800303 76.445841217879206
leaf_count=22941 20524 9064 6364
internal_value=9.27977e-05 0.00272608 0.00646754
internal_weight=2683.44 2250.77 1658.15
internal_count=58893 38369 29305
cat_boundaries=0 1 2
cat_threshold=81 2586
is_linear=0
shrinkage=0.0321881


Tree=130
num_leaves=4
num_cat=1
split_feature=21 43 6
split_gain=94.8308 86.9166 81.7721
threshold=92.34013808472308 0 98.698595788476311
decision_type=2 9 2
left_child=-1 -2 -3
right_child=1 2 -4
leaf_value=-0.010405563369482678 0.020605238767805813 -0.001044735406398223 0.027573221169060084
leaf_weight=690.8964619343169 254.84443713235669 1616.106670061592 110.14801764371805
leaf_count=22845 6052 28304 1462
internal_value=-0.000116328 0.00344065 0.00074364
internal_weight=2672 1981.1 1726.25
internal_count=58663 35818 29766
cat_boundaries=0 1
cat_threshold=16
is_linear=0
shrinkage=0.0321881


Tree=131
num_leaves=4
num_cat=0
split_feature=14 20 17
split_gain=97.9728 100.527 95.7818
threshold=301.08359618331298 265.12823527059919 5.5793249530989284
decision_type=8 2 10
left_child=1 2 -1
right_child=-2 -3 -4
leaf_value=-0.0045047338404205998 0.0055193281546783166 0.041715872147158661 -0.029422607906851111
leaf_weight=985.58423732733354 1449.6881782680284 41.94420127896592 193.08192603907082
leaf_count=20145 18656 796 19190
internal_value=-0.000113415 -0.00685523 -0.00864575
internal_weight=2670.3 1220.61 1178.67
internal_count=58787 40131 39335
is_linear=0
shrinkage=0.0321881


Tree=132
num_leaves=4
num_cat=2
split_feature=13 41 44
split_gain=94.7113 107.277 110.46
threshold=38.235991152258244 0 1
decision_type=10 9 9
left_child=1 2 -1
right_child=-2 -3 -4
leaf_value=0.030240586490082336 -0.014848016871361431 -0.0018439919160170657 0.0025326064747747913
leaf_weight=245.0354836252518 380.54518354218453 1644.1069627027027 391.94172477617394
leaf_count=2609 18002 27080 10895
internal_value=0 0.0024931 0.0135996
internal_weight=2661.63 2281.08 636.977
internal_count=58586 40584 13504
cat_boundaries=0 1 2
cat_threshold=536 4678
is_linear=0
shrinkage=0.0321881


Tree=133
num_leaves=4
num_cat=1
split_feature=44 22 36
split_gain=93.0698 85.8172 117.395
threshold=0 51.561232289976353 0.88315754986673267
decision_type=9 2 2
left_child=-1 -2 -3
right_child=1 2 -4
leaf_value=-0.025557798828423569 -0.020838833216732085 0.02152992152160136 0.00029968274483731705
leaf_weight=128.45985163492151 165.3800337582361 311.09914764668792 2075.5562999313697
leaf_count=12108 9326 4758 32684
internal_value=9.89945e-05 0.00151188 0.00309558
internal_weight=2680.5 2552.04 2386.66
internal_count=58876 46768 37442
cat_boundaries=0 1
cat_threshold=1721600
is_linear=0
shrinkage=0.0321881


Tree=134
num_leaves=4
num_cat=1
split_feature=24 2 41
split_gain=92.9929 117.662 116.193
threshold=322.14705216959044 18.555130598008308 0
decision_type=2 2 9
left_child=1 -1 -3
right_child=-2 2 -4
leaf_value=-0.017374710995261444 0.029655878128800477 0.013565409343347334 -0.0031039363130482729
leaf_weight=406.10678254114464 103.12003598082811 588.64192894659936 1549.3942310847342
leaf_count=31726 1395 5868 19640
internal_value=-0.000244845 -0.00148447 0.00150558
internal_weight=2647.26 2544.14 2138.04
internal_count=58629 57234 25508
cat_boundaries=0 1
cat_threshold=538
is_linear=0
shrinkage=0.0321881


Tree=135
num_leaves=4
num_cat=1
split_feature=24 44 32
split_gain=97.1014 116.56 105.525
threshold=322.14705216959044 0 -0.80067002211458382
decision_type=2 9 2
left_child=1 -1 -3
right_child=-2 2 -4
leaf_value=-0.020596324088158802 0.030332570715243805 0.010779253077306605 -0.0038327882236209991
leaf_weight=278.51317512814421 104.26665896177292 773.84004355128855 1506.8396614356898
leaf_count=27175 1390 8599 21698
internal_value=-5.47991e-05 -0.00132042 0.001093
internal_weight=2663.46 2559.19 2280.68
internal_count=58862 57472 30297
cat_boundaries=0 1
cat_threshold=1983744
is_linear=0
shrinkage=0.0321881


Tree=136
num_leaves=4
num_cat=1
split_feature=44 24 32
split_gain=82.0048 89.6553 74.8832
threshold=0 312.32637894030364 -0.86603499669064143
decision_type=9 2 2
left_child=-1 2 -2
right_child=1 -3 -4
leaf_value=-0.024725144709152089 0.0092361481434827201 0.030049471760652043 -0.0034351068637419571
leaf_weight=121.33897374360822 667.01450742501765 107.6661711120978 1751.1872687629657
leaf_count=12087 9989 1294 35322
internal_value=2.71994e-05 0.00133628 3.42414e-05
internal_weight=2647.21 2525.87 2418.2
internal_count=58692 46605 45311
cat_boundaries=0 1
cat_threshold=1721600
is_linear=0
shrinkage=0.0321881


Tree=137
num_leaves=4
num_cat=1
split_feature=0 3 43
split_gain=80.938 72.7657 82.2512
threshold=82.826406553006308 88.755895321842729 0
decision_type=2 2 9
left_child=-1 -2 -3
right_child=1 2 -4
leaf_value=-0.015266696900557014 -0.014725507699155942 0.019453242316659777 0.0013344946037587269
leaf_weight=315.9668321084464 237.86428737500682 296.03527913382277 1807.3393669079524
leaf_count=23781 3015 4398 27732
internal_value=0 0.00208303 0.00401558
internal_weight=2657.21 2341.24 2103.37
internal_count=58926 35145 32130
cat_boundaries=0 1
cat_threshold=16
is_linear=0
shrinkage=0.0321881


Tree=138
num_leaves=4
num_cat=2
split_feature=43 7 44
split_gain=83.4463 78.4016 84.1172
threshold=0 25533.865995892553 1
decision_type=9 2 9
left_child=1 2 -1
right_child=-2 -3 -4
leaf_value=0.010543454642625546 -0.020303820813495153 -0.029255792824120434 -0.001956947063543023
leaf_weight=871.46595426462591 185.21825737925246 82.131279498804361 1498.4560521511594
leaf_count=8533 16135 1156 32933
internal_value=-3.72197e-05 0.00154597 0.00264964
internal_weight=2637.27 2452.05 2369.92
internal_count=58757 42622 41466
cat_boundaries=0 1 2
cat_threshold=85 70
is_linear=0
shrinkage=0.0321881


Tree=139
num_leaves=4
num_cat=0
split_feature=21 5 36
split_gain=80.8355 85.3732 76.8106
threshold=93.731871932867193 1.2773089285681274 0.88315754986673267
decision_type=2 2 2
left_child=2 -2 -1
right_child=1 -3 -4
leaf_value=-0.003301363012037564 -0.0024576618632607852 0.011203735296187631 -0.021027258417404136
leaf_weight=342.98058920237236 1147.6637019828195 800.82052767113782 341.74216043204069
leaf_count=13619 20888 14810 9379
internal_value=-0.000193473 0.00312512 -0.00972785
internal_weight=2633.21 1948.48 684.723
internal_count=58696 35698 22998
is_linear=0
shrinkage=0.0321881


Tree=140
num_leaves=4
num_cat=1
split_feature=44 24 1
split_gain=76.6308 72.9273 71.0361
threshold=0 322.14705216959044 11.348056577065906
decision_type=9 2 2
left_child=-1 2 -2
right_child=1 -3 -4
leaf_value=-0.024396408649557919 -0.011827397126263434 0.028784684316978948 0.0026079709828817168
leaf_weight=117.91360166179948 429.65621199517045 94.767579134553671 1979.083365727216
leaf_count=12186 22230 1112 23191
internal_value=-9.557e-05 0.00111872 5.72827e-06
internal_weight=2621.42 2503.51 2408.74
internal_count=58719 46533 45421
cat_boundaries=0 1
cat_threshold=1721600
is_linear=0
shrinkage=0.0321881


Tree=141
num_leaves=4
num_cat=1
split_feature=21 43 6
split_gain=79.4701 86.9532 109.551
threshold=120.27819242651525 0 98.698595788476311
decision_type=2 9 2
left_child=-1 -2 -3
right_child=1 2 -4
leaf_value=-0.0079163006660661409 0.022746822948432104 -0.0011846583601815743 0.032819352058282986
leaf_weight=886.3897294504568 211.9733721842058 1422.1844318050425 105.05807867541444
leaf_count=27301 5241 24606 1371
internal_value=-4.94695e-05 0.00392377 0.00111022
internal_weight=2625.61 1739.22 1527.24
internal_count=58519 31218 25977
cat_boundaries=0 1
cat_threshold=16
is_linear=0
shrinkage=0.0321881


Tree=142
num_leaves=4
num_cat=0
split_feature=14 17 32
split_gain=85.1706 88.4118 71.8419
threshold=301.08359618331298 5.6497311469572873 -0.90597900843217261
decision_type=8 10 2
left_child=1 2 -1
right_child=-2 -3 -4
leaf_value=0.012553828580145832 0.0053757825170397009 -0.028103663741769778 -0.0075118715541620459
leaf_weight=241.04143861471675 1418.9015385487583 166.2529257980641 775.05351206450723
leaf_count=3942 18457 18253 17894
internal_value=3.51322e-05 -0.00631996 -0.00268733
internal_weight=2601.25 1182.35 1016.09
internal_count=58546 40089 21836
is_linear=0
shrinkage=0.0321881


Tree=143
num_leaves=4
num_cat=0
split_feature=14 17 24
split_gain=79.6181 93.3957 68.9373
threshold=309.20028423344888 5.6424029951897827 322.14705216959044
decision_type=8 10 2
left_child=1 2 -1
right_child=-2 -3 -4
leaf_value=-0.004275576671679388 0.0053427707556401114 -0.028012668806915653 0.032029042426036894
leaf_weight=1012.9442868618062 1388.3438829956576 170.58335511037149 56.767334283329546
leaf_count=21738 17959 18257 724
internal_value=2.43076e-05 -0.00587754 -0.00228277
internal_weight=2628.64 1240.29 1069.71
internal_count=58678 40719 22462
is_linear=0
shrinkage=0.0321881


Tree=144
num_leaves=4
num_cat=1
split_feature=41 17 10
split_gain=76.8495 76.9684 67.9995
threshold=0 6.0995224477666037 14659.935559381729
decision_type=9 10 2
left_child=1 2 -1
right_child=-2 -3 -4
leaf_value=0.0029551648665010095 -0.0088026585239506724 -0.023680033000331203 0.024436520857776752
leaf_weight=1620.9214889849536 726.83114674710669 101.41575894760899 170.0186795105692
leaf_count=28774 16721 9652 3527
internal_value=0 0.00343957 0.00503297
internal_weight=2619.19 1892.36 1790.94
internal_count=58674 41953 32301
cat_boundaries=0 1
cat_threshold=2586
is_linear=0
shrinkage=0.0321881


Tree=145
num_leaves=4
num_cat=1
split_feature=13 43 5
split_gain=79.2578 111.672 93.3466
threshold=39.335655512278358 0 2.7584931222708415
decision_type=10 9 2
left_child=1 2 -1
right_child=-2 -3 -4
leaf_value=0.029910277311149282 -0.017368712121394566 -0.0010532963709260186 -0.0092916572903303726
leaf_weight=238.71754445019178 248.72568476677407 2050.79276384064 82.314968271180987
leaf_count=4392 15288 37769 1502
internal_value=-6.8139e-05 0.00172082 0.0190674
internal_weight=2620.55 2371.83 321.033
internal_count=58951 43663 5894
cat_boundaries=0 1
cat_threshold=16
is_linear=0
shrinkage=0.0321881


Tree=146
num_leaves=4
num_cat=0
split_feature=14 20 17
split_gain=72.3206 88.3605 88.5132
threshold=279.42028443483161 281.38290601265311 5.4206027796423397
decision_type=8 2 10
left_child=1 2 -1
right_child=-2 -3 -4
leaf_value=-0.0040047577380488376 0.0041861265619368105 0.043133855249861436 -0.029083109520663099
leaf_weight=820.62582330359146 1573.3743360054214 34.866910079028457 179.68203967821319
leaf_count=16959 20420 589 20598
internal_value=-0.000135989 -0.00676619 -0.00857898
internal_weight=2608.55 1035.17 1000.31
internal_count=58566 38146 37557
is_linear=0
shrinkage=0.0321881


Tree=147
num_leaves=4
num_cat=2
split_feature=41 44 12
split_gain=72.9684 74.6152 106.903
threshold=0 1 34.844937398308538
decision_type=9 9 10
left_child=-1 2 -2
right_child=1 -3 -4
leaf_value=0.024224619169564594 -0.0001756552925031484 -0.0058028004126216559 0.025330371974212708
leaf_weight=109.99122878396884 733.8345718504861 1550.3789128828794 219.56931270007044
leaf_count=1055 7392 47963 2222
internal_value=-0.000245192 -0.00143878 0.00557795
internal_weight=2613.77 2503.78 953.404
internal_count=58632 57577 9614
cat_boundaries=0 1 2
cat_threshold=512 86
is_linear=0
shrinkage=0.0321881


Tree=148
num_leaves=4
num_cat=1
split_feature=13 43 24
split_gain=74.7909 83.4293 75.0674
threshold=39.335655512278358 0 243.20273522379537
decision_type=10 9 2
left_child=1 2 -1
right_child=-2 -3 -4
leaf_value=0.011112499350359699 -0.016758641341267397 -0.00051571917923545318 0.058099055534048004
leaf_weight=275.22459513647482 246.03193550300784 2036.4308449015953 41.526818708516657
leaf_count=5139 15226 37581 776
internal_value=9.27778e-05 0.00188322 0.0169767
internal_weight=2599.21 2353.18 316.751
internal_count=58722 43496 5915
cat_boundaries=0 1
cat_threshold=16
is_linear=0
shrinkage=0.0321881


Tree=149
num_leaves=4
num_cat=1
split_feature=5 44 3
split_gain=75.6294 104.529 135.348
threshold=1.2097391938381812 0 269.22188833662398
decision_type=2 9 2
left_child=1 2 -1
right_child=-2 -3 -4
leaf_value=-0.0024036520738254237 0.0061528761510672922 -0.013632424045089922 0.034841600698088594
leaf_weight=613.87573455926031 1156.4874885018216 707.38435964868404 120.29226003750227
leaf_count=15349 25728 16201 1126
internal_value=0 -0.00489642 0.00357282
internal_weight=2598.04 1441.55 734.168
internal_count=58404 32676 16475
cat_boundaries=0 1
cat_threshold=401478
is_linear=0
shrinkage=0.0321881


Tree=150
num_leaves=4
num_cat=0
split_feature=0 3 5
split_gain=67.8259 68.9996 67.1992
threshold=60.161428421478355 88.755895321842729 3.8138569935468856
decision_type=2 2 2
left_child=-1 2 -2
right_child=1 -3 -4
leaf_value=-0.016982863432638651 -0.023850685322064882 0.0032042507196885926 0.0178166909709357
leaf_weight=228.95260830165353 189.40827527386136 2138.2273946201894 48.893597744172439
leaf_count=19284 2515 36333 558
internal_value=-0.00023957 0.0013482 -0.0150254
internal_weight=2605.48 2376.53 238.302
internal_count=58690 39406 3073
is_linear=0
shrinkage=0.0321881


Tree=151
num_leaves=4
num_cat=1
split_feature=5 24 44
split_gain=75.7337 96.036 93.0751
threshold=1.2419920508940103 29.651446320503705 0
decision_type=2 2 9
left_child=2 -2 -1
right_child=1 -3 -4
leaf_value=0.0029150535424431511 -0.02208114808006606 0.0092806553414849034 -0.013232263256193968
leaf_weight=744.22125437541399 111.21430472633801 1010.0362182153622 713.33943733456545
leaf_count=16758 5978 19051 16581
internal_value=-0.000153758 0.00610915 -0.00501549
internal_weight=2578.81 1121.25 1457.56
internal_count=58368 25029 33339
cat_boundaries=0 1
cat_threshold=401478
is_linear=0
shrinkage=0.0321881


Tree=152
num_leaves=4
num_cat=2
split_feature=41 13 43
split_gain=68.7482 75.9651 90.558
threshold=0 39.766122438556721 1
decision_type=9 10 9
left_child=-1 2 -2
right_child=1 -3 -4
leaf_value=0.016149845948200715 0.016605511544725809 -0.020929071869198696 -0.0026578243532449741
leaf_weight=232.65657116658986 281.44778109900653 197.59678067930508 1887.1927872172091
leaf_count=2453 5613 13794 36860
internal_value=-0.000136026 -0.00182621 -6.25979e-05
internal_weight=2598.89 2366.24 2168.64
internal_count=58720 56267 42473
cat_boundaries=0 1 2
cat_threshold=530 16
is_linear=0
shrinkage=0.0321881


Tree=153
num_leaves=4
num_cat=1
split_feature=32 21 43
split_gain=77.4614 97.3624 77.3883
threshold=-0.86603499669064143 109.14029145953933 0
decision_type=2 2 9
left_child=-1 -2 -3
right_child=1 2 -4
leaf_value=0.008977642745184233 -0.015307440071986082 0.02022603689704618 -0.0020481961765538665
leaf_weight=694.81475567491725 529.21258012508042 176.24536775215529 1189.9517226725584
leaf_count=12522 20541 4356 21264
internal_value=-0.000188121 -0.00358239 0.000914704
internal_weight=2590.22 1895.41 1366.2
internal_count=58683 46161 25620
cat_boundaries=0 1
cat_threshold=16
is_linear=0
shrinkage=0.0321881


Tree=154
num_leaves=4
num_cat=0
split_feature=22 36 32
split_gain=73.4878 104.673 102.095
threshold=51.561232289976353 0.88315754986673267 0.62633384631382116
decision_type=2 2 2
left_child=-1 2 -2
right_child=1 -3 -4
leaf_value=-0.020972920711623034 0.028857475317688248 -0.001399674420815143 -0.0099146714667031448
leaf_weight=166.07029710314237 238.85357273556292 2104.3852489682613 70.686242563650012
leaf_count=11849 3662 40973 2104
internal_value=-0.000257137 0.00114358 0.0186272
internal_weight=2580 2413.93 309.54
internal_count=58588 46739 5766
is_linear=0
shrinkage=0.0321881


Tree=155
num_leaves=4
num_cat=1
split_feature=41 14 20
split_gain=72.8678 73.1392 77.4997
threshold=0 290.03175749903522 265.12823527059919
decision_type=9 8 2
left_child=-1 2 -2
right_child=1 -3 -4
leaf_value=0.024989303975209966 -0.0097801976687118646 0.003241453737028143 0.035429180577380176
leaf_weight=102.98854887625203 995.11938756913878 1441.5695271464065 40.131695010699332
leaf_count=986 37726 19100 756
internal_value=-0.000236623 -0.00140874 -0.00795843
internal_weight=2579.81 2476.82 1035.25
internal_count=58568 57582 38482
cat_boundaries=0 1
cat_threshold=512
is_linear=0
shrinkage=0.0321881


Tree=156
num_leaves=4
num_cat=1
split_feature=21 6 43
split_gain=70.2323 76.5901 77.4113
threshold=120.27819242651525 134.26180404365746 0
decision_type=2 2 9
left_child=-1 2 -2
right_child=1 -3 -4
leaf_value=-0.0075882732553227391 0.020045403073687688 0.033802667080262638 -0.00058126184776933544
leaf_weight=858.38764779362828 206.19778942293487 83.286306473426521 1426.0559714399278
leaf_count=27342 5262 1128 24931
internal_value=-4.84879e-05 0.00368752 0.00210719
internal_weight=2573.93 1715.54 1632.25
internal_count=58663 31321 30193
cat_boundaries=0 1
cat_threshold=16
is_linear=0
shrinkage=0.0321881


Tree=157
num_leaves=4
num_cat=1
split_feature=44 3 14
split_gain=67.7357 74.4918 64.8584
threshold=0 88.755895321842729 491.41393098251666
decision_type=9 2 10
left_child=-1 -2 -3
right_child=1 2 -4
leaf_value=-0.022801923549894 -0.016043792798134962 0.00096637840459979675 0.016873366367405492
leaf_weight=115.8002350081224 228.71855408628471 1914.0215535236057 310.3014351981692
leaf_count=12182 3005 39479 3929
internal_value=0.000186381 0.00138694 0.00321566
internal_weight=2568.84 2453.04 2224.32
internal_count=58595 46413 43408
cat_boundaries=0 1
cat_threshold=1721616
is_linear=0
shrinkage=0.0321881


Tree=158
num_leaves=4
num_cat=1
split_feature=44 24 32
split_gain=70.0036 69.471 73.5731
threshold=0 312.32637894030364 -0.87071259164112547
decision_type=9 2 2
left_child=-1 2 -2
right_child=1 -3 -4
leaf_value=-0.024205344849851797 0.0094743709325110313 0.026711660139200056 -0.0032454455724790121
leaf_weight=105.3899754662998 650.10804002103396 107.40691650379449 1706.9612020354252
leaf_count=12057 9811 1297 35428
internal_value=0.000246626 0.00141283 0.000236413
internal_weight=2569.87 2464.48 2357.07
internal_count=58593 46536 45239
cat_boundaries=0 1
cat_threshold=1721600
is_linear=0
shrinkage=0.0321881


Tree=159
num_leaves=4
num_cat=1
split_feature=16 41 40
split_gain=71.3092 81.3671 75.9293
threshold=68.883043241555413 0 0.097990522618808265
decision_type=8 9 2
left_child=-1 -2 -3
right_child=1 2 -4
leaf_value=-0.014040080838476432 0.022772685028160031 -0.0037861558184592407 0.0098049536728641723
leaf_weight=330.20011588209309 169.13273147819564 1464.9020306679886 599.97047890617978
leaf_count=19006 1631 29434 8649
internal_value=-5.97318e-05 0.00197941 0.000132074
internal_weight=2564.21 2234.01 2064.87
internal_count=58720 39714 38083
cat_boundaries=0 1
cat_threshold=530
is_linear=0
shrinkage=0.0321881


Tree=160
num_leaves=4
num_cat=0
split_feature=32 28 14
split_gain=62.9343 85.4543 73.8181
threshold=-0.78977043253890289 0.21038056816830245 298.17712055159183
decision_type=2 2 8
left_child=-1 -2 -3
right_child=1 2 -4
leaf_value=0.0073290188460267813 -0.018739141633029487 -0.0083450547026364917 0.0066409953685045891
leaf_weight=896.98993522813544 301.57145908416715 599.51169655681588 787.32201356277801
leaf_count=16114 15180 18684 8834
internal_value=0.000418354 -0.00321583 0.000116466
internal_weight=2585.4 1688.41 1386.83
internal_count=58812 42698 27518
is_linear=0
shrinkage=0.0321881


Tree=161
num_leaves=4
num_cat=1
split_feature=13 43 5
split_gain=62.6947 70.4211 79.1283
threshold=39.679212066040556 0 2.7584931222708415
decision_type=10 9 2
left_child=1 2 -1
right_child=-2 -3 -4
leaf_value=0.025181957614938761 -0.01723513356114564 -0.0010986983794218259 -0.010689771753694021
leaf_weight=233.02954912837595 210.11643960117362 2039.4280667064013 84.615551026305184
leaf_count=4526 14191 38446 1568
internal_value=-0.000379396 0.00109774 0.0149546
internal_weight=2567.19 2357.07 317.645
internal_count=58731 44540 6094
cat_boundaries=0 1
cat_threshold=16
is_linear=0
shrinkage=0.0321881


Tree=162
num_leaves=4
num_cat=1
split_feature=7 43 25
split_gain=63.8187 66.2053 61.2984
threshold=25533.865995892553 0 27.435378613304703
decision_type=2 9 2
left_child=1 2 -1
right_child=-2 -3 -4
leaf_value=0.0032294047958536351 -0.026970586018118116 -0.018671414898642477 -0.032393840329171787
leaf_weight=2268.759603848448 87.275069353636354 154.77987260033842 50.684019859414548
leaf_count=38057 1410 15840 3461
internal_value=1.77822e-05 0.000997994 0.0024099
internal_weight=2561.5 2474.22 2319.44
internal_count=58768 57358 41518
cat_boundaries=0 1
cat_threshold=85
is_linear=0
shrinkage=0.0321881


Tree=163
num_leaves=4
num_cat=1
split_feature=41 32 14
split_gain=63.6346 62.1528 76.4655
threshold=0 -0.76752475939963949 295.5262825555667
decision_type=9 2 8
left_child=-1 -2 -3
right_child=1 2 -4
leaf_value=0.02333683225691132 0.005646793596769499 -0.013310266968789836 0.0010967386245473046
leaf_weight=106.06416341010481 903.34291596827097 656.44380928645842 894.14978294889443
leaf_count=1004 16698 27897 13015
internal_value=4.70404e-05 -0.0010267 -0.0049625
internal_weight=2560 2453.94 1550.59
internal_count=58614 57610 40912
cat_boundaries=0 1
cat_threshold=512
is_linear=0
shrinkage=0.0321881


Tree=164
num_leaves=4
num_cat=0
split_feature=26 1 5
split_gain=65.0939 61.0455 60.0056
threshold=0.10723069022697314 11.639847752412917 1.2419920508940103
decision_type=2 2 2
left_child=1 -1 -2
right_child=2 -3 -4
leaf_value=-0.018677437286222374 0.00042673546641941847 -0.0012820911341523598 0.0137901433656232
leaf_weight=262.06924523459747 673.63148080091923 1078.9104206617922 526.46240546857007
leaf_count=19920 13507 14925 10127
internal_value=0.000115728 -0.00473187 0.00558534
internal_weight=2541.07 1340.98 1200.09
internal_count=58479 34845 23634
is_linear=0
shrinkage=0.0321881


Tree=165
num_leaves=4
num_cat=0
split_feature=13 14 22
split_gain=62.1331 62.2392 72.5612
threshold=39.679212066040556 611.93838648879171 51.561232289976353
decision_type=10 10 2
left_child=1 2 -1
right_child=-2 -3 -4
leaf_value=-0.023390946552076568 -0.016943057332049438 0.026116769076697476 0.0018806159824180711
leaf_weight=124.28735249489546 203.1295285159722 102.45680142939091 2121.8617234362755
leaf_count=8322 14262 1335 34784
internal_value=9.82757e-05 0.00160085 0.000451578
internal_weight=2551.74 2348.61 2246.15
internal_count=58703 44441 43106
is_linear=0
shrinkage=0.0321881


Tree=166
num_leaves=4
num_cat=1
split_feature=41 21 36
split_gain=59.3522 64.6643 64.8131
threshold=0 92.34013808472308 0.88315754986673267
decision_type=9 2 2
left_child=-1 2 -2
right_child=1 -3 -4
leaf_value=0.015015171445400707 -0.0048497550154032818 0.001365157660603673 -0.02236042694506039
leaf_weight=233.97667601611465 284.12842464796267 1756.1908501230646 288.99453340121545
leaf_count=2482 13008 34427 8845
internal_value=-5.92698e-05 -0.00165952 -0.0110647
internal_weight=2563.29 2329.31 573.123
internal_count=58762 56280 21853
cat_boundaries=0 1
cat_threshold=530
is_linear=0
shrinkage=0.0321881


Tree=167
num_leaves=4
num_cat=0
split_feature=6 14 4
split_gain=68.2169 64.2123 64.9859
threshold=119.33011260309083 306.29813345161637 1058.1241301364505
decision_type=2 8 2
left_child=1 -1 -3
right_child=-2 2 -4
leaf_value=-0.007064226303104406 0.023437616236667173 -0.0025018560532330978 0.011808922472328461
leaf_weight=1098.3704096565489 121.24743818561547 783.67292079748586 559.72988023003563
leaf_count=39176 2098 10678 6897
internal_value=-7.74161e-05 -0.00127331 0.00341437
internal_weight=2563.02 2441.77 1343.4
internal_count=58849 56751 17575
is_linear=0
shrinkage=0.0321881


Tree=168
num_leaves=4
num_cat=1
split_feature=23 5 44
split_gain=60.0038 67.0069 64.1881
threshold=5.088280939593794 1.2419920508940103 0
decision_type=2 2 9
left_child=-1 -2 -3
right_child=1 2 -4
leaf_value=-0.0083881046377926125 -0.0025378119589130892 0.029493213683533512 0.0052128369606068981
leaf_weight=690.94773067953065 1059.1184328532545 132.9065251017455 663.7291367870057
leaf_count=22506 20734 2229 13170
internal_value=-0.00026991 0.00271908 0.00978667
internal_weight=2546.7 1855.75 796.636
internal_count=58639 36133 15399
cat_boundaries=0 1
cat_threshold=4676
is_linear=0
shrinkage=0.0321881


Tree=169
num_leaves=4
num_cat=1
split_feature=0 3 43
split_gain=60.7868 64.3219 61.3302
threshold=82.826406553006308 88.755895321842729 0
decision_type=2 2 9
left_child=-1 -2 -3
right_child=1 2 -4
leaf_value=-0.014108227451074047 -0.014528178166273118 0.017345482513763402 0.0012488719756911374
leaf_weight=281.69118618918583 224.91115250531584 278.16300391894765 1758.1804090260994
leaf_count=23741 2980 4304 27526
internal_value=0 0.0017422 0.003572
internal_weight=2542.95 2261.25 2036.34
internal_count=58551 34810 31830
cat_boundaries=0 1
cat_threshold=16
is_linear=0
shrinkage=0.0321881


Tree=170
num_leaves=4
num_cat=2
split_feature=7 44 41
split_gain=65.2178 72.8258 103.671
threshold=25533.865995892553 0 1
decision_type=2 9 9
left_child=1 2 -1
right_child=-2 -3 -4
leaf_value=0.02619369996509615 -0.027813082892724578 -0.0036449830878280552 0.001097264980788059
leaf_weight=225.80692877899855 87.322831409052014 1586.7934490757762 652.88913317304105
leaf_count=2144 1393 48473 6645
internal_value=-0.000502252 0.000441792 0.00784556
internal_weight=2552.81 2465.49 878.696
internal_count=58655 57262 8789
cat_boundaries=0 1 2
cat_threshold=70 586
is_linear=0
shrinkage=0.0321881


Tree=171
num_leaves=4
num_cat=0
split_feature=13 14 20
split_gain=63.3874 72.2498 66.7919
threshold=37.144277881250765 611.93838648879171 179.23171819885533
decision_type=10 10 2
left_child=1 2 -1
right_child=-2 -3 -4
leaf_value=-0.0013088660732896208 -0.010815652529364174 0.029744435916854921 0.016776297021736362
leaf_weight=1722.9548777611926 474.27084686758462 94.26215413492173 240.50471001770347
leaf_count=33024 20830 1178 3505
internal_value=-0.000187293 0.00223238 0.000875712
internal_weight=2531.99 2057.72 1963.46
internal_count=58537 37707 36529
is_linear=0
shrinkage=0.0321881


Tree=172
num_leaves=4
num_cat=0
split_feature=32 36 28
split_gain=58.1878 75.1176 87.3623
threshold=-0.74485116957580033 0.88315754986673267 0.60677313867257177
decision_type=2 2 2
left_child=1 -1 -3
right_child=-2 2 -4
leaf_value=0.023946643829763952 -0.0042122038759931195 -0.010572548553998733 0.011107685963335513
leaf_weight=190.51033101486973 1563.0998862637207 348.49430413916707 428.00188818736933
leaf_count=3348 40607 7497 7021
internal_value=-0.000349312 0.00582844 0.00129526
internal_weight=2530.11 967.007 776.496
internal_count=58473 17866 14518
is_linear=0
shrinkage=0.0321881


Tree=173
num_leaves=4
num_cat=0
split_feature=21 36 6
split_gain=60.1024 78.2219 53.1364
threshold=102.24466646577385 0.88315754986673267 134.26180404365746
decision_type=2 2 2
left_child=1 -1 -2
right_child=2 -3 -4
leaf_value=-0.0024058927604692451 0.0018777365456623017 -0.019072742841911634 0.027986524692431458
leaf_weight=334.94105724268593 1745.7603957924293 367.97233827109449 85.085902038495988
leaf_count=13818 33058 10639 1190
internal_value=3.25962e-05 -0.00794114 0.00312935
internal_weight=2533.76 702.913 1830.85
internal_count=58705 24457 34248
is_linear=0
shrinkage=0.0321881


Tree=174
num_leaves=4
num_cat=1
split_feature=5 13 43
split_gain=58.3586 82.7969 98.849
threshold=4.1942671462961121 37.043335040291389 0
decision_type=2 10 9
left_child=1 2 -1
right_child=-2 -3 -4
leaf_value=0.020159198151822197 0.014853018717558727 -0.014579688102558223 -0.0016963729321571115
leaf_weight=236.22990672336891 242.3132751629455 424.72893108939752 1623.3034935909091
leaf_count=4928 3462 20048 30076
internal_value=-0.000131428 -0.00175023 0.00114734
internal_weight=2526.58 2284.26 1859.53
internal_count=58514 55052 35004
cat_boundaries=0 1
cat_threshold=16
is_linear=0
shrinkage=0.0321881


Tree=175
num_leaves=4
num_cat=1
split_feature=25 33 44
split_gain=53.6403 54.451 79.157
threshold=27.435378613304703 -0.5467571179949493 0
decision_type=2 2 9
left_child=1 -1 -3
right_child=-2 2 -4
leaf_value=-0.0031925871381731758 -0.03221270714165924 0.039114065471413537 0.0037626782833850687
leaf_weight=1536.2868611162994 52.781591827981174 62.272641045041382 869.72889562114142
leaf_count=32007 5062 518 20820
internal_value=-0.000159636 0.000503008 0.00666232
internal_weight=2521.07 2468.29 932.002
internal_count=58407 53345 21338
cat_boundaries=0 1
cat_threshold=68
is_linear=0
shrinkage=0.0321881


Tree=176
num_leaves=4
num_cat=1
split_feature=44 38 38
split_gain=60.3405 59.3416 224.086
threshold=0 0.070232736019946437 0.9397638200510483
decision_type=9 2 2
left_child=-1 -2 -3
right_child=1 2 -4
leaf_value=-0.022711231254099219 -0.00094977453443998718 0.064043622460969285 -0.00033189028351478299
leaf_weight=106.41461161512416 2094.5173851761501 71.469086201861501 247.35502300853841
leaf_count=12156 42097 884 3366
internal_value=-7.63481e-05 0.00098747 0.013936
internal_weight=2519.76 2413.34 318.824
internal_count=58503 46347 4250
cat_boundaries=0 1
cat_threshold=1721616
is_linear=0
shrinkage=0.0321881


Tree=177
num_leaves=4
num_cat=2
split_feature=41 13 42
split_gain=55.5735 64.5918 54.6685
threshold=0 41.438921637200714 1
decision_type=9 10 9
left_child=1 2 -1
right_child=-2 -3 -4
leaf_value=0.0059633319187968777 -0.0075950972456716422 -0.026898970413495638 -0.014699066026649884
leaf_weight=1605.2594128242927 702.64399270457216 70.988496634177864 133.81603025924414
leaf_count=32392 16821 7707 1662
internal_value=0 0.00300666 0.0042848
internal_weight=2512.71 1810.06 1739.08
internal_count=58582 41761 34054
cat_boundaries=0 1 2
cat_threshold=2586 262662
is_linear=0
shrinkage=0.0321881


Tree=178
num_leaves=4
num_cat=1
split_feature=44 32 39
split_gain=56.3565 56.1069 71.9095
threshold=0 -0.87071259164112547 0.091303589551551087
decision_type=9 2 2
left_child=-1 -2 -3
right_child=1 2 -4
leaf_value=-0.023191687221127324 0.0089009680682249261 -0.0057094335007512815 0.0095125456491206763
leaf_weight=94.889915785519406 660.74368494399823 1354.9129258507164 419.36249883135315
leaf_count=12074 9946 31042 5683
internal_value=-9.35471e-05 0.000874219 -0.00207493
internal_weight=2529.91 2435.02 1774.28
internal_count=58745 46671 36725
cat_boundaries=0 1
cat_threshold=1721600
is_linear=0
shrinkage=0.0321881


Tree=179
num_leaves=4
num_cat=2
split_feature=43 7 44
split_gain=58.4735 63.3462 58.2616
threshold=0 23019.147265529198 1
decision_type=9 2 9
left_child=1 2 -1
right_child=-2 -3 -4
leaf_value=0.0091982265710943683 -0.018369398651486839 -0.024971794627599332 -0.0013622069170566779
leaf_weight=852.25569464522414 153.45288728224114 89.298891850281507 1430.5741759969387
leaf_count=9492 16021 1323 31753
internal_value=0.000212559 0.00151424 0.00258732
internal_weight=2525.58 2372.13 2282.83
internal_count=58589 42568 41245
cat_boundaries=0 1 2
cat_threshold=85 131142
is_linear=0
shrinkage=0.0321881


Tree=180
num_leaves=4
num_cat=0
split_feature=14 10 17
split_gain=59.7308 141.65 81.4159
threshold=474.22957213810008 14013.176500346655 5.7503349767677747
decision_type=8 2 10
left_child=2 -2 -1
right_child=1 -3 -4
leaf_value=-0.00011069517641969601 0.0024743490726514693 0.05154948551999617 -0.02213619538757788
leaf_weight=1888.9006998355035 365.22114604548551 73.736753599252552 191.96057070710231
leaf_count=34306 5646 1186 17534
internal_value=7.5492e-05 0.0108864 -0.00217545
internal_weight=2519.82 438.958 2080.86
internal_count=58672 6832 51840
is_linear=0
shrinkage=0.0321881


Tree=181
num_leaves=4
num_cat=1
split_feature=16 3 41
split_gain=63.6449 60.1764 69.1649
threshold=67.752037470691235 88.755895321842729 0
decision_type=8 2 9
left_child=-1 -2 -3
right_child=1 2 -4
leaf_value=-0.013833544420336933 -0.014070982572507603 0.012780906625540725 -0.00020264667075543753
leaf_weight=300.20576934446581 216.83642611035611 598.39499661233276 1386.9444349204423
leaf_count=18178 3009 13559 23827
internal_value=3.75727e-05 0.00195872 0.00374301
internal_weight=2502.38 2202.18 1985.34
internal_count=58573 40395 37386
cat_boundaries=0 1
cat_threshold=538
is_linear=0
shrinkage=0.0321881


Tree=182
num_leaves=4
num_cat=1
split_feature=5 44 14
split_gain=57.7959 79.1595 116.806
threshold=1.2297684902881871 0 611.93838648879171
decision_type=2 9 8
left_child=1 2 -1
right_child=-2 -3 -4
leaf_value=0 0.0055651886095210885 -0.012066870185085517 0.057035381960175151
leaf_weight=673.73151177633554 1124.5978723376757 674.86971633054782 39.251703863963485
leaf_count=15861 25628 16485 795
internal_value=0.000117861 -0.0042505 0.00318481
internal_weight=2512.45 1387.85 712.983
internal_count=58769 33141 16656
cat_boundaries=0 1
cat_threshold=401478
is_linear=0
shrinkage=0.0321881


Tree=183
num_leaves=4
num_cat=0
split_feature=10 25 29
split_gain=59.421 52.7072 55.318
threshold=3180.3733685128946 27.435378613304703 9.5240076245641987
decision_type=2 2 2
left_child=-1 2 -2
right_child=1 -3 -4
leaf_value=-0.024913562966869265 0.00036823393566036888 -0.032091298273120197 0.018434802806451201
leaf_weight=93.856434690649621 2180.0018674380844 47.980347190052271 191.59067649755161
leaf_count=2558 47352 4822 3976
internal_value=0.000152722 0.00115372 0.0018563
internal_weight=2513.43 2419.57 2371.59
internal_count=58708 56150 51328
is_linear=0
shrinkage=0.0321881


Tree=184
num_leaves=4
num_cat=1
split_feature=41 13 25
split_gain=51.8638 66.2773 45.9208
threshold=0 41.438921637200714 27.435378613304703
decision_type=9 10 2
left_child=1 2 -1
right_child=-2 -3 -4
leaf_value=0.0049883580629586262 -0.0073365104059536926 -0.02788354140895246 -0.031834735236514249
leaf_weight=1709.2470719137928 696.49516288843006 68.707861686358228 35.176297548809089
leaf_count=31333 16751 7741 2898
internal_value=4.05173e-05 0.00293431 0.00420509
internal_weight=2509.63 1813.13 1744.42
internal_count=58723 41972 34231
cat_boundaries=0 1
cat_threshold=2586
is_linear=0
shrinkage=0.0321881


Tree=185
num_leaves=4
num_cat=1
split_feature=21 36 43
split_gain=54.7185 69.2399 56.6022
threshold=124.60331907614878 0.93481147759660088 0
decision_type=2 2 9
left_child=1 -1 -2
right_child=2 -3 -4
leaf_value=-0.0015082352610249162 0.019410878489148048 -0.015705502601093869 0.0012233859663550626
leaf_weight=385.6714911533054 194.02938382793218 460.98085527855437 1461.3921588913072
leaf_count=15038 5101 12939 25480
internal_value=9.15602e-05 -0.00653716 0.00352069
internal_weight=2502.07 846.652 1655.42
internal_count=58558 27977 30581
cat_boundaries=0 1
cat_threshold=16
is_linear=0
shrinkage=0.0321881


Tree=186
num_leaves=4
num_cat=1
split_feature=17 43 14
split_gain=55.2278 68.3101 56.1565
threshold=5.9030886112485303 0 642.73156421648707
decision_type=10 9 10
left_child=1 -1 -2
right_child=2 -3 -4
leaf_value=0.015637680800762728 -0.025942126126991694 -0.00084763760166952555 0.024646286139417391
leaf_weight=287.80861679057125 142.632956637186 2023.7995255967835 25.582714998628944
leaf_count=5540 14286 38202 420
internal_value=-2.80965e-05 0.0012427 -0.0178465
internal_weight=2479.82 2311.61 168.216
internal_count=58448 43742 14706
cat_boundaries=0 1
cat_threshold=16
is_linear=0
shrinkage=0.0321881


Tree=187
num_leaves=4
num_cat=1
split_feature=7 44 3
split_gain=54.3387 53.6751 54.8759
threshold=27470.741187523894 0 81.747959414850598
decision_type=2 9 2
left_child=1 -1 -3
right_child=-2 2 -4
leaf_value=-0.021980237374199279 -0.028806461957244834 -0.015165380783183132 0.0035948653795894459
leaf_weight=88.91134542983491 63.97869937447831 173.37232006387785 2171.079667189857
leaf_count=11915 1142 2353 43197
internal_value=0.000381381 0.0011777 0.00216973
internal_weight=2497.34 2433.36 2344.45
internal_count=58607 57465 45550
cat_boundaries=0 1
cat_threshold=1721600
is_linear=0
shrinkage=0.0321881


Tree=188
num_leaves=4
num_cat=0
split_feature=23 33 32
split_gain=55.5184 57.8321 56.0474
threshold=4.2201615384871056 -0.46368607740685081 -0.31922987612259174
decision_type=2 2 2
left_child=-1 2 -2
right_child=1 -3 -4
leaf_value=-0.0081288563742578836 -0.0026092153585607668 0.012468052316216918 0.0068820127128325663
leaf_weight=629.93429555825423 674.7927649745252 486.24953099421691 717.24180927826092
leaf_count=21434 12541 9432 15393
internal_value=0.000112033 0.00291043 -0.000383941
internal_weight=2508.22 1878.28 1392.03
internal_count=58800 37366 27934
is_linear=0
shrinkage=0.0321881


Tree=189
num_leaves=4
num_cat=1
split_feature=43 7 36
split_gain=53.0179 58.3049 52.9473
threshold=0 25533.865995892553 0.90366035237626263
decision_type=9 2 2
left_child=1 2 -1
right_child=-2 -3 -4
leaf_value=0.013095581931519171 -0.017564470498468224 -0.026688072433467356 0.00021248660131045576
leaf_weight=404.41701296472456 149.40336199454032 72.499507828848436 1863.4038189478451
leaf_count=11027 16123 1127 30327
internal_value=0.000355946 0.00159706 0.00253912
internal_weight=2489.72 2340.32 2267.82
internal_count=58604 42481 41354
cat_boundaries=0 1
cat_threshold=85
is_linear=0
shrinkage=0.0321881


Tree=190
num_leaves=4
num_cat=1
split_feature=41 10 24
split_gain=54.2756 54.6897 74.1029
threshold=0 14659.935559381729 35.058260461630695
decision_type=9 2 2
left_child=1 2 -1
right_child=-2 -3 -4
leaf_value=-0.018784182069734916 -0.0074159098999879991 0.020444929040820951 0.0036766104094925517
leaf_weight=169.26622243330348 687.61591768614016 171.90549484302755 1458.242141709663
leaf_count=9400 16724 4616 27692
internal_value=0.000184465 0.00314852 0.00129909
internal_weight=2487.03 1799.41 1627.51
internal_count=58432 41708 37092
cat_boundaries=0 1
cat_threshold=2586
is_linear=0
shrinkage=0.0321881


Tree=191
num_leaves=4
num_cat=0
split_feature=32 28 14
split_gain=51.0102 64.1996 52.7365
threshold=-0.86153936928432329 0.21038056816830245 290.03175749903522
decision_type=2 2 8
left_child=-1 -2 -3
right_child=1 2 -4
leaf_value=0.0070778346623590954 -0.0165476203197155 -0.0077065757709774618 0.004663538769905138
leaf_weight=713.35874839115422 304.9521660435712 598.15496317797806 883.60216600610875
leaf_count=12806 16014 19936 9944
internal_value=-0.000170172 -0.0031002 -0.000287478
internal_weight=2500.07 1786.71 1481.76
internal_count=58700 45894 29880
is_linear=0
shrinkage=0.0321881


Tree=192
num_leaves=4
num_cat=0
split_feature=38 38 1
split_gain=59.0339 167.409 101.839
threshold=0.058984633677276639 0.9397638200510483 11.639847752412917
decision_type=2 2 2
left_child=2 -2 -1
right_child=1 -3 -4
leaf_value=-0.016047956464912694 0.050624460456754776 -0.00030008604466589487 0.0016642759753109349
leaf_weight=416.36416579049546 88.786513294791803 259.1596029602224 1726.1117656496353
leaf_count=31027 1403 4402 21852
internal_value=0.000221931 0.0125372 -0.00174955
internal_weight=2490.42 347.946 2142.48
internal_count=58684 5805 52879
is_linear=0
shrinkage=0.0321881


Tree=193
num_leaves=4
num_cat=1
split_feature=16 44 12
split_gain=51.5165 54.2708 56.8306
threshold=67.08822237831663 0 39.290681434124757
decision_type=8 9 10
left_child=-1 2 -2
right_child=1 -3 -4
leaf_value=-0.012948738739273753 0.025729485600222125 0 -0.020249965440874134
leaf_weight=284.34164047567174 167.13673443009611 2009.5521122013452 31.659152562497184
leaf_count=17660 6636 32358 1944
internal_value=-3.40057e-05 0.00160124 0.0172071
internal_weight=2492.69 2208.35 198.796
internal_count=58598 40938 8580
cat_boundaries=0 1
cat_threshold=393284
is_linear=0
shrinkage=0.0321881


Tree=194
num_leaves=4
num_cat=0
split_feature=25 36 36
split_gain=47.4839 57.7935 109.376
threshold=27.435378613304703 0.81528568745293051 0.1129245970782277
decision_type=2 2 2
left_child=1 2 -1
right_child=-2 -3 -4
leaf_value=0.0062978132480314281 -0.031947544943982116 -0.0013298366102075638 0.063963442108264795
leaf_weight=337.18760196352378 46.64622987783514 2070.3054528903449 38.266748690162785
leaf_count=11426 5058 41735 437
internal_value=0.000109477 0.000749954 0.0123813
internal_weight=2492.41 2445.76 375.454
internal_count=58656 53598 11863
is_linear=0
shrinkage=0.0321881


Tree=195
num_leaves=4
num_cat=1
split_feature=5 5 44
split_gain=53.0439 87.569 78.3128
threshold=1.2773089285681274 1.7194199735572893 0
decision_type=2 2 9
left_child=2 -2 -1
right_child=1 -3 -4
leaf_value=0.0029146426740996102 0.04660237181443587 0.0029618622471660463 -0.012123312606478713
leaf_weight=725.20512553246226 50.131455875234678 1011.9149175066268 687.52337697008625
leaf_count=16993 880 23646 16859
internal_value=-0.000314905 0.00509171 -0.00442468
internal_weight=2474.77 1062.05 1412.73
internal_count=58378 24526 33852
cat_boundaries=0 1
cat_threshold=401478
is_linear=0
shrinkage=0.0321881


Tree=196
num_leaves=4
num_cat=1
split_feature=7 44 3
split_gain=48.6141 49.4779 82.8941
threshold=25533.865995892553 0 252.13319627091758
decision_type=2 9 2
left_child=1 2 -1
right_child=-2 -3 -4
leaf_value=0.00092161120922910011 -0.02509301420450347 -0.0027484395457193882 0.02367232080448722
leaf_weight=648.57902782782912 77.824360472033732 1528.9603172726929 225.79787138476968
leaf_count=6674 1379 48617 2129
internal_value=-7.12364e-05 0.000714908 0.00679666
internal_weight=2481.16 2403.34 874.377
internal_count=58799 57420 8803
cat_boundaries=0 1
cat_threshold=70
is_linear=0
shrinkage=0.0321881


Tree=197
num_leaves=4
num_cat=1
split_feature=41 32 23
split_gain=49.175 53.6227 61.4006
threshold=0 -0.78977043253890289 26.997652079612283
decision_type=9 2 2
left_child=-1 -2 -3
right_child=1 2 -4
leaf_value=0.020394387407347982 0.0054723073204172223 -0.010589142798896828 0.0023154024548483138
leaf_weight=106.42088403948583 841.33125097653829 826.17349347681738 698.04390225547832
leaf_count=1038 15698 29016 12755
internal_value=0 -0.00101081 -0.00463804
internal_weight=2471.97 2365.55 1524.22
internal_count=58507 57469 41771
cat_boundaries=0 1
cat_threshold=512
is_linear=0
shrinkage=0.0321881


Tree=198
num_leaves=4
num_cat=0
split_feature=5 3 4
split_gain=57.9715 85.8881 75.4817
threshold=1.201746977744709 269.22188833662398 1026.6900774086582
decision_type=2 2 2
left_child=1 -1 -3
right_child=-2 2 -4
leaf_value=-0.0080082614141800661 0.005125804455436739 -0.0079767268707598461 0.033198949661614893
leaf_weight=1170.552887750091 1124.3972263167379 77.413674753392115 106.67363443097565
leaf_count=30569 26035 997 1134
internal_value=-0.000249154 -0.00475768 0.0155499
internal_weight=2479.04 1354.64 184.087
internal_count=58735 32700 2131
is_linear=0
shrinkage=0.0321881


Tree=199
num_leaves=4
num_cat=2
split_feature=41 13 43
split_gain=52.7088 54.8429 61.8209
threshold=0 39.335655512278358 1
decision_type=9 10 9
left_child=-1 2 -2
right_child=1 -3 -4
leaf_value=0.016220866865858212 0.013795893302576401 -0.017732432409428036 -0.0023107417526007697
leaf_weight=173.50527967815287 274.77156532020308 201.31902238877956 1832.4639986156253
leaf_count=1807 5647 14986 36186
internal_value=-0.000344836 -0.00168197 -0.000124493
internal_weight=2482.06 2308.55 2107.24
internal_count=58626 56819 41833
cat_boundaries=0 1 2
cat_threshold=514 16
is_linear=0
shrinkage=0.0321881


Tree=200
num_leaves=4
num_cat=0
split_feature=23 29 33
split_gain=47.9047 49.2897 44.3843
threshold=5.088280939593794 9.3443499351200128 -0.46368607740685081
decision_type=2 2 2
left_child=1 -1 -2
right_child=2 -3 -4
leaf_value=-0.014154653644097058 -0.00017243498331304585 -0.0023186970798341529 0.011334408810787939
leaf_weight=483.2237583193928 1346.347658809158 179.59048502438236 462.99659426591825
leaf_count=17130 27346 5483 8763
internal_value=2.6148e-07 -0.00737537 0.00273797
internal_weight=2472.16 662.814 1809.34
internal_count=58722 22613 36109
is_linear=0
shrinkage=0.0321881


Tree=201
num_leaves=4
num_cat=0
split_feature=0 5 10
split_gain=50.9253 53.2188 77.951
threshold=54.444821743201487 1.2419920508940103 15961.105819669709
decision_type=2 2 2
left_child=-1 2 -2
right_child=1 -3 -4
leaf_value=-0.015895004425173078 -0.0044832167769758655 0.0071996434633138009 0.033075302388944898
leaf_weight=186.08405568194576 1226.8657972759102 996.81001006439328 59.549545982154086
leaf_count=18093 21967 17333 1109
internal_value=0.000254786 0.00160041 -0.00268932
internal_weight=2469.31 2283.23 1286.42
internal_count=58502 40409 23076
is_linear=0
shrinkage=0.0321881


Tree=202
num_leaves=4
num_cat=1
split_feature=44 7 5
split_gain=44.3141 45.589 45.2229
threshold=0 23019.147265529198 5.7325148638003229
decision_type=9 2 2
left_child=-1 2 -2
right_child=1 -3 -4
leaf_value=-0.021778071603372366 0.0012304968757547788 -0.0212783525179343 0.048052590838731687
leaf_weight=83.50452824041713 2280.7731282467721 92.636885157437064 21.437459707027301
leaf_count=11974 44837 1452 292
internal_value=-4.26573e-05 0.000778387 0.00169905
internal_weight=2478.35 2394.85 2302.21
internal_count=58555 46581 45129
cat_boundaries=0 1
cat_threshold=1721600
is_linear=0
shrinkage=0.0321881


Tree=203
num_leaves=4
num_cat=1
split_feature=16 41 20
split_gain=48.0761 49.4068 49.5417
threshold=67.08822237831663 0 47.896713285131703
decision_type=8 9 2
left_child=-1 -2 -3
right_child=1 2 -4
leaf_value=-0.012453684058656394 0.017662519146234228 -0.0071019691272854882 0.0037182429775923865
leaf_weight=278.29589998896699 174.77557526156306 642.64761818898842 1375.5168995351996
leaf_count=17751 1727 17984 21087
internal_value=0.000115306 0.00174059 0.000239572
internal_weight=2471.24 2192.94 2018.16
internal_count=58549 40798 39071
cat_boundaries=0 1
cat_threshold=530
is_linear=0
shrinkage=0.0321881


Tree=204
num_leaves=4
num_cat=0
split_feature=14 10 17
split_gain=44.6054 106.116 71.8722
threshold=611.93838648879171 13168.412130736357 5.7570336318264914
decision_type=8 2 10
left_child=2 -2 -1
right_child=1 -3 -4
leaf_value=0.00070987930364772422 -0.000184054307642969 0.059979675404029868 -0.018961373015494755
leaf_weight=2109.8877809047699 98.105987108545378 42.452966770390049 211.08642496692482
leaf_count=37593 2188 967 17909
internal_value=0 0.0176052 -0.00105348
internal_weight=2461.53 140.559 2320.97
internal_count=58657 3155 55502
is_linear=0
shrinkage=0.0321881


Tree=205
num_leaves=4
num_cat=0
split_feature=21 36 6
split_gain=49.8821 68.1142 56.1866
threshold=113.25153254639271 0.93481147759660088 134.26180404365746
decision_type=2 2 2
left_child=1 -1 -2
right_child=2 -3 -4
leaf_value=-0.0018238202567764745 0.0017855577737227561 -0.017148064547483344 0.028426446506392554
leaf_weight=364.18654010002501 1641.0375305960188 377.92216368601657 86.728282610885799
leaf_count=14928 31263 11300 1177
internal_value=0.000140294 -0.00681106 0.00316342
internal_weight=2469.87 742.109 1727.77
internal_count=58668 26228 32440
is_linear=0
shrinkage=0.0321881


Tree=206
num_leaves=4
num_cat=0
split_feature=25 36 36
split_gain=43.9928 52.6292 88.1806
threshold=27.435378613304703 0.88315754986673267 0.1129245970782277
decision_type=2 2 2
left_child=1 2 -1
right_child=-2 -3 -4
leaf_value=0.0052246497176651483 -0.031717380776978686 -0.0012862704123603661 0.04978487185565577
leaf_weight=334.37721734377556 43.760592278675176 2042.4856461107265 54.129698867793195
leaf_count=11460 5055 41699 682
internal_value=0.00014877 0.00075163 0.0116235
internal_weight=2474.75 2430.99 388.507
internal_count=58896 53841 12142
is_linear=0
shrinkage=0.0321881


Tree=207
num_leaves=4
num_cat=1
split_feature=44 24 33
split_gain=42.2402 44.5476 42.4356
threshold=0 322.14705216959044 -0.56366271209176466
decision_type=9 2 2
left_child=-1 2 -2
right_child=1 -3 -4
leaf_value=-0.021586818425514357 -0.0037246020192070075 0.022652421245898766 0.0052370947121582181
leaf_weight=80.563098725862801 1355.5871661483543 92.525535503402352 917.53438265866134
leaf_count=11960 25257 1110 20028
internal_value=-1.57558e-05 0.00078196 -7.90709e-05
internal_weight=2446.21 2365.65 2273.12
internal_count=58355 46395 45285
cat_boundaries=0 1
cat_threshold=1721600
is_linear=0
shrinkage=0.0321881


Tree=208
num_leaves=4
num_cat=0
split_feature=7 21 36
split_gain=46.8409 45.057 59.9039
threshold=27470.741187523894 92.34013808472308 0.88315754986673267
decision_type=2 2 2
left_child=1 2 -1
right_child=-2 -3 -4
leaf_value=-0.0012742455768473663 -0.027843773247296581 0.0038907311863785521 -0.017906398384079657
leaf_weight=294.18993924430106 57.834718588739634 1817.5293551590294 278.82179617579095
leaf_count=13267 1132 35258 9036
internal_value=0.000668478 0.00138761 -0.00643922
internal_weight=2448.38 2390.54 573.012
internal_count=58693 57561 22303
is_linear=0
shrinkage=0.0321881


Tree=209
num_leaves=4
num_cat=1
split_feature=21 5 44
split_gain=45.0707 60.1126 68.9164
threshold=92.34013808472308 1.2773089285681274 0
decision_type=2 2 9
left_child=-1 -2 -3
right_child=1 2 -4
leaf_value=-0.0073927106379748581 -0.0019973912272841809 0.030591465704977533 0.0049885359736232789
leaf_weight=583.10106880683452 1094.7343082958832 126.24547809571959 664.6039094501175
leaf_count=22866 21168 2136 12674
internal_value=0.000396301 0.00283939 0.00961382
internal_weight=2468.68 1885.58 790.849
internal_count=58844 35978 14810
cat_boundaries=0 1
cat_threshold=4672
is_linear=0
shrinkage=0.0321881


Tree=210
num_leaves=4
num_cat=0
split_feature=10 5 10
split_gain=43.5349 47.7753 100.044
threshold=3026.2766113168218 4.1942671462961121 6842.7120777071659
decision_type=2 2 2
left_child=-1 -2 -3
right_child=1 2 -4
leaf_value=-0.023176118391198139 -0.00050250712711259347 -0.037301633771294362 0.023472181875065019
leaf_weight=79.698019623523578 2147.04197347234 31.721401707734913 200.09777562576346
leaf_count=2295 53023 450 2884
internal_value=0.000157601 0.000968344 0.014852
internal_weight=2458.56 2378.86 231.819
internal_count=58652 56357 3334
is_linear=0
shrinkage=0.0321881


Tree=211
num_leaves=4
num_cat=1
split_feature=43 7 36
split_gain=44.0723 47.3945 43.6297
threshold=0 25533.865995892553 0.81528568745293051
decision_type=9 2 2
left_child=1 2 -1
right_child=-2 -3 -4
leaf_value=0.01257032089854801 -0.016580159566510492 -0.025049324726094842 0.00036622916269796343
leaf_weight=364.60590201080777 137.33716289291624 66.70949588296935 1879.2944308652077
leaf_count=10572 16067 1142 30796
internal_value=0.000444032 0.00155011 0.00237874
internal_weight=2447.95 2310.61 2243.9
internal_count=58577 42510 41368
cat_boundaries=0 1
cat_threshold=85
is_linear=0
shrinkage=0.0321881


Tree=212
num_leaves=4
num_cat=2
split_feature=41 42 13
split_gain=45.9623 52.996 52.0946
threshold=0 1 41.438921637200714
decision_type=9 9 10
left_child=1 2 -1
right_child=-2 -3 -4
leaf_value=0.0058389972965715133 -0.0067519802686045755 -0.015898655223698495 -0.024727020459136665
leaf_weight=1594.2889257475035 671.6568029060727 129.85939298570156 59.018205529428087
leaf_count=32515 16746 1750 7618
internal_value=0.000335092 0.0030615 0.00467768
internal_weight=2454.82 1783.17 1653.31
internal_count=58629 41883 40133
cat_boundaries=0 1 2
cat_threshold=2586 262662
is_linear=0
shrinkage=0.0321881


Tree=213
num_leaves=4
num_cat=0
split_feature=0 3 4
split_gain=43.5653 57.5933 40.9039
threshold=60.161428421478355 81.747959414850598 1122.7963054328486
decision_type=2 2 2
left_child=-1 -2 -3
right_child=1 2 -4
leaf_value=-0.014701679717033764 -0.016694363912097211 -0.00038774416042879344 0.009152733469203516
leaf_weight=192.90017645375337 170.59780502261128 1405.121908652829 687.57635724626016
leaf_count=19437 2447 24887 12018
internal_value=-1.89678e-06 0.00122423 0.00271712
internal_weight=2456.2 2263.3 2092.7
internal_count=58789 39352 36905
is_linear=0
shrinkage=0.0321881


Tree=214
num_leaves=4
num_cat=0
split_feature=10 6 7
split_gain=46.8527 46.5688 57.2261
threshold=3180.3733685128946 119.33011260309083 23019.147265529198
decision_type=2 2 2
left_child=-1 2 -2
right_child=1 -3 -4
leaf_value=-0.022743083365962459 0.0010157580866460155 0.021141821267655399 -0.031301213329750666
leaf_weight=87.489741719444282 2186.9976759774145 115.23769221396651 58.025579726905562
leaf_count=2587 52871 1953 1188
internal_value=0.000318829 0.00120286 0.0001489
internal_weight=2447.75 2360.26 2245.02
internal_count=58599 56012 54059
is_linear=0
shrinkage=0.0321881


Tree=215
num_leaves=4
num_cat=0
split_feature=14 10 17
split_gain=47.8216 89.2439 77.5238
threshold=611.93838648879171 13168.412130736357 5.8923379606931698
decision_type=8 2 10
left_child=2 -2 -1
right_child=1 -3 -4
leaf_value=0.00048541932151473249 0.00034344974054466033 0.056222919329971671 -0.02504770513170242
leaf_weight=2179.2832710762741 96.369643708691001 44.074047100031748 130.1406384841539
leaf_count=40961 2166 963 14404
internal_value=0.000155295 0.0183975 -0.000928268
internal_weight=2449.87 140.444 2309.42
internal_count=58494 3129 55365
is_linear=0
shrinkage=0.0321881


Tree=216
num_leaves=4
num_cat=0
split_feature=25 36 36
split_gain=42.1087 44.1451 85.2021
threshold=27.435378613304703 0.88315754986673267 0.1129245970782277
decision_type=2 2 2
left_child=1 2 -1
right_child=-2 -3 -4
leaf_value=0.004551644846441839 -0.031641066449410615 -0.0011523718903449956 0.049336633877821313
leaf_weight=332.64961595984641 42.133101974788588 2019.0634119976312 51.399778477614745
leaf_count=11436 5101 41467 652
internal_value=0.000135536 0.000722233 0.010738
internal_weight=2445.25 2403.11 384.049
internal_count=58656 53555 12088
is_linear=0
shrinkage=0.0321881


Tree=217
num_leaves=4
num_cat=1
split_feature=6 7 44
split_gain=43.2157 65.4117 58.8165
threshold=119.33011260309083 18038.316442328625 0
decision_type=2 2 9
left_child=1 2 -1
right_child=-2 -3 -4
leaf_value=0.0067830797486546609 0.018853685815035368 -0.031757285631987806 -0.0039831561362951113
leaf_weight=811.39499064348638 118.48410153761506 69.509805144509301 1448.8057151064277
leaf_count=8269 2036 1466 46768
internal_value=-6.18129e-05 -0.00105297 -7.72887e-05
internal_weight=2448.19 2329.71 2260.2
internal_count=58539 56503 55037
cat_boundaries=0 1
cat_threshold=70
is_linear=0
shrinkage=0.0321881


Tree=218
num_leaves=4
num_cat=0
split_feature=25 29 23
split_gain=40.1966 44.2034 62.1165
threshold=27.435378613304703 9.2876975769338284 5.088280939593794
decision_type=2 2 2
left_child=1 2 -1
right_child=-2 -3 -4
leaf_value=-0.011874363431539869 -0.031654063780175372 0.01287554457964417 0.0016437616177265933
leaf_weight=442.792559314752 41.033479166042525 261.79376668203622 1698.5469779645791
leaf_count=13937 5055 5222 34437
internal_value=-0.000137945 0.000376759 -0.00112282
internal_weight=2444.17 2403.13 2141.34
internal_count=58651 53596 48374
is_linear=0
shrinkage=0.0321881


Tree=219
num_leaves=4
num_cat=0
split_feature=14 17 24
split_gain=41.229 55.4011 44.4782
threshold=301.08359618331298 5.670645597045616 302.94634673353039
decision_type=8 10 2
left_child=1 2 -1
right_child=-2 -3 -4
leaf_value=-0.0043387728067677675 0.0034774523797904446 -0.026604242447233289 0.02296074492829538
leaf_weight=889.26291872537695 1373.7436519784387 110.15644733078079 65.74133118847385
leaf_count=21402 18647 17721 968
internal_value=-0.000180274 -0.00495717 -0.0023876
internal_weight=2438.9 1065.16 955.004
internal_count=58738 40091 22370
is_linear=0
shrinkage=0.0321881


Tree=220
num_leaves=4
num_cat=1
split_feature=44 24 14
split_gain=40.4003 45.2307 44.2577
threshold=0 312.32637894030364 491.41393098251666
decision_type=9 2 10
left_child=-1 2 -2
right_child=1 -3 -4
leaf_value=-0.021138889679600471 -0.0018423061242988021 0.02193060415475866 0.010787409003893163
leaf_weight=78.272109480341896 1911.1666702040238 102.17984878411517 338.07475194032304
leaf_count=12022 40746 1271 4450
internal_value=0.00018087 0.0010053 2.8639e-05
internal_weight=2429.69 2351.42 2249.24
internal_count=58489 46467 45196
cat_boundaries=0 1
cat_threshold=1721600
is_linear=0
shrinkage=0.0321881


Tree=221
num_leaves=4
num_cat=0
split_feature=32 21 32
split_gain=42.7606 58.8932 54.9004
threshold=-0.90597900843217261 41.223004653911879 -0.31922987612259174
decision_type=2 2 2
left_child=-1 -2 -3
right_child=1 2 -4
leaf_value=0.0081702378341514184 -0.018874534546665454 -0.0057114757701449215 0.0058951226221681183
leaf_weight=561.45436559023801 191.0192725546658 862.11584841611329 827.04979540058412
leaf_count=10236 13424 16231 18840
internal_value=0.000355151 -0.00194543 0
internal_weight=2441.64 1880.18 1689.17
internal_count=58731 48495 35071
is_linear=0
shrinkage=0.0321881


Tree=222
num_leaves=4
num_cat=0
split_feature=16 1 20
split_gain=39.2487 42.3129 38.5566
threshold=66.689323291372162 11.639847752412917 171.52708661287031
decision_type=8 2 2
left_child=1 -1 -2
right_child=2 -3 -4
leaf_value=-0.026591189075718568 -0.00049350933930033636 -0.00010567167627587448 0.012534321383107394
leaf_weight=115.95260325580603 1891.5926772723324 145.84785345755517 267.49290302721784
leaf_count=15810 36936 1699 3952
internal_value=-0.000308358 -0.0120927 0.00109223
internal_weight=2420.89 261.8 2159.09
internal_count=58397 17509 40888
is_linear=0
shrinkage=0.0321881


Tree=223
num_leaves=4
num_cat=1
split_feature=44 24 15
split_gain=39.5212 42.8762 42.4966
threshold=0 302.94634673353039 1.2639314701401905
decision_type=9 2 10
left_child=-1 2 -2
right_child=1 -3 -4
leaf_value=-0.021309148883435193 0.00076219375096458694 0.01986520723307424 -0.019614702950308566
leaf_weight=77.175700860098004 2118.1722184593091 115.23700754670426 111.30831947387196
leaf_count=12152 32538 1462 12452
internal_value=-3.23563e-05 0.00073064 -0.000228547
internal_weight=2421.89 2344.72 2229.48
internal_count=58604 46452 44990
cat_boundaries=0 1
cat_threshold=1721600
is_linear=0
shrinkage=0.0321881


Tree=224
num_leaves=4
num_cat=0
split_feature=10 5 3
split_gain=41.999 51.0101 59.1968
threshold=3304.4793094797574 1.1870513922186914 269.22188833662398
decision_type=2 2 2
left_child=-1 2 -2
right_child=1 -3 -4
leaf_value=-0.020929127303633312 -0.0063593476643124475 0.0060725402873351795 0.014046779332962877
leaf_weight=94.78375862777466 1067.4395976379164 1070.1221277011791 169.17609435191844
leaf_count=2831 28497 25027 2018
internal_value=1.5566e-05 0.000905853 -0.00351402
internal_weight=2401.52 2306.74 1236.62
internal_count=58373 55542 30515
is_linear=0
shrinkage=0.0321881


Tree=225
num_leaves=4
num_cat=1
split_feature=10 13 41
split_gain=44.754 41.1617 52.584
threshold=3304.4793094797574 36.75391405626025 0
decision_type=2 10 9
left_child=-1 2 -2
right_child=1 -3 -4
leaf_value=-0.02170570821879339 0.011694607724088276 -0.0075785847449193469 -0.00026420165584699812
leaf_weight=94.306849120999686 514.44958639680408 471.58743790519657 1361.9010526032653
leaf_count=2797 11797 20698 23508
internal_value=0 0.000881678 0.00304264
internal_weight=2442.24 2347.94 1876.35
internal_count=58800 56003 35305
cat_boundaries=0 1
cat_threshold=536
is_linear=0
shrinkage=0.0321881


Tree=226
num_leaves=4
num_cat=0
split_feature=10 14 10
split_gain=45.638 39.8588 53.3582
threshold=3026.2766113168218 306.29813345161637 16872.518077946701
decision_type=2 8 2
left_child=-1 -2 -3
right_child=1 2 -4
leaf_value=-0.024329786866007379 -0.003735626100492074 0.0036347344357462118 0.04803173667753826
leaf_weight=76.678155381639954 1056.9031566244084 1262.2014219674747 28.764882257673889
leaf_count=2339 38888 17044 391
internal_value=4.02243e-05 0.000865615 0.00468194
internal_weight=2424.55 2347.87 1290.97
internal_count=58662 56323 17435
is_linear=0
shrinkage=0.0321881


Tree=227
num_leaves=4
num_cat=0
split_feature=29 20 29
split_gain=38.6104 58.4706 43.1723
threshold=9.1251664503060201 47.241872160406992 10.50746068591665
decision_type=2 2 2
left_child=1 -1 -2
right_child=2 -3 -4
leaf_value=-0.01076016837220359 0.013493352191893543 0.00154520939427317 -0.018484936069827897
leaf_weight=542.64540533511899 341.72142471751431 1500.124728111201 48.407488638709765
leaf_count=20572 5790 28973 3490
internal_value=5.26683e-05 -0.00169331 0.00935349
internal_weight=2432.9 2042.77 390.129
internal_count=58825 49545 9280
is_linear=0
shrinkage=0.0321881


Tree=228
num_leaves=4
num_cat=1
split_feature=3 44 5
split_gain=36.9982 53.5391 50.5297
threshold=81.747959414850598 0 3.2530132664856355
decision_type=2 9 2
left_child=2 -2 -1
right_child=1 -3 -4
leaf_value=-0.024364260835680437 -0.026532010685552745 0.001805800502852056 0.016901625773315217
leaf_weight=131.17510284564923 60.951526199642103 2186.0775822273572 38.071930295438506
leaf_count=2043 8604 47390 469
internal_value=-0.000171011 0.000896039 -0.0146951
internal_weight=2416.28 2247.03 169.247
internal_count=58506 55994 2512
cat_boundaries=0 1
cat_threshold=1590544
is_linear=0
shrinkage=0.0321881


Tree=229
num_leaves=4
num_cat=0
split_feature=32 21 32
split_gain=38.0053 53.6651 56.9209
threshold=-0.90597900843217261 41.223004653911879 -0.31922987612259174
decision_type=2 2 2
left_child=-1 -2 -3
right_child=1 2 -4
leaf_value=0.0069368083758653502 -0.018963853890059348 -0.0065132166807569739 0.0053335849455738576
leaf_weight=574.60389506304637 185.34184669365641 856.04034067073371 822.47834784921724
leaf_count=10288 13492 16128 18764
internal_value=-0.00026946 -0.00252583 -0.00067038
internal_weight=2438.46 1863.86 1678.52
internal_count=58672 48384 34892
is_linear=0
shrinkage=0.0321881


Tree=230
num_leaves=4
num_cat=1
split_feature=41 36 21
split_gain=44.3304 49.8693 75.4849
threshold=0 0.90931603673879235 109.14029145953933
decision_type=9 2 2
left_child=-1 -2 -3
right_child=1 2 -4
leaf_value=-0.0072110663388035576 0.013968034269496273 -0.01550027232080557 0.0034624277915963992
leaf_weight=664.70357345533557 320.78800551005406 266.96855308278464 1168.4339058147743
leaf_count=16731 11507 8285 22165
internal_value=-0.000171234 0.00248454 -2.20295e-05
internal_weight=2420.89 1756.19 1435.4
internal_count=58688 41957 30450
cat_boundaries=0 1
cat_threshold=320
is_linear=0
shrinkage=0.0321881


Tree=231
num_leaves=4
num_cat=0
split_feature=5 3 4
split_gain=39.2537 64.6629 68.6483
threshold=1.1942182147653322 252.13319627091758 1066.0113332651247
decision_type=2 2 2
left_child=1 -1 -3
right_child=-2 2 -4
leaf_value=-0.0072080728317539724 0.0046538960637781115 -0.0061517526492508197 0.026705221790751729
leaf_weight=1039.198380282498 1109.9269912633463 123.93212299689185 134.54741581314011
leaf_count=28920 26260 1714 1557
internal_value=0.000185294 -0.00358786 0.010714
internal_weight=2407.6 1297.68 258.48
internal_count=58451 32191 3271
is_linear=0
shrinkage=0.0321881


Tree=232
num_leaves=4
num_cat=0
split_feature=25 29 28
split_gain=37.0179 45.6474 54.5269
threshold=27.435378613304703 9.2231118280119357 0.36828797735402669
decision_type=2 2 2
left_child=1 2 -1
right_child=-2 -3 -4
leaf_value=-0.010636423686339394 -0.031463730018143711 0.012289433012003043 0.0016989483853433775
leaf_weight=482.27111400954891 37.832806804974098 299.49890227511059 1592.3394031126518
leaf_count=16571 5046 5855 30925
internal_value=0 0.000529463 -0.00113876
internal_weight=2411.94 2374.11 2074.61
internal_count=58397 53351 47496
is_linear=0
shrinkage=0.0321881


Tree=233
num_leaves=4
num_cat=0
split_feature=16 1 7
split_gain=35.2168 37.8403 34.4305
threshold=67.08822237831663 11.639847752412917 27470.741187523894
decision_type=8 2 2
left_child=1 -1 -2
right_child=2 -3 -4
leaf_value=-0.025888814276191423 0.0013440596599037268 -0.0006232602239443554 -0.025762645751569054
leaf_weight=112.54791579028824 2097.9896494238055 146.69824138004333 49.334554124274291
leaf_count=15815 39855 1736 869
internal_value=-0.000636566 -0.011851 0.000688853
internal_weight=2406.57 259.246 2147.32
internal_count=58275 17551 40724
is_linear=0
shrinkage=0.0321881


Tree=234
num_leaves=4
num_cat=1
split_feature=24 1 41
split_gain=36.2041 55.5542 75.322
threshold=322.14705216959044 11.916634794828534 0
decision_type=2 2 9
left_child=1 -1 -3
right_child=-2 2 -4
leaf_value=-0.011080540826020956 0.019026030129026584 0.0090995689170849121 -0.0024013535970477951
leaf_weight=443.90986244799569 99.005731101613492 486.93742985557765 1387.5166736189276
leaf_count=33812 1381 5103 18309
internal_value=0 -0.000826892 0.0015685
internal_weight=2417.37 2318.36 1874.45
internal_count=58605 57224 23412
cat_boundaries=0 1
cat_threshold=538
is_linear=0
shrinkage=0.0321881


Tree=235
num_leaves=4
num_cat=0
split_feature=14 10 4
split_gain=43.9158 93.6739 67.2214
threshold=485.29885034722111 14013.176500346655 1042.7049508295108
decision_type=8 2 2
left_child=-1 -2 -3
right_child=1 2 -4
leaf_value=-0.0020058926240395991 0.0023756334716761884 0 0.067247608514676246
leaf_weight=2028.8861209985917 321.19636230147444 22.281371282180771 44.483759351773188
leaf_count=52493 5256 401 710
internal_value=-8.21738e-05 0.00980913 0.044485
internal_weight=2416.85 387.961 66.7651
internal_count=58860 6367 1111
is_linear=0
shrinkage=0.0321881


Tree=236
num_leaves=4
num_cat=0
split_feature=10 26 5
split_gain=40.0488 38.356 43.2583
threshold=3304.4793094797574 0.092920189665969558 1.2419920508940103
decision_type=2 2 2
left_child=-1 -2 -3
right_child=1 2 -4
leaf_value=-0.020806400595518901 -0.0034038533930105105 0.00073146512009046464 0.011853281171034681
leaf_weight=92.911466972145718 1155.6558882870013 640.23999946314143 522.06734400021378
leaf_count=2804 32291 13455 9996
internal_value=-8.90551e-05 0.00071593 0.00486678
internal_weight=2410.87 2317.96 1162.31
internal_count=58546 55742 23451
is_linear=0
shrinkage=0.0321881


Tree=237
num_leaves=4
num_cat=1
split_feature=13 44 10
split_gain=36.1179 53.6122 74.9541
threshold=36.943954477149781 0 9834.0814778529584
decision_type=10 9 2
left_child=-1 2 -2
right_child=1 -3 -4
leaf_value=0.0021775797819802889 0.045040140015439212 -0.012420426861168498 -0.025561682192129783
leaf_weight=1951.9334150513168 43.240898625925183 388.95062748831697 22.862797245848924
leaf_count=37269 597 20295 448
internal_value=0.000248009 -0.00788572 0.0170825
internal_weight=2406.99 455.054 66.1037
internal_count=58609 21340 1045
cat_boundaries=0 1
cat_threshold=580
is_linear=0
shrinkage=0.0321881


Tree=238
num_leaves=4
num_cat=1
split_feature=3 5 44
split_gain=38.501 61.8987 51.2844
threshold=88.755895321842729 3.2530132664856355 0
decision_type=2 2 9
left_child=1 -1 -2
right_child=2 -3 -4
leaf_value=-0.022934723212166535 -0.026198844863837001 0.016578155955347451 0.0021142725338758901
leaf_weight=163.62786168605089 57.995119462779257 52.734061313094571 2131.5716400092351
leaf_count=2601 8629 641 46606
internal_value=-3.14084e-05 -0.0130026 0.00122252
internal_weight=2405.93 216.362 2189.57
internal_count=58477 3242 55235
cat_boundaries=0 1
cat_threshold=1590544
is_linear=0
shrinkage=0.0321881


Tree=239
num_leaves=4
num_cat=0
split_feature=5 3 22
split_gain=37.0793 58.4683 56.9173
threshold=1.2419920508940103 269.22188833662398 80.140099683050138
decision_type=2 2 2
left_child=1 -1 -2
right_child=2 -3 -4
leaf_value=-0.0064124648907579844 -0.02259755488128715 0.012842195092776763 0.0064131943716354512
leaf_weight=1152.6305117577431 74.316094746638555 188.43793900730088 1005.8787717241794
leaf_count=31235 5873 2242 19219
internal_value=-5.71257e-05 -0.00365765 0.00435382
internal_weight=2421.26 1341.07 1080.19
internal_count=58569 33477 25092
is_linear=0
shrinkage=0.0321881


Tree=240
num_leaves=4
num_cat=2
split_feature=41 42 13
split_gain=36.6329 46.2848 44.2154
threshold=0 1 41.693086557700603
decision_type=9 9 10
left_child=-1 2 -2
right_child=1 -3 -4
leaf_value=-0.0060324992559119515 0.0053910364638384729 -0.014688252423763558 -0.025871047042883726
leaf_weight=646.72420428588521 1579.3474621309433 132.08794340613531 47.458836736215744
leaf_count=16660 33150 1827 7149
internal_value=0.000431013 0.00286229 0.00440915
internal_weight=2405.62 1758.89 1626.81
internal_count=58786 42126 40299
cat_boundaries=0 1 2
cat_threshold=320 262662
is_linear=0
shrinkage=0.0321881


Tree=241
num_leaves=4
num_cat=0
split_feature=29 20 29
split_gain=34.8681 52.9919 44.1339
threshold=9.1251664503060201 47.896713285131703 10.50746068591665
decision_type=2 2 2
left_child=1 -1 -2
right_child=2 -3 -4
leaf_value=-0.010337156651465212 0.012782836941101406 0.001430861641891499 -0.020956585770937328
leaf_weight=539.15300563775236 346.7464786254568 1473.8284272176679 43.942947217612527
leaf_count=20627 5802 28722 3447
internal_value=0 -0.00169027 0.00881465
internal_weight=2403.67 2012.98 390.689
internal_count=58598 49349 9249
is_linear=0
shrinkage=0.0321881


Tree=242
num_leaves=4
num_cat=0
split_feature=14 10 17
split_gain=36.0221 63.6412 57.1615
threshold=611.93838648879171 13168.412130736357 5.9030886112485303
decision_type=8 2 10
left_child=2 -2 -1
right_child=1 -3 -4
leaf_value=0.00064043408380334117 0.00071440190660350227 0.047960292771738203 -0.022685484495590644
leaf_weight=2156.130763714551 95.06415288883727 44.583453555358574 114.26145220448961
leaf_count=41348 2181 981 14271
internal_value=0.000441832 0.016309 -0.000507677
internal_weight=2410.04 139.648 2270.39
internal_count=58781 3162 55619
is_linear=0
shrinkage=0.0321881


Tree=243
num_leaves=4
num_cat=0
split_feature=25 33 32
split_gain=33.2799 39.0658 82.3722
threshold=27.435378613304703 -0.60960972298566851 -0.36101442198383432
decision_type=2 2 2
left_child=1 2 -1
right_child=-2 -3 -4
leaf_value=-0.013453978667574152 -0.031178894164832254 0.0052385451530087617 0.0028658592534351918
leaf_weight=505.51597031508572 34.863250084745232 1003.4761180731002 863.24185058171861
leaf_count=10418 5063 23187 20097
internal_value=-4.25685e-05 0.000391244 -0.00311622
internal_weight=2407.1 2372.23 1368.76
internal_count=58765 53702 30515
is_linear=0
shrinkage=0.0321881


Tree=244
num_leaves=4
num_cat=0
split_feature=0 23 22
split_gain=35.1244 45.42 37.0131
threshold=91.025602585726475 103.93452785448572 869.11161440286025
decision_type=2 2 2
left_child=1 -1 -2
right_child=2 -3 -4
leaf_value=-0.014924763055186172 0.0008345150647015581 0.038146579689580837 0.032529937093305324
leaf_weight=240.90893432596931 2104.7821440483676 17.141293763648719 38.829035201109946
leaf_count=24837 33091 250 451
internal_value=6.45547e-05 -0.0111211 0.00144188
internal_weight=2401.66 258.05 2143.61
internal_count=58629 25087 33542
is_linear=0
shrinkage=0.0321881


Tree=245
num_leaves=4
num_cat=0
split_feature=21 16 2
split_gain=37.2827 51.9314 51.1171
threshold=276.66175448917505 175.88074954139276 18.555130598008308
decision_type=2 8 2
left_child=2 -2 -1
right_child=1 -3 -4
leaf_value=-0.016682070060732711 0.0041884980284947106 0.041570477633222053 -0.00040146961019025184
leaf_weight=227.17808195669204 400.34456381865311 43.259630394633859 1724.8361290148459
leaf_count=26589 8275 635 23080
internal_value=-0.000390932 0.00799769 -0.00233065
internal_weight=2395.62 443.604 1952.01
internal_count=58579 8910 49669
is_linear=0
shrinkage=0.0321881


Tree=246
num_leaves=4
num_cat=0
split_feature=14 10 4
split_gain=36.8783 72.0553 69.7389
threshold=468.6115946924719 13575.061936013275 995.77677102766404
decision_type=8 2 2
left_child=-1 -2 -3
right_child=1 2 -4
leaf_value=-0.001710948368296652 0.0019155781722936685 -0.00077778922781566735 0.056757422257049911
leaf_weight=1957.0626865971717 353.98983167402912 32.509458693792112 55.058441868983209
leaf_count=51456 5546 563 886
internal_value=0.00015798 0.00858205 0.0347277
internal_weight=2398.62 441.558 87.5679
internal_count=58451 6995 1449
is_linear=0
shrinkage=0.0321881


Tree=247
num_leaves=4
num_cat=0
split_feature=25 36 36
split_gain=32.7819 37.8189 96.5523
threshold=27.435378613304703 0.81528568745293051 0.1129245970782277
decision_type=2 2 2
left_child=1 2 -1
right_child=-2 -3 -4
leaf_value=0.0043864823275272385 -0.031117869921758235 -0.00098231762818023127 0.059000728432861492
leaf_weight=320.70804906380363 33.733455963432789 2000.6755135196727 37.772989410208538
leaf_count=11447 5030 41685 448
internal_value=0.000235726 0.000714126 0.0103539
internal_weight=2392.89 2359.16 358.481
internal_count=58610 53580 11895
is_linear=0
shrinkage=0.0321881


Tree=248
num_leaves=4
num_cat=0
split_feature=10 32 20
split_gain=37.8069 35.7862 47.5741
threshold=3304.4793094797574 -0.86153936928432329 27.503285980273798
decision_type=2 2 2
left_child=-1 -2 -3
right_child=1 2 -4
leaf_value=-0.020425072014519655 0.007106034294334586 -0.013796662276965395 0.00079371079165965817
leaf_weight=89.27092144388007 680.23895934759639 278.22060395480366 1339.1067046599346
leaf_count=2783 12291 15826 27661
internal_value=6.90608e-05 0.000895095 -0.00167847
internal_weight=2386.84 2297.57 1617.33
internal_count=58561 55778 43487
is_linear=0
shrinkage=0.0321881


Tree=249
num_leaves=4
num_cat=0
split_feature=6 10 7
split_gain=33.1781 61.6577 53.207
threshold=98.698595788476311 6408.8144998112866 23019.147265529198
decision_type=2 2 2
left_child=2 -2 -1
right_child=1 -3 -4
leaf_value=-0.00023675938646915417 -0.033947503723011564 0.023594810022728712 -0.030709453691584458
leaf_weight=2185.0812545558438 21.770044250879437 125.90261459548492 60.944009957078379
leaf_count=54584 366 2131 1326
internal_value=-9.63961e-05 0.0146404 -0.00109512
internal_weight=2393.7 147.673 2246.03
internal_count=58407 2497 55910
is_linear=0
shrinkage=0.0321881


Tree=250
num_leaves=4
num_cat=1
split_feature=16 44 10
split_gain=31.6537 38.3253 46.5108
threshold=67.08822237831663 0 5866.393587171844
decision_type=8 9 2
left_child=-1 2 -2
right_child=1 -3 -4
leaf_value=-0.011259814511814818 0.044042944948098815 -0.00059491398115947319 0.0056591282678070936
leaf_weight=253.3480402508867 44.004866511153523 1947.1174501958303 146.89837001991691
leaf_count=17823 1415 32269 7111
internal_value=-0.000491254 0.000756102 0.0141438
internal_weight=2391.37 2138.02 190.903
internal_count=58618 40795 8526
cat_boundaries=0 1
cat_threshold=393284
is_linear=0
shrinkage=0.0321881


Tree=251
num_leaves=4
num_cat=0
split_feature=36 32 20
split_gain=35.4202 81.691 62.106
threshold=0.88315754986673267 0.6501138046737488 58.886931564238147
decision_type=2 2 2
left_child=1 -1 -2
right_child=2 -3 -4
leaf_value=0.01722451497172979 -0.010495704487534735 -0.016442545243803716 0.0019132829622905926
leaf_weight=299.78259827574948 590.72181054501561 97.446275025722571 1410.0405952706351
leaf_count=9511 16697 5940 26617
internal_value=0 0.00880035 -0.00171943
internal_weight=2397.99 397.229 2000.76
internal_count=58765 15451 43314
is_linear=0
shrinkage=0.0321881


Tree=252
num_leaves=4
num_cat=1
split_feature=3 44 14
split_gain=38.2338 48.1819 47.1978
threshold=88.755895321842729 0 491.41393098251666
decision_type=2 9 8
left_child=-1 -2 -3
right_child=1 2 -4
leaf_value=-0.013003393418154577 -0.02575504523885648 0 0.013391687949151765
leaf_weight=217.55681678763358 56.423713909112848 1794.4124314895598 320.19971170159988
leaf_count=3281 8700 41737 4967
internal_value=-0.000122539 0.00114018 0.00200305
internal_weight=2388.59 2171.04 2114.61
internal_count=58685 55404 46704
cat_boundaries=0 1
cat_threshold=1590544
is_linear=0
shrinkage=0.0321881


Tree=253
num_leaves=4
num_cat=0
split_feature=39 39 1
split_gain=34.1258 130.604 84.5822
threshold=0.091303589551551087 0.91925617272353211 11.348056577065906
decision_type=2 2 2
left_child=2 -2 -1
right_child=1 -3 -4
leaf_value=-0.017517928427164767 0.048317272594177021 0.00062640296720277899 0.00090541245939456392
leaf_weight=307.72737101576058 69.306918080197647 432.18959616241045 1567.4953576503322
leaf_count=28904 907 7600 21164
internal_value=-6.45063e-05 0.00736394 -0.00208576
internal_weight=2376.72 501.497 1875.22
internal_count=58575 8507 50068
is_linear=0
shrinkage=0.0321881


Tree=254
num_leaves=4
num_cat=1
split_feature=43 5 16
split_gain=34.9979 68.5681 51.9184
threshold=0 2.7584931222708415 88.989521673609929
decision_type=9 2 8
left_child=1 2 -1
right_child=-2 -3 -4
leaf_value=-0.0084038511081604064 -0.0018065397735019157 -0.012895595047118937 0.02764936205599821
leaf_weight=50.606130241067149 2068.8435768705094 94.627555608574767 177.64131041022483
leaf_count=4254 48633 2685 3036
internal_value=-0.000230785 0.00942693 0.0193766
internal_weight=2391.72 322.875 228.247
internal_count=58608 9975 7290
cat_boundaries=0 1
cat_threshold=16
is_linear=0
shrinkage=0.0321881


Tree=255
num_leaves=4
num_cat=0
split_feature=6 7 4
split_gain=30.9678 51.6115 56.6333
threshold=119.33011260309083 18038.316442328625 1106.1352269710871
decision_type=2 2 2
left_child=1 2 -1
right_child=-2 -3 -4
leaf_value=-0.0035222370945034382 0.015843001119480723 -0.029501228618395259 0.0073941155009134112
leaf_weight=1467.1322442981182 123.65625834540697 62.370265330828261 740.51689992181491
leaf_count=34885 2097 1445 20280
internal_value=0.00015078 -0.000677541 0.000111013
internal_weight=2393.68 2270.02 2207.65
internal_count=58707 56610 55165
is_linear=0
shrinkage=0.0321881


Tree=256
num_leaves=4
num_cat=1
split_feature=26 44 5
split_gain=32.082 42.2273 37.0567
threshold=0.11569523978376133 0 3.2530132664856355
decision_type=2 9 2
left_child=1 -1 -2
right_child=2 -3 -4
leaf_value=0.00024266994091732289 0.0014567640967201707 -0.008827701830683243 0.017728299934506669
leaf_weight=508.87895636452595 969.28773391444702 732.6693959631375 172.93179778882768
leaf_count=8048 20484 27463 2782
internal_value=6.02962e-05 -0.00349385 0.00397919
internal_weight=2383.77 1241.55 1142.22
internal_count=58777 35511 23266
cat_boundaries=0 1
cat_threshold=131142
is_linear=0
shrinkage=0.0321881


Tree=257
num_leaves=4
num_cat=0
split_feature=25 36 21
split_gain=30.5403 39.6258 62.2998
threshold=27.435378613304703 0.88315754986673267 109.14029145953933
decision_type=2 2 2
left_child=1 -1 -3
right_child=-2 2 -4
leaf_value=0.010267448603342489 -0.030942496811755101 -0.013809555478636167 0.0014230624443328165
leaf_weight=374.52555253083119 31.852947641164064 334.40869886765722 1626.4134680952993
leaf_count=12086 5075 9803 31595
internal_value=0.000204752 0.000659951 -0.00114366
internal_weight=2367.2 2335.35 1960.82
internal_count=58559 53484 41398
is_linear=0
shrinkage=0.0321881


Tree=258
num_leaves=4
num_cat=2
split_feature=41 42 4
split_gain=32.2789 38.8867 35.8386
threshold=0 1 1106.1352269710871
decision_type=9 9 2
left_child=1 2 -1
right_child=-2 -3 -4
leaf_value=0.00043718240903290638 -0.0058870565003045416 -0.01402271630279505 0.010670733745308263
leaf_weight=1079.8161201641487 650.43839038925944 125.65362016984727 538.15643573258421
leaf_count=24365 16695 1761 15940
internal_value=0.000149752 0.00245839 0.00385757
internal_weight=2394.06 1743.63 1617.97
internal_count=58761 42066 40305
cat_boundaries=0 1 2
cat_threshold=2586 262662
is_linear=0
shrinkage=0.0321881


Tree=259
num_leaves=4
num_cat=0
split_feature=33 22 14
split_gain=37.3289 56.155 56.5636
threshold=-0.46368607740685081 335.65917478444743 442.23644733330946
decision_type=2 2 10
left_child=-1 2 -2
right_child=1 -3 -4
leaf_value=-0.0035048557717133181 -0.0097381961401912971 0.015282758207801049 0.0067035556761178066
leaf_weight=1564.9698661966249 351.15916876011761 328.2510923568625 131.25669329951052
leaf_count=35703 15057 5684 2320
internal_value=-0.000577012 0.00499594 -0.00187565
internal_weight=2375.64 810.667 482.416
internal_count=58764 23061 17377
is_linear=0
shrinkage=0.0321881


Tree=260
num_leaves=4
num_cat=0
split_feature=14 10 4
split_gain=30.891 77.8376 72.1118
threshold=468.6115946924719 13168.412130736357 1034.9213703207058
decision_type=8 2 2
left_child=-1 -2 -3
right_child=1 2 -4
leaf_value=-0.0014797244443641455 0.00023985754126806518 0 0.054483505336730541
leaf_weight=1932.6612556200707 338.15286054869648 42.991184726823121 61.499116630991921
leaf_count=51707 5359 724 1002
internal_value=0.000249473 0.00794004 0.0321943
internal_weight=2375.3 442.643 104.49
internal_count=58792 7085 1726
is_linear=0
shrinkage=0.0321881


Tree=261
num_leaves=4
num_cat=2
split_feature=41 44 39
split_gain=31.5948 37.6713 61.7907
threshold=0 1 0.091303589551551087
decision_type=9 9 2
left_child=-1 -2 -3
right_child=1 2 -4
leaf_value=0.013360222896709732 0.0043879943283687281 -0.0081832660846629952 0.0078496378434277005
leaf_weight=166.77959278260823 868.18371083633974 1007.0147912530228 326.96461315348279
leaf_count=1837 9342 40617 6919
internal_value=0.000257044 -0.000764917 -0.00417381
internal_weight=2368.94 2202.16 1333.98
internal_count=58715 56878 47536
cat_boundaries=0 1 2
cat_threshold=514 86
is_linear=0
shrinkage=0.0321881


Tree=262
num_leaves=4
num_cat=0
split_feature=6 10 7
split_gain=30.0937 64.2453 53.5092
threshold=98.698595788476311 6103.3483409741557 18038.316442328625
decision_type=2 2 2
left_child=2 -2 -1
right_child=1 -3 -4
leaf_value=-0.00046219125229298103 -0.036088145117158535 0.02242195943193926 -0.030808980945198149
leaf_weight=2159.7427739743725 21.954008202475961 129.40174414857756 61.883131494745612
leaf_count=54614 355 2217 1420
internal_value=-0.00036657 0.0134718 -0.00133936
internal_weight=2372.98 151.356 2221.63
internal_count=58606 2572 56034
is_linear=0
shrinkage=0.0321881


Tree=263
num_leaves=4
num_cat=1
split_feature=44 14 10
split_gain=30.0354 32.7864 73.2717
threshold=0 611.93838648879171 13168.412130736357
decision_type=9 8 2
left_child=-1 -2 -3
right_child=1 2 -4
leaf_value=-0.022543165359782767 -0.00034902343976686459 0 0.051378873871505741
leaf_weight=49.538123779930174 2176.3475044083316 90.476184607017785 41.570948110427707
leaf_count=8670 47158 1854 882
internal_value=0 0.000565572 0.0161374
internal_weight=2357.93 2308.39 132.047
internal_count=58564 49894 2736
cat_boundaries=0 1
cat_threshold=1590528
is_linear=0
shrinkage=0.0321881


Tree=264
num_leaves=4
num_cat=2
split_feature=41 43 5
split_gain=30.9755 32.1439 63.8052
threshold=0 1 2.7584931222708415
decision_type=9 9 2
left_child=-1 2 -2
right_child=1 -3 -4
leaf_value=0.016856611874161345 0.018481278148340802 -0.0023395664240504007 -0.013989543493097615
leaf_weight=97.549735507695004 216.41044556349516 1967.7864183408383 85.8620074193459
leaf_count=1029 7019 47999 2596
internal_value=0 -0.000801774 0.00875411
internal_weight=2367.61 2270.06 302.272
internal_count=58643 57614 9615
cat_boundaries=0 1 2
cat_threshold=512 16
is_linear=0
shrinkage=0.0321881


Tree=265
num_leaves=4
num_cat=2
split_feature=41 13 42
split_gain=29.921 40.9709 40.8657
threshold=0 41.693086557700603 1
decision_type=9 10 9
left_child=-1 2 -2
right_child=1 -3 -4
leaf_value=-0.0061434120440187791 0.0042815756442878567 -0.027758388327142551 -0.014410602316306377
leaf_weight=642.85312466527103 1541.3181270514615 46.138120215502568 120.54140611679759
leaf_count=16628 32926 7191 1678
internal_value=-0.000257195 0.00194608 0.00282463
internal_weight=2350.85 1708 1661.86
internal_count=58423 41795 34604
cat_boundaries=0 1 2
cat_threshold=320 262662
is_linear=0
shrinkage=0.0321881


Tree=266
num_leaves=4
num_cat=1
split_feature=5 44 3
split_gain=34.1038 63.1807 66.9537
threshold=1.2419920508940103 0 271.4864907830239
decision_type=2 9 2
left_child=1 2 -1
right_child=-2 -3 -4
leaf_value=-0.00077936294681385933 0.0045452017413100286 -0.010528565967920598 0.026501818052163992
leaf_weight=572.6754584274604 1051.9169873771607 627.81703750076122 110.20954998175148
leaf_count=15723 25163 16585 1092
internal_value=0.000203691 -0.00323224 0.00348688
internal_weight=2362.62 1310.7 682.885
internal_count=58563 33400 16815
cat_boundaries=0 1
cat_threshold=401478
is_linear=0
shrinkage=0.0321881


Tree=267
num_leaves=4
num_cat=0
split_feature=36 36 21
split_gain=31.2985 91.8574 58.9876
threshold=0.81528568745293051 0.1129245970782277 99.388341718473583
decision_type=2 2 2
left_child=1 -1 -2
right_child=2 -3 -4
leaf_value=0.00331032502065024 -0.014605071969308471 0.056851577099376674 0.0009232118095794708
leaf_weight=346.25430922175292 296.9585175162938 36.955151570553426 1688.8732847580104
leaf_count=14783 10349 467 33215
internal_value=0.000229592 0.00867167 -0.00136826
internal_weight=2369.04 383.209 1985.83
internal_count=58814 15250 43564
is_linear=0
shrinkage=0.0321881


Tree=268
num_leaves=4
num_cat=1
split_feature=5 5 44
split_gain=31.004 74.2457 75.4665
threshold=1.2773089285681274 1.769967360756356 0
decision_type=2 2 9
left_child=-1 -2 -3
right_child=1 2 -4
leaf_value=-0.0030125857665407787 0.037724313402040299 0.022019810347974834 -0.0017990683210235643
leaf_weight=1327.6740561284823 64.935988620156422 154.45513459609356 822.5976799223572
leaf_count=34113 1154 3098 20377
internal_value=0.000220528 0.00440093 0.00211244
internal_weight=2369.66 1041.99 977.053
internal_count=58742 24629 23475
cat_boundaries=0 1
cat_threshold=4676
is_linear=0
shrinkage=0.0321881


Tree=269
num_leaves=4
num_cat=0
split_feature=33 32 22
split_gain=31.5557 85.2561 69.4907
threshold=-0.62312731716042757 -0.37941825886743025 869.11161440286025
decision_type=2 2 2
left_child=1 2 -1
right_child=-2 -3 -4
leaf_value=-0.01778080229902573 0.0045280923519077625 0.0029150259279735152 0.028959217708111877
leaf_weight=428.85098672570894 1024.4459362567286 866.62041384787881 34.516544823069125
leaf_count=9569 27326 21225 461
internal_value=0.000257943 -0.00298355 -0.0141487
internal_weight=2354.43 1329.99 463.368
internal_count=58581 31255 10030
is_linear=0
shrinkage=0.0321881


Tree=270
num_leaves=4
num_cat=1
split_feature=43 21 33
split_gain=30.6573 31.0291 47.0266
threshold=0 269.30773788945743 -0.58015110559636718
decision_type=9 2 2
left_child=1 2 -1
right_child=-2 -3 -4
leaf_value=-0.0062668987577463196 -0.01543578295706023 0.008088248595209702 0.0033883917430885973
leaf_weight=951.48373796819942 120.92292645064299 455.059192819288 839.52938855189132
leaf_count=18354 15996 6652 17714
internal_value=-0.000291974 0.00056273 -0.00131147
internal_weight=2367 2246.07 1791.01
internal_count=58716 42720 36068
cat_boundaries=0 1
cat_threshold=85
is_linear=0
shrinkage=0.0321881


Tree=271
num_leaves=4
num_cat=2
split_feature=44 32 41
split_gain=29.0489 29.143 46.9284
threshold=0 -0.86603499669064143 1
decision_type=9 2 9
left_child=-1 -2 -3
right_child=1 2 -4
leaf_value=-0.024631612733053754 0.006428878393216435 0.0019626730112098671 -0.0098315012914091914
leaf_weight=37.342377096123528 672.91213495930424 1169.1104191202321 484.40964196191635
leaf_count=8111 10951 27563 12114
internal_value=0.000229905 0.000761404 -0.00150249
internal_weight=2363.77 2326.43 1653.52
internal_count=58739 50628 39677
cat_boundaries=0 1 2
cat_threshold=1589504 2588
is_linear=0
shrinkage=0.0321881


Tree=272
num_leaves=4
num_cat=0
split_feature=10 5 5
split_gain=30.1587 32.2982 64.8681
threshold=3180.3733685128946 1.2773089285681274 1.7194199735572893
decision_type=2 2 2
left_child=-1 -2 -3
right_child=1 2 -4
leaf_value=-0.019847279075621244 -0.0026490403943074969 0.040952486220174097 0.0031004597559920431
leaf_weight=76.389743975596502 1287.6961910657992 49.624003978213295 943.70109839824727
leaf_count=2530 32626 886 22681
internal_value=0 0.000682424 0.00506487
internal_weight=2357.41 2281.02 993.325
internal_count=58723 56193 23567
is_linear=0
shrinkage=0.0321881


Tree=273
num_leaves=4
num_cat=0
split_feature=0 3 5
split_gain=31.2563 36.1093 44.3453
threshold=60.161428421478355 90.714189783129811 3.2530132664856355
decision_type=2 2 2
left_child=-1 2 -2
right_child=1 -3 -4
leaf_value=-0.013104309973612331 -0.019093353574942094 0.0024959378983071562 0.014211230011166981
leaf_weight=173.92437295528362 172.791996173386 1956.9660633234307 52.06058257247787
leaf_count=19464 2692 36001 616
internal_value=0 0.00106531 -0.0110925
internal_weight=2355.74 2181.82 224.853
internal_count=58773 39309 3308
is_linear=0
shrinkage=0.0321881


Tree=274
num_leaves=4
num_cat=1
split_feature=13 44 5
split_gain=34.8799 38.0525 48.5807
threshold=36.559510333073597 0 4.3228404893762571
decision_type=10 9 2
left_child=-1 -2 -3
right_child=1 2 -4
leaf_value=0.0016895271907841792 0.012134728330430838 -0.016684432704340019 0.014994091165496945
leaf_weight=1864.159937185701 72.626923440257087 349.21260575088672 56.271798948582727
leaf_count=36317 1177 20026 858
internal_value=-0.000271722 -0.00804885 -0.0118334
internal_weight=2342.27 478.111 405.484
internal_count=58378 22061 20884
cat_boundaries=0 1
cat_threshold=580
is_linear=0
shrinkage=0.0321881


Tree=275
num_leaves=4
num_cat=1
split_feature=25 43 5
split_gain=28.6256 30.5143 59.6384
threshold=27.435378613304703 0 2.7584931222708415
decision_type=2 9 2
left_child=1 2 -1
right_child=-2 -3 -4
leaf_value=0.018728375953908701 -0.030856870358834894 -0.0011408535454096322 -0.011790842206780188
leaf_weight=225.76005804835586 30.670782999775838 1993.5401344055426 91.038486801844556
leaf_count=6678 5028 44286 2487
internal_value=-6.28226e-05 0.000321539 0.00945662
internal_weight=2341.01 2310.34 316.799
internal_count=58479 53451 9165
cat_boundaries=0 1
cat_threshold=16
is_linear=0
shrinkage=0.0321881


Tree=276
num_leaves=4
num_cat=0
split_feature=31 7 22
split_gain=29.1955 31.0017 27.8914
threshold=-0.9637449377417574 27470.741187523894 869.11161440286025
decision_type=2 2 2
left_child=-1 2 -2
right_child=1 -3 -4
leaf_value=-0.0092651766229480317 0.0011882558145242712 -0.025329502517203579 0.02790981650914897
leaf_weight=322.28656155479257 1939.8660311312997 44.23426497617038 41.425499505014159
leaf_count=13706 43414 949 544
internal_value=-0.000248226 0.00115596 0.00178237
internal_weight=2347.81 2025.53 1981.29
internal_count=58613 44907 43958
is_linear=0
shrinkage=0.0321881


Tree=277
num_leaves=4
num_cat=0
split_feature=25 36 36
split_gain=27.3013 32.0769 82.567
threshold=27.435378613304703 0.81528568745293051 0.1129245970782277
decision_type=2 2 2
left_child=1 2 -1
right_child=-2 -3 -4
leaf_value=0.003816500998698315 -0.03072343992228135 -0.0012271940351025435 0.055427163500279389
leaf_weight=318.51879651885247 29.445841644570464 1982.8853747458197 36.030378898838535
leaf_count=11381 5054 41944 454
internal_value=-2.33249e-05 0.000339249 0.00927438
internal_weight=2366.88 2337.43 354.549
internal_count=58833 53779 11835
is_linear=0
shrinkage=0.0321881


Tree=278
num_leaves=4
num_cat=0
split_feature=10 5 5
split_gain=29.0963 28.688 58.417
threshold=3304.4793094797574 1.2773089285681274 1.7194199735572893
decision_type=2 2 2
left_child=-1 -2 -3
right_child=1 2 -4
leaf_value=-0.018305586699469124 -0.0023259563868250352 0.03845711070765185 0.003073009003668302
leaf_weight=84.882477276172722 1261.7366601765971 51.286332953022793 940.66870602458948
leaf_count=2798 32280 898 22524
internal_value=0.000134982 0.000859634 0.00497539
internal_weight=2338.57 2253.69 991.955
internal_count=58500 55702 23422
is_linear=0
shrinkage=0.0321881


Tree=279
num_leaves=4
num_cat=0
split_feature=10 10 21
split_gain=28.018 26.3295 101.362
threshold=3026.2766113168218 11631.531159539465 35.643922902001144
decision_type=2 2 2
left_child=-1 2 -2
right_child=1 -3 -4
leaf_value=-0.020196049663343422 -0.024530539991638015 -0.0043313113657189369 0.0055255896822393952
leaf_weight=69.768049208767479 126.17627723308397 771.63871105216094 1383.7457329296158
leaf_count=2344 8546 20967 26756
internal_value=-0.000116695 0.000471433 0.00296832
internal_weight=2351.33 2281.56 1509.92
internal_count=58613 56269 35302
is_linear=0
shrinkage=0.0321881


Tree=280
num_leaves=4
num_cat=0
split_feature=32 32 21
split_gain=31.9637 54.2773 54.446
threshold=-0.79515944402251371 -0.31922987612259174 42.945581233142128
decision_type=2 2 2
left_child=-1 -2 -3
right_child=1 2 -4
leaf_value=0.0048465741995648076 -0.010583005782149317 -0.019099248065813798 0.0049040771002607526
leaf_weight=841.60208208663971 592.20230905199423 110.82719436311163 796.84966408961918
leaf_count=15848 14255 9810 18680
internal_value=-0.000144478 -0.00298781 0.0018989
internal_weight=2341.48 1499.88 907.677
internal_count=58593 42745 28490
is_linear=0
shrinkage=0.0321881


Tree=281
num_leaves=4
num_cat=0
split_feature=5 10 4
split_gain=33.6503 96 66.5227
threshold=4.1942671462961121 6770.6216642303216 891.50528595396827
decision_type=2 2 2
left_child=-1 -2 -3
right_child=1 2 -4
leaf_value=-0.00096990985387251591 -0.035930981155689747 0.027504157074496362 -0.026109655042902725
leaf_weight=2111.0791636571812 36.142800216708565 180.14462517021457 26.261161806818563
leaf_count=55222 568 2192 728
internal_value=0.000307307 0.0116763 0.0203525
internal_weight=2353.63 242.549 206.406
internal_count=58710 3488 2920
is_linear=0
shrinkage=0.0321881


Tree=282
num_leaves=4
num_cat=1
split_feature=3 44 17
split_gain=30.4667 29.0172 36.487
threshold=68.27278026214195 0 2.0151646812640869
decision_type=2 9 10
left_child=-1 2 -2
right_child=1 -3 -4
leaf_value=-0.018266514903366574 0.053656207119079716 0.001595091763869 -0.030568187694522981
leaf_weight=88.840930591453798 5.1731273239129214 2190.9611861593439 56.34093093383126
leaf_count=1401 489 45317 11435
internal_value=0.000162746 0.000919742 -0.0191705
internal_weight=2341.32 2252.48 61.5141
internal_count=58642 57241 11924
cat_boundaries=0 1
cat_threshold=1721600
is_linear=0
shrinkage=0.0321881


Tree=283
num_leaves=4
num_cat=0
split_feature=25 36 32
split_gain=27.4669 30.5918 81.3079
threshold=27.435378613304703 0.81528568745293051 0.6501138046737488
decision_type=2 2 2
left_child=1 2 -1
right_child=-2 -3 -4
leaf_value=0.019109117131813302 -0.030609615474037066 -0.00056152642423040419 -0.015384027645950961
leaf_weight=259.85754411522066 28.560033373243641 1964.0750010421616 95.123228552518412
leaf_count=6458 5093 41860 5391
internal_value=0.00056545 0.000979934 0.00968268
internal_weight=2347.62 2319.06 354.981
internal_count=58802 53709 11849
is_linear=0
shrinkage=0.0321881


Tree=284
num_leaves=4
num_cat=2
split_feature=41 13 43
split_gain=26.5203 29.7926 35.846
threshold=0 39.766122438556721 1
decision_type=9 10 9
left_child=-1 2 -2
right_child=1 -3 -4
leaf_value=0.010428001438168046 0.010987697450563674 -0.015372203278971914 -0.0018398877765700618
leaf_weight=213.88504184625344 248.6885872464627 143.44429855706403 1741.1392771827523
leaf_count=2456 5603 13667 36835
internal_value=-7.88959e-05 -0.00120645 -0.000157606
internal_weight=2347.16 2133.27 1989.83
internal_count=58561 56105 42438
cat_boundaries=0 1 2
cat_threshold=530 16
is_linear=0
shrinkage=0.0321881


Tree=285
num_leaves=4
num_cat=1
split_feature=7 5 43
split_gain=27.9145 30.0111 28.0764
threshold=27470.741187523894 5.7325148638003229 0
decision_type=2 2 9
left_child=1 2 -1
right_child=-2 -3 -4
leaf_value=0.00080176312474635586 -0.024569795395336231 0.030117967664522117 -0.015287116467001691
leaf_weight=2137.9857284989848 47.02358006691793 34.482488325447775 108.33016245867475
leaf_count=41050 1110 748 15687
internal_value=-6.0992e-05 0.000418887 -1.17916e-05
internal_weight=2327.82 2280.8 2246.32
internal_count=58595 57485 56737
cat_boundaries=0 1
cat_threshold=85
is_linear=0
shrinkage=0.0321881


Tree=286
num_leaves=4
num_cat=0
split_feature=25 36 32
split_gain=24.9683 25.684 58.3481
threshold=27.435378613304703 0.90366035237626263 0.6501138046737488
decision_type=2 2 2
left_child=1 2 -1
right_child=-2 -3 -4
leaf_value=0.015114297952453342 -0.03046633124287873 -0.0010688527783190005 -0.014010898526627383
leaf_weight=294.10606940207072 27.184603963600239 1917.6514848084771 91.720824858173728
leaf_count=7173 5020 41086 5326
internal_value=3.60041e-05 0.000426724 0.00802117
internal_weight=2330.66 2303.48 385.827
internal_count=58605 53585 12499
is_linear=0
shrinkage=0.0321881


Tree=287
num_leaves=4
num_cat=0
split_feature=33 32 22
split_gain=27.3861 50.8719 61.1691
threshold=-0.46368607740685081 -0.31922987612259174 869.11161440286025
decision_type=2 2 2
left_child=1 2 -1
right_child=-2 -3 -4
leaf_value=-0.010931308523024154 0.0051311610507518892 0.003303522339462862 0.028119479535633773
leaf_weight=671.06387858305243 809.23108131749905 803.78427342971554 43.270359160844237
leaf_count=14537 22967 20435 588
internal_value=0.00032588 -0.00219402 -0.00846816
internal_weight=2327.35 1518.12 714.334
internal_count=58527 35560 15125
is_linear=0
shrinkage=0.0321881


Tree=288
num_leaves=4
num_cat=0
split_feature=21 33 32
split_gain=27.8634 43.9259 66.5578
threshold=276.66175448917505 -0.58015110559636718 -0.12051740134037452
decision_type=2 2 2
left_child=1 2 -1
right_child=-2 -3 -4
leaf_value=-0.014065783553640821 0.0073930207323178983 0.0028870557599582902 0.0023873670018802421
leaf_weight=533.64402273093583 437.48342849162873 878.36781528164283 476.40208905670443
leaf_count=12312 8845 24312 13191
internal_value=4.93644e-05 -0.00161891 -0.00624364
internal_weight=2325.9 1888.41 1010.05
internal_count=58660 49815 25503
is_linear=0
shrinkage=0.0321881


Tree=289
num_leaves=4
num_cat=0
split_feature=14 17 15
split_gain=26.4107 49.322 37.9838
threshold=611.93838648879171 5.8923379606931698 1.0112573418165991
decision_type=10 10 10
left_child=1 -1 -2
right_child=2 -3 -4
leaf_value=0.00063377343796020859 -0.0050082666030013146 -0.021594897433697295 0.031673680190225054
leaf_weight=2117.0339103807637 48.260553087340668 108.37010881173774 64.900007163640112
leaf_count=42320 849 14386 975
internal_value=0.000321984 -0.000422258 0.0154902
internal_weight=2338.56 2225.4 113.161
internal_count=58530 56706 1824
is_linear=0
shrinkage=0.0321881


Tree=290
num_leaves=4
num_cat=1
split_feature=44 3 5
split_gain=26.485 32.721 32.3045
threshold=0 90.714189783129811 3.2530132664856355
decision_type=9 2 2
left_child=-1 2 -2
right_child=1 -3 -4
leaf_value=-0.02001165390601968 -0.017983828535213218 0.0021421209535055254 0.01059227511312852
leaf_weight=54.485987901396584 166.25814963242738 2055.9155015079596 51.191151659935713
leaf_count=8805 2643 46470 594
internal_value=0.000256065 0.000856125 -0.0109597
internal_weight=2327.85 2273.36 217.449
internal_count=58512 49707 3237
cat_boundaries=0 1
cat_threshold=1590544
is_linear=0
shrinkage=0.0321881


Tree=291
num_leaves=4
num_cat=0
split_feature=31 3 5
split_gain=30.6139 31.0024 46.9284
threshold=-0.95749356499835991 88.755895321842729 3.2530132664856355
decision_type=2 2 2
left_child=-1 2 -2
right_child=1 -3 -4
leaf_value=-0.0089541092482735736 -0.019523281842482972 0.0028880397828123941 0.015098132494511899
leaf_weight=340.02163280098466 152.40463337296387 1781.4938259045884 53.012825271696784
leaf_count=14749 2619 40582 647
internal_value=-5.75911e-06 0.00149441 -0.0102716
internal_weight=2326.93 1986.91 205.417
internal_count=58597 43848 3266
is_linear=0
shrinkage=0.0321881


Tree=292
num_leaves=4
num_cat=0
split_feature=23 6 32
split_gain=27.6041 26.1914 26.7852
threshold=1.2915340002434099 98.698595788476311 -0.30370577225556472
decision_type=2 2 2
left_child=-1 2 -2
right_child=1 -3 -4
leaf_value=-0.0084271857670916751 -0.0026729433395341834 0.015642877002308441 0.0052740392992978299
leaf_weight=349.717095576867 1129.0597583746712 124.93440394557547 716.94340754990117
leaf_count=14197 23110 1941 19533
internal_value=-7.04483e-05 0.00138087 0.000379256
internal_weight=2320.65 1970.94 1846
internal_count=58781 44584 42643
is_linear=0
shrinkage=0.0321881


Tree=293
num_leaves=4
num_cat=0
split_feature=23 5 5
split_gain=28.8158 29.2711 36.5464
threshold=2.004976192876843 1.2297684902881871 1.769967360756356
decision_type=2 2 2
left_child=-1 -2 -3
right_child=1 2 -4
leaf_value=-0.0078649612061256671 -0.0020148703874015802 0.026601527795089626 0.0037283313916038055
leaf_weight=407.1879924753448 1048.7018855215283 81.227867972746026 787.3947243829607
leaf_count=16512 23936 1440 16701
internal_value=-6.4748e-05 0.00155936 0.00594726
internal_weight=2324.51 1917.32 868.623
internal_count=58589 42077 18141
is_linear=0
shrinkage=0.0321881


Tree=294
num_leaves=4
num_cat=2
split_feature=8 43 44
split_gain=25.9388 32.6748 32.2665
threshold=436.44219875717505 0 1
decision_type=2 9 9
left_child=2 -2 -1
right_child=1 -3 -4
leaf_value=0.004389434960435968 0.020441104980432341 0.001072466184628786 -0.0079122767836117009
leaf_weight=304.04409156693146 88.552896538807545 1222.4389056235086 720.22008577760425
leaf_count=3331 1624 20769 33042
internal_value=-0.000371487 0.00259685 -0.00423266
internal_weight=2335.26 1310.99 1024.26
internal_count=58766 22393 36373
cat_boundaries=0 1 2
cat_threshold=16 70
is_linear=0
shrinkage=0.0321881


Tree=295
num_leaves=4
num_cat=0
split_feature=10 24 15
split_gain=30.4158 25.5274 40.7765
threshold=3026.2766113168218 322.14705216959044 1.244328774003888
decision_type=2 2 10
left_child=-1 2 -2
right_child=1 -3 -4
leaf_value=-0.021231315889931466 0.0010400015000649838 0.016845008608864315 -0.016852462284572548
leaf_weight=67.888612554670544 2030.1081635428709 95.740750286728144 140.85339698026655
leaf_count=2336 35844 1352 19200
internal_value=-1.37547e-05 0.000595776 -9.32502e-05
internal_weight=2334.59 2266.7 2170.96
internal_count=58732 56396 55044
is_linear=0
shrinkage=0.0321881


Tree=296
num_leaves=4
num_cat=0
split_feature=22 14 12
split_gain=27.7605 29.6547 49.1717
threshold=869.11161440286025 468.6115946924719 40.194032946258453
decision_type=2 10 10
left_child=1 2 -1
right_child=-2 -3 -4
leaf_value=-0.0013773048726886037 0.023873954902850759 0.0070885830048656815 -0.027746625593647545
leaf_weight=1787.3341955057113 48.129083435051143 405.41296690230956 76.658286461955868
leaf_count=47485 689 5687 4724
internal_value=-0.000216479 -0.000757886 -0.00249932
internal_weight=2317.53 2269.41 1863.99
internal_count=58585 57896 52209
is_linear=0
shrinkage=0.0321881


Tree=297
num_leaves=4
num_cat=0
split_feature=14 10 23
split_gain=28.9518 68.4974 52.5995
threshold=468.6115946924719 13370.436961261381 16.592680516554996
decision_type=8 2 2
left_child=2 -2 -1
right_child=1 -3 -4
leaf_value=-0.0081515151105980323 0.00055717651566704047 0.031484189234086905 0.002765833817635632
leaf_weight=759.8008085929323 334.39970750693465 96.797076260554604 1136.8026101689902
leaf_count=28178 5362 1616 23408
internal_value=0.000109357 0.00766093 -0.00157467
internal_weight=2327.8 431.197 1896.6
internal_count=58564 6978 51586
is_linear=0
shrinkage=0.0321881


Tree=298
num_leaves=4
num_cat=2
split_feature=16 41 44
split_gain=28.1754 33.9437 49.0301
threshold=67.08822237831663 0 1
decision_type=8 9 9
left_child=-1 2 -2
right_child=1 -3 -4
leaf_value=-0.010111651198216767 0.018799449635642024 -0.0012363256113993566 0.00011948773581425716
leaf_weight=245.42793888351298 240.03547401702963 1461.5513994246721 375.31983660275
leaf_count=17672 3466 26220 11177
internal_value=0.000165193 0.00141129 0.0076963
internal_weight=2322.33 2076.91 615.355
internal_count=58535 40863 14643
cat_boundaries=0 1 2
cat_threshold=538 135750
is_linear=0
shrinkage=0.0321881


Tree=299
num_leaves=4
num_cat=0
split_feature=10 5 4
split_gain=25.2715 26.013 44.5162
threshold=3180.3733685128946 1.1465575440037981 1131.1501948813109
decision_type=2 2 2
left_child=-1 2 -2
right_child=1 -3 -4
leaf_value=-0.018689955383792544 -0.0083950995915019408 0.0039614411484974648 0.0045601631410038613
leaf_weight=73.285752404015511 655.55898395433906 1126.3224842040509 466.13839260418899
leaf_count=2574 17036 27037 11912
internal_value=-9.75078e-05 0.000482184 -0.00295475
internal_weight=2321.31 2248.02 1121.7
internal_count=58559 55985 28948
is_linear=0
shrinkage=0.0321881


Tree=300
num_leaves=4
num_cat=2
split_feature=7 41 43
split_gain=27.3869 26.2679 26.952
threshold=25533.865995892553 0 1
decision_type=2 9 9
left_child=1 -1 -3
right_child=-2 2 -4
leaf_value=0.01321248838217059 -0.020357970025112946 0.0089936873038049311 -0.0015212210551490443
leaf_weight=156.58132967638085 64.131224202254089 282.94422069590655 1809.9802630211634
leaf_count=1769 1376 9513 45901
internal_value=0.000301578 0.000920955 -3.25602e-05
internal_weight=2313.64 2249.51 2092.92
internal_count=58559 57183 55414
cat_boundaries=0 1 2
cat_threshold=514 16
is_linear=0
shrinkage=0.0321881


Tree=301
num_leaves=4
num_cat=0
split_feature=33 32 22
split_gain=26.7027 58.9718 59.6333
threshold=-0.5467571179949493 -0.37941825886743025 869.11161440286025
decision_type=2 2 2
left_child=1 2 -1
right_child=-2 -3 -4
leaf_value=-0.014477204250900521 0.0040580596650751852 0.0021524491616649313 0.024793219505681491
leaf_weight=503.61678235558793 908.14644711688743 864.95907537662424 42.204528624541126
leaf_count=11415 24958 21596 571
internal_value=-0.000216668 -0.00301375 -0.0113146
internal_weight=2318.93 1410.78 545.821
internal_count=58540 33582 11986
is_linear=0
shrinkage=0.0321881


Tree=302
num_leaves=4
num_cat=2
split_feature=41 13 43
split_gain=24.919 29.0603 31.7573
threshold=0 39.592820747490698 1
decision_type=9 10 9
left_child=-1 2 -2
right_child=1 -3 -4
leaf_value=0.010225760817296571 0.010555844869355248 -0.014652700711401356 -0.001623492712861347
leaf_weight=212.20825565647101 244.52066353126429 151.96567265407066 1703.4761800373089
leaf_count=2467 5535 14258 36398
internal_value=0 -0.00110094 -1.50523e-05
internal_weight=2312.17 2099.96 1948
internal_count=58658 56191 41933
cat_boundaries=0 1 2
cat_threshold=530 16
is_linear=0
shrinkage=0.0321881


Tree=303
num_leaves=4
num_cat=2
split_feature=44 10 42
split_gain=25.0948 113.374 34.0637
threshold=0 6770.6216642303216 1
decision_type=9 2 9
left_child=1 -1 -2
right_child=2 -3 -4
leaf_value=0.053105985958800214 -0.015093478473795508 -0.014940485710539972 4.897789239564802e-06
leaf_weight=46.36406469438225 156.51715937780682 53.376671364996582 2056.9318900531798
leaf_count=389 2402 496 55401
internal_value=-0.000332538 0.0146401 -0.00109866
internal_weight=2313.19 99.7407 2213.45
internal_count=58688 885 57803
cat_boundaries=0 1 2
cat_threshold=68 17440
is_linear=0
shrinkage=0.0321881


Tree=304
num_leaves=4
num_cat=1
split_feature=44 3 5
split_gain=26.4796 30.6755 30.3702
threshold=0 88.755895321842729 3.2530132664856355
decision_type=9 2 2
left_child=-1 2 -2
right_child=1 -3 -4
leaf_value=-0.022641845091490639 -0.019366288550670012 0.0014390860801616824 0.0086881532114935732
leaf_weight=43.254845236515393 146.99149005761137 2076.6160772505391 51.141933776787482
leaf_count=8576 2488 46893 598
internal_value=-0.000243103 0.000255533 -0.0118021
internal_weight=2318 2274.75 198.133
internal_count=58555 49979 3086
cat_boundaries=0 1
cat_threshold=1590528
is_linear=0
shrinkage=0.0321881


Tree=305
num_leaves=4
num_cat=0
split_feature=2 38 38
split_gain=24.4119 77.6133 71.9835
threshold=24.304078063938977 0.10213342004371834 0.9397638200510483
decision_type=2 2 2
left_child=1 -1 -3
right_child=-2 2 -4
leaf_value=-0.01178731463594746 0.001712602429872213 0.071670402904412622 0.0044581079124473306
leaf_weight=458.81515734849381 1748.8384324443759 21.127822182141244 84.063390109397005
leaf_count=32819 22465 342 2967
internal_value=-0.000137219 -0.00598423 0.0186927
internal_weight=2312.84 564.006 105.191
internal_count=58593 36128 3309
is_linear=0
shrinkage=0.0321881


Tree=306
num_leaves=4
num_cat=1
split_feature=44 10 32
split_gain=25.3303 89.669 38.6406
threshold=0 6770.6216642303216 0.69414579585900704
decision_type=9 2 2
left_child=1 -1 -2
right_child=2 -3 -4
leaf_value=0.049923933959461271 7.2036742111770689e-05 -0.010589023973711207 -0.022856536962338456
leaf_weight=45.698377080261707 2120.6630976757151 53.66205945238471 78.559856820240384
leaf_count=383 52233 496 5449
internal_value=4.61184e-06 0.0151358 -0.000717165
internal_weight=2298.58 99.3604 2199.22
internal_count=58561 879 57682
cat_boundaries=0 1
cat_threshold=68
is_linear=0
shrinkage=0.0321881


Tree=307
num_leaves=4
num_cat=0
split_feature=23 4 10
split_gain=24.884 29.5247 55.572
threshold=5.088280939593794 1437.8287208841259 8608.0252863374499
decision_type=2 2 2
left_child=-1 -2 -3
right_child=1 2 -4
leaf_value=-0.005342199816143132 0.00016344700889708128 -0.0014969952055998283 0.019695526865045838
leaf_weight=582.19548629765632 1368.3939826138376 106.93495547532802 244.29174177441746
leaf_count=22477 28134 2446 5570
internal_value=0.000375066 0.00234821 0.0106731
internal_weight=2301.82 1719.62 351.227
internal_count=58627 36150 8016
is_linear=0
shrinkage=0.0321881


Tree=308
num_leaves=4
num_cat=0
split_feature=10 21 16
split_gain=23.5127 92.198 76.188
threshold=12150.169173648545 46.382217080260439 215.31201735314903
decision_type=2 2 8
left_child=1 -1 -2
right_child=2 -3 -4
leaf_value=-0.020798104115928001 -0.0088857909501330844 0.0042320074359139944 0.032844199971858987
leaf_weight=169.08009385710466 589.02673862676602 1498.6688688157592 48.390137011301704
leaf_count=10910 16653 30108 1167
internal_value=-0.000326778 0.00165362 -0.0056069
internal_weight=2305.17 1667.75 637.417
internal_count=58838 41018 17820
is_linear=0
shrinkage=0.0321881


Tree=309
num_leaves=4
num_cat=1
split_feature=33 44 10
split_gain=26.3605 43.8808 43.4588
threshold=-0.48191312120499902 0 17056.303143072404
decision_type=2 9 2
left_child=-1 -2 -3
right_child=1 2 -4
leaf_value=-0.0028830080415990938 0.029848677647202643 0.00092319391238504848 0.06097860755933323
leaf_weight=1486.6368626169278 54.387152038980275 756.39172530622454 12.528689764672889
leaf_count=35238 495 22572 387
internal_value=-0.000298547 0.00429033 0.00197732
internal_weight=2309.94 823.308 768.92
internal_count=58692 23454 22959
cat_boundaries=0 1
cat_threshold=68
is_linear=0
shrinkage=0.0321881


Tree=310
num_leaves=4
num_cat=1
split_feature=13 44 10
split_gain=25.7346 44.7295 51.7494
threshold=36.559510333073597 0 8958.9398229122107
decision_type=10 9 2
left_child=-1 2 -2
right_child=1 -3 -4
leaf_value=0.0017809518095631197 0.039943066419177782 -0.010976699957937527 -0.013974572107654289
leaf_weight=1850.4251196628902 42.986637758323923 392.27302849877742 29.746845953632146
leaf_count=36560 585 21005 589
internal_value=5.24632e-05 -0.0066863 0.0149906
internal_weight=2315.43 465.007 72.7335
internal_count=58739 22179 1174
cat_boundaries=0 1
cat_threshold=580
is_linear=0
shrinkage=0.0321881


Tree=311
num_leaves=4
num_cat=1
split_feature=14 44 10
split_gain=27.7493 56.423 54.514
threshold=468.6115946924719 0 13370.436961261381
decision_type=8 9 2
left_child=-1 2 -2
right_child=1 -3 -4
leaf_value=-0.0012037626364001699 0.0056257541701029007 -0.021602050046985871 0.035302568554840694
leaf_weight=1876.076539247937 295.1397673105821 49.284263109962922 84.681348417070694
leaf_count=51542 4398 1241 1360
internal_value=0.000456074 0.007858 0.0121091
internal_weight=2305.18 429.105 379.821
internal_count=58541 6999 5758
cat_boundaries=0 1
cat_threshold=393223
is_linear=0
shrinkage=0.0321881


Tree=312
num_leaves=4
num_cat=0
split_feature=0 16 3
split_gain=25.2946 33.9783 24.4372
threshold=60.161428421478355 88.386462462861473 88.755895321842729
decision_type=2 8 2
left_child=1 -1 -2
right_child=2 -3 -4
leaf_value=-0.021817596030958702 -0.010156020895107996 0.010244780786301758 0.0017929059835407131
leaf_weight=116.90683337993687 194.07027403105167 45.14773246232653 1951.1585905956163
leaf_count=15786 3065 3557 36217
internal_value=-0.000217491 -0.0124908 0.000681245
internal_weight=2307.28 162.055 2145.23
internal_count=58625 19343 39282
is_linear=0
shrinkage=0.0321881


Tree=313
num_leaves=4
num_cat=0
split_feature=25 36 36
split_gain=22.7762 26.1826 66.9839
threshold=27.435378613304703 0.81528568745293051 0.1129245970782277
decision_type=2 2 2
left_child=1 2 -1
right_child=-2 -3 -4
leaf_value=0.0035522127129351882 -0.030247247624487855 -0.0011325371906254678 0.051220843729299463
leaf_weight=312.92686230642721 25.320830902113812 1922.0262703754706 34.191513441503048
leaf_count=11382 5021 41565 442
internal_value=-4.58183e-06 0.000307945 0.00846273
internal_weight=2294.47 2269.14 347.118
internal_count=58410 53389 11824
is_linear=0
shrinkage=0.0321881


Tree=314
num_leaves=4
num_cat=0
split_feature=5 7 4
split_gain=26.1263 37.0692 29.8826
threshold=5.9282675873714767 23019.147265529198 1333.5481715946053
decision_type=2 2 2
left_child=1 2 -1
right_child=-2 -3 -4
leaf_value=-0.0019527539538346393 0.027495598287191062 -0.025588128335635701 0.006812363366651651
leaf_weight=1695.786204516422 34.704302730679046 59.414640515984502 528.02331674007291
leaf_count=41977 699 1381 14591
internal_value=-9.28163e-05 -0.000542855 0.000100309
internal_weight=2317.93 2283.22 2223.81
internal_count=58648 57949 56568
is_linear=0
shrinkage=0.0321881


Tree=315
num_leaves=4
num_cat=0
split_feature=0 23 16
split_gain=26.5463 47.2979 30.8876
threshold=82.826406553006308 113.87158353349028 105.26779407920834
decision_type=2 2 8
left_child=1 2 -1
right_child=-2 -3 -4
leaf_value=-0.020145507869724199 0.0014404172347679573 0.051791860156834998 0.010971145640854824
leaf_weight=168.99418713417253 2078.3969151056663 11.358095119707285 38.05337387797772
leaf_count=21314 34964 139 2365
internal_value=0.000291316 -0.0103422 -0.0141133
internal_weight=2296.8 218.406 207.048
internal_count=58782 23818 23679
is_linear=0
shrinkage=0.0321881


Tree=316
num_leaves=4
num_cat=2
split_feature=41 42 13
split_gain=26.436 42.4869 29.3802
threshold=0 1 41.693086557700603
decision_type=9 9 10
left_child=-1 2 -2
right_child=1 -3 -4
leaf_value=-0.005492980079180307 0.0044580286783953314 -0.015545858123010422 -0.02351655299311645
leaf_weight=620.29776653161389 1527.9795348061016 117.80410291219596 39.040467168815667
leaf_count=16741 33162 1783 7082
internal_value=0.000105866 0.00222486 0.00369342
internal_weight=2305.12 1684.82 1567.02
internal_count=58768 42027 40244
cat_boundaries=0 1 2
cat_threshold=320 262662
is_linear=0
shrinkage=0.0321881


Tree=317
num_leaves=4
num_cat=1
split_feature=0 23 41
split_gain=26.1523 35.9048 26.7512
threshold=54.444821743201487 113.87158353349028 0
decision_type=2 2 9
left_child=1 -1 -2
right_child=2 -3 -4
leaf_value=-0.016972339801113418 0.0066638385262879039 0.048187994485648422 -0.0011278548748864803
leaf_weight=141.23459193301096 637.56536276207771 8.6745963208377344 1513.0173670020886
leaf_count=17996 13964 103 26605
internal_value=0.000244911 -0.0127075 0.00117869
internal_weight=2300.49 149.909 2150.58
internal_count=58668 18099 40569
cat_boundaries=0 1
cat_threshold=538
is_linear=0
shrinkage=0.0321881


Tree=318
num_leaves=4
num_cat=1
split_feature=16 41 2
split_gain=25.7638 30.6257 29.1236
threshold=67.08822237831663 0 28.980064172503742
decision_type=8 9 2
left_child=2 -2 -1
right_child=1 -3 -4
leaf_value=-0.023963644623869584 0.01421311336850482 7.0767958884884968e-05 -0.00036467888671286314
leaf_weight=92.730663625799934 164.0765871903277 1885.1046899630455 143.52232578559779
leaf_count=16088 1693 38998 1792
internal_value=0.000117123 0.00130542 -0.00991147
internal_weight=2285.43 2049.18 236.253
internal_count=58571 40691 17880
cat_boundaries=0 1
cat_threshold=530
is_linear=0
shrinkage=0.0321881


Tree=319
num_leaves=4
num_cat=0
split_feature=14 12 21
split_gain=23.2251 48.185 46.8571
threshold=468.6115946924719 40.634948901711276 120.27819242651525
decision_type=10 10 2
left_child=1 2 -1
right_child=-2 -3 -4
leaf_value=-0.0087988454576286273 0.0072079976388332639 -0.029929745133008948 0.002774913098202607
leaf_weight=498.96248691651272 399.22759960981784 58.957354879035847 1317.6566085892846
leaf_count=21813 5611 4075 26738
internal_value=0.000135662 -0.00133649 -0.000369674
internal_weight=2274.8 1875.58 1816.62
internal_count=58237 52626 48551
is_linear=0
shrinkage=0.0321881


Tree=320
num_leaves=4
num_cat=0
split_feature=10 10 21
split_gain=24.6521 24.9216 90.7324
threshold=3026.2766113168218 12150.169173648545 39.305638124534013
decision_type=2 2 2
left_child=-1 2 -2
right_child=1 -3 -4
leaf_value=-0.018870571866271522 -0.02216703449711746 -0.004413444838048672 0.0054856324026384094
leaf_weight=66.47883098461898 133.3617406613921 629.27630535850767 1462.0363687506178
leaf_count=2376 9527 17925 28963
internal_value=0.000362941 0.000968262 0.00313124
internal_weight=2291.15 2224.67 1595.4
internal_count=58791 56415 38490
is_linear=0
shrinkage=0.0321881


Tree=321
num_leaves=4
num_cat=1
split_feature=7 44 22
split_gain=23.9081 22.7582 24.7693
threshold=27470.741187523894 0 489.82959533439839
decision_type=2 9 2
left_child=1 -1 -3
right_child=-2 2 -4
leaf_value=-0.023100784760453477 -0.022306775649429032 -0.00063681581533356238 0.0076358523137429754
leaf_weight=30.628948784520617 47.76500283984933 1741.3214487450605 474.27006010484183
leaf_count=8131 1143 40782 8629
internal_value=0.000134394 0.000642252 0.00110095
internal_weight=2293.99 2246.22 2215.59
internal_count=58685 57542 49411
cat_boundaries=0 1
cat_threshold=1589504
is_linear=0
shrinkage=0.0321881


Tree=322
num_leaves=4
num_cat=0
split_feature=36 36 20
split_gain=24.7179 71.0399 46.7353
threshold=0.81528568745293051 0.1129245970782277 58.886931564238147
decision_type=2 2 2
left_child=1 -1 -2
right_child=2 -3 -4
leaf_value=0.0023144378565905029 -0.0099726816914884418 0.052140388015669142 0.0010576817402176101
leaf_weight=321.8881618607702 555.63295131930499 32.86040930787567 1374.0470897144987
leaf_count=14662 16656 458 26609
internal_value=-0.000624875 0.00714097 -0.00208624
internal_weight=2284.43 354.749 1929.68
internal_count=58385 15120 43265
is_linear=0
shrinkage=0.0321881


Tree=323
num_leaves=4
num_cat=0
split_feature=32 32 21
split_gain=25.6377 51.2774 50.6643
threshold=-0.74485116957580033 -0.35186948493555381 42.945581233142128
decision_type=2 2 2
left_child=-1 -2 -3
right_child=1 2 -4
leaf_value=0.0041976193592372134 -0.011744594010868477 -0.019511808436741846 0.0042578772963315801
leaf_weight=921.19794936131802 444.48560403959709 104.07834230228036 821.08754525662516
leaf_count=17781 11405 10136 19399
internal_value=1.8669e-05 -0.00274575 0.00151072
internal_weight=2290.85 1369.65 925.166
internal_count=58721 40940 29535
is_linear=0
shrinkage=0.0321881


Tree=324
num_leaves=4
num_cat=0
split_feature=10 32 21
split_gain=21.6645 21.4108 33.6884
threshold=3180.3733685128946 -0.90597900843217261 41.223004653911879
decision_type=2 2 2
left_child=-1 -2 -3
right_child=1 2 -4
leaf_value=-0.017913418433345384 0.0057562186896486772 -0.016584039275359577 -0.00025861454270186094
leaf_weight=71.407364078477258 523.81894544805982 143.83592636643152 1541.9560084498953
leaf_count=2553 9712 12838 33534
internal_value=-0.000490367 4.57269e-05 -0.00169145
internal_weight=2281.02 2209.61 1685.79
internal_count=58637 56084 46372
is_linear=0
shrinkage=0.0321881


Tree=325
num_leaves=4
num_cat=0
split_feature=7 10 10
split_gain=22.8856 21.2927 22.5461
threshold=27470.741187523894 2084.1286033008514 11029.894057334113
decision_type=2 2 2
left_child=1 -1 -3
right_child=-2 2 -4
leaf_value=-0.027480452685575991 -0.022210637321706601 0.0032567306216675527 -0.0033555616136236926
leaf_weight=28.142381662109983 48.005716052750358 1321.2377170438122 891.90641167524154
leaf_count=1164 1178 31772 24451
internal_value=-0.000264258 0.000179691 0.000563099
internal_weight=2289.29 2241.29 2213.14
internal_count=58565 57387 56223
is_linear=0
shrinkage=0.0321881


Tree=326
num_leaves=4
num_cat=0
split_feature=5 7 4
split_gain=25.4775 32.3693 34.0124
threshold=5.9282675873714767 23019.147265529198 1427.9720567373995
decision_type=2 2 2
left_child=1 2 -1
right_child=-2 -3 -4
leaf_value=-0.0018374284774009644 0.027613420076194665 -0.024611607658309428 0.0082066236703685451
leaf_weight=1744.9103899559268 33.79025207797531 55.800332860089839 436.17805292438425
leaf_count=43966 681 1376 12350
internal_value=-4.21141e-07 -0.000448905 0.000142673
internal_weight=2270.68 2236.89 2181.09
internal_count=58373 57692 56316
is_linear=0
shrinkage=0.0321881


Tree=327
num_leaves=4
num_cat=1
split_feature=5 10 41
split_gain=22.4594 68.8893 62.7176
threshold=3.2530132664856355 6770.6216642303216 0
decision_type=2 2 9
left_child=-1 -2 -3
right_child=1 2 -4
leaf_value=-0.001740705966354888 -0.021320052779309644 -0.012840022176087028 0.021419968648512436
leaf_weight=1923.6098447367549 69.997312121384311 64.714040673803538 228.98435488523683
leaf_count=51326 1589 2199 3372
internal_value=-0.000327077 0.00697095 0.013942
internal_weight=2287.31 363.696 293.698
internal_count=58486 7160 5571
cat_boundaries=0 1
cat_threshold=72
is_linear=0
shrinkage=0.0321881


Tree=328
num_leaves=4
num_cat=0
split_feature=32 36 36
split_gain=21.7563 50.7464 51.2334
threshold=0.62633384631382116 0.81528568745293051 0.1129245970782277
decision_type=2 2 2
left_child=1 2 -1
right_child=-2 -3 -4
leaf_value=0.0081072225659885016 -0.015379383408428518 -0.0011554793061817512 0.0512289010721622
leaf_weight=230.01002119322948 91.34942335775122 1917.8901331143716 33.615787990594981
leaf_count=8597 6105 43289 438
internal_value=0 0.000634603 0.0138883
internal_weight=2272.87 2181.52 263.626
internal_count=58429 52324 9035
is_linear=0
shrinkage=0.0321881


Tree=329
num_leaves=4
num_cat=0
split_feature=25 36 21
split_gain=20.0335 26.7566 50.3576
threshold=27.435378613304703 0.9136995197381923 88.154525168983284
decision_type=2 2 2
left_child=1 -1 -3
right_child=-2 2 -4
leaf_value=0.0078090067446338332 -0.029916386576366822 -0.016290087905095826 0.00044721464046011011
leaf_weight=395.54864114650991 22.888721264709602 208.94467271061148 1646.1792573735001
leaf_count=12924 5055 6752 33856
internal_value=-9.1801e-05 0.000186328 -0.00140544
internal_weight=2273.56 2250.67 1855.12
internal_count=58587 53532 40608
is_linear=0
shrinkage=0.0321881


Tree=330
num_leaves=4
num_cat=1
split_feature=3 5 44
split_gain=27.0295 37.8244 33.3922
threshold=88.755895321842729 3.2530132664856355 0
decision_type=2 2 9
left_child=1 -1 -2
right_child=2 -3 -4
leaf_value=-0.019968307494635709 -0.023712520696516828 0.011625314115644514 0.0015697861340153356
leaf_weight=147.25317222095327 45.20807345987123 50.586354889528593 2023.5804084977426
leaf_count=2627 8633 608 46548
internal_value=-0.000182049 -0.0115642 0.000876849
internal_weight=2266.63 197.84 2068.79
internal_count=58416 3235 55181
cat_boundaries=0 1
cat_threshold=1590544
is_linear=0
shrinkage=0.0321881


Tree=331
num_leaves=4
num_cat=0
split_feature=26 32 5
split_gain=22.836 26.3502 25.2277
threshold=0.061038853811606383 0.67195728145478573 5.1648804503567876
decision_type=2 2 2
left_child=1 -1 -2
right_child=2 -3 -4
leaf_value=-0.0026625922504851869 0.0016135561510582576 -0.025751759703473067 0.027594911595655691
leaf_weight=937.60165746383427 1244.6372884863813 55.004366936540464 40.223336962400936
leaf_count=26000 27443 4400 631
internal_value=-0.000320839 -0.00401205 0.00248142
internal_weight=2277.47 992.606 1284.86
internal_count=58474 30400 28074
is_linear=0
shrinkage=0.0321881


Tree=332
num_leaves=4
num_cat=1
split_feature=44 5 7
split_gain=20.9725 23.236 33.5789
threshold=0 5.7325148638003229 25533.865995892553
decision_type=9 2 2
left_child=-1 2 -2
right_child=1 -3 -4
leaf_value=-0.02290476340370597 0.00083632766525031717 0.023978880751505866 -0.028887847921237927
leaf_weight=29.183070059589227 2167.622532135545 43.607403786387295 39.825935925910017
leaf_count=8091 48937 633 1067
internal_value=0.00032469 0.000754899 0.000268162
internal_weight=2280.24 2251.06 2207.45
internal_count=58728 50637 50004
cat_boundaries=0 1
cat_threshold=1589504
is_linear=0
shrinkage=0.0321881


Tree=333
num_leaves=4
num_cat=0
split_feature=20 1 7
split_gain=21.4661 41.4669 50.2227
threshold=179.23171819885533 11.026595017953547 5257.1475764767574
decision_type=2 2 2
left_child=1 2 -1
right_child=-2 -3 -4
leaf_value=-0.019729710294512103 0.008238187076925944 0.00037624041003220075 0.0033369522994156796
leaf_weight=242.51130774275225 260.70684433559654 1696.0437505764421 66.68116661834938
leaf_count=24784 4836 22944 6007
internal_value=-0.000407615 -0.00156428 -0.0124068
internal_weight=2265.94 2005.24 309.192
internal_count=58571 53735 30791
is_linear=0
shrinkage=0.0321881


Tree=334
num_leaves=4
num_cat=1
split_feature=33 32 44
split_gain=26.7096 52.9783 41.1111
threshold=-0.62312731716042757 -0.37941825886743025 0
decision_type=2 2 9
left_child=1 -1 -3
right_child=-2 2 -4
leaf_value=-0.01231748462662525 0.0039993880153868042 0.0032817275215828957 -0.027905080357484579
leaf_weight=425.50109556147072 993.52218918761355 803.49906176040531 35.873468183926889
leaf_count=10032 27319 16718 4442
internal_value=2.23399e-05 -0.00305134 0.00157222
internal_weight=2258.4 1264.87 839.373
internal_count=58511 31192 21160
cat_boundaries=0 1
cat_threshold=266775
is_linear=0
shrinkage=0.0321881


Tree=335
num_leaves=4
num_cat=0
split_feature=36 36 21
split_gain=22.9994 67.3913 47.823
threshold=0.81528568745293051 0.1129245970782277 92.34013808472308
decision_type=2 2 2
left_child=1 -1 -2
right_child=2 -3 -4
leaf_value=0.0025000052336813469 -0.015008618112494956 0.049635698725627814 0.00032287081891175303
leaf_weight=324.07674226358358 239.64542515129142 35.076660792983603 1681.9706668938452
leaf_count=14705 9213 481 34166
internal_value=-0.00013261 0.00731042 -0.0015576
internal_weight=2280.77 359.153 1921.62
internal_count=58565 15186 43379
is_linear=0
shrinkage=0.0321881


Tree=336
num_leaves=4
num_cat=0
split_feature=3 14 2
split_gain=20.8222 20.1258 28.2499
threshold=68.27278026214195 201.20597519993109 44.586570526090178
decision_type=2 8 2
left_child=-1 2 -2
right_child=1 -3 -4
leaf_value=-0.016030111354417502 -0.011270365055909424 0.0017842131072340643 0.0080374119945078541
leaf_weight=83.626919576519867 298.75275542876625 1793.0656117546023 102.38502046186477
leaf_count=1400 20773 35342 1178
internal_value=-0.000274763 0.000298357 -0.00618179
internal_weight=2277.83 2194.2 401.138
internal_count=58693 57293 21951
is_linear=0
shrinkage=0.0321881


Tree=337
num_leaves=4
num_cat=2
split_feature=43 5 41
split_gain=21.1301 54.1465 46.2791
threshold=0 2.7584931222708415 1
decision_type=9 2 9
left_child=1 -1 -3
right_child=-2 2 -4
leaf_value=0.016985210405227789 -0.00094892714667379574 0.020575553916426109 -0.025951514170933054
leaf_weight=216.59645982914662 1971.1768835754337 23.199257951579057 61.419123565079644
leaf_count=7326 48796 414 2246
internal_value=0.000249682 0.00806335 -0.0130566
internal_weight=2272.39 301.215 84.6184
internal_count=58782 9986 2660
cat_boundaries=0 1 2
cat_threshold=16 2384
is_linear=0
shrinkage=0.0321881


Tree=338
num_leaves=4
num_cat=0
split_feature=33 32 22
split_gain=23.3984 41.9759 56.33
threshold=-0.52838573181655335 -0.31922987612259174 869.11161440286025
decision_type=2 2 2
left_child=1 2 -1
right_child=-2 -3 -4
leaf_value=-0.012027985339522726 0.0037851632885240031 0.0019021139210987381 0.025433319737257695
leaf_weight=571.85315104509937 862.9959601238952 790.05724875575106 43.646837160224095
leaf_count=13250 24552 20267 593
internal_value=-0.000354018 -0.00294095 -0.00925929
internal_weight=2268.55 1405.56 615.5
internal_count=58662 34110 13843
is_linear=0
shrinkage=0.0321881


Tree=339
num_leaves=4
num_cat=1
split_feature=31 5 44
split_gain=25.742 21.5426 46.4421
threshold=-0.98109568993028373 1.1510629407708208 0
decision_type=2 2 9
left_child=-1 2 -2
right_child=1 -3 -4
leaf_value=-0.010039656359625742 0.0044893148679985102 0.0046153234831956061 -0.0091115554265006928
leaf_weight=230.26055377558805 533.72837181939394 1025.4060411953833 484.83194932962942
leaf_count=10332 12393 23195 12606
internal_value=0.000126205 0.00130362 -0.00196813
internal_weight=2274.23 2043.97 1018.56
internal_count=58526 48194 24999
cat_boundaries=0 1
cat_threshold=401478
is_linear=0
shrinkage=0.0321881


Tree=340
num_leaves=4
num_cat=0
split_feature=22 33 32
split_gain=20.3106 22.2784 74.4325
threshold=869.11161440286025 -0.56366271209176466 -0.37941825886743025
decision_type=2 2 2
left_child=1 2 -1
right_child=-2 -3 -4
leaf_value=-0.013685185224958487 0.020656887968540059 0.0032365492956099289 0.0023052985810647323
leaf_weight=464.13047325221123 47.292993344832212 909.2355654224084 846.92002589501499
leaf_count=11157 700 25442 21541
internal_value=-0.000125914 -0.000599438 -0.00330844
internal_weight=2267.58 2220.29 1311.05
internal_count=58840 58140 32698
is_linear=0
shrinkage=0.0321881


Tree=341
num_leaves=4
num_cat=0
split_feature=0 16 24
split_gain=22.2284 38.1984 24.1742
threshold=71.564383648819373 88.386462462861473 252.53583802311059
decision_type=2 8 2
left_child=1 -1 -3
right_child=-2 2 -4
leaf_value=-0.020475168715440518 0.0012761062782218541 -0.0013530818462298658 0.043555137473991187
leaf_weight=125.31759881110338 2083.6668903777027 38.592490775801707 16.509736399748363
leaf_count=17382 37007 3585 533
internal_value=0.000309896 -0.0104833 0.0110802
internal_weight=2264.09 180.42 55.1022
internal_count=58507 21500 4118
is_linear=0
shrinkage=0.0321881


Tree=342
num_leaves=4
num_cat=1
split_feature=3 44 5
split_gain=23.1016 33.4456 32.0354
threshold=90.714189783129811 0 3.2530132664856355
decision_type=2 9 2
left_child=2 -2 -1
right_child=1 -3 -4
leaf_value=-0.017498729357577156 -0.024230294997403687 0.0020261838431018327 0.010320279232590424
leaf_weight=154.97613743954571 41.098229033639655 2015.0560173513659 55.999587741855066
leaf_count=2809 8568 46534 684
internal_value=0.000291263 0.00135969 -0.00980984
internal_weight=2267.13 2056.15 210.976
internal_count=58595 55102 3493
cat_boundaries=0 1
cat_threshold=1590544
is_linear=0
shrinkage=0.0321881


Tree=343
num_leaves=4
num_cat=0
split_feature=21 16 15
split_gain=22.6299 39.6482 37.33
threshold=276.66175448917505 173.53952654539179 1.2657563925707647
decision_type=2 8 8
left_child=2 -2 -1
right_child=1 -3 -4
leaf_value=-0.00056382402539197378 0.0026682982932118232 0.032588850216481301 -0.021158719292743881
leaf_weight=1727.2957208738517 385.35880114196334 53.032219218788669 96.593433308618842
leaf_count=33517 8241 730 15835
internal_value=-8.58655e-05 0.00644865 -0.00169206
internal_weight=2262.28 438.391 1823.89
internal_count=58323 8971 49352
is_linear=0
shrinkage=0.0321881


Tree=344
num_leaves=4
num_cat=1
split_feature=41 4 10
split_gain=21.553 25.5849 37.2424
threshold=0 1246.7683678760939 11296.289122399046
decision_type=9 2 2
left_child=1 2 -1
right_child=-2 -3 -4
leaf_value=0.014438064389690228 -0.0011542540409061098 0.036917034658731869 -0.018013024131624106
leaf_weight=124.87741704873042 2053.1220559071808 31.414965421077795 50.410581243690103
leaf_count=1287 56256 471 647
internal_value=-0.000112987 0.00950765 0.00473095
internal_weight=2259.83 206.703 175.288
internal_count=58661 2405 1934
cat_boundaries=0 1
cat_threshold=530
is_linear=0
shrinkage=0.0321881


Tree=345
num_leaves=4
num_cat=0
split_feature=3 14 17
split_gain=23.298 24.4647 22.4862
threshold=64.703794093838027 191.50704697384788 4.2376536827183617
decision_type=2 8 10
left_child=-1 2 -2
right_child=1 -3 -4
leaf_value=-0.018191666614865282 -0.0033213499002823373 0.002221068700330548 -0.026585736997011802
leaf_weight=69.059679288067855 280.79826286193565 1861.9676288973278 52.979589238311746
leaf_count=1170 7015 39827 10687
internal_value=0.000148414 0.000756144 -0.00722097
internal_weight=2264.81 2195.75 333.778
internal_count=58699 57529 17702
is_linear=0
shrinkage=0.0321881


Tree=346
num_leaves=4
num_cat=1
split_feature=33 44 23
split_gain=20.0216 45.1739 67.5198
threshold=-0.62312731716042757 0 113.87158353349028
decision_type=2 9 2
left_child=-1 -2 -3
right_child=1 2 -4
leaf_value=-0.0024452518329858342 0.0062516119165713707 -0.022445980096986354 0.062512657338092636
leaf_weight=1256.087025083878 879.90835109888576 113.24972787997103 10.050203881226478
leaf_count=31391 12945 14411 101
internal_value=0.000232296 0.00364803 -0.0137831
internal_weight=2259.3 1003.21 123.3
internal_count=58848 27457 14512
cat_boundaries=0 1
cat_threshold=583
is_linear=0
shrinkage=0.0321881


Tree=347
num_leaves=4
num_cat=1
split_feature=14 44 10
split_gain=21.6286 56.3769 58.3682
threshold=479.60947594241321 0 13370.436961261381
decision_type=8 9 2
left_child=-1 2 -2
right_child=1 -3 -4
leaf_value=-0.0014797488744014617 0.0041032541295918622 -0.024630518087183348 0.035713642426346316
leaf_weight=1868.5007530123257 274.98102809838019 42.135823528806213 79.782297154422849
leaf_count=51998 4143 1130 1326
internal_value=-1.97267e-06 0.00679137 0.011098
internal_weight=2265.4 396.899 354.763
internal_count=58597 6599 5469
cat_boundaries=0 1
cat_threshold=393223
is_linear=0
shrinkage=0.0321881


Tree=348
num_leaves=4
num_cat=1
split_feature=10 21 44
split_gain=23.3168 90.7161 54.8041
threshold=10955.321482101659 35.643922902001144 0
decision_type=2 2 9
left_child=1 -1 -2
right_child=2 -3 -4
leaf_value=-0.026727930033366945 -0.00036599142080663577 0.0049791833710965544 -0.021381624277769191
leaf_weight=100.37579680232739 761.33310895963223 1257.5557462385041 146.75492509973992
leaf_count=8151 18871 25303 6445
internal_value=-5.70162e-05 0.0025843 -0.00407654
internal_weight=2266.02 1357.93 908.088
internal_count=58770 33454 25316
cat_boundaries=0 1
cat_threshold=410003
is_linear=0
shrinkage=0.0321881


Tree=349
num_leaves=4
num_cat=0
split_feature=25 29 23
split_gain=19.4697 21.9059 37.0101
threshold=27.435378613304703 9.2639230318682859 3.9269582720229557
decision_type=2 2 2
left_child=1 2 -1
right_child=-2 -3 -4
leaf_value=-0.010410052956759444 -0.029825044118850615 0.009139419698236147 0.0012274629921386105
leaf_weight=341.80652951259981 22.107082623100723 261.16120122143184 1619.1211096352199
leaf_count=12600 5052 5420 35326
internal_value=3.82872e-05 0.0003672 -0.000769591
internal_weight=2244.2 2222.09 1960.93
internal_count=58398 53346 47926
is_linear=0
shrinkage=0.0321881


Tree=350
num_leaves=4
num_cat=1
split_feature=8 16 44
split_gain=22.9476 50.5486 35.1623
threshold=378.32682389342818 87.277721002663114 0
decision_type=2 8 9
left_child=1 -1 -3
right_child=-2 2 -4
leaf_value=-0.030164417120447949 0.0025938057785896938 0.0056358633646532205 -0.0075272067255687421
leaf_weight=70.797951370797819 1340.165046118942 361.87428870092845 468.27927108691074
leaf_count=16661 24601 7491 9705
internal_value=-4.7745e-05 -0.00404738 -0.00173536
internal_weight=2241.12 900.952 830.154
internal_count=58458 33857 17196
cat_boundaries=0 1
cat_threshold=397382
is_linear=0
shrinkage=0.0321881


Tree=351
num_leaves=4
num_cat=0
split_feature=6 24 7
split_gain=20.9052 53.0469 34.2285
threshold=134.26180404365746 110.73336866304935 23019.147265529198
decision_type=2 2 2
left_child=2 -2 -1
right_child=1 -3 -4
leaf_value=0.00011918543867796473 -0.021933661537272869 0.028830818382515309 -0.026780630933129646
leaf_weight=2106.4326926954091 28.176836824393831 74.989992127637379 49.84952327539213
leaf_count=55511 773 1051 1347
internal_value=0.000173333 0.0143316 -0.000476031
internal_weight=2259.45 103.167 2156.28
internal_count=58682 1824 56858
is_linear=0
shrinkage=0.0321881


Tree=352
num_leaves=4
num_cat=1
split_feature=10 41 1
split_gain=22.7557 20.6265 26.9353
threshold=3026.2766113168218 0 20.56984341937029
decision_type=2 9 2
left_child=-1 2 -2
right_child=1 -3 -4
leaf_value=-0.019169060745389696 -0.0045356795467701664 -7.3175286615469195e-05 0.03024953277476462
leaf_weight=61.91013229660166 34.068416961526964 2097.9591799095215 56.307621142361313
leaf_count=2375 514 55347 485
internal_value=8.08696e-06 0.000581747 0.0148207
internal_weight=2250.25 2188.34 90.376
internal_count=58721 56346 999
cat_boundaries=0 1
cat_threshold=512
is_linear=0
shrinkage=0.0321881


Tree=353
num_leaves=4
num_cat=1
split_feature=14 12 44
split_gain=21.3342 46.9818 45.3213
threshold=485.29885034722111 40.478530102680807 0
decision_type=8 10 9
left_child=1 -1 -2
right_child=2 -3 -4
leaf_value=0 0.011209702481709969 -0.027841741473395999 -0.02229632864704504
leaf_weight=1810.6393943007861 338.39208217652049 64.959683166176546 37.459187003376428
leaf_count=47818 5265 4441 1074
internal_value=0.000376911 -0.000996093 0.00739424
internal_weight=2251.45 1875.6 375.851
internal_count=58598 52259 6339
cat_boundaries=0 1
cat_threshold=393223
is_linear=0
shrinkage=0.0321881


Tree=354
num_leaves=4
num_cat=1
split_feature=10 5 44
split_gain=22.7798 21.4635 50.0912
threshold=2084.1286033008514 1.2773089285681274 0
decision_type=2 2 9
left_child=-1 2 -2
right_child=1 -3 -4
leaf_value=-0.028437742928065942 0.0038320235954099444 0.0041461406446345363 -0.0089957027418151557
leaf_weight=28.141370643657865 655.1989142584498 982.36560867760272 585.3275423367304
leaf_count=1166 16785 24102 16523
internal_value=0.000175787 0.000569671 -0.00221143
internal_weight=2251.03 2222.89 1240.53
internal_count=58576 57410 33308
cat_boundaries=0 1
cat_threshold=401478
is_linear=0
shrinkage=0.0321881


Tree=355
num_leaves=4
num_cat=0
split_feature=36 36 21
split_gain=21.8124 57.4367 54.0886
threshold=0.81528568745293051 0.1129245970782277 99.388341718473583
decision_type=2 2 2
left_child=1 -1 -2
right_child=2 -3 -4
leaf_value=0.0026921650431896986 -0.014985768496755663 0.047979976621622934 0.0005019535518434522
leaf_weight=318.387246115366 270.9055946610024 32.216346771165263 1643.0383511901891
leaf_count=14843 10161 469 33388
internal_value=-0.000279255 0.00706472 -0.00165854
internal_weight=2264.55 350.604 1913.94
internal_count=58861 15312 43549
is_linear=0
shrinkage=0.0321881


Tree=356
num_leaves=4
num_cat=1
split_feature=14 12 44
split_gain=23.7668 43.0025 38.7346
threshold=491.41393098251666 40.825017274738038 0
decision_type=10 10 9
left_child=1 -1 -2
right_child=2 -3 -4
leaf_value=-0.0007654793045646154 0.011427742312615339 -0.029670345892201595 -0.022040964462373195
leaf_weight=1864.4486922345532 295.74049060198013 54.920982559444383 30.576168100989889
leaf_count=49862 4036 4004 705
internal_value=-0.000236231 -0.00162931 0.00775792
internal_weight=2245.69 1919.37 326.317
internal_count=58607 53866 4741
cat_boundaries=0 1
cat_threshold=7
is_linear=0
shrinkage=0.0321881


Tree=357
num_leaves=4
num_cat=1
split_feature=13 14 44
split_gain=20.6525 34.661 33.701
threshold=36.559510333073597 626.43656455613961 0
decision_type=10 10 9
left_child=1 -1 -2
right_child=2 -3 -4
leaf_value=0.00040541279714573019 0.012651431567877661 0.023212173243074879 -0.010110581596533925
leaf_weight=1735.2825792328513 71.149677573237568 72.01961419172585 381.43882011275855
leaf_count=35519 1171 993 21089
internal_value=-0.000158619 0.00135241 -0.00633074
internal_weight=2259.89 1807.3 452.588
internal_count=58772 36512 22260
cat_boundaries=0 1
cat_threshold=580
is_linear=0
shrinkage=0.0321881


Tree=358
num_leaves=4
num_cat=0
split_feature=7 5 36
split_gain=19.3001 21.3858 20.4464
threshold=27470.741187523894 5.7325148638003229 0.88315754986673267
decision_type=2 2 2
left_child=1 2 -1
right_child=-2 -3 -4
leaf_value=0.0069665819712667132 -0.021595390268871615 0.026085168314065644 -0.0014708860452679643
leaf_weight=355.61082824724144 42.234209045622265 32.616654523590114 1811.8627872276411
leaf_count=14954 1165 731 41908
internal_value=-8.15342e-05 0.000304792 -5.65832e-05
internal_weight=2242.32 2200.09 2167.47
internal_count=58758 57593 56862
is_linear=0
shrinkage=0.0321881


Tree=359
num_leaves=4
num_cat=0
split_feature=8 11 4
split_gain=18.6691 33.2172 27.0715
threshold=1046.0963079302467 18.613144354066652 1280.3556005042083
decision_type=2 8 2
left_child=1 -1 -2
right_child=2 -3 -4
leaf_value=-0.012622701489587449 0.0010359078492241519 0.00013050011527284376 0.016398695720612026
leaf_weight=251.89681231262512 590.07261077384464 1258.4904298344336 152.18594828722416
leaf_count=7464 8782 40319 2054
internal_value=6.94183e-05 -0.00195591 0.00427577
internal_weight=2252.65 1510.39 742.259
internal_count=58619 47783 10836
is_linear=0
shrinkage=0.0321881


Tree=360
num_leaves=4
num_cat=0
split_feature=21 1 10
split_gain=21.9944 33.1517 26.2185
threshold=126.04489920015871 11.348056577065906 10729.883978588376
decision_type=2 2 2
left_child=1 -1 -2
right_child=2 -3 -4
leaf_value=-0.02080269325449972 0.0059605168204091424 -0.0015293353831097312 -0.0011762655650892069
leaf_weight=110.88231910523609 885.08464738354087 611.39925939135719 647.29533027141588
leaf_count=15680 16400 12555 13944
internal_value=1.89588e-05 -0.00458213 0.00222959
internal_weight=2254.66 722.282 1532.38
internal_count=58579 28235 30344
is_linear=0
shrinkage=0.0321881


Tree=361
num_leaves=4
num_cat=0
split_feature=16 12 17
split_gain=19.3925 49.8225 41.2432
threshold=166.23789636676636 34.44529265447148 5.7570336318264914
decision_type=10 10 10
left_child=2 -2 -1
right_child=1 -3 -4
leaf_value=-5.2171391473662825e-05 -0.0074509382310529899 0.013280706779695499 -0.023498006454550732
leaf_weight=1651.4114160256286 182.12459738610778 337.00447093410185 81.637958903520484
leaf_count=34344 2993 4783 16417
internal_value=0.000407959 0.00588476 -0.00119643
internal_weight=2252.18 519.129 1733.05
internal_count=58537 7776 50761
is_linear=0
shrinkage=0.0321881


Tree=362
num_leaves=4
num_cat=0
split_feature=31 14 6
split_gain=20.1914 23.1547 22.5912
threshold=0.48561012291674893 398.52709890104353 98.698595788476311
decision_type=2 8 2
left_child=2 -2 -1
right_child=1 -3 -4
leaf_value=9.8257874132705474e-06 -0.024875722567837856 0.00020355712617991544 0.013905201920805656
leaf_weight=1973.4093691213347 69.613723948394181 73.213284924044274 129.5828004287614
leaf_count=54115 1030 1032 2390
internal_value=7.37386e-05 -0.0115958 0.000897789
internal_weight=2245.82 142.827 2102.99
internal_count=58567 2062 56505
is_linear=0
shrinkage=0.0321881


Tree=363
num_leaves=4
num_cat=0
split_feature=23 33 32
split_gain=26.016 22.323 34.5429
threshold=0.63590716030893069 -0.46368607740685081 -0.31922987612259174
decision_type=2 2 2
left_child=-1 2 -2
right_child=1 -3 -4
leaf_value=-0.0087246517553452984 -0.0034024719570350721 0.0070752135712532386 0.0047534747863027822
leaf_weight=269.37892589134572 640.30183329604915 604.35307560890215 727.77210392808774
leaf_count=11860 13872 15072 17769
internal_value=0.000611469 0.00191971 -0.000312043
internal_weight=2241.81 1972.43 1368.07
internal_count=58573 46713 31641
is_linear=0
shrinkage=0.0321881


Tree=364
num_leaves=4
num_cat=0
split_feature=7 8 16
split_gain=21.3173 19.8929 39.7674
threshold=25533.865995892553 747.69674615364272 91.974060363971844
decision_type=2 2 8
left_child=1 2 -1
right_child=-2 -3 -4
leaf_value=-0.020151488447780041 -0.019508506046172901 0.0039891201025534914 -0.00039353471378600433
leaf_weight=116.78012778876291 57.498063003076822 898.79366175443283 1157.5540043250949
leaf_count=21760 1371 13755 21346
internal_value=-0.000187092 0.000296892 -0.00225754
internal_weight=2230.63 2173.13 1274.33
internal_count=58232 56861 43106
is_linear=0
shrinkage=0.0321881


Tree=365
num_leaves=4
num_cat=2
split_feature=43 5 41
split_gain=18.7494 41.8793 42.3204
threshold=0 2.7584931222708415 1
decision_type=9 2 9
left_child=1 -1 -3
right_child=-2 2 -4
leaf_value=0.015246072353755946 -0.0014558383522432407 0.020183208542804351 -0.024182207605200907
leaf_weight=208.24899874125549 1946.7787620101881 23.401437596272444 59.970146817344357
leaf_count=7293 48678 398 2252
internal_value=-0.000279476 0.0071549 -0.0114239
internal_weight=2238.4 291.621 83.3716
internal_count=58621 9943 2650
cat_boundaries=0 1 2
cat_threshold=16 2384
is_linear=0
shrinkage=0.0321881


Tree=366
num_leaves=4
num_cat=0
split_feature=32 10 28
split_gain=19.8956 36.9974 46.0956
threshold=0.6501138046737488 7889.5692217050737 0.24157591001548187
decision_type=2 2 2
left_child=-1 2 -2
right_child=1 -3 -4
leaf_value=0.00065005962367044583 -0.028112683052496531 -0.030844738685401468 0.050177965136354863
leaf_weight=2155.9005580340745 13.656802585799598 56.005242779807304 16.167763865843881
leaf_count=52717 1390 4206 345
internal_value=1.59294e-05 -0.0151302 0.0122705
internal_weight=2241.73 85.8298 29.8246
internal_count=58658 5941 1735
is_linear=0
shrinkage=0.0321881


Tree=367
num_leaves=4
num_cat=1
split_feature=16 44 10
split_gain=20.6425 27.7196 35.5765
threshold=67.08822237831663 0 5715.7762945911327
decision_type=8 9 2
left_child=-1 2 -2
right_child=1 -3 -4
leaf_value=-0.0093022539232728799 0.03940010751833601 -0.00021578288932721861 0.0049601539596190293
leaf_weight=224.52324908062292 42.049204462498892 1817.5742156033084 140.52193314803299
leaf_count=17709 1361 32248 7102
internal_value=-2.57216e-05 0.000984739 0.0125926
internal_weight=2224.67 2000.15 182.571
internal_count=58420 40711 8463
cat_boundaries=0 1
cat_threshold=393284
is_linear=0
shrinkage=0.0321881


Tree=368
num_leaves=4
num_cat=1
split_feature=7 41 30
split_gain=19.2055 19.2421 22.9591
threshold=27470.741187523894 0 0.81556992926880001
decision_type=2 9 2
left_child=1 -1 -3
right_child=-2 2 -4
leaf_value=0.011249524660462036 -0.021324617418637153 0.0015648032507640716 -0.0069339195514362979
leaf_weight=156.01721317169722 41.421740719408263 1637.9492365421902 411.61682312838093
leaf_count=1830 1129 48370 7336
internal_value=0.000278523 0.000715361 -0.000110995
internal_weight=2247.01 2205.58 2049.57
internal_count=58665 57536 55706
cat_boundaries=0 1
cat_threshold=514
is_linear=0
shrinkage=0.0321881


Tree=369
num_leaves=4
num_cat=0
split_feature=13 11 4
split_gain=20.4924 31.0524 38.7073
threshold=36.559510333073597 30.364253980118551 1360.4245674852475
decision_type=10 10 2
left_child=-1 -2 -3
right_child=1 2 -4
leaf_value=0.00126872482118223 -0.0095927641729773791 0.031612369087581485 -0.033969079630379651
leaf_weight=1781.4687968681974 396.57450261530175 41.085277357298764 11.002800738642689
leaf_count=36348 18826 2323 1116
internal_value=-0.000250112 -0.00642021 0.0164509
internal_weight=2230.13 448.663 52.0881
internal_count=58613 22265 3439
is_linear=0
shrinkage=0.0321881


Tree=370
num_leaves=4
num_cat=0
split_feature=31 30 5
split_gain=19.8996 22.9277 55.4985
threshold=-0.9823950561789081 0.57297293695745832 2.2165721628880646
decision_type=2 2 2
left_child=-1 -2 -3
right_child=1 2 -4
leaf_value=-0.0095536058698261848 0.0029835339734832675 -0.01025932686564514 0.010382067585235093
leaf_weight=222.84636824115296 1357.0630903118872 472.19161182668176 186.15903700921626
leaf_count=10101 34973 10074 3378
internal_value=-0.000415292 0.000564546 -0.0043243
internal_weight=2238.26 2015.41 658.351
internal_count=58526 48425 13452
is_linear=0
shrinkage=0.0321881


Tree=371
num_leaves=4
num_cat=1
split_feature=5 44 10
split_gain=21.1791 49.6722 103.72
threshold=1.2419920508940103 0 10074.24107306613
decision_type=2 9 2
left_child=-1 2 -2
right_child=1 -3 -4
leaf_value=-0.0030718624976892777 0.037872471231012533 -4.9419404737907932e-05 -0.014193769125463173
leaf_weight=1232.2150060419663 112.03500205936143 838.43025373280398 58.93111252610106
leaf_count=33465 2102 21810 1290
internal_value=-0.000213823 0.00321193 0.0184793
internal_weight=2241.61 1009.4 170.966
internal_count=58667 25202 3392
cat_boundaries=0 1
cat_threshold=4676
is_linear=0
shrinkage=0.0321881


Tree=372
num_leaves=4
num_cat=0
split_feature=31 36 22
split_gain=21.2852 22.9834 46.8071
threshold=-0.98366528211966908 0.88315754986673267 454.28183483764263
decision_type=2 2 2
left_child=-1 2 -2
right_child=1 -3 -4
leaf_value=-0.0097331914554239542 0.0055054753572649686 -0.00063927197529866991 0.059705486604116162
leaf_weight=218.87639548855077 305.33416084274359 1698.6062073626381 17.638331602676772
leaf_count=9951 12325 36058 340
internal_value=-0.000180941 0.000822797 0.00870414
internal_weight=2240.46 2021.58 322.972
internal_count=58674 48723 12665
is_linear=0
shrinkage=0.0321881


Tree=373
num_leaves=4
num_cat=0
split_feature=25 36 32
split_gain=17.9535 17.78 44.3061
threshold=27.435378613304703 0.91762854793452242 0.6501138046737488
decision_type=2 2 2
left_child=1 2 -1
right_child=-2 -3 -4
leaf_value=0.012137992313775823 -0.029587341473390445 -0.0011085241519874062 -0.013935693685948733
leaf_weight=310.66325199353741 20.913336605837685 1822.8596716949542 84.066444889147533
leaf_count=7796 5096 40312 5329
internal_value=-4.98242e-05 0.000203147 0.00641873
internal_weight=2238.5 2217.59 394.73
internal_count=58533 53437 13125
is_linear=0
shrinkage=0.0321881


Tree=374
num_leaves=4
num_cat=1
split_feature=42 32 32
split_gain=23.0948 22.7488 20.9407
threshold=0 -0.66455800086391958 -0.31922987612259174
decision_type=9 2 2
left_child=2 -2 -1
right_child=1 -3 -4
leaf_value=-0.0015639078484669313 0 -0.023616814584615193 0.0050757720594827582
leaf_weight=1249.8481752464868 82.713540888740681 83.586910982470727 803.49154017514957
leaf_count=28674 982 1600 27286
internal_value=1.4511e-05 -0.0111304 0.00099867
internal_weight=2219.64 166.3 2053.34
internal_count=58542 2582 55960
cat_boundaries=0 1
cat_threshold=393758
is_linear=0
shrinkage=0.0321881


Tree=375
num_leaves=4
num_cat=1
split_feature=5 44 3
split_gain=21.0265 41.3132 50.6346
threshold=1.1510629407708208 0 273.47093685581711
decision_type=2 9 2
left_child=1 2 -1
right_child=-2 -3 -4
leaf_value=-0.0009533078573217143 0.0033340879567905985 -0.0093838190746515018 0.025152319104658809
leaf_weight=499.09708802803652 1122.0224064953072 525.8704607316904 89.996438481844962
leaf_count=14403 28234 15202 902
internal_value=0.000197049 -0.00290277 0.00288633
internal_weight=2236.99 1114.96 589.094
internal_count=58741 30507 15305
cat_boundaries=0 1
cat_threshold=401478
is_linear=0
shrinkage=0.0321881


Tree=376
num_leaves=4
num_cat=1
split_feature=16 12 41
split_gain=19.412 28.3685 20.0823
threshold=62.589516508941905 13.792203517632371 0
decision_type=8 10 9
left_child=1 -1 -2
right_child=2 -3 -4
leaf_value=0 0.005732531837430427 -0.026221616994165746 -0.001173092476000778
leaf_weight=117.47221154964063 608.88291867695807 69.521121453799424 1444.5845273396553
leaf_count=2111 16314 12714 27624
internal_value=-9.92733e-06 -0.00995954 0.000866138
internal_weight=2240.46 186.993 2053.47
internal_count=58763 14825 43938
cat_boundaries=0 1
cat_threshold=538
is_linear=0
shrinkage=0.0321881


Tree=377
num_leaves=4
num_cat=0
split_feature=23 33 33
split_gain=22.8011 24.88 22.9865
threshold=0.06285661362410816 0.053528903108280457 -0.52838573181655335
decision_type=2 2 2
left_child=1 -1 -2
right_child=2 -3 -4
leaf_value=-0.019283350394661194 -0.0011616403803834643 -0.0040659036273291583 0.0060160983644517501
leaf_weight=137.15208010000788 1284.8424254501733 84.373859241066384 713.43187805594062
leaf_count=5124 30851 4771 17864
internal_value=0.000255073 -0.00950133 0.00136952
internal_weight=2219.8 221.526 1998.27
internal_count=58610 9895 48715
is_linear=0
shrinkage=0.0321881


Tree=378
num_leaves=4
num_cat=1
split_feature=9 42 4
split_gain=19.3457 32.4468 25.2464
threshold=24.41004946372 0 958.02395735347056
decision_type=10 9 2
left_child=1 2 -1
right_child=-2 -3 -4
leaf_value=0.0057683726718144685 -0.030447685014878861 -0.00079517175801361239 0.045190897235021316
leaf_weight=49.396366997563746 21.598908960411791 2125.2330672646494 29.557794701162493
leaf_count=650 438 57259 387
internal_value=-0.000299399 0 0.0190204
internal_weight=2225.79 2204.19 78.9542
internal_count=58734 58296 1037
cat_boundaries=0 1
cat_threshold=131652
is_linear=0
shrinkage=0.0321881


Tree=379
num_leaves=4
num_cat=0
split_feature=32 36 22
split_gain=19.4809 38.3016 48.3612
threshold=0.6501138046737488 0.81528568745293051 466.78764703146118
decision_type=2 2 2
left_child=1 2 -1
right_child=-2 -3 -4
leaf_value=0.0085988558521177469 -0.014850708812850302 -0.00063269802760193246 0.066614421712012525
leaf_weight=245.7584819219046 83.751948452889337 1889.6649310731882 16.151547462097369
leaf_count=8967 5887 43489 311
internal_value=0.000313239 0.000934679 0.0124765
internal_weight=2235.33 2151.57 261.91
internal_count=58654 52767 9278
is_linear=0
shrinkage=0.0321881


Tree=380
num_leaves=4
num_cat=0
split_feature=14 23 17
split_gain=18.138 33.9657 45.9011
threshold=295.5262825555667 103.93452785448572 5.5639920576264812
decision_type=10 2 10
left_child=1 2 -1
right_child=-2 -3 -4
leaf_value=-0.002208105041523046 0.0024553578570008427 0.029500399033520863 -0.027286298303960174
leaf_weight=820.54749866598286 1295.3669664652261 30.635313074104488 84.191251394593564
leaf_count=21097 17765 387 19447
internal_value=0 -0.00342596 -0.00461869
internal_weight=2230.74 935.374 904.739
internal_count=58696 40931 40544
is_linear=0
shrinkage=0.0321881


Tree=381
num_leaves=4
num_cat=0
split_feature=32 10 20
split_gain=17.9683 32.7851 33.4124
threshold=0.62633384631382116 7616.7723624827768 28.98420293302777
decision_type=2 2 2
left_child=-1 2 -2
right_child=1 -3 -4
leaf_value=0.00063121964414018946 -0.023279428211978856 -0.028300456578271325 0.045204199285733423
leaf_weight=2148.3912534174888 12.345998756951305 58.611989672237542 15.616430238122119
leaf_count=52582 1357 4499 325
internal_value=2.27391e-05 -0.0143038 0.012767
internal_weight=2234.97 86.5744 27.9624
internal_count=58763 6181 1682
is_linear=0
shrinkage=0.0321881


Tree=382
num_leaves=4
num_cat=0
split_feature=20 1 7
split_gain=20.8066 39.5162 42.1296
threshold=168.93915192089983 8.5447002079339622 18038.316442328625
decision_type=2 2 2
left_child=1 -1 -3
right_child=-2 2 -4
leaf_value=-0.015260731284646672 0.0076550695055225375 0.0011115084578170464 -0.025201804646200494
leaf_weight=191.88416478612635 303.36672878765967 1677.865466448362 65.244658052921295
leaf_count=28818 5784 22943 1245
internal_value=-0.000147029 -0.00140394 8.67736e-05
internal_weight=2238.36 1934.99 1743.11
internal_count=58790 53006 24188
is_linear=0
shrinkage=0.0321881


Tree=383
num_leaves=4
num_cat=0
split_feature=10 4 17
split_gain=20.5296 18.1649 57.525
threshold=1842.891058164804 1437.8287208841259 2.501590622449402
decision_type=2 2 10
left_child=-1 -2 -3
right_child=1 2 -4
leaf_value=-0.029680969513691969 -0.00069507814928181652 0.039896984032208947 0.0023464370318668831
leaf_weight=22.953919485458755 1775.0825569460139 47.862159287004033 393.54227118066046
leaf_count=960 45352 1050 11560
internal_value=0.000382636 0.000725847 0.00658154
internal_weight=2239.44 2216.49 441.404
internal_count=58922 57962 12610
is_linear=0
shrinkage=0.0321881


Tree=384
num_leaves=4
num_cat=1
split_feature=4 44 32
split_gain=17.937 50.9207 52.2755
threshold=1333.5481715946053 0 -0.18776530573732494
decision_type=2 9 2
left_child=-1 -2 -3
right_child=1 2 -4
leaf_value=-0.0021765399818763566 0.010012809440171031 -0.030732805693975393 0.011384974003743959
leaf_weight=1693.3588559381678 410.68434758293733 75.323205497523304 48.296740410500206
leaf_count=43296 5391 5417 4426
internal_value=-0.000528525 0.00457399 -0.0127444
internal_weight=2227.66 534.304 123.62
internal_count=58530 15234 9843
cat_boundaries=0 1
cat_threshold=131159
is_linear=0
shrinkage=0.0321881


Tree=385
num_leaves=4
num_cat=0
split_feature=13 10 21
split_gain=17.911 19.7887 76.0646
threshold=41.438921637200714 12112.851367661198 35.643922902001144
decision_type=10 2 2
left_child=1 2 -1
right_child=-2 -3 -4
leaf_value=-0.022816138756924183 -0.016059579882824908 -0.0042037580377116959 0.0046659164973354601
leaf_weight=111.6170140729082 67.362843480150332 595.21710517899191 1459.7916079319548
leaf_count=7910 9548 15133 25967
internal_value=0.000215039 0.000752131 0.0026702
internal_weight=2233.99 2166.63 1571.41
internal_count=58558 49010 33877
is_linear=0
shrinkage=0.0321881


Tree=386
num_leaves=4
num_cat=0
split_feature=14 10 4
split_gain=20.6388 54.0515 45.4353
threshold=491.41393098251666 14135.293445864447 1050.3719939275086
decision_type=8 2 2
left_child=-1 -2 -3
right_child=1 2 -4
leaf_value=-0.0013461784284298612 0.00099516284531178428 -0.0011115569266273325 0.053515885086473355
leaf_weight=1872.352700268937 289.25000837273546 21.630512150935829 41.92583126493264
leaf_count=52488 5037 391 685
internal_value=0 0.00713839 0.0339907
internal_weight=2225.16 352.806 63.5563
internal_count=58601 6113 1076
is_linear=0
shrinkage=0.0321881


Tree=387
num_leaves=4
num_cat=0
split_feature=29 36 25
split_gain=19.3767 27.2916 43.9744
threshold=10.735964421068987 0.9136995197381923 4.2840564713091593
decision_type=2 2 2
left_child=1 -1 -3
right_child=-2 2 -4
leaf_value=0.0087522028607077331 -0.0237942060603984 0.00033199652236767395 -0.020664572547155126
leaf_weight=363.0841089963651 33.743912585297949 1721.9086839402153 109.41083391791472
leaf_count=13053 3263 37523 4738
internal_value=0.000275329 0.000677004 -0.000890164
internal_weight=2228.15 2194.4 1831.32
internal_count=58577 55314 42261
is_linear=0
shrinkage=0.0321881


Tree=388
num_leaves=4
num_cat=0
split_feature=13 5 11
split_gain=18.1079 40.0644 67.4468
threshold=37.237259675870746 3.1659841321034947 30.147259693217496
decision_type=10 2 10
left_child=-1 -2 -3
right_child=1 2 -4
leaf_value=0.0011062548966586734 -0.012722869666089591 -0.0029040586738224845 0.062789326918796518
leaf_weight=1860.1387616444845 280.94535323602759 66.533848170394776 20.523840906404075
leaf_count=38121 17683 2328 465
internal_value=-0.000155293 -0.00670159 0.0119819
internal_weight=2228.14 368.003 87.0577
internal_count=58597 20476 2793
is_linear=0
shrinkage=0.0321881


Tree=389
num_leaves=4
num_cat=1
split_feature=5 5 44
split_gain=21.0952 58.3671 47.2846
threshold=1.2773089285681274 1.8003966814307912 0
decision_type=2 2 9
left_child=-1 -2 -3
right_child=1 2 -4
leaf_value=-0.0031592549921592812 0.031100254302377322 0.016519084553874307 -0.0023875681929284888
leaf_weight=1226.1223095469613 71.682679481411469 155.77844499496859 766.20274849988346
leaf_count=33911 1398 3124 20232
internal_value=-0.000308713 0.00314452 0.000894502
internal_weight=2219.79 993.664 921.981
internal_count=58665 24754 23356
cat_boundaries=0 1
cat_threshold=4676
is_linear=0
shrinkage=0.0321881


Tree=390
num_leaves=4
num_cat=1
split_feature=14 17 43
split_gain=17.765 35.9125 38.1044
threshold=611.93838648879171 5.9030886112485303 0
decision_type=10 10 9
left_child=1 2 -1
right_child=-2 -3 -4
leaf_value=0.011636306770083846 0.012426987440579511 -0.02139760461522287 -0.0017405452798825904
leaf_weight=241.30752878106432 107.52821828261949 85.238765768131998 1781.1596099063754
leaf_count=5739 1780 14111 36876
internal_value=-0.000278516 -0.000958249 -6.2918e-05
internal_weight=2215.23 2107.71 2022.47
internal_count=58506 56726 42615
cat_boundaries=0 1
cat_threshold=112
is_linear=0
shrinkage=0.0321881


Tree=391
num_leaves=4
num_cat=1
split_feature=42 32 16
split_gain=19.2092 21.725 20.1186
threshold=0 -0.70263970507080742 172.4514973262462
decision_type=9 2 10
left_child=1 -1 -2
right_child=2 -3 -4
leaf_value=0.00011735105496103593 -0.00079107851784278207 -0.023088149754553634 0.0073810963041166609
leaf_weight=76.277432725153631 1677.8015972070789 79.828748947475106 381.16478543437552
leaf_count=913 50266 1556 5917
internal_value=-0.000130092 -0.0106761 0.000688192
internal_weight=2215.07 156.106 2058.97
internal_count=58652 2469 56183
cat_boundaries=0 1
cat_threshold=17440
is_linear=0
shrinkage=0.0321881


Tree=392
num_leaves=4
num_cat=0
split_feature=31 36 36
split_gain=19.3413 20.4857 43.0086
threshold=-0.93864855204207442 0.81528568745293051 0.1129245970782277
decision_type=2 2 2
left_child=-1 2 -2
right_child=1 -3 -4
leaf_value=-0.0062116262762893209 0.0050293857202161861 6.6735671283310342e-05 0.046970235440216661
leaf_weight=401.34311474973219 258.77036217815476 1531.4854271902659 28.690958403953118
leaf_count=18103 10016 30089 417
internal_value=0.000149896 0.00158918 0.00947205
internal_weight=2220.29 1818.95 287.461
internal_count=58625 40522 10433
is_linear=0
shrinkage=0.0321881


Tree=393
num_leaves=4
num_cat=0
split_feature=31 8 12
split_gain=18.1141 27.1429 30.5886
threshold=-0.89989157334953074 876.93010043157403 35.710810535913829
decision_type=2 2 10
left_child=-1 2 -2
right_child=1 -3 -4
leaf_value=-0.0049810469620574904 -0.0059130953563570855 0.0070390422072009228 0.0054222455492380405
leaf_weight=533.79067883396056 619.96391930230311 640.87350295102806 405.47282175539294
leaf_count=23558 16960 8499 9379
internal_value=0.00014618 0.00182734 -0.00136862
internal_weight=2200.1 1666.31 1025.44
internal_count=58396 34838 26339
is_linear=0
shrinkage=0.0321881


Tree=394
num_leaves=4
num_cat=1
split_feature=9 42 6
split_gain=17.7201 26.9965 19.062
threshold=24.41004946372 0 119.33011260309083
decision_type=10 9 2
left_child=1 -1 -3
right_child=-2 2 -4
leaf_value=0.01776701295159807 -0.028797632990695606 -0.0011738050193403076 0.012679604395777474
leaf_weight=77.496431843523169 21.734682272581267 2024.1603515275274 107.84578728197084
leaf_count=1008 439 55300 1955
internal_value=-7.20547e-06 0.000250237 -0.000439776
internal_weight=2231.24 2209.5 2132.01
internal_count=58702 58263 57255
cat_boundaries=0 1
cat_threshold=516
is_linear=0
shrinkage=0.0321881


Tree=395
num_leaves=4
num_cat=0
split_feature=7 25 4
split_gain=17.2232 17.0319 16.8073
threshold=27470.741187523894 27.435378613304703 1437.8287208841259
decision_type=2 2 2
left_child=1 2 -1
right_child=-2 -3 -4
leaf_value=-0.00079537548614418358 -0.020940278779576386 -0.029342568680823841 0.0063433377431069615
leaf_weight=1727.481635506032 40.108161313866731 19.610420368735504 423.40119506359042
leaf_count=41214 1150 4911 11308
internal_value=-8.04265e-05 0.000277941 0.000580814
internal_weight=2210.6 2170.49 2150.88
internal_count=58583 57433 52522
is_linear=0
shrinkage=0.0321881


Tree=396
num_leaves=4
num_cat=1
split_feature=21 44 7
split_gain=21.5502 32.0587 24.4059
threshold=123.15979128208552 0 3554.4456910993395
decision_type=2 9 2
left_child=1 -1 -2
right_child=2 -3 -4
leaf_value=-0.0021041069907757194 -0.0013810098229455651 -0.021325903549858506 0.0071792962115980559
leaf_weight=581.67510817905713 1005.002860488923 100.4094996195272 519.13945737638278
leaf_count=12696 20975 15089 9735
internal_value=-0.000601988 -0.0053769 0.0014936
internal_weight=2206.23 682.085 1524.14
internal_count=58495 27785 30710
cat_boundaries=0 1
cat_threshold=1065303
is_linear=0
shrinkage=0.0321881


Tree=397
num_leaves=4
num_cat=1
split_feature=42 29 8
split_gain=17.1632 18.1979 17.7758
threshold=0 7.3925159966237111 503.70425237292721
decision_type=9 2 2
left_child=1 -1 -2
right_child=2 -3 -4
leaf_value=-0.024371565238025781 -0.0023034551845780415 -0.0011301843098997883 0.0036936230930268437
leaf_weight=61.159505180708948 993.13068274185935 95.520237186545273 1045.3665476669412
leaf_count=1233 37834 1244 18416
internal_value=-4.29793e-05 -0.00999447 0.000737135
internal_weight=2195.18 156.68 2038.5
internal_count=58727 2477 56250
cat_boundaries=0 1
cat_threshold=17440
is_linear=0
shrinkage=0.0321881


Tree=398
num_leaves=4
num_cat=0
split_feature=24 38 4
split_gain=20.7669 31.8466 31.8329
threshold=312.32637894030364 0.9586772049349751 520.86752438328847
decision_type=2 2 2
left_child=1 -1 -2
right_child=2 -3 -4
leaf_value=0.00025183926048057598 0.031239969028668633 -0.013776818589151221 0.0062870240243192276
leaf_weight=1930.5665720266115 60.531660790322348 182.6296647276904 47.608374897507019
leaf_count=53527 726 3511 902
internal_value=-0.000198937 -0.000931837 0.0135059
internal_weight=2221.34 2113.2 108.14
internal_count=58666 57038 1628
is_linear=0
shrinkage=0.0321881


Tree=399
num_leaves=4
num_cat=0
split_feature=32 36 33
split_gain=16.2656 29.1015 45.7091
threshold=0.62633384631382116 0.81528568745293051 0.35070079377959323
decision_type=2 2 2
left_child=1 2 -1
right_child=-2 -3 -4
leaf_value=0.020038950716305785 -0.013971497086251779 -0.00075536981317575382 -0.0092136423241746795
leaf_weight=175.74500025399902 82.092026833823184 1854.4293388903097 77.131233083564439
leaf_count=2706 6153 43430 6212
internal_value=3.25865e-05 0.00060986 0.0108645
internal_weight=2189.4 2107.31 252.876
internal_count=58501 52348 8918
is_linear=0
shrinkage=0.0321881


Tree=400
num_leaves=4
num_cat=0
split_feature=32 36 33
split_gain=21.9282 35.7412 47.7925
threshold=0.6501138046737488 0.81528568745293051 0.35070079377959323
decision_type=2 2 2
left_child=1 2 -1
right_child=-2 -3 -4
leaf_value=0.020878586485013659 -0.016769749333672354 -0.00089294970759022207 -0.0090195773586572645
leaf_weight=182.58868514295318 77.592142690482433 1872.2987030578297 75.846608594802092
leaf_count=2833 5935 43574 6341
internal_value=0 0.000624801 0.0118575
internal_weight=2208.33 2130.73 258.435
internal_count=58683 52748 9174
is_linear=0
shrinkage=0.0321881


Tree=401
num_leaves=4
num_cat=1
split_feature=26 44 7
split_gain=19.9323 22.6623 22.3872
threshold=0.062508053958501716 0 14551.747207912342
decision_type=2 9 2
left_child=1 2 -1
right_child=-2 -3 -4
leaf_value=-0.00062308878807926856 0.0024652024724907866 -0.0082355937402827963 -0.031055362614573329
leaf_weight=383.3689797167026 1228.4207123926753 552.54142569433316 28.959173422510503
leaf_count=6441 27805 23627 642
internal_value=-0.000223063 -0.00371138 -0.000623089
internal_weight=2193.29 964.87 412.328
internal_count=58515 30710 7083
cat_boundaries=0 1
cat_threshold=131158
is_linear=0
shrinkage=0.0321881


Tree=402
num_leaves=4
num_cat=1
split_feature=10 44 21
split_gain=17.7399 16.7921 19.2031
threshold=1585.512365430304 0 276.66175448917505
decision_type=2 9 2
left_child=-1 -2 -3
right_child=1 2 -4
leaf_value=-0.032941105319029509 -0.021467742753151053 -0.00024929439970032286 0.0074309742676658547
leaf_weight=15.949629500479203 24.007171747267421 1743.5940315087792 413.94371645519277
leaf_count=686 7983 42517 7369
internal_value=0.00053856 0.00081608 0.00118986
internal_weight=2197.49 2181.54 2157.54
internal_count=58555 57869 49886
cat_boundaries=0 1
cat_threshold=1589504
is_linear=0
shrinkage=0.0321881


Tree=403
num_leaves=4
num_cat=0
split_feature=32 23 5
split_gain=17.9922 64.4718 48.2709
threshold=-0.14660254688184424 52.148507613212054 3.2530132664856355
decision_type=2 2 2
left_child=2 -2 -1
right_child=1 -3 -4
leaf_value=-0.004596078304952669 0 0.02746538468356801 0.010102113411394473
leaf_weight=1285.6478422931541 543.1432852181315 105.35212737659458 280.39427831170906
leaf_count=30533 21776 2001 4537
internal_value=-2.71213e-05 0.00445115 -0.00192262
internal_weight=2214.54 648.495 1566.04
internal_count=58847 23777 35070
is_linear=0
shrinkage=0.0321881


Tree=404
num_leaves=4
num_cat=2
split_feature=41 1 42
split_gain=19.1372 20.8354 19.985
threshold=0 20.56984341937029 1
decision_type=9 2 9
left_child=1 -1 -2
right_child=2 -3 -4
leaf_value=-0.0033744919976409177 0.014240894217579901 0.027026095218510609 -0.0010787634317664804
leaf_weight=33.032845836976776 81.768479769991245 58.613233628682792 2022.6531464174914
leaf_count=514 1162 511 56345
internal_value=0.000242116 0.0138839 -0.000387332
internal_weight=2196.07 91.6461 2104.42
internal_count=58532 1025 57507
cat_boundaries=0 1 2
cat_threshold=512 131668
is_linear=0
shrinkage=0.0321881


Tree=405
num_leaves=4
num_cat=0
split_feature=31 14 29
split_gain=17.508 23.3276 21.1259
threshold=0.48561012291674893 382.93046105068066 10.50746068591665
decision_type=2 8 2
left_child=2 -2 -1
right_child=1 -3 -4
leaf_value=0.0013626796475859548 -0.026044693732034597 0 -0.024791804792812726
leaf_weight=2017.8149607875966 59.649551409413107 77.382139789464418 32.096571215661243
leaf_count=52893 924 1133 3296
internal_value=0.000145448 -0.0109482 0.000919279
internal_weight=2186.94 137.032 2049.91
internal_count=58246 2057 56189
is_linear=0
shrinkage=0.0321881


Tree=406
num_leaves=4
num_cat=1
split_feature=9 44 24
split_gain=17.4429 16.7647 20.7121
threshold=27.713620198194171 0 312.32637894030364
decision_type=10 9 2
left_child=1 -1 -3
right_child=-2 2 -4
leaf_value=-0.021546074810537295 -0.029056469083592055 0.00033661388095621963 0.01531027389959156
leaf_weight=24.121166932294727 20.325285792525392 2051.0554848014872 100.81889727152884
leaf_count=8105 430 48605 1367
internal_value=0.000380706 0.000688071 0.00106441
internal_weight=2196.32 2176 2151.87
internal_count=58507 58077 49972
cat_boundaries=0 1
cat_threshold=1589504
is_linear=0
shrinkage=0.0321881


Tree=407
num_leaves=4
num_cat=0
split_feature=21 1 6
split_gain=16.112 37.4044 27.4557
threshold=138.25589610077867 11.348056577065906 134.26180404365746
decision_type=2 2 2
left_child=1 -1 -2
right_child=2 -3 -4
leaf_value=-0.020628249696838779 0.00096112301330566563 -0.00081016945991369644 0.021249473056640725
leaf_weight=115.24081807117909 1342.4001856756513 673.09371212869883 73.325460708583705
leaf_count=17004 27412 13409 1039
internal_value=0 -0.00368063 0.00206029
internal_weight=2204.06 788.335 1415.73
internal_count=58864 30413 28451
is_linear=0
shrinkage=0.0321881


Tree=408
num_leaves=4
num_cat=0
split_feature=10 10 21
split_gain=18.6011 19.3664 75.8884
threshold=3026.2766113168218 11631.531159539465 39.305638124534013
decision_type=2 2 2
left_child=-1 2 -2
right_child=1 -3 -4
leaf_value=-0.017422428542861523 -0.022828813397239894 -0.0034902951189388636 0.0051617114808934139
leaf_weight=59.419217268397915 107.86555781785137 715.97465763254149 1311.1953487524879
leaf_count=2311 8722 20982 26351
internal_value=0.000260245 0.000784071 0.00298576
internal_weight=2194.45 2135.04 1419.06
internal_count=58366 56055 35073
is_linear=0
shrinkage=0.0321881


Tree=409
num_leaves=4
num_cat=0
split_feature=14 15 17
split_gain=17.2757 38.8378 34.6221
threshold=611.93838648879171 1.0079541635871649 6.0438289960613334
decision_type=10 10 10
left_child=2 -2 -1
right_child=1 -3 -4
leaf_value=-0.00031682513211162439 -0.0087452992598600759 0.029715271456403104 -0.026191622636781653
leaf_weight=2028.9949680239297 46.339218650595285 59.373083893209696 54.999378476641141
leaf_count=44677 822 960 12110
internal_value=-0.000360433 0.012273 -0.00103316
internal_weight=2189.71 105.712 2083.99
internal_count=58569 1782 56787
is_linear=0
shrinkage=0.0321881


Tree=410
num_leaves=4
num_cat=2
split_feature=16 41 44
split_gain=16.646 19.2784 45.5424
threshold=44.39705238490923 0 1
decision_type=8 9 9
left_child=-1 2 -2
right_child=1 -3 -4
leaf_value=-0.015529945360512856 -0.0016545405983919093 -0.0016124713137284285 0.015687627408750494
leaf_weight=70.189608250948368 395.31178023739631 1487.2653815552621 244.53581601085898
leaf_count=4557 17616 32292 4240
internal_value=-0.000112085 0.000368401 0.00501795
internal_weight=2197.3 2127.11 639.848
internal_count=58705 54148 21856
cat_boundaries=0 1 2
cat_threshold=538 1852689
is_linear=0
shrinkage=0.0321881


Tree=411
num_leaves=4
num_cat=0
split_feature=38 38 1
split_gain=19.2033 159.19 45.0299
threshold=0.9586772049349751 0.10213342004371834 11.916634794828534
decision_type=2 2 2
left_child=1 2 -1
right_child=-2 -3 -4
leaf_value=-0.011500997933312388 -0.0086643946993969698 0.049420517547919554 0.0015944749251286226
leaf_weight=327.88666149505298 234.81484004535014 67.90514050348429 1575.4744215902174
leaf_count=31638 4225 970 21891
internal_value=2.73137e-06 0.00106837 -0.000629137
internal_weight=2206.08 1971.27 1903.36
internal_count=58724 54499 53529
is_linear=0
shrinkage=0.0321881


Tree=412
num_leaves=4
num_cat=0
split_feature=7 4 17
split_gain=18.576 21.2525 53.3308
threshold=25533.865995892553 1437.8287208841259 2.6649942912362889
decision_type=2 2 10
left_child=1 -1 -3
right_child=-2 2 -4
leaf_value=-0.0013072457565026791 -0.018944848741009022 0.037617808328889203 0.0023278684577368852
leaf_weight=1721.314681432872 53.194890520011541 50.950496925681364 375.80824283353286
leaf_count=44788 1371 1044 11238
internal_value=-0.000180836 0.000256226 0.00670882
internal_weight=2201.27 2148.07 426.759
internal_count=58441 57070 12282
is_linear=0
shrinkage=0.0321881


Tree=413
num_leaves=4
num_cat=0
split_feature=33 21 32
split_gain=16.5087 34.3015 36.9829
threshold=-0.46368607740685081 85.376091258863212 -0.31172031734068334
decision_type=2 2 2
left_child=1 -1 -3
right_child=-2 2 -4
leaf_value=-0.01690099625203181 0.0033076807033498002 -0.0062716116220306282 0.0046484130553290344
leaf_weight=154.56114683004853 751.52019850377837 643.58782827181858 637.80624905737932
leaf_count=7365 22957 13407 14910
internal_value=-0.000520136 -0.00256802 -0.000786683
internal_weight=2187.48 1435.96 1281.39
internal_count=58639 35682 28317
is_linear=0
shrinkage=0.0321881


Tree=414
num_leaves=4
num_cat=0
split_feature=31 31 14
split_gain=17.948 15.3242 22.5467
threshold=-0.98109568993028373 0.48561012291674893 373.85768219411585
decision_type=2 2 8
left_child=-1 -2 -3
right_child=1 2 -4
leaf_value=-0.0087462058433223685 0.001756558346693714 -0.02512610935023523 0.00058126178177234176
leaf_weight=219.4396067218695 1845.3362826733937 55.685964946460444 83.636168154975167
leaf_count=10396 46314 869 1222
internal_value=0 0.000949916 -0.0092626
internal_weight=2204.1 1984.66 139.322
internal_count=58801 48405 2091
is_linear=0
shrinkage=0.0321881


Tree=415
num_leaves=4
num_cat=1
split_feature=3 44 33
split_gain=17.3413 18.6617 18.2577
threshold=68.27278026214195 0 -0.62312731716042757
decision_type=2 9 2
left_child=-1 2 -2
right_child=1 -3 -4
leaf_value=-0.014582457965055765 -0.0012961213658311576 -0.018610807387681217 0.0047346200852898144
leaf_weight=77.450168734081672 1151.7069937509077 39.111444691297947 932.04359667625977
leaf_count=1395 25848 8765 22850
internal_value=0.000308365 0.000883206 0.0013645
internal_weight=2200.31 2122.86 2083.75
internal_count=58858 57463 48698
cat_boundaries=0 1
cat_threshold=406087
is_linear=0
shrinkage=0.0321881


Tree=416
num_leaves=4
num_cat=1
split_feature=43 5 16
split_gain=20.1937 45.9221 31.2186
threshold=0 2.7584931222708415 89.581534859258838
decision_type=9 2 8
left_child=1 2 -1
right_child=-2 -3 -4
leaf_value=-0.0070507349573117068 -0.00061139291951928037 -0.01159435936716996 0.02346845362255617
leaf_weight=40.371596320081153 1900.6498265876726 78.526694896805566 161.29362887202296
leaf_count=4243 48617 2702 3001
internal_value=0.000564838 0.00848384 0.0170422
internal_weight=2180.84 280.192 201.665
internal_count=58563 9946 7244
cat_boundaries=0 1
cat_threshold=16
is_linear=0
shrinkage=0.0321881


Tree=417
num_leaves=4
num_cat=1
split_feature=22 5 44
split_gain=16.5763 19.9747 37.9215
threshold=869.11161440286025 1.1423667902000105 0
decision_type=2 2 9
left_child=1 2 -1
right_child=-2 -3 -4
leaf_value=0.0021352798626061856 0.019272957576471128 0.0024378704183554531 -0.010039191220857438
leaf_weight=533.59147881442914 44.33299884950975 1098.0542748892185 502.00563974838587
leaf_count=14567 668 28237 15015
internal_value=-0.000116475 -0.000551293 -0.00378206
internal_weight=2177.98 2133.65 1035.6
internal_count=58487 57819 29582
cat_boundaries=0 1
cat_threshold=393286
is_linear=0
shrinkage=0.0321881


Tree=418
num_leaves=4
num_cat=0
split_feature=14 17 15
split_gain=16.6979 32.4848 31.7161
threshold=611.93838648879171 5.9030886112485303 1.0112573418165991
decision_type=10 10 10
left_child=1 -1 -2
right_child=2 -3 -4
leaf_value=6.1487920208052203e-05 -0.0067774823239933248 -0.020697212377322624 0.02763386108778014
leaf_weight=1984.0900648560782 46.116775626200251 80.830823675729334 61.256792852771468
leaf_count=42377 842 14156 964
internal_value=-4.92621e-05 -0.000722546 0.01228
internal_weight=2172.29 2064.92 107.374
internal_count=58339 56533 1806
is_linear=0
shrinkage=0.0321881


Tree=419
num_leaves=4
num_cat=1
split_feature=16 2 44
split_gain=15.3057 19.1883 17.4288
threshold=50.441412529995603 45.431391299052663 0
decision_type=8 2 9
left_child=1 -1 -2
right_child=2 -3 -4
leaf_value=-0.022783769520866404 0.0085285932440571886 0.0055318563529905135 -0.00074750220790194733
leaf_weight=66.647149749733217 225.8192126241629 34.368552813539281 1848.7331615826624
leaf_count=6880 15149 435 36003
internal_value=-0.000296489 -0.0125305 0.000269883
internal_weight=2175.57 101.016 2074.55
internal_count=58467 7315 51152
cat_boundaries=0 1
cat_threshold=401476
is_linear=0
shrinkage=0.0321881


Tree=420
num_leaves=4
num_cat=0
split_feature=14 17 15
split_gain=16.4824 28.4964 25.6249
threshold=611.93838648879171 5.9030886112485303 1.0079541635871649
decision_type=10 10 10
left_child=1 -1 -2
right_child=2 -3 -4
leaf_value=0.00027460401817429265 -0.0050838898178962736 -0.019513318138536479 0.025856941351669452
leaf_weight=2004.3797752049431 44.232016537745949 77.952815832170018 62.790136225987226
leaf_count=42623 832 14290 987
internal_value=0.000166539 -0.000437715 0.0124924
internal_weight=2189.35 2082.33 107.022
internal_count=58732 56913 1819
is_linear=0
shrinkage=0.0321881


Tree=421
num_leaves=4
num_cat=0
split_feature=23 33 5
split_gain=17.4327 22.7605 20.3096
threshold=4.2201615384871056 0.083783993665815196 5.9282675873714767
decision_type=2 2 2
left_child=1 -1 -2
right_child=2 -3 -4
leaf_value=-0.011197901399965345 0.0010085943786712732 -0.0018941848740203007 0.027796047770958367
leaf_weight=337.01850874507363 1661.9636709460319 163.73601540885284 29.891713449265808
leaf_count=11755 36741 9541 488
internal_value=-9.02566e-06 -0.00531171 0.00152334
internal_weight=2192.61 500.755 1691.86
internal_count=58525 21296 37229
is_linear=0
shrinkage=0.0321881


Tree=422
num_leaves=4
num_cat=1
split_feature=44 30 5
split_gain=16.0451 16.3754 42.0985
threshold=0 0.78931894937218694 2.2581536040923682
decision_type=9 2 2
left_child=-1 -2 -3
right_child=1 2 -4
leaf_value=-0.019901878885699911 0.0022035939995271449 -0.010969236619846378 0.010149512883407121
leaf_weight=29.56455996054865 1683.231815856132 327.01613693209947 136.56313577482069
leaf_count=7604 42923 5824 2028
internal_value=0.000299824 0.000699298 -0.00460865
internal_weight=2176.38 2146.81 463.579
internal_count=58379 50775 7852
cat_boundaries=0 1
cat_threshold=1574144
is_linear=0
shrinkage=0.0321881


Tree=423
num_leaves=4
num_cat=1
split_feature=10 41 14
split_gain=14.7047 14.5911 18.8808
threshold=1585.512365430304 0 317.30450797594727
decision_type=2 9 10
left_child=-1 -2 -3
right_child=1 2 -4
leaf_value=-0.031287840405286482 0.012508104849371572 -0.0034735992287315966 0.0026577763347608572
leaf_weight=15.133888944270437 86.847713994473452 994.78943380668352 1086.7164517140191
leaf_count=703 1011 41653 15265
internal_value=4.68407e-05 0.000298305 -0.000240828
internal_weight=2183.49 2168.35 2081.51
internal_count=58632 57929 56918
cat_boundaries=0 1
cat_threshold=512
is_linear=0
shrinkage=0.0321881


Tree=424
num_leaves=4
num_cat=0
split_feature=29 36 25
split_gain=17.7894 20.6484 40.5491
threshold=10.735964421068987 0.90366035237626263 4.3992092656625941
decision_type=2 2 2
left_child=1 -1 -3
right_child=-2 2 -4
leaf_value=0.0076739849389442479 -0.024054958560101189 0.00013140380027880296 -0.020893297363664839
leaf_weight=336.54535660371766 31.205586834003043 1715.0109097805689 100.05339206360077
leaf_count=12672 3212 38024 4650
internal_value=0 0.00033202 -0.000995048
internal_weight=2182.82 2151.61 1815.06
internal_count=58558 55346 42674
is_linear=0
shrinkage=0.0321881


Tree=425
num_leaves=4
num_cat=0
split_feature=31 31 8
split_gain=17.2426 16.3882 22.3203
threshold=0.51775416086736592 -0.90919510015800364 543.35147675445978
decision_type=2 2 2
left_child=1 -1 -3
right_child=-2 2 -4
leaf_value=-0.004361407163215059 -0.011788480249313881 -0.0017100344235465997 0.0059395925649400327
leaf_weight=500.51820397585834 121.76162068547274 734.61499641032424 831.46983373675903
leaf_count=22513 1858 22389 11998
internal_value=-1.13823e-06 0.000663812 0.00231095
internal_weight=2188.36 2066.6 1566.08
internal_count=58758 56900 34387
is_linear=0
shrinkage=0.0321881


Tree=426
num_leaves=4
num_cat=1
split_feature=10 43 5
split_gain=15.3176 14.5563 42.7204
threshold=17534.030638826855 0 2.7584931222708415
decision_type=2 9 2
left_child=1 2 -1
right_child=-2 -3 -4
leaf_value=0.015144934593904489 0.029007813425332211 -0.0010693763409512301 -0.012808027636951115
leaf_weight=195.68692025884229 18.72129342352855 1891.5488639398245 77.202335273395875
leaf_count=7217 477 48380 2616
internal_value=0.000195992 -2.69394e-05 0.00675217
internal_weight=2183.16 2164.44 272.889
internal_count=58690 58213 9833
cat_boundaries=0 1
cat_threshold=16
is_linear=0
shrinkage=0.0321881


Tree=427
num_leaves=4
num_cat=2
split_feature=9 43 44
split_gain=15.7274 14.4886 33.8805
threshold=27.713620198194171 0 1
decision_type=10 9 9
left_child=1 2 -1
right_child=-2 -3 -4
leaf_value=-0.0014499891869008707 -0.028123763796136819 -0.00072308191621134354 0.02141317546827751
leaf_weight=169.84729338305624 20.185595825067139 1881.078267951867 97.538449852407211
leaf_count=7591 438 48149 2186
internal_value=0 0.000256774 0.00714279
internal_weight=2168.65 2148.46 267.386
internal_count=58364 57926 9777
cat_boundaries=0 1 2
cat_threshold=16 802817
is_linear=0
shrinkage=0.0321881


Tree=428
num_leaves=4
num_cat=1
split_feature=5 41 4
split_gain=15.5809 69.1971 67.5599
threshold=3.2530132664856355 0 943.47626297187128
decision_type=2 9 2
left_child=-1 -2 -3
right_child=1 2 -4
leaf_value=-0.0011268030734420578 -0.017490429372624811 0.020918275875915097 -0.02558578510094197
leaf_weight=1821.78554420203 86.426315267664904 237.91327489750256 36.100786721639452
leaf_count=51433 2933 3354 926
internal_value=5.36731e-05 0.00619361 0.0140308
internal_weight=2182.23 360.44 274.014
internal_count=58646 7213 4280
cat_boundaries=0 1
cat_threshold=72
is_linear=0
shrinkage=0.0321881


Tree=429
num_leaves=4
num_cat=1
split_feature=14 44 12
split_gain=14.889 39.662 36.355
threshold=485.29885034722111 0 40.478530102680807
decision_type=10 9 10
left_child=2 -2 -1
right_child=1 -3 -4
leaf_value=-0.00058132289967646538 0.009787177425866286 -0.022590481378314081 -0.026352334832533686
leaf_weight=1784.9518770521026 303.34100024111103 34.492876476317178 58.629955912096193
leaf_count=49340 4184 771 4428
internal_value=-0.000272349 0.00590078 -0.00143872
internal_weight=2181.42 337.834 1843.58
internal_count=58723 4955 53768
cat_boundaries=0 1
cat_threshold=7
is_linear=0
shrinkage=0.0321881


Tree=430
num_leaves=4
num_cat=0
split_feature=32 10 20
split_gain=16.0496 34.5803 34.5244
threshold=0.69414579585900704 7889.5692217050737 31.148525850505461
decision_type=2 2 2
left_child=-1 2 -2
right_child=1 -3 -4
leaf_value=0.00020747743525102868 -0.023011756836932913 -0.032869879174202733 0.048770558860279485
leaf_weight=2102.8127834954357 12.386253010452494 44.680410642213246 13.670840938226318
leaf_count=53085 1328 3820 290
internal_value=-0.000270767 -0.0153382 0.0123266
internal_weight=2173.55 70.7375 26.0571
internal_count=58523 5438 1618
is_linear=0
shrinkage=0.0321881


Tree=431
num_leaves=4
num_cat=0
split_feature=10 10 21
split_gain=14.9652 16.0537 61.9178
threshold=2884.3670159014696 12150.169173648545 41.223004653911879
decision_type=2 2 2
left_child=-1 2 -2
right_child=1 -3 -4
leaf_value=-0.018206000443043966 -0.020214539537612743 -0.0045373733592768079 0.0036215327533219831
leaf_weight=47.878671768812637 122.00695103633188 595.27124783730687 1415.8714058795595
leaf_count=2059 9922 17832 29017
internal_value=-0.000451275 -2.09361e-05 0.00168627
internal_weight=2181.03 2133.15 1537.88
internal_count=58830 56771 38939
is_linear=0
shrinkage=0.0321881


Tree=432
num_leaves=4
num_cat=0
split_feature=16 12 17
split_gain=16.8351 42.18 33.0427
threshold=165.26046881586416 34.44529265447148 5.6925430094008229
decision_type=10 10 10
left_child=2 -2 -1
right_child=1 -3 -4
leaf_value=-0.00055912714454667159 -0.0074585953831767552 0.011797758172375857 -0.020376272093454433
leaf_weight=1577.1706841543055 177.93702452152502 333.36385546397651 92.648882229383162
leaf_count=32914 3065 4922 17851
internal_value=-0.000106135 0.00497152 -0.00169954
internal_weight=2181.12 511.301 1669.82
internal_count=58752 7987 50765
is_linear=0
shrinkage=0.0321881


Tree=433
num_leaves=4
num_cat=1
split_feature=5 5 44
split_gain=18.4292 50.7495 46.9268
threshold=1.3082313823112679 1.7194199735572893 0
decision_type=2 2 9
left_child=-1 -2 -3
right_child=1 2 -4
leaf_value=-0.0026964945381757134 0.03932962158284517 0.016717704445439838 -0.0017361773407510363
leaf_weight=1219.6464717307681 38.712928122928133 164.64883355982602 753.7212271782264
leaf_count=34313 679 3526 20452
internal_value=-4.43318e-05 0.00326872 0.00166952
internal_weight=2176.73 957.083 918.37
internal_count=58970 24657 23978
cat_boundaries=0 1
cat_threshold=5700
is_linear=0
shrinkage=0.0321881


Tree=434
num_leaves=4
num_cat=0
split_feature=8 32 33
split_gain=17.9432 23.5599 21.4068
threshold=218.02015050276913 -0.23039457641767133 -0.64948490480758614
decision_type=2 2 2
left_child=1 2 -1
right_child=-2 -3 -4
leaf_value=-0.020118902509444168 0.0016060202900589785 0.0035542555387624419 -0.0036676233677447336
leaf_weight=136.4395191953663 1599.3352254932252 203.91799913422437 236.39061481309909
leaf_count=5267 34611 10864 8010
internal_value=-0.000119185 -0.0050123 -0.00986776
internal_weight=2176.08 576.748 372.83
internal_count=58752 24141 13277
is_linear=0
shrinkage=0.0321881


Tree=435
num_leaves=4
num_cat=2
split_feature=42 32 41
split_gain=20.0666 22.8042 17.4755
threshold=0 -0.76248112686997604 1
decision_type=9 2 9
left_child=1 -1 -2
right_child=2 -3 -4
leaf_value=0.0013532408579094921 0.0028518035622049302 -0.022725635965995375 -0.0038550437548367359
leaf_weight=69.936729481487419 1471.1736962600698 83.899444843249512 537.86618545661622
leaf_count=812 40336 1666 15918
internal_value=0.000106765 -0.0106867 0.00101424
internal_weight=2162.88 153.836 2009.04
internal_count=58732 2478 56254
cat_boundaries=0 1 2
cat_threshold=17440 2586
is_linear=0
shrinkage=0.0321881


Tree=436
num_leaves=4
num_cat=0
split_feature=10 12 14
split_gain=15.637 16.8079 33.2682
threshold=2884.3670159014696 39.527864276907025 411.0860069901351
decision_type=2 10 10
left_child=-1 -2 -3
right_child=1 2 -4
leaf_value=-0.017974548351825034 0.0012549462085627028 -0.026366090624308683 0.0032783065580925808
leaf_weight=48.686324329391937 1972.0232520317368 69.213916383363539 82.685089956910815
leaf_count=2124 49930 5398 1238
internal_value=0 0.000431124 -0.00983075
internal_weight=2172.61 2123.92 151.899
internal_count=58690 56566 6636
is_linear=0
shrinkage=0.0321881


Tree=437
num_leaves=4
num_cat=0
split_feature=40 40 40
split_gain=13.7137 139.048 69.6612
threshold=0.074473261388871531 0.90139418391849302 0.11055050241962891
decision_type=2 2 2
left_child=-1 2 -2
right_child=1 -3 -4
leaf_value=-0.0024954368238686471 0.0038561754251448641 -0.003039419333662979 0.057514733258353365
leaf_weight=1451.6356393345268 45.084064626775216 603.82990969854291 65.102468903816771
leaf_count=44177 1373 12227 951
internal_value=-0.000675302 0.00293556 0.0361919
internal_weight=2165.65 714.016 110.187
internal_count=58728 14551 2324
is_linear=0
shrinkage=0.0321881


Tree=438
num_leaves=4
num_cat=1
split_feature=42 4 32
split_gain=17.7623 27.2154 32.8168
threshold=0 461.14689743040191 -0.37941825886743025
decision_type=9 2 2
left_child=1 -1 -3
right_child=-2 2 -4
leaf_value=-0.001789505910723573 -0.00062833806643771415 0.0018766793406099086 0.045271629247181672
leaf_weight=77.76137596933404 2009.800702646382 39.416673285653815 39.094607278755575
leaf_count=1339 55553 809 987
internal_value=0.00017656 0.0103024 0.0243652
internal_weight=2166.07 156.273 78.5113
internal_count=58688 3135 1796
cat_boundaries=0 1
cat_threshold=393812
is_linear=0
shrinkage=0.0321881


Tree=439
num_leaves=4
num_cat=1
split_feature=14 17 44
split_gain=16.4052 28.0198 25.3325
threshold=290.03175749903522 5.670645597045616 0
decision_type=8 10 9
left_child=1 -1 -2
right_child=2 -3 -4
leaf_value=-0.0015437554950734032 0.020349011611319488 -0.024894768085937106 0.0013213010428023621
leaf_weight=795.30130161598208 68.015574309742078 57.678023966385808 1257.511021991013
leaf_count=21716 1182 17574 18389
internal_value=0.000245026 -0.00320387 0.00251261
internal_weight=2178.51 852.979 1325.53
internal_count=58861 39290 19571
cat_boundaries=0 1
cat_threshold=143364
is_linear=0
shrinkage=0.0321881


Tree=440
num_leaves=4
num_cat=0
split_feature=14 12 2
split_gain=17.0103 35.1411 31.4339
threshold=491.41393098251666 40.825017274738038 21.629754106792351
decision_type=10 10 2
left_child=1 -1 -2
right_child=2 -3 -4
leaf_value=-0.00015836156110084462 -0.018796745502343056 -0.028315190916455759 0.010978930514706881
leaf_weight=1791.0267479908143 40.600937786250142 47.047951827684301 284.78092252835631
leaf_count=49689 792 4041 4021
internal_value=0.000253244 -0.000917278 0.00705696
internal_weight=2163.46 1838.07 325.382
internal_count=58543 53730 4813
is_linear=0
shrinkage=0.0321881


Tree=441
num_leaves=4
num_cat=1
split_feature=33 32 44
split_gain=15.3712 29.9112 41.7692
threshold=-0.46368607740685081 -0.38860676726476989 0
decision_type=2 2 9
left_child=1 2 -1
right_child=-2 -3 -4
leaf_value=0.031802764383744991 0.0033580334221745048 0.0015715139928501615 -0.0094762029689020554
leaf_weight=16.453671974450117 755.28106718603522 829.68065216945251 578.30079896352254
leaf_count=1077 22994 21906 12629
internal_value=-0.000319229 -0.00231397 -0.00783973
internal_weight=2179.72 1424.44 594.754
internal_count=58606 35612 13706
cat_boundaries=0 1
cat_threshold=140288
is_linear=0
shrinkage=0.0321881


Tree=442
num_leaves=4
num_cat=0
split_feature=31 14 10
split_gain=15.9086 18.3242 15.9808
threshold=0.48561012291674893 373.85768219411585 2884.3670159014696
decision_type=2 8 2
left_child=2 -2 -1
right_child=1 -3 -4
leaf_value=-0.017567578414411273 -0.024579521451458034 0 0.0014869739673466114
leaf_weight=46.055462552751123 55.237978956283769 79.633548341167625 1988.7299421803255
leaf_count=2055 887 1166 54690
internal_value=0.000283787 -0.0103703 0.0010224
internal_weight=2169.66 134.872 2034.79
internal_count=58798 2053 56745
is_linear=0
shrinkage=0.0321881


Tree=443
num_leaves=4
num_cat=1
split_feature=13 41 32
split_gain=14.064 16.1491 32.6223
threshold=41.693086557700603 0 -0.73351621586389937
decision_type=10 9 2
left_child=1 -1 -3
right_child=-2 2 -4
leaf_value=0.0019787613385704398 -0.016827488773739137 0.0038955837405703214 -0.01068428961159207
leaf_weight=1482.5492779593042 51.662321687959775 278.943825669543 355.83919796446571
leaf_count=33846 8815 5085 10767
internal_value=-0.000263975 0.00011193 -0.00411329
internal_weight=2168.99 2117.33 634.783
internal_count=58513 49698 15852
cat_boundaries=0 1
cat_threshold=2584
is_linear=0
shrinkage=0.0321881


Tree=444
num_leaves=4
num_cat=1
split_feature=3 44 12
split_gain=14.7642 14.7842 14.7896
threshold=64.703794093838027 0 35.154787267797374
decision_type=2 9 8
left_child=-1 -2 -3
right_child=1 2 -4
leaf_value=-0.015366129886056186 -0.015286669209842178 -0.00063014771203289766 0.0053577972512262387
leaf_weight=61.354149863342172 48.208398707436572 1440.7610436931645 599.34824316533195
leaf_count=1153 7557 33529 16333
internal_value=0.000127206 0.000614584 0.00109285
internal_weight=2149.67 2088.32 2040.11
internal_count=58572 57419 49862
cat_boundaries=0 1
cat_threshold=1581328
is_linear=0
shrinkage=0.0321881


Tree=445
num_leaves=4
num_cat=1
split_feature=42 17 16
split_gain=19.8101 24.5368 18.0283
threshold=0 5.0914253233942253 48.249529704781771
decision_type=9 10 10
left_child=1 -1 -2
right_child=2 -3 -4
leaf_value=0.027609027370713878 -0.013527283770771935 -0.0074177532085700267 0.00024328686219628979
leaf_weight=60.731663195881993 103.12743054670136 27.531310753984144 1971.014911346334
leaf_count=767 7248 507 50031
internal_value=0.000228865 0.0143514 -0.000410178
internal_weight=2162.41 88.263 2074.14
internal_count=58553 1274 57279
cat_boundaries=0 1
cat_threshold=131588
is_linear=0
shrinkage=0.0321881


Tree=446
num_leaves=4
num_cat=0
split_feature=33 10 10
split_gain=16.3973 34.5892 50.0079
threshold=-0.62312731716042757 7728.4001516052458 10190.360574226934
decision_type=2 2 2
left_child=1 -1 -3
right_child=-2 2 -4
leaf_value=-0.011777818003907857 0.0032360613914158196 0.010731394921120267 -0.004932196368157421
leaf_weight=305.56011017887795 953.94683715794963 330.50701368855516 581.10016269383777
leaf_count=8157 27307 7209 16019
internal_value=4.8153e-05 -0.00239817 0.000678166
internal_weight=2171.11 1217.17 911.607
internal_count=58692 31385 23228
is_linear=0
shrinkage=0.0321881


Tree=447
num_leaves=4
num_cat=0
split_feature=29 36 22
split_gain=15.363 19.8484 45.8112
threshold=10.735964421068987 0.81528568745293051 457.13264603172314
decision_type=2 2 2
left_child=1 2 -1
right_child=-2 -3 -4
leaf_value=0.0046633285676553641 -0.023044158124476875 -0.00093465933409582957 0.059864789815880795
leaf_weight=287.00854386585706 29.393859914714994 1842.3269936509241 16.603983030072413
leaf_count=11620 3196 43479 323
internal_value=0 0.000291463 0.00793614
internal_weight=2175.33 2145.94 303.613
internal_count=58618 55422 11943
is_linear=0
shrinkage=0.0321881


Tree=448
num_leaves=4
num_cat=0
split_feature=9 5 7
split_gain=19.0903 17.4545 32.2704
threshold=27.713620198194171 5.9282675873714767 23019.147265529198
decision_type=10 2 2
left_child=1 2 -1
right_child=-2 -3 -4
leaf_value=0.001041556312463252 -0.030956316299408447 0.024263061488267283 -0.02489507664788158
leaf_weight=2062.8659917268669 19.524246866028989 32.146872208832065 50.611379748210311
leaf_count=55895 431 694 1417
internal_value=0.000458703 0.000777634 0.000387598
internal_weight=2165.15 2145.62 2113.48
internal_count=58437 58006 57312
is_linear=0
shrinkage=0.0321881


Tree=449
num_leaves=4
num_cat=0
split_feature=32 23 33
split_gain=16.0013 47.2426 41.0735
threshold=-0.14660254688184424 48.365516675530799 -0.6626658399506733
decision_type=2 2 2
left_child=2 -2 -1
right_child=1 -3 -4
leaf_value=-0.0080957356609899743 7.8476196089356516e-05 0.022378397970986483 0.0026513604723502632
leaf_weight=604.95463073237624 510.19940475346084 123.48673807934392 930.45905291801319
leaf_count=14431 21332 2454 20550
internal_value=0.000203117 0.00453129 -0.00154213
internal_weight=2169.1 633.686 1535.41
internal_count=58767 23786 34981
is_linear=0
shrinkage=0.0321881


Tree=450
num_leaves=4
num_cat=0
split_feature=3 14 12
split_gain=15.9516 14.9404 25.5029
threshold=68.27278026214195 306.29813345161637 40.331047989411566
decision_type=2 8 10
left_child=-1 2 -2
right_child=1 -3 -4
leaf_value=-0.014434910845335431 -0.0013696089676291481 0.003024872399276699 -0.031222090016300195
leaf_weight=75.691956049806322 889.66986543504026 1166.9878240377584 30.805219367932295
leaf_count=1422 36105 17126 4038
internal_value=2.56876e-05 0.000582121 -0.00244563
internal_weight=2163.15 2087.46 920.475
internal_count=58691 57269 40143
is_linear=0
shrinkage=0.0321881


Tree=451
num_leaves=4
num_cat=0
split_feature=21 15 7
split_gain=14.6324 32.1404 28.4502
threshold=135.56820862875512 1.1890427749063084 3663.1434815508646
decision_type=2 8 2
left_child=1 -1 -2
right_child=2 -3 -4
leaf_value=-0.0012585038661828776 -0.00076208466695274889 -0.023795238468816971 0.0085157868867196274
leaf_weight=683.47646574188548 944.12258710150491 73.360043822103762 469.52292055901489
leaf_count=17586 19943 12270 8930
internal_value=4.71712e-05 -0.00353388 0.00200971
internal_weight=2170.48 756.837 1413.65
internal_count=58729 29856 28873
is_linear=0
shrinkage=0.0321881


Tree=452
num_leaves=4
num_cat=1
split_feature=21 44 10
split_gain=16.1026 28.4622 29.4073
threshold=271.93020559069799 0 8997.614292857661
decision_type=2 9 2
left_child=-1 2 -2
right_child=1 -3 -4
leaf_value=-0.0013782910999942766 0.0020778290233957907 0.0020778290233957907 0.023324171136372151
leaf_weight=1727.7526193863814 51.974986375658773 237.12639701765147 148.24796240907745
leaf_count=49214 1379 4566 3452
internal_value=0 0.00553395 0.0148884
internal_weight=2165.1 437.349 200.223
internal_count=58611 9397 4831
cat_boundaries=0 1
cat_threshold=402450
is_linear=0
shrinkage=0.0321881


Tree=453
num_leaves=4
num_cat=0
split_feature=31 23 10
split_gain=17.1323 14.3406 15.3882
threshold=-0.98109568993028373 0.63590716030893069 12150.169173648545
decision_type=2 2 2
left_child=-1 -2 -3
right_child=1 2 -4
leaf_value=-0.0084240887945558826 -0.0063773125537781774 0.004068413193555007 -0.0021007865885644991
leaf_weight=215.24649963500997 227.65361938666319 1247.709656952713 462.59746482966148
leaf_count=10360 9706 26751 11571
internal_value=0.00015126 0.00113749 0.00217574
internal_weight=2153.21 1937.96 1710.31
internal_count=58388 48028 38322
is_linear=0
shrinkage=0.0321881


Tree=454
num_leaves=4
num_cat=0
split_feature=30 5 10
split_gain=17.1943 38.396 48.3084
threshold=0.78931894937218694 2.2165721628880646 7673.6754544329906
decision_type=2 2 2
left_child=-1 -2 -3
right_child=1 2 -4
leaf_value=0.0013444116976149985 -0.01176187580633521 -0.028653477093918824 0.018160267551732553
leaf_weight=1706.5517301449872 325.28834908121644 27.75721521115338 110.66620596793655
leaf_count=50196 6312 530 1658
internal_value=-0.000119128 -0.00564047 0.00828072
internal_weight=2170.26 463.712 138.423
internal_count=58696 8500 2188
is_linear=0
shrinkage=0.0321881


Tree=455
num_leaves=4
num_cat=0
split_feature=36 36 25
split_gain=16.7519 44.6346 35.3519
threshold=0.81528568745293051 0.090802212369891874 4.2840564713091593
decision_type=2 2 2
left_child=1 -1 -2
right_child=2 -3 -4
leaf_value=0.0020973196606479689 -0.00038180261384253224 0.041539778674471416 -0.019377870662985606
leaf_weight=293.36748268162046 1730.1836902036302 33.480829263295163 108.19786514322914
leaf_count=14460 38605 705 4929
internal_value=-0.000314856 0.00635952 -0.00153681
internal_weight=2165.23 326.848 1838.38
internal_count=58699 15165 43534
is_linear=0
shrinkage=0.0321881


Tree=456
num_leaves=4
num_cat=2
split_feature=9 42 43
split_gain=15.0258 24.0099 20.6358
threshold=27.713620198194171 0 1
decision_type=10 9 9
left_child=1 -1 -3
right_child=-2 2 -4
leaf_value=0.016655293128208345 -0.028636021521943705 0.0076980236146719089 -0.0020169525121112534
leaf_weight=74.853678934072377 19.066242141940165 247.23077584245766 1811.5845714922616
leaf_count=999 440 9548 47681
internal_value=-0.000355044 -6.93275e-05 -0.00078724
internal_weight=2152.74 2133.67 2058.82
internal_count=58668 58228 57229
cat_boundaries=0 1 2
cat_threshold=516 16
is_linear=0
shrinkage=0.0321881


Tree=457
num_leaves=4
num_cat=0
split_feature=10 21 16
split_gain=15.4435 60.9745 50.1894
threshold=12150.169173648545 46.382217080260439 215.31201735314903
decision_type=2 2 8
left_child=1 -1 -2
right_child=2 -3 -4
leaf_value=-0.018844656535159151 -0.0076996053218978929 0.0033264504439464702 0.02657994013140685
leaf_weight=140.50570551613055 537.93385945002228 1435.2189985905716 47.360579042811878
leaf_count=10850 16687 29892 1194
internal_value=-0.000320251 0.00130652 -0.00480738
internal_weight=2161.02 1575.72 585.294
internal_count=58623 40742 17881
is_linear=0
shrinkage=0.0321881


Tree=458
num_leaves=4
num_cat=1
split_feature=9 42 4
split_gain=14.7486 17.7241 27.7878
threshold=32.494551930331987 0 549.55710858570285
decision_type=10 9 2
left_child=1 2 -1
right_child=-2 -3 -4
leaf_value=-0.0011442331242987516 -0.030853116891623986 -0.00021132584246404644 0.035843768358513897
leaf_weight=39.235743356810417 15.548311581369488 2075.0657452202868 38.421285128453746
leaf_count=514 372 57456 522
internal_value=0.00010224 0.000358774 0.0145266
internal_weight=2168.27 2152.72 77.657
internal_count=58864 58492 1036
cat_boundaries=0 1
cat_threshold=131588
is_linear=0
shrinkage=0.0321881


Tree=459
num_leaves=4
num_cat=0
split_feature=8 16 1
split_gain=16.8776 37.1939 47.4317
threshold=503.70425237292721 91.974060363971844 4.8475256227508687
decision_type=2 8 2
left_child=1 -1 -3
right_child=-2 2 -4
leaf_value=-0.02401348866370797 0.0025827556000605533 0.024508845716103757 -0.003340771790992742
leaf_weight=81.305280175663938 1143.9549830842807 67.942781190242385 856.78510618014843
leaf_count=19744 19985 6065 12721
internal_value=-6.10915e-05 -0.00313059 -0.00121995
internal_weight=2149.99 1006.03 924.728
internal_count=58515 38530 18786
is_linear=0
shrinkage=0.0321881


Tree=460
num_leaves=4
num_cat=1
split_feature=9 42 13
split_gain=15.1506 15.0477 18.2021
threshold=24.41004946372 0 30.784843335356673
decision_type=10 9 10
left_child=1 2 -1
right_child=-2 -3 -4
leaf_value=0.025964555948276014 -0.028747797689405701 -0.00036510548121822966 -0.0041391055326372864
leaf_weight=52.592466823116411 18.69042170146713 2072.6831816177073 28.886192244128324
leaf_count=656 441 57217 440
internal_value=-5.39098e-05 0.000168621 0.0129471
internal_weight=2172.85 2154.16 81.4787
internal_count=58754 58313 1096
cat_boundaries=0 1
cat_threshold=131668
is_linear=0
shrinkage=0.0321881


Tree=461
num_leaves=4
num_cat=1
split_feature=32 41 33
split_gain=13.7123 40.0474 36.3545
threshold=-0.12885385513776035 0 -0.62312731716042757
decision_type=2 9 2
left_child=2 -2 -1
right_child=1 -3 -4
leaf_value=-0.0074962553602593816 0.015580043691528137 -0.001753897932468411 0.0024931060748406429
leaf_weight=668.77593814489592 192.58209035988693 416.30842806930741 853.46388712191401
leaf_count=16151 9374 13753 19203
internal_value=-0.000192937 0.00385489 -0.00185424
internal_weight=2131.13 608.891 1522.24
internal_count=58481 23127 35354
cat_boundaries=0 1
cat_threshold=536
is_linear=0
shrinkage=0.0321881


Tree=462
num_leaves=4
num_cat=1
split_feature=8 16 44
split_gain=15.2779 23.2907 21.1931
threshold=218.02015050276913 85.507298290856525 0
decision_type=2 8 9
left_child=1 -1 -3
right_child=-2 2 -4
leaf_value=-0.029121133463682135 0.0017383012832933406 0.0046960862017313577 -0.0080258018596823019
leaf_weight=37.203677523000806 1586.761380379241 225.22824954499083 303.29701721713354
leaf_count=11894 34744 5356 6898
internal_value=9.01541e-05 -0.00441884 -0.00254728
internal_weight=2152.49 565.729 528.525
internal_count=58892 24148 12254
cat_boundaries=0 1
cat_threshold=397382
is_linear=0
shrinkage=0.0321881


Tree=463
num_leaves=4
num_cat=0
split_feature=14 12 10
split_gain=14.7384 27.428 25.0163
threshold=314.54350900885157 39.527864276907025 16708.86545793563
decision_type=10 10 2
left_child=1 -1 -2
right_child=2 -3 -4
leaf_value=-0.0017891677093529359 0.0015582581334299783 -0.028327223990102592 0.033197719667177744
leaf_weight=973.82155144686112 1120.1677065378753 42.438362128559675 26.578526050609071
leaf_count=37456 15813 4971 365
internal_value=-0.000116418 -0.00296638 0.00235382
internal_weight=2163.01 1016.26 1146.75
internal_count=58605 42427 16178
is_linear=0
shrinkage=0.0321881


Tree=464
num_leaves=4
num_cat=0
split_feature=29 29 28
split_gain=12.9324 16.1695 22.6164
threshold=10.735964421068987 9.5240076245641987 0.40057434697417799
decision_type=2 2 2
left_child=1 2 -1
right_child=-2 -3 -4
leaf_value=-0.0070219218556884051 -0.02206969724365514 0.0097111840233885423 0.00098114848100231875
leaf_weight=482.03747816711621 28.062696268076252 158.91539336593996 1482.8451643412991
leaf_count=21632 3252 2792 30951
internal_value=-0.000439889 -0.000121667 -0.000950414
internal_weight=2151.86 2123.8 1964.88
internal_count=58627 55375 52583
is_linear=0
shrinkage=0.0321881


Tree=465
num_leaves=4
num_cat=1
split_feature=42 4 14
split_gain=14.9494 31.3539 16.72
threshold=0 869.53883262331726 611.93838648879171
decision_type=9 2 10
left_child=1 -1 -2
right_child=2 -3 -4
leaf_value=0 -0.0013836482048813811 0.038433183144990647 0.012251965488402509
leaf_weight=57.949634983844589 1952.7797333659837 32.642875693069072 97.057043740001973
leaf_count=874 55683 444 1638
internal_value=-8.14009e-05 0.0119866 -0.000702184
internal_weight=2140.43 90.5925 2049.84
internal_count=58639 1318 57321
cat_boundaries=0 1
cat_threshold=131604
is_linear=0
shrinkage=0.0321881


Tree=466
num_leaves=4
num_cat=0
split_feature=7 38 38
split_gain=13.8615 13.583 131.016
threshold=27470.741187523894 0.9586772049349751 0.10213342004371834
decision_type=2 2 2
left_child=1 2 -1
right_child=-2 -3 -4
leaf_value=-0.00062951392326332739 -0.01932689326863854 -0.0075151801601684763 0.046721384720631198
leaf_weight=1832.1731914180891 38.852378034964204 221.76070582063403 62.318457520275842
leaf_count=52618 1137 4127 926
internal_value=-0.000333299 0 0.000900105
internal_weight=2155.1 2116.25 1894.49
internal_count=58808 57671 53544
is_linear=0
shrinkage=0.0321881


Tree=467
num_leaves=4
num_cat=2
split_feature=41 44 1
split_gain=15.0377 44.0523 52.9903
threshold=0 1 16.890403004372427
decision_type=9 9 2
left_child=1 -1 -3
right_child=-2 2 -4
leaf_value=0.015278170055583472 -0.001415385902222312 -0.012539959284373701 0.012133364304721238
leaf_weight=231.8683798887796 1543.9688089673509 219.71623570256634 151.19536334334407
leaf_count=4451 35106 17165 1783
internal_value=0.00023969 0.00453186 -0.0022488
internal_weight=2146.75 602.78 370.912
internal_count=58505 23399 18948
cat_boundaries=0 1 2
cat_threshold=522 135750
is_linear=0
shrinkage=0.0321881


Tree=468
num_leaves=4
num_cat=0
split_feature=25 36 22
split_gain=13.9338 12.8524 46.4312
threshold=27.435378613304703 0.81528568745293051 457.13264603172314
decision_type=2 2 2
left_child=1 2 -1
right_child=-2 -3 -4
leaf_value=0.0031748820161503549 -0.028802796211357028 -0.00077570285463276036 0.060098684305610106
leaf_weight=294.49525966752844 17.03947025537127 1830.4030734624539 15.670095628360285
leaf_count=11552 5102 41913 316
internal_value=0 0.000220338 0.00629965
internal_weight=2157.61 2140.57 310.165
internal_count=58883 53781 11868
is_linear=0
shrinkage=0.0321881


Tree=469
num_leaves=4
num_cat=0
split_feature=38 38 24
split_gain=17.8814 115.412 29.7345
threshold=0.9586772049349751 0.10213342004371834 322.14705216959044
decision_type=2 2 2
left_child=1 -1 -2
right_child=2 -3 -4
leaf_value=-0.00042831921560171793 -0.0144354253312919 0.043608601658165748 0.015026811649980683
leaf_weight=1855.9291119695336 181.60973065145663 63.471009312546812 41.926844889065251
leaf_count=53360 3577 926 572
internal_value=0 0.000999924 -0.00861475
internal_weight=2142.94 1919.4 223.537
internal_count=58435 54286 4149
is_linear=0
shrinkage=0.0321881


Tree=470
num_leaves=4
num_cat=0
split_feature=22 38 38
split_gain=15.6692 18.1398 41.7202
threshold=869.11161440286025 0.9586772049349751 0.058984633677276639
decision_type=2 2 2
left_child=1 2 -1
right_child=-2 -3 -4
leaf_value=-0.0010406122856931271 0.018904811258110766 -0.0096402733872751386 0.0091579695891825831
leaf_weight=1824.5805848972414 43.30206295469543 207.20639932487393 84.240009836736135
leaf_count=52632 674 3925 1574
internal_value=-0.000166431 -0.000588872 0.000361387
internal_weight=2159.33 2116.03 1908.82
internal_count=58805 58131 54206
is_linear=0
shrinkage=0.0321881


Tree=471
num_leaves=4
num_cat=0
split_feature=22 11 15
split_gain=12.6828 32.4156 30.383
threshold=503.41662997273789 31.000584204669199 1.2639314701401905
decision_type=2 8 8
left_child=2 -2 -1
right_child=1 -3 -4
leaf_value=-0.0006700491054591227 0.0025469992118389356 0.048224775244599866 -0.020817341641535776
leaf_weight=1632.8463098303437 404.32216651376802 16.825553071743343 81.754107302636839
leaf_count=32817 8944 752 15859
internal_value=-0.000413927 0.00454915 -0.00167058
internal_weight=2135.75 421.148 1714.6
internal_count=58372 9696 48676
is_linear=0
shrinkage=0.0321881


Tree=472
num_leaves=4
num_cat=0
split_feature=16 2 3
split_gain=16.8321 26.4001 15.8143
threshold=62.911963049321649 29.203247313443939 81.747959414850598
decision_type=8 2 2
left_child=1 -1 -2
right_child=2 -3 -4
leaf_value=-0.026088091508898559 -0.0090718429140257788 0 0.0022713473054926537
leaf_weight=60.491431264781568 134.95032282962347 113.7609145056922 1829.3828840631795
leaf_count=13547 2456 1506 41203
internal_value=0.000579831 -0.00895048 0.00145865
internal_weight=2138.59 174.252 1964.33
internal_count=58712 15053 43659
is_linear=0
shrinkage=0.0321881


Tree=473
num_leaves=4
num_cat=0
split_feature=8 16 2
split_gain=15.6671 38.7948 49.0251
threshold=467.71044232165031 91.974060363971844 13.008378620013332
decision_type=2 8 2
left_child=1 -1 -3
right_child=-2 2 -4
leaf_value=-0.025708435269893869 0.0025982161110135096 0.023780327945825842 -0.0033657831397877831
leaf_weight=71.656935464976414 1184.4316983139506 74.799150734907016 819.84790941525716
leaf_count=19198 21314 6113 12145
internal_value=8.84287e-05 -0.00292189 -0.0010193
internal_weight=2150.74 966.304 894.647
internal_count=58770 37456 18258
is_linear=0
shrinkage=0.0321881


Tree=474
num_leaves=4
num_cat=0
split_feature=10 21 4
split_gain=14.5041 58.4387 41.3952
threshold=11631.531159539465 35.643922902001144 1437.8287208841259
decision_type=2 2 2
left_child=1 -1 -2
right_child=2 -3 -4
leaf_value=-0.022672263073195954 -0.0083334315740244691 0.0032716336888154859 0.010821612377297828
leaf_weight=95.81376549606648 542.11257728268538 1348.7768509081216 146.41746707987477
leaf_count=9084 16146 28513 4788
internal_value=-0.000296767 0.00150336 -0.00416527
internal_weight=2133.12 1444.59 688.53
internal_count=58531 37597 20934
is_linear=0
shrinkage=0.0321881


Tree=475
num_leaves=4
num_cat=0
split_feature=36 22 36
split_gain=12.345 37.6275 30.785
threshold=0.81528568745293051 466.78764703146118 0.1129245970782277
decision_type=2 2 2
left_child=1 2 -1
right_child=-2 -3 -4
leaf_value=-0.00051721610139032336 -0.0018723982487669115 0.054396911059613091 0.028328872374215403
leaf_weight=286.81438066789997 1816.32164089652 15.052598198759368 22.535429628827842
leaf_count=14596 43396 291 376
internal_value=-0.000813796 0.00491414 0.00226083
internal_weight=2140.72 324.402 309.35
internal_count=58659 15263 14972
is_linear=0
shrinkage=0.0321881


Tree=476
num_leaves=4
num_cat=0
split_feature=5 40 7
split_gain=14.6358 28.5087 21.5246
threshold=5.7325148638003229 0.067518793016206891 23019.147265529198
decision_type=2 2 2
left_child=2 -2 -1
right_child=1 -3 -4
leaf_value=0.00013462316241161039 -0.0077051976699814657 0.042426625915145351 -0.023233944238094897
leaf_weight=2056.7179471281961 19.382216762372991 23.849506942206062 41.351965418463806
leaf_count=56501 569 339 1329
internal_value=5.49528e-05 0.0185661 -0.000298177
internal_weight=2141.3 43.2317 2098.07
internal_count=58738 908 57830
is_linear=0
shrinkage=0.0321881


Tree=477
num_leaves=4
num_cat=0
split_feature=38 26 7
split_gain=13.3752 11.9972 21.1798
threshold=-0.033476300735101695 0.096114556610492771 4818.4830131142226
decision_type=2 2 2
left_child=-1 -2 -3
right_child=1 2 -4
leaf_value=-0.0080737062727031725 -0.0015386862400468449 0.00096739021334178688 0.01161906320836144
leaf_weight=182.92307733531197 949.52869152868516 760.02978445069311 250.19435653087567
leaf_count=5309 31081 17130 5277
internal_value=0.000206375 0.00101262 0.00347347
internal_weight=2142.68 1959.75 1010.22
internal_count=58797 53488 22407
is_linear=0
shrinkage=0.0321881


Tree=478
num_leaves=4
num_cat=0
split_feature=31 7 40
split_gain=15.0921 17.9059 19.4591
threshold=-0.9637449377417574 23019.147265529198 0.065500558805969347
decision_type=2 2 2
left_child=-1 -2 -3
right_child=1 2 -4
leaf_value=-0.0071703244729198349 0.0014614902423949743 -0.030407244671254878 0.0084663965566185127
leaf_weight=276.80203791257372 1804.7046491721921 37.667730774599477 17.111846517349477
leaf_count=13670 43610 1054 252
internal_value=-0.000135995 0.000877663 -0.0171222
internal_weight=2136.29 1859.48 54.7796
internal_count=58586 44916 1306
is_linear=0
shrinkage=0.0321881


Tree=479
num_leaves=4
num_cat=0
split_feature=10 21 29
split_gain=12.6965 54.5552 43.1482
threshold=12150.169173648545 46.382217080260439 2.6611013868968842
decision_type=2 2 2
left_child=1 -1 -2
right_child=2 -3 -4
leaf_value=-0.018290528334577488 0.051654324343344216 0.0031071724152189361 -0.0058373437576182486
leaf_weight=134.54421797173563 13.443159481692417 1421.2501082133822 563.83883152668204
leaf_count=10840 1183 29939 16638
internal_value=-0.000267559 0.00121327 -0.0043676
internal_weight=2133.08 1555.79 577.282
internal_count=58600 40779 17821
is_linear=0
shrinkage=0.0321881


Tree=480
num_leaves=4
num_cat=0
split_feature=12 16 20
split_gain=12.9537 35.7328 34.9165
threshold=35.459857378764994 169.15058885588226 281.38290601265311
decision_type=10 10 2
left_child=-1 2 -2
right_child=1 -3 -4
leaf_value=-0.0016758714358841174 -0.0058329924038691876 0.013215373211136333 0.03543875771552038
leaf_weight=1569.7978322870986 307.87686435459909 248.43387116614031 22.322993797715753
leaf_count=41785 12974 3680 359
internal_value=-0.000129817 0.00395347 -0.00282667
internal_weight=2148.43 578.634 330.2
internal_count=58798 17013 13333
is_linear=0
shrinkage=0.0321881


Tree=481
num_leaves=4
num_cat=1
split_feature=3 44 5
split_gain=14.2234 23.7877 22.3414
threshold=81.747959414850598 0 3.2530132664856355
decision_type=2 9 2
left_child=2 -2 -1
right_child=1 -3 -4
leaf_value=-0.017854612021769144 0.001513724351404994 -0.022507400164224894 0.010139094015298613
leaf_weight=100.53159227917058 1980.0356714676527 33.220211766038119 38.467191694944631
leaf_count=2055 47501 8672 492
internal_value=0.000262098 0.000978858 -0.00964598
internal_weight=2152.25 2013.26 138.999
internal_count=58720 56173 2547
cat_boundaries=0 1
cat_threshold=406087
is_linear=0
shrinkage=0.0321881


Tree=482
num_leaves=4
num_cat=0
split_feature=5 28 16
split_gain=15.4944 23.6172 16.6597
threshold=5.7325148638003229 0.96237124303717336 44.39705238490923
decision_type=2 2 8
left_child=2 -2 -1
right_child=1 -3 -4
leaf_value=-0.016745197997633375 -0.0055530746667355451 0.039319973347352294 -7.1307309613713967e-05
leaf_weight=64.111334708642971 19.124420683961944 25.121814099373296 2018.8160822040409
leaf_count=4484 604 330 53078
internal_value=-0.000185954 0.0185665 -0.000616942
internal_weight=2127.17 44.2462 2082.93
internal_count=58496 934 57562
is_linear=0
shrinkage=0.0321881


Tree=483
num_leaves=4
num_cat=0
split_feature=8 16 32
split_gain=13.9844 22.5423 24.8087
threshold=218.02015050276913 87.277721002663114 -0.16384577710754841
decision_type=2 8 2
left_child=1 -1 -3
right_child=-2 2 -4
leaf_value=-0.02992536232137049 0.0013134395258101359 -0.007552036080259312 0.0073306565898640383
leaf_weight=34.419525975383294 1571.9268863351681 367.61033902486088 165.81789657418267
leaf_count=12117 34445 7061 4976
internal_value=-0.000219241 -0.00457293 -0.00280515
internal_weight=2139.77 567.848 533.428
internal_count=58599 24154 12037
is_linear=0
shrinkage=0.0321881


Tree=484
num_leaves=4
num_cat=0
split_feature=10 4 5
split_gain=16.09 22.1579 15.8928
threshold=17056.303143072404 1476.8078603467943 1.2773089285681274
decision_type=2 2 2
left_child=2 -2 -1
right_child=1 -3 -4
leaf_value=-0.0024912593566579723 0 0.053573995262905703 0.0031490520691690432
leaf_weight=1150.6469076185895 19.297240931329725 13.686841280999941 939.98795395580237
leaf_count=33172 663 262 24291
internal_value=0.000398009 0.0226256 1.43355e-05
internal_weight=2123.62 32.9841 2090.63
internal_count=58388 925 57463
is_linear=0
shrinkage=0.0321881


Tree=485
num_leaves=4
num_cat=0
split_feature=31 29 36
split_gain=12.6606 15.0069 18.2457
threshold=0.51775416086736592 10.50746068591665 0.81528568745293051
decision_type=2 2 2
left_child=1 2 -1
right_child=-2 -3 -4
leaf_value=0.0085608467391350106 -0.010603017763865441 -0.022187885038637615 -0.00039926145674864789
leaf_weight=271.25149597560812 113.53061737752432 29.520318034119555 1703.3828172123831
leaf_count=11393 1795 3427 41952
internal_value=-0.000135153 0.000427234 0.000800198
internal_weight=2117.69 2004.15 1974.63
internal_count=58567 56772 53345
is_linear=0
shrinkage=0.0321881


Tree=486
num_leaves=4
num_cat=0
split_feature=22 40 40
split_gain=15.0134 20.0577 59.648
threshold=927.2245372963456 0.92162895631245378 0.084776385336674726
decision_type=2 2 2
left_child=1 2 -1
right_child=-2 -3 -4
leaf_value=-0.00061941819884616008 0.022737022870333447 -0.0055023030838147026 0.011237295230182088
leaf_weight=1440.1680321153617 29.576789690065198 559.69982855793205 92.664037515845848
leaf_count=44602 472 11589 1842
internal_value=3.06134e-05 -0.000262432 0.00160987
internal_weight=2122.11 2092.53 1532.83
internal_count=58505 58033 46444
is_linear=0
shrinkage=0.0321881


Tree=487
num_leaves=4
num_cat=0
split_feature=38 38 1
split_gain=16.8648 108.387 36.4216
threshold=0.9586772049349751 0.10213342004371834 11.916634794828534
decision_type=2 2 2
left_child=1 2 -1
right_child=-2 -3 -4
leaf_value=-0.010343626169424639 -0.0082095381252922581 0.042872057687351244 0.0017816562823272087
leaf_weight=307.45988268521251 220.92304577093455 62.249191647977568 1540.437351998582
leaf_count=31811 4173 930 21945
internal_value=0.000169777 0.00117315 -0.000202396
internal_weight=2131.07 1910.15 1847.9
internal_count=58859 54686 53756
is_linear=0
shrinkage=0.0321881


Tree=488
num_leaves=4
num_cat=1
split_feature=33 44 21
split_gain=13.0527 31.3613 28.6188
threshold=-0.46368607740685081 0 109.14029145953933
decision_type=2 9 2
left_child=2 -2 -1
right_child=1 -3 -4
leaf_value=-0.012830644225558397 0.02453352697404541 0.00082620876560387309 -0.00021004291073512893
leaf_weight=223.85782517964617 53.949978643096983 686.87626611139422 1166.1783229005814
leaf_count=10003 506 22449 25625
internal_value=-0.000425082 0.00298812 -0.00229018
internal_weight=2130.86 740.826 1390.04
internal_count=58583 22955 35628
cat_boundaries=0 1
cat_threshold=68
is_linear=0
shrinkage=0.0321881


Tree=489
num_leaves=4
num_cat=0
split_feature=35 8 16
split_gain=14.6366 15.8162 23.8457
threshold=-0.002709530589394766 560.5554135158892 87.814841913047999
decision_type=2 2 8
left_child=-1 2 -2
right_child=1 -3 -4
leaf_value=-0.0065550982376948999 -0.021502915662475482 0.0042031416282324483 -0.00028041075662682237
leaf_weight=287.69249312355532 58.98596610741879 933.0767589802781 843.50129109650152
leaf_count=8387 16625 15972 17700
internal_value=0.000157431 0.00124491 -0.00174334
internal_weight=2123.26 1835.56 902.487
internal_count=58684 50297 34325
is_linear=0
shrinkage=0.0321881


Tree=490
num_leaves=4
num_cat=0
split_feature=38 38 10
split_gain=14.1842 102.635 25.0562
threshold=0.9586772049349751 0.10213342004371834 14073.444804458219
decision_type=2 2 2
left_child=1 -1 -2
right_child=2 -3 -4
leaf_value=-0.00019919842029556432 -0.012558048552098539 0.042617087401189649 0.015549082805386362
leaf_weight=1838.6113110027327 184.46681668079691 59.573877111368347 37.960774715873413
leaf_count=53479 3435 895 713
internal_value=0.00018549 0.00111618 -0.00746363
internal_weight=2120.61 1898.19 222.428
internal_count=58522 54374 4148
is_linear=0
shrinkage=0.0321881


Tree=491
num_leaves=4
num_cat=0
split_feature=26 5 10
split_gain=13.1137 19.6628 34.2448
threshold=0.0063809641396936944 4.1942671462961121 7124.9680747841439
decision_type=2 2 2
left_child=-1 -2 -3
right_child=1 2 -4
leaf_value=-0.0040820532549160878 0.00051083303317360192 -0.0011580750561408079 0.020619403952637835
leaf_weight=526.77418210380347 1432.0326924718393 25.705533612468571 137.89003814308671
leaf_count=17690 38518 402 2027
internal_value=0.000284157 0.0017659 0.0123467
internal_weight=2122.4 1595.63 163.596
internal_count=58637 40947 2429
is_linear=0
shrinkage=0.0321881


Tree=492
num_leaves=4
num_cat=0
split_feature=33 32 22
split_gain=16.7456 49.1291 51.4939
threshold=-0.62312731716042757 -0.39669217685612856 483.3399293857122
decision_type=2 2 2
left_child=1 2 -1
right_child=-2 -3 -4
leaf_value=-0.023503511174676341 0.0031113089439784199 0.0017580910153211474 6.4459617748065118e-05
leaf_weight=199.02743073107922 934.67197750270498 804.41176071216978 175.12447378976503
leaf_count=5635 27259 21579 3998
internal_value=-7.45658e-05 -0.00265531 -0.0123092
internal_weight=2113.24 1178.56 374.152
internal_count=58471 31212 9633
is_linear=0
shrinkage=0.0321881


Tree=493
num_leaves=4
num_cat=1
split_feature=9 42 4
split_gain=14.2647 19.802 19.8781
threshold=23.085193228519071 0 549.55710858570285
decision_type=10 9 2
left_child=1 2 -1
right_child=-2 -3 -4
leaf_value=0 -0.026951766685622634 -0.00015059871782809549 0.034311333125714362
leaf_weight=36.878616786620114 19.587004834771506 2015.5274851072681 37.403988479811233
leaf_count=495 451 57022 512
internal_value=0.000171929 0.000459651 0.0157296
internal_weight=2109.4 2089.81 74.2826
internal_count=58480 58029 1007
cat_boundaries=0 1
cat_threshold=131588
is_linear=0
shrinkage=0.0321881


Tree=494
num_leaves=4
num_cat=0
split_feature=32 10 20
split_gain=13.3406 36.5452 29.2302
threshold=0.69414579585900704 7889.5692217050737 31.148525850505461
decision_type=2 2 2
left_child=-1 2 -2
right_child=1 -3 -4
leaf_value=0.00052429781534708213 -0.020722156365753964 -0.032779446958002376 0.046999814008708111
leaf_weight=2065.4184529537924 10.640554308818539 41.969556547730463 13.970413716684559
leaf_count=53174 1339 3877 273
internal_value=3.66551e-05 -0.0140857 0.0152385
internal_weight=2132 66.5805 24.611
internal_count=58663 5489 1612
is_linear=0
shrinkage=0.0321881


Tree=495
num_leaves=4
num_cat=1
split_feature=5 44 10
split_gain=12.2856 36.6407 38.9617
threshold=1.2419920508940103 0 16182.926673167327
decision_type=2 9 2
left_child=1 -1 -3
right_child=-2 2 -4
leaf_value=0.0027804771536809741 0.0022195334799011601 -0.010672178507997267 0.02880484670138864
leaf_weight=599.20436598300876 967.00944063387578 533.2457092010518 26.210969595493225
leaf_count=16867 25105 15808 742
internal_value=-0.000422944 -0.0026833 -0.00854477
internal_weight=2125.67 1158.66 559.457
internal_count=58522 33417 16550
cat_boundaries=0 1
cat_threshold=402498
is_linear=0
shrinkage=0.0321881


Tree=496
num_leaves=4
num_cat=0
split_feature=5 30 22
split_gain=14.2683 33.5459 30.7418
threshold=1.1465575440037981 -0.88897699361270088 102.43010375130621
decision_type=2 2 2
left_child=-1 -2 -3
right_child=1 2 -4
leaf_value=-0.0022263432683008884 -0.010110829371365511 -0.015442197114004868 0.0071216335924702097
leaf_weight=1034.7223751758866 167.0046641046647 65.619983531418256 865.15791527886176
leaf_count=30294 2667 6660 19229
internal_value=0.000450051 0.00303065 0.00545894
internal_weight=2132.5 1097.78 930.778
internal_count=58850 28556 25889
is_linear=0
shrinkage=0.0321881


Tree=497
num_leaves=4
num_cat=0
split_feature=9 16 12
split_gain=12.575 14.3592 35.7853
threshold=30.548840803399717 168.17972814649906 34.607598872708742
decision_type=10 10 10
left_child=1 -1 -3
right_child=-2 2 -4
leaf_value=-0.00091448742539187717 -0.02778522262541679 -0.0062731128312159302 0.012418827548079445
leaf_weight=1653.6959110245371 16.20969707108452 162.43372305441881 288.81252760987263
leaf_count=51036 402 2821 4254
internal_value=0.000192633 0.000441443 0.00554951
internal_weight=2121.15 2104.94 451.246
internal_count=58513 58111 7075
is_linear=0
shrinkage=0.0321881


Tree=498
num_leaves=4
num_cat=1
split_feature=10 33 43
split_gain=13.2597 27.2136 14.3774
threshold=17056.303143072404 -0.6626658399506733 0
decision_type=2 2 9
left_child=2 -2 -1
right_child=1 -3 -4
leaf_value=0.0067540012427385636 -0.0059269424030304017 0.049717980844760847 -0.0011514888581209927
leaf_weight=263.88313702950836 16.047707985468151 16.526221920539683 1804.6631612941237
leaf_count=9777 435 494 47528
internal_value=0.000206909 0.0205182 -8.44633e-05
internal_weight=2101.12 32.5739 2068.55
internal_count=58234 929 57305
cat_boundaries=0 1
cat_threshold=16
is_linear=0
shrinkage=0.0321881


Tree=499
num_leaves=4
num_cat=3
split_feature=43 44 41
split_gain=14.6014 30.3583 34.2088
threshold=0 1 2
decision_type=9 9 9
left_child=1 2 -1
right_child=-2 -3 -4
leaf_value=0.022093266712931794 -0.00096049713086020542 0.022691934181034996 -0.0076574320743695145
leaf_weight=43.046193233771191 1857.1746161085211 77.845518337548128 150.66668280270096
leaf_count=905 48652 1701 7324
internal_value=4.06372e-05 0.0068981 0
internal_weight=2128.73 271.558 193.713
internal_count=58582 9930 8229
cat_boundaries=0 1 2 3
cat_threshold=16 807937 2128
is_linear=0
shrinkage=0.0321881


Tree=500
num_leaves=4
num_cat=0
split_feature=10 25 25
split_gain=14.0719 12.5043 17.0268
threshold=2320.084044045971 27.435378613304703 16.901950998879482
decision_type=2 2 2
left_child=-1 2 -2
right_child=1 -3 -4
leaf_value=-0.021742320901362064 0.00038404126335624936 -0.028266065266449942 0.025754425140692372
leaf_weight=29.574190005194396 2042.0101470049558 15.177423434142836 27.694414636993315
leaf_count=1378 50662 4901 1584
internal_value=0.000168394 0.000512182 0.000757199
internal_weight=2114.46 2084.88 2069.7
internal_count=58525 57147 52246
is_linear=0
shrinkage=0.0321881


Tree=501
num_leaves=4
num_cat=0
split_feature=35 40 14
split_gain=15.1854 14.4354 16.6606
threshold=-0.002709530589394766 1.0274466701617269 108.19668317774541
decision_type=2 2 10
left_child=-1 2 -2
right_child=1 -3 -4
leaf_value=-0.0065761492712098236 -0.013654179162387483 -0.0093552925894589654 0.0027371862202553959
leaf_weight=296.55908806246589 65.570468568621436 121.25740414531901 1635.599353054411
leaf_count=8494 2864 2532 44847
internal_value=0.000141359 0.00127014 0.00206614
internal_weight=2118.99 1822.43 1701.17
internal_count=58737 50243 47711
is_linear=0
shrinkage=0.0321881


Tree=502
num_leaves=4
num_cat=0
split_feature=40 7 5
split_gain=12.3371 14.9826 17.6131
threshold=1.0274466701617269 23019.147265529198 1.376135882863998
decision_type=2 2 2
left_child=1 -1 -3
right_child=-2 2 -4
leaf_value=0.0012476556707336534 -0.0090771694287893143 -0.033759696171628981 0
leaf_weight=1919.0114195197639 142.10285012880922 27.701545150834136 29.653983835465624
leaf_count=53947 3005 953 608
internal_value=4.26325e-05 0.000731589 -0.0153632
internal_weight=2118.47 1976.37 57.3555
internal_count=58513 55508 1561
is_linear=0
shrinkage=0.0321881


Tree=503
num_leaves=4
num_cat=1
split_feature=16 9 42
split_gain=12.8584 13.2837 21.6436
threshold=43.767780589371917 21.387813374818233 0
decision_type=8 10 9
left_child=-1 2 -2
right_child=1 -3 -4
leaf_value=-0.014988291409329977 0.0166441110576564 -0.026485803693813741 -0.00036056450673258342
leaf_weight=60.629048643488204 70.339216380467406 19.161417509218154 1971.9596171237099
leaf_count=4289 906 459 52998
internal_value=-0.000406791 0 0.000275499
internal_weight=2122.09 2061.46 2042.3
internal_count=58652 54363 53904
cat_boundaries=0 1
cat_threshold=131604
is_linear=0
shrinkage=0.0321881


Tree=504
num_leaves=4
num_cat=2
split_feature=42 29 41
split_gain=14.492 19.523 18.4078
threshold=0 7.3925159966237111 1
decision_type=9 2 9
left_child=1 -1 -2
right_child=2 -3 -4
leaf_value=-0.024783822978056098 0.0025739823598256812 -0.00024169552050148628 -0.0043872639262335228
leaf_weight=57.190391932657803 1447.530257119608 93.998956952076696 525.85564398926363
leaf_count=1254 40201 1281 15918
internal_value=-5.15113e-05 -0.0093525 0.000673815
internal_weight=2124.58 151.189 1973.39
internal_count=58654 2535 56119
cat_boundaries=0 1 2
cat_threshold=17440 2586
is_linear=0
shrinkage=0.0321881


Tree=505
num_leaves=4
num_cat=0
split_feature=21 16 40
split_gain=14.2643 26.3808 25.8165
threshold=271.93020559069799 174.68988646671332 0.95179783620337011
decision_type=2 8 2
left_child=2 -2 -1
right_child=1 -3 -4
leaf_value=0.00025659222969942727 0.0021896222871413975 0.026957093343742466 -0.011582714589909301
leaf_weight=1462.5484637020709 379.40197028063994 51.661077248398215 217.70779313344974
leaf_count=44637 8658 728 4524
internal_value=6.86352e-05 0.00531876 -0.00124092
internal_weight=2111.32 431.063 1680.26
internal_count=58547 9386 49161
is_linear=0
shrinkage=0.0321881


Tree=506
num_leaves=4
num_cat=1
split_feature=32 33 44
split_gain=14.0306 48.654 43.02
threshold=-0.31922987612259174 -0.73627871054303939 0
decision_type=2 2 9
left_child=1 -1 -2
right_child=2 -3 -4
leaf_value=-0.013186413326678191 0.0050990582221894995 0.0014194236715174551 -0.027949753723168005
leaf_weight=306.72114898270593 785.51105503345752 1004.4442127756083 32.575033182951302
leaf_count=7939 22331 22272 6208
internal_value=8.24982e-05 -0.00195052 0.00341832
internal_weight=2129.25 1311.17 818.086
internal_count=58750 30211 28539
cat_boundaries=0 1
cat_threshold=266775
is_linear=0
shrinkage=0.0321881


Tree=507
num_leaves=4
num_cat=0
split_feature=7 32 10
split_gain=12.4907 11.4863 34.4839
threshold=29324.345183957776 0.6501138046737488 8089.690560279586
decision_type=2 2 2
left_child=1 -1 -3
right_child=-2 2 -4
leaf_value=0.00080977311948918229 -0.022449097558504612 0.013756813685219303 -0.030461963797366379
leaf_weight=2017.1965565994542 25.002176438683819 28.631415821517294 44.017841587228759
leaf_count=51857 925 1792 3992
internal_value=2.47851e-05 0.000326644 -0.0121732
internal_weight=2114.85 2089.85 72.6493
internal_count=58566 57641 5784
is_linear=0
shrinkage=0.0321881


Tree=508
num_leaves=4
num_cat=1
split_feature=8 16 44
split_gain=12.0194 21.6872 23.8744
threshold=214.91395139415269 85.507298290856525 0
decision_type=2 8 9
left_child=1 -1 -3
right_child=-2 2 -4
leaf_value=-0.029876747062646706 0.0015590142211611496 0.0053481740644697627 -0.0082621105912677097
leaf_weight=31.722904387821472 1556.4696508951965 226.0638193571358 291.58025611101766
leaf_count=11727 34653 5387 6778
internal_value=8.47586e-05 -0.00397509 -0.00225182
internal_weight=2105.84 549.367 517.644
internal_count=58545 23892 12165
cat_boundaries=0 1
cat_threshold=397382
is_linear=0
shrinkage=0.0321881


Tree=509
num_leaves=4
num_cat=0
split_feature=21 14 40
split_gain=15.3475 29.5243 27.6926
threshold=271.93020559069799 79.533063591028949 0.94321851743039442
decision_type=2 10 2
left_child=1 -1 -3
right_child=-2 2 -4
leaf_value=-0.03127648523472723 0.0052799916987476226 0.00072770204000321428 -0.011422522897405071
leaf_weight=33.720675039745402 432.0113565477368 1442.6147607153362 223.35268749235547
leaf_count=1784 9450 43151 4555
internal_value=-0.000103243 -0.00150952 -0.000864419
internal_weight=2131.7 1699.69 1665.97
internal_count=58940 49490 47706
is_linear=0
shrinkage=0.0321881


Tree=510
num_leaves=4
num_cat=0
split_feature=7 32 10
split_gain=17.0583 14.9274 33.8696
threshold=25533.865995892553 0.69414579585900704 7889.5692217050737
decision_type=2 2 2
left_child=1 -1 -3
right_child=-2 2 -4
leaf_value=0.00092704616394801234 -0.019348700752340853 0.013311597399612577 -0.032883638087788734
leaf_weight=2017.8002050216528 46.061802812713722 24.730443952146743 41.13758930512995
leaf_count=51921 1342 1568 3782
internal_value=0 0.000404348 -0.0145904
internal_weight=2129.73 2083.67 65.868
internal_count=58613 57271 5350
is_linear=0
shrinkage=0.0321881


Tree=511
num_leaves=4
num_cat=1
split_feature=26 44 10
split_gain=12.0806 20.8775 23.1629
threshold=0.10723069022697314 0 12150.169173648545
decision_type=2 9 2
left_child=1 -1 -3
right_child=-2 2 -4
leaf_value=-0.00010919917306692094 0.0023262887418328392 -0.0030495916398525003 -0.01772609122354141
leaf_weight=455.5799821781402 1053.3787899961171 442.50310481027918 156.15422301813305
leaf_count=7965 23632 18961 7976
internal_value=-7.99862e-05 -0.00254469 -0.00687488
internal_weight=2107.62 1054.24 598.657
internal_count=58534 34902 26937
cat_boundaries=0 1
cat_threshold=131158
is_linear=0
shrinkage=0.0321881


Tree=512
num_leaves=4
num_cat=2
split_feature=41 1 44
split_gain=13.2227 36.9913 43.9816
threshold=0 16.569667944066737 1
decision_type=9 2 9
left_child=-1 2 -2
right_child=1 -3 -4
leaf_value=-0.001417833221502343 0.013391179289099626 0.012245797460084204 -0.011119572597237186
leaf_weight=1477.6700537566539 101.15358476346591 305.89887835236732 224.23542270696271
leaf_count=34621 3043 3579 17363
internal_value=0.000218092 0.00410474 -0.00323036
internal_weight=2108.96 631.288 325.389
internal_count=58606 23985 20406
cat_boundaries=0 1 2
cat_threshold=3552 144962
is_linear=0
shrinkage=0.0321881


Tree=513
num_leaves=4
num_cat=1
split_feature=8 11 44
split_gain=14.2539 19.0611 21.9423
threshold=1387.8052514845585 19.43112720494247 0
decision_type=2 8 9
left_child=1 2 -1
right_child=-2 -3 -4
leaf_value=0.00097845851028547184 0.0047670630660611429 0.00077820002553214416 -0.014371984545533161
leaf_weight=169.33422134751891 567.38690775701252 1169.7508775199749 201.72615343632788
leaf_count=4340 8282 39671 6183
internal_value=0.00038391 -0.00118929 -0.0075598
internal_weight=2108.2 1540.81 371.06
internal_count=58476 50194 10523
cat_boundaries=0 1
cat_threshold=1318994
is_linear=0
shrinkage=0.0321881


Tree=514
num_leaves=4
num_cat=1
split_feature=42 32 10
split_gain=13.4075 26.3337 26.1401
threshold=0 -0.76248112686997604 8608.0252863374499
decision_type=9 2 2
left_child=-1 2 -2
right_child=1 -3 -4
leaf_value=0.00098151959215861005 0.0252510181239376 -0.02133543136679272 -0.012030364715710035
leaf_weight=1950.2377115344643 34.750040533137508 85.04780008536909 41.7053123456717
leaf_count=56156 383 1765 515
internal_value=0.00019879 -0.0083889 0.00410971
internal_weight=2111.74 161.503 76.4554
internal_count=58819 2663 898
cat_boundaries=0 1
cat_threshold=393302
is_linear=0
shrinkage=0.0321881


Tree=515
num_leaves=4
num_cat=0
split_feature=40 40 40
split_gain=12.1938 16.891 107.443
threshold=1.0352792661968515 0.08981555588664962 0.90139418391849302
decision_type=2 2 2
left_child=1 -1 -3
right_child=-2 2 -4
leaf_value=-0.00095313033819640648 -0.010444656209307238 0.041660386664781376 0
leaf_weight=1443.2102733394095 103.77043929803767 74.050826403967221 480.81068701599725
leaf_count=45040 2267 1391 9860
internal_value=0.000255649 0.000844419 0.00563305
internal_weight=2101.84 1998.07 554.862
internal_count=58558 56291 11251
is_linear=0
shrinkage=0.0321881


Tree=516
num_leaves=4
num_cat=0
split_feature=10 14 12
split_gain=13.7284 13.4512 33.7121
threshold=1842.891058164804 485.29885034722111 40.039812737955806
decision_type=2 10 10
left_child=-1 2 -2
right_child=1 -3 -4
leaf_value=-0.02757212326805613 3.8240905538818538e-05 0.0062713525087433912 -0.023633943980795429
leaf_weight=18.236363850752241 1693.9400491868837 330.51855529786553 64.275728181470186
leaf_count=943 47566 4965 4953
internal_value=1.96182e-05 0.000294107 -0.000793999
internal_weight=2106.97 2088.73 1758.22
internal_count=58427 57484 52519
is_linear=0
shrinkage=0.0321881


Tree=517
num_leaves=4
num_cat=0
split_feature=36 32 25
split_gain=16.3601 31.4705 29.1561
threshold=0.91762854793452242 0.69414579585900704 5.2803714415587732
decision_type=2 2 2
left_child=1 -1 -2
right_child=2 -3 -4
leaf_value=0.010451367292382541 -0.00058650474970274233 -0.013933736018918699 -0.024354331331798606
leaf_weight=307.83794366538496 1672.3803665948944 64.557755869736866 55.333484184837289
leaf_count=11108 38530 5426 3580
internal_value=-3.86132e-05 0.00604692 -0.00138781
internal_weight=2100.11 372.396 1727.71
internal_count=58644 16534 42110
is_linear=0
shrinkage=0.0321881


Tree=518
num_leaves=4
num_cat=0
split_feature=10 10 21
split_gain=15.4852 18.3193 49.8869
threshold=17271.189342996648 12150.169173648545 30.485541130655182
decision_type=2 2 2
left_child=1 2 -1
right_child=-2 -3 -4
leaf_value=-0.022048317090166476 0.02346762440749673 -0.005714378326542033 0.0026295409051898156
leaf_weight=89.6215158987834 27.769543770584278 541.41971609350367 1453.401608954824
leaf_count=9336 706 17191 31501
internal_value=-0.000252369 -0.000601559 0.00115177
internal_weight=2112.21 2084.44 1543.02
internal_count=58734 58028 40837
is_linear=0
shrinkage=0.0321881


Tree=519
num_leaves=4
num_cat=0
split_feature=10 21 14
split_gain=11.669 11.2708 24.3862
threshold=1585.512365430304 271.93020559069799 79.533063591028949
decision_type=2 2 10
left_child=-1 2 -2
right_child=1 -3 -4
leaf_value=-0.029966412563638339 -0.029496277191457018 0.0049373490632755937 -0.00036317976858610593
leaf_weight=13.106137579812637 30.229056779280654 423.52582470692869 1628.9980936471475
leaf_count=710 1665 9261 46773
internal_value=5.24796e-06 0.000227816 -0.000936467
internal_weight=2095.86 2082.75 1659.23
internal_count=58409 57699 48438
is_linear=0
shrinkage=0.0321881


Tree=520
num_leaves=4
num_cat=0
split_feature=36 36 3
split_gain=14.346 37.1178 26.4422
threshold=0.81528568745293051 0.1129245970782277 218.62522809127643
decision_type=2 2 2
left_child=1 2 -1
right_child=-2 -3 -4
leaf_value=-0.0045336531516873592 -0.0011636300614738468 0.042878681976475312 0.015397869964786724
leaf_weight=182.0194434039513 1807.084746118031 26.286768519428733 108.40638852713164
leaf_count=11631 43514 455 3199
internal_value=-2.61148e-05 0.00625933 0.00269348
internal_weight=2123.8 316.713 290.426
internal_count=58799 15285 14830
is_linear=0
shrinkage=0.0321881


Tree=521
num_leaves=4
num_cat=1
split_feature=10 43 5
split_gain=13.345 13.0932 29.7346
threshold=2084.1286033008514 0 2.7584931222708415
decision_type=2 9 2
left_child=-1 2 -2
right_child=1 -3 -4
leaf_value=-0.024897743848683762 0.013494205334648054 -0.0010621156504621407 -0.0096010671243627593
leaf_weight=22.425267247970623 194.56328579701949 1804.9166565617707 78.696731389776687
leaf_count=1179 7550 47057 2681
internal_value=-0.000326064 -2.74614e-05 0.00637444
internal_weight=2100.6 2078.18 273.26
internal_count=58467 57288 10231
cat_boundaries=0 1
cat_threshold=112
is_linear=0
shrinkage=0.0321881


Tree=522
num_leaves=4
num_cat=0
split_feature=25 25 32
split_gain=11.3104 14.866 51.7734
threshold=27.435378613304703 16.901950998879482 -0.86603499669064143
decision_type=2 2 2
left_child=1 -1 -3
right_child=-2 2 -4
leaf_value=0.00015498941277018494 -0.027955155790545853 0.062664409504438481 -0.022978053513548164
leaf_weight=2082.9707372209232 14.290974393377835 15.840607361576987 11.854970285043235
leaf_count=52090 5064 271 1329
internal_value=0.000274184 0.00049861 0.0238413
internal_weight=2124.96 2110.67 27.6956
internal_count=58754 53690 1600
is_linear=0
shrinkage=0.0321881


Tree=523
num_leaves=4
num_cat=0
split_feature=14 10 5
split_gain=10.9201 30.3505 44.2267
threshold=511.19380084561629 14196.84237228774 1.2773089285681274
decision_type=10 2 2
left_child=-1 2 -2
right_child=1 -3 -4
leaf_value=-0.0013235491807812815 -0.012667938888617883 0.030366828815454838 0.016196005133510768
leaf_weight=1833.9610848428929 117.25594264492975 42.97365588118555 102.8063610753743
leaf_count=54615 1768 623 1688
internal_value=-0.000415448 0.00566966 0.000530205
internal_weight=2097 263.036 220.062
internal_count=58694 4079 3456
is_linear=0
shrinkage=0.0321881


Tree=524
num_leaves=4
num_cat=0
split_feature=22 38 38
split_gain=14.0223 18.1615 38.303
threshold=869.11161440286025 0.9397638200510483 0.070232736019946437
decision_type=2 2 2
left_child=1 2 -1
right_child=-2 -3 -4
leaf_value=-0.00020742727553079042 0.01823961816045281 -0.0088263882338622569 0.0091633620743749537
leaf_weight=1796.5598433840496 45.014968270028476 210.75503717164975 54.354548797811731
leaf_count=52948 700 4079 901
internal_value=0.000507221 8.7106e-05 0.00113745
internal_weight=2106.68 2061.67 1850.91
internal_count=58628 57928 53849
is_linear=0
shrinkage=0.0321881


Tree=525
num_leaves=4
num_cat=0
split_feature=7 4 38
split_gain=13.4705 25.9375 12.6382
threshold=23019.147265529198 812.41272510981787 0.9397638200510483
decision_type=2 2 2
left_child=2 -2 -1
right_child=1 -3 -4
leaf_value=0.0012467360548058851 0.0028932191547283658 -0.037802246990056992 -0.0068205228003965649
leaf_weight=1813.0841911526841 32.028676063055173 28.008679326660058 225.23405314507545
leaf_count=52707 720 861 4291
internal_value=-8.94891e-05 -0.0151093 0.000323371
internal_weight=2098.36 60.0374 2038.32
internal_count=58579 1581 56998
is_linear=0
shrinkage=0.0321881


Tree=526
num_leaves=4
num_cat=0
split_feature=14 20 23
split_gain=12.2591 24.6506 32.6508
threshold=298.17712055159183 265.12823527059919 103.93452785448572
decision_type=8 2 2
left_child=1 -1 -3
right_child=-2 2 -4
leaf_value=-0.004088588101024756 0.0022034314564088374 0.0085403643107393491 0.051730071273803538
leaf_weight=818.37994079320924 1236.2869694169494 20.363046593614854 20.870150479953736
leaf_count=38890 18775 533 252
internal_value=0.000121893 -0.00279746 0.0211693
internal_weight=2095.9 859.613 41.2332
internal_count=58450 39675 785
is_linear=0
shrinkage=0.0321881


Tree=527
num_leaves=4
num_cat=0
split_feature=7 38 38
split_gain=11.9582 13.2496 121.561
threshold=27470.741187523894 0.9397638200510483 0.10213342004371834
decision_type=2 2 2
left_child=1 2 -1
right_child=-2 -3 -4
leaf_value=-0.0001077471219925964 -0.018751857247621947 -0.0070707461792471225 0.054008112587223427
leaf_weight=1788.6560922586759 34.747853665539878 227.21549685692298 43.775589135591872
leaf_count=52324 1162 4250 686
internal_value=-6.86018e-05 0.000217799 0.00115711
internal_weight=2094.4 2059.65 1832.43
internal_count=58422 57260 53010
is_linear=0
shrinkage=0.0321881


Tree=528
num_leaves=4
num_cat=0
split_feature=33 21 32
split_gain=11.5613 27.4792 23.9029
threshold=-0.46368607740685081 86.770696439780679 -0.31922987612259174
decision_type=2 2 2
left_child=1 -1 -3
right_child=-2 2 -4
leaf_value=-0.015226556902722526 0.0030166027439137728 -0.0049754936986349651 0.0040446778496628045
leaf_weight=145.00922634773451 736.84299804208786 598.68616818576993 616.26640703275916
leaf_count=7532 22944 13142 14893
internal_value=-0.000195899 -0.00198352 -0.000347837
internal_weight=2096.8 1359.96 1214.95
internal_count=58511 35567 28035
is_linear=0
shrinkage=0.0321881


Tree=529
num_leaves=4
num_cat=0
split_feature=8 16 2
split_gain=13.3413 27.1856 60.4616
threshold=551.76039869562544 91.974060363971844 11.177144273856198
decision_type=2 8 2
left_child=1 -1 -3
right_child=-2 2 -4
leaf_value=-0.022131076160409713 0.0021288058640788624 0.026946556418398954 -0.0038412278718633745
leaf_weight=71.812228829287051 1066.7393776307181 70.921798702140222 888.27679186919704
leaf_count=20313 18568 6228 13383
internal_value=-0.000359844 -0.0029964 -0.00149234
internal_weight=2097.75 1031.01 959.199
internal_count=58492 39924 19611
is_linear=0
shrinkage=0.0321881


Tree=530
num_leaves=4
num_cat=0
split_feature=25 36 29
split_gain=13.8997 19.0427 25.5776
threshold=3.5112289894916011 0.94887729365143725 10.50746068591665
decision_type=2 2 2
left_child=-1 2 -2
right_child=1 -3 -4
leaf_value=0.0015607477504084148 0.0054595370491752927 -0.0147924762588131 -0.030233591364359456
leaf_weight=1769.1401811539981 165.38693748981677 137.25360649612048 23.443681382312207
leaf_count=41755 7970 5572 3183
internal_value=0.000406741 -0.00565562 0.000658947
internal_weight=2095.22 326.084 188.831
internal_count=58480 16725 11153
is_linear=0
shrinkage=0.0321881


Tree=531
num_leaves=4
num_cat=0
split_feature=36 36 21
split_gain=15.2383 29.5686 27.0567
threshold=0.81528568745293051 0.1129245970782277 88.154525168983284
decision_type=2 2 2
left_child=1 -1 -2
right_child=2 -3 -4
leaf_value=0.003453381730812236 -0.012683516328324486 0.041647347937487811 0.00013034820184695616
leaf_weight=285.66520202843458 189.69522661861265 23.092952607439656 1600.9112058351893
leaf_count=14648 8692 453 34777
internal_value=-2.39391e-05 0.0065459 -0.00119307
internal_weight=2099.36 308.758 1790.61
internal_count=58570 15101 43469
is_linear=0
shrinkage=0.0321881


Tree=532
num_leaves=4
num_cat=1
split_feature=32 5 41
split_gain=13.625 41.0278 46.1727
threshold=-0.14660254688184424 3.2530132664856355 0
decision_type=2 2 9
left_child=1 -1 -3
right_child=-2 2 -4
leaf_value=-0.0042813436151824787 0.0039607510453951878 -0.013280870971411025 0.016842899542294273
leaf_weight=1215.0497213333365 610.90515696788498 61.175110344858695 201.29843861171685
leaf_count=30461 23696 1741 2769
internal_value=-4.99504e-05 -0.00175171 0.0097094
internal_weight=2088.43 1477.52 262.474
internal_count=58667 34971 4510
cat_boundaries=0 1
cat_threshold=72
is_linear=0
shrinkage=0.0321881


Tree=533
num_leaves=4
num_cat=1
split_feature=10 44 22
split_gain=10.8908 11.3917 11.7243
threshold=2720.2010895542385 0 869.11161440286025
decision_type=2 9 2
left_child=-1 -2 -3
right_child=1 2 -4
leaf_value=-0.016782246615836219 -0.019641646143286427 0.00019124453965792303 0.017154403866088665
leaf_weight=39.304112103243824 18.948544865335862 1990.7063749679292 43.155673783854581
leaf_count=1842 7801 48189 594
internal_value=-2.29475e-05 0.00026881 0.000581589
internal_weight=2092.11 2052.81 2033.86
internal_count=58426 56584 48783
cat_boundaries=0 1
cat_threshold=1589512
is_linear=0
shrinkage=0.0321881


Tree=534
num_leaves=4
num_cat=2
split_feature=43 5 41
split_gain=13.3795 36.8474 33.6612
threshold=0 2.7584931222708415 1
decision_type=9 2 9
left_child=1 -1 -3
right_child=-2 2 -4
leaf_value=0.014335661330510615 -0.0010992425190265265 0.018303491468275354 -0.023787441945494744
leaf_weight=191.14243430540228 1833.9160534368202 19.685499136219732 53.008522521013219
leaf_count=7353 48733 352 2319
internal_value=-8.4219e-05 0.00651938 -0.0122454
internal_weight=2097.75 263.836 72.694
internal_count=58757 10024 2671
cat_boundaries=0 1 2
cat_threshold=16 2128
is_linear=0
shrinkage=0.0321881


Tree=535
num_leaves=4
num_cat=0
split_feature=33 32 22
split_gain=11.5727 31.6846 45.4334
threshold=-0.61641414022253971 -0.37941825886743025 653.40592467754539
decision_type=2 2 2
left_child=1 2 -1
right_child=-2 -3 -4
leaf_value=-0.014702163381143663 0.0029616908918590774 0.0018098366066948623 0.013407458087135645
leaf_weight=317.19057632546901 918.18185249317321 780.14809375693221 70.838816857896745
leaf_count=8652 27033 21152 1610
internal_value=0.000231099 -0.00186079 -0.00940136
internal_weight=2086.36 1168.18 388.029
internal_count=58447 31414 10262
is_linear=0
shrinkage=0.0321881


Tree=536
num_leaves=4
num_cat=0
split_feature=29 10 36
split_gain=11.9624 11.6688 11.8564
threshold=10.50746068591665 2084.1286033008514 0.81528568745293051
decision_type=2 2 2
left_child=1 -1 -3
right_child=-2 2 -4
leaf_value=-0.023195265873751831 -0.019382381104087486 0.0070609381729739573 -3.0607965650543794e-05
leaf_weight=20.643362680664723 31.063448190205236 279.95007261722276 1771.857212682422
leaf_count=1101 3504 11431 42623
internal_value=0.000305198 0.000633203 0.000906632
internal_weight=2103.51 2072.45 2051.81
internal_count=58659 55155 54054
is_linear=0
shrinkage=0.0321881


Tree=537
num_leaves=4
num_cat=2
split_feature=41 1 44
split_gain=12.3827 39.2096 34.6784
threshold=0 19.505194205601224 1
decision_type=9 2 9
left_child=1 2 -1
right_child=-2 -3 -4
leaf_value=0.01204660527669274 -0.0016232923207378184 0.017718151595677096 -0.008445719123001889
leaf_weight=117.89251689625962 1572.0067258311792 154.91467592923436 244.11851877684239
leaf_count=3151 35913 1789 17516
internal_value=-0.000172528 0.00406765 -0.00149344
internal_weight=2088.93 516.926 362.011
internal_count=58369 22456 20667
cat_boundaries=0 1 2
cat_threshold=520 135682
is_linear=0
shrinkage=0.0321881


Tree=538
num_leaves=4
num_cat=0
split_feature=3 14 12
split_gain=14.2786 12.3458 22.5281
threshold=64.703794093838027 626.43656455613961 39.527864276907025
decision_type=2 10 10
left_child=-1 2 -2
right_child=1 -3 -4
leaf_value=-0.015699743093578453 0.00068473563391970461 0.012055536393999885 -0.013979976403976715
leaf_weight=58.779668076342205 1833.3295949803978 89.238084339012858 115.01569637640205
leaf_count=1154 49624 1548 6251
internal_value=-6.6729e-05 0.000354766 -0.000149867
internal_weight=2096.36 2037.58 1948.35
internal_count=58577 57423 55875
is_linear=0
shrinkage=0.0321881


Tree=539
num_leaves=4
num_cat=1
split_feature=8 43 16
split_gain=13.8258 18.7301 16.6026
threshold=218.02015050276913 0 87.277721002663114
decision_type=2 9 8
left_child=2 -2 -1
right_child=1 -3 -4
leaf_value=-0.027155136214776138 0.012671463355691671 0.00052674577077997155 -0.0026872591578191865
leaf_weight=31.177792131496972 137.19759420024639 1396.5734710318684 518.5276081957345
leaf_count=12163 4056 30372 12030
internal_value=0.000143217 0.00174245 -0.00420193
internal_weight=2083.48 1533.77 549.705
internal_count=58621 34428 24193
cat_boundaries=0 1
cat_threshold=16
is_linear=0
shrinkage=0.0321881


Tree=540
num_leaves=4
num_cat=0
split_feature=32 10 28
split_gain=11.8025 31.5877 25.0569
threshold=0.69414579585900704 7889.5692217050737 0.24157591001548187
decision_type=2 2 2
left_child=-1 2 -2
right_child=1 -3 -4
leaf_value=0.00092321212513525955 -0.023685063850869437 -0.031832895563937987 0.039916829119814957
leaf_weight=2030.8560151600759 9.4072473596534127 38.476570101058314 15.453869309887521
leaf_count=53102 1313 3871 326
internal_value=0.000466464 -0.0131257 0.0133162
internal_weight=2094.19 63.3377 24.8611
internal_count=58612 5510 1639
is_linear=0
shrinkage=0.0321881


Tree=541
num_leaves=4
num_cat=0
split_feature=37 8 16
split_gain=14.1703 14.9842 29.6769
threshold=0.0021207206210043885 1604.8976161506046 91.974060363971844
decision_type=2 2 10
left_child=1 2 -1
right_child=-2 -3 -4
leaf_value=-0.016962589855774451 -0.0026728814759688574 0.0090323819702200058 0.0025533222860581847
leaf_weight=89.483621981045872 924.02195608104739 288.38702549239679 788.28652065254573
leaf_count=13878 26599 4108 14251
internal_value=0.000269944 0.00265641 0.000487203
internal_weight=2090.18 1166.16 877.77
internal_count=58836 32237 28129
is_linear=0
shrinkage=0.0321881


Tree=542
num_leaves=4
num_cat=0
split_feature=30 5 10
split_gain=14.7803 35.3409 32.4633
threshold=0.85810055626555137 2.2581536040923682 8038.1289743212674
decision_type=2 2 2
left_child=-1 -2 -3
right_child=1 2 -4
leaf_value=0.001004231044295166 -0.012817811193924186 -0.022703837764519799 0.018315271369222411
leaf_weight=1722.7513940873832 254.83430724843492 24.599083036497177 86.844899687479483
leaf_count=52116 4915 486 1254
internal_value=-0.00021272 -0.00610725 0.00866183
internal_weight=2089.03 366.278 111.444
internal_count=58771 6655 1740
is_linear=0
shrinkage=0.0321881


Tree=543
num_leaves=4
num_cat=0
split_feature=10 10 21
split_gain=12.7373 16.4534 60.2742
threshold=3026.2766113168218 10955.321482101659 37.457797059902774
decision_type=2 2 2
left_child=-1 2 -2
right_child=1 -3 -4
leaf_value=-0.015951083085569709 -0.023921457888689934 -0.0030937596968272688 0.0047858166571584692
leaf_weight=50.439369955154689 80.518112257854227 819.59520297651397 1123.6144781216863
leaf_count=2273 7783 25165 23270
internal_value=0 0.000386873 0.002809
internal_weight=2074.17 2023.73 1204.13
internal_count=58491 56218 31053
is_linear=0
shrinkage=0.0321881


Tree=544
num_leaves=4
num_cat=0
split_feature=32 2 23
split_gain=13.109 33.4602 33.2141
threshold=-0.19658287625828794 26.2604579284279 49.771424975219126
decision_type=2 2 2
left_child=1 -1 -2
right_child=2 -3 -4
leaf_value=-0.010278853637060988 0 0.00098593481001089207 0.018310911899104092
leaf_weight=365.49769048611051 537.67890710745996 1050.4047473547398 128.06507316473289
leaf_count=21086 22415 12509 2503
internal_value=-9.70463e-05 -0.00187819 0.00359476
internal_weight=2081.65 1415.9 665.744
internal_count=58513 33595 24918
is_linear=0
shrinkage=0.0321881


Tree=545
num_leaves=4
num_cat=0
split_feature=8 16 2
split_gain=10.4598 22.0098 38.3056
threshold=1387.8052514845585 86.070077736186178 11.177144273856198
decision_type=2 8 2
left_child=1 -1 -3
right_child=-2 2 -4
leaf_value=-0.015252849226309265 0.0034792819385768784 0.020513320335961888 -0.0018894174801990821
leaf_weight=114.09236439297456 562.31127556994034 83.76404270567582 1311.6104458993359
leaf_count=22681 8321 8033 19570
internal_value=-0.000230876 -0.00165551 -0.000495693
internal_weight=2071.78 1509.47 1395.37
internal_count=58605 50284 27603
is_linear=0
shrinkage=0.0321881


Tree=546
num_leaves=4
num_cat=0
split_feature=22 38 38
split_gain=14.0795 13.8907 37.2609
threshold=869.11161440286025 0.9397638200510483 0.070232736019946437
decision_type=2 2 2
left_child=1 2 -1
right_child=-2 -3 -4
leaf_value=-0.00080608567094782692 0.018183277085005101 -0.0082034041040527656 0.0088916934811213572
leaf_weight=1778.6942403311441 42.894745708850678 212.42402264389966 52.081879903882509
leaf_count=52815 685 4097 901
internal_value=0 -0.00039989 0.000471706
internal_weight=2086.09 2043.2 1830.78
internal_count=58498 57813 53716
is_linear=0
shrinkage=0.0321881


Tree=547
num_leaves=4
num_cat=0
split_feature=25 33 22
split_gain=13.4763 19.908 30.8259
threshold=2.8482462502294501 0.053528903108280457 457.13264603172314
decision_type=2 2 2
left_child=-1 -2 -3
right_child=1 2 -4
leaf_value=0.0015426694640181683 -0.0099708730429247192 0.00043171790804757157 0.065473389186198591
leaf_weight=1674.4630178655134 278.10814592940369 133.34255053360903 7.9151474807295008
leaf_count=39359 10451 8609 126
internal_value=0.000221231 -0.00490116 0.00462992
internal_weight=2093.83 419.366 141.258
internal_count=58545 19186 8735
is_linear=0
shrinkage=0.0321881


Tree=548
num_leaves=4
num_cat=0
split_feature=38 38 1
split_gain=11.4848 79.5378 27.6314
threshold=0.9586772049349751 0.10213342004371834 14.462131456848184
decision_type=2 2 2
left_child=1 -1 -2
right_child=2 -3 -4
leaf_value=-0.00025834267720406556 0.0075969358059647506 0.038402388351940049 -0.015856340716452626
leaf_weight=1809.58664404519 79.528523875225801 56.548652210854925 136.85946890804917
leaf_count=53624 2876 894 1247
internal_value=3.91696e-05 0.000883776 -0.00694371
internal_weight=2082.52 1866.14 216.388
internal_count=58641 54518 4123
is_linear=0
shrinkage=0.0321881


Tree=549
num_leaves=4
num_cat=0
split_feature=40 7 31
split_gain=12.0708 14.137 12.7462
threshold=1.0324402352841948 25533.865995892553 -0.95239696266634943
decision_type=2 2 2
left_child=1 2 -1
right_child=-2 -3 -4
leaf_value=-0.0047324089632264045 -0.0096113310236320068 -0.017037041744882658 0.0025733570000841398
leaf_weight=286.23284913596945 116.56667085009394 43.165902905508119 1642.0305866591771
leaf_count=14673 2543 1335 40153
internal_value=0.000391371 0.0010162 0.00145541
internal_weight=2088 1971.43 1928.26
internal_count=58704 56161 54826
is_linear=0
shrinkage=0.0321881


Tree=550
num_leaves=4
num_cat=0
split_feature=10 33 5
split_gain=12.1964 20.5335 13.0758
threshold=17056.303143072404 -0.65592723791682195 1.3082313823112679
decision_type=2 2 2
left_child=2 -2 -1
right_child=1 -3 -4
leaf_value=-0.0028363974998110134 -0.0041211200560918437 0.043383060661937228 0.0023211084329801367
leaf_weight=1124.3877537642256 15.57025713441544 17.407320932696166 922.74092186998314
leaf_count=33313 433 477 24202
internal_value=-0.000136294 0.0191671 -0.000480548
internal_weight=2080.11 32.9776 2047.13
internal_count=58425 910 57515
is_linear=0
shrinkage=0.0321881


Tree=551
num_leaves=4
num_cat=0
split_feature=31 11 8
split_gain=13.9897 16.8798 13.2984
threshold=0.48561012291674893 22.885657362415923 1468.8064034597828
decision_type=2 8 2
left_child=2 -2 -1
right_child=1 -3 -4
leaf_value=-0.001238898384021521 -0.024823480353929842 -0.00027011426917153864 0.0047618857726784806
leaf_weight=1439.0693121007425 51.699608903320041 78.096195101614285 518.74178689610562
leaf_count=48813 823 1233 7650
internal_value=-0.000328538 -0.0105673 0.000318925
internal_weight=2087.61 129.796 1957.81
internal_count=58519 2056 56463
is_linear=0
shrinkage=0.0321881


Tree=552
num_leaves=4
num_cat=0
split_feature=10 24 4
split_gain=10.7835 44.4149 35.9005
threshold=11631.531159539465 37.695590352002142 1417.6376465616925
decision_type=2 2 2
left_child=1 -1 -2
right_child=2 -3 -4
leaf_value=-0.018671988237725191 -0.0074099462315722038 0.0031984452627832243 0.010617778026721135
leaf_weight=103.1994389687552 524.50857033473585 1296.0298147179128 143.9280398441806
leaf_count=9718 16206 27777 4886
internal_value=-3.83266e-05 0.001537 -0.00343057
internal_weight=2067.67 1399.23 668.437
internal_count=58587 37495 21092
is_linear=0
shrinkage=0.0321881


Tree=553
num_leaves=4
num_cat=0
split_feature=31 14 29
split_gain=10.706 15.7918 12.016
threshold=0.51775416086736592 398.52709890104353 10.735964421068987
decision_type=2 8 2
left_child=2 -2 -1
right_child=1 -3 -4
leaf_value=0.00057954338296227969 -0.022853989391704983 0.0002157784428906006 -0.022004311815479023
leaf_weight=1946.0082255635261 52.322248021395353 61.368590258876793 24.41035012408247
leaf_count=53659 885 939 3152
internal_value=-0.000258409 -0.00986766 0.000264832
internal_weight=2084.11 113.691 1970.42
internal_count=58635 1824 56811
is_linear=0
shrinkage=0.0321881


Tree=554
num_leaves=4
num_cat=0
split_feature=10 21 4
split_gain=13.2752 48.5479 43.328
threshold=11631.531159539465 35.643922902001144 1437.8287208841259
decision_type=2 2 2
left_child=1 -1 -2
right_child=2 -3 -4
leaf_value=-0.021270857816661763 -0.0077201315734613729 0.0035718112014346847 0.012243442984567934
leaf_weight=86.128634861903265 535.43671883429488 1325.6679524025458 140.60567164569875
leaf_count=9151 16388 28520 4713
internal_value=0.00020308 0.00200783 -0.00347102
internal_weight=2087.84 1411.8 676.042
internal_count=58772 37671 21101
is_linear=0
shrinkage=0.0321881


Tree=555
num_leaves=4
num_cat=0
split_feature=30 0 4
split_gain=12.77 23.3154 18.1237
threshold=0.85810055626555137 211.03917039979351 1944.9859433076615
decision_type=2 2 2
left_child=-1 -2 -3
right_child=1 2 -4
leaf_value=0.0010645470969601841 0.013519045377603732 -0.011654967473028327 0.015502068219774725
leaf_weight=1734.4021740028129 53.390552576838672 280.44356068180059 25.877753712877166
leaf_count=51999 1957 4375 294
internal_value=-4.95677e-05 -0.00559555 -0.00914279
internal_weight=2094.11 359.712 306.321
internal_count=58625 6626 4669
is_linear=0
shrinkage=0.0321881


Tree=556
num_leaves=4
num_cat=1
split_feature=44 22 38
split_gain=10.1528 10.8959 11.3273
threshold=0 869.11161440286025 0.9397638200510483
decision_type=9 2 2
left_child=-1 2 -2
right_child=1 -3 -4
leaf_value=-0.019089440873348677 0.00080846748680010641 0.016321962873510537 -0.0071386366567580328
leaf_weight=17.998366170384543 1816.7516649089521 43.021430290071294 206.75444883035379
leaf_count=8023 46577 609 3457
internal_value=4.54304e-05 0.000335812 0
internal_weight=2084.53 2066.53 2023.51
internal_count=58666 50643 50034
cat_boundaries=0 1
cat_threshold=1589512
is_linear=0
shrinkage=0.0321881


Tree=557
num_leaves=4
num_cat=1
split_feature=39 39 44
split_gain=11.874 75.3868 60.334
threshold=0.94095971079533836 0.16029280780750715 0
decision_type=2 2 9
left_child=1 -1 -2
right_child=2 -3 -4
leaf_value=-0.00041558629478912867 0.020771370650320461 0.037048123777705021 -0.011353401990459779
leaf_weight=1641.873706476088 64.109565538790775 57.284295445191674 314.01063972167321
leaf_count=50477 2365 931 4938
internal_value=-0.000300708 0.00081495 -0.00547985
internal_weight=2077.28 1699.16 378.12
internal_count=58711 51408 7303
cat_boundaries=0 1
cat_threshold=271616
is_linear=0
shrinkage=0.0321881


Tree=558
num_leaves=4
num_cat=3
split_feature=43 44 41
split_gain=11.661 28.9928 30.4906
threshold=0 1 2
decision_type=9 9 9
left_child=1 2 -1
right_child=-2 -3 -4
leaf_value=0.020349421247879685 -0.00080096736748035786 0.022149797563153772 -0.0081520017815024208
leaf_weight=42.063615843369917 1811.0834707394079 74.037059766269522 140.00479177999659
leaf_count=899 48633 1703 7396
internal_value=8.88334e-05 0.00640592 -0.00050332
internal_weight=2067.19 256.105 182.068
internal_count=58631 9998 8295
cat_boundaries=0 1 2 3
cat_threshold=16 807937 2128
is_linear=0
shrinkage=0.0321881


Tree=559
num_leaves=4
num_cat=1
split_feature=44 36 22
split_gain=10.631 10.4897 40.2513
threshold=0 0.81528568745293051 466.78764703146118
decision_type=9 2 2
left_child=-1 2 -2
right_child=1 -3 -4
leaf_value=-0.019025716425552369 0.0033395411944246575 -0.00013908898628517099 0.056747613235176568
leaf_weight=18.065322095582815 293.55946036515525 1760.4448137518812 15.457186819519846
leaf_count=8089 12713 37703 280
internal_value=0.00049081 0.000782257 0.00625844
internal_weight=2087.53 2069.46 309.017
internal_count=58785 50696 12993
cat_boundaries=0 1
cat_threshold=1589512
is_linear=0
shrinkage=0.0321881


Tree=560
num_leaves=4
num_cat=0
split_feature=5 7 29
split_gain=14.3485 15.1502 10.9541
threshold=5.9282675873714767 25533.865995892553 10.50746068591665
decision_type=2 2 2
left_child=1 2 -1
right_child=-2 -3 -4
leaf_value=0.00053558321514633246 0.021274209334125872 -0.021596924435392732 -0.019753208795305753
leaf_weight=1987.2792129856552 32.757573775743367 33.246791185811162 27.646090127389471
leaf_count=53241 701 1176 3328
internal_value=0.000206035 -0.000102248 0.000223311
internal_weight=2080.93 2048.17 2014.93
internal_count=58446 57745 56569
is_linear=0
shrinkage=0.0321881


Tree=561
num_leaves=4
num_cat=0
split_feature=14 15 17
split_gain=11.3878 26.1195 19.9809
threshold=626.43656455613961 0.98405169597583342 6.1753286000626346
decision_type=10 10 10
left_child=2 -2 -1
right_child=1 -3 -4
leaf_value=0 -0.013137004349720307 0.022779886797065042 -0.026544663239084262
leaf_weight=1946.0660557616939 28.444361350324471 64.479645863175392 29.623821063150899
leaf_count=46486 575 1037 10498
internal_value=7.34418e-05 0.0110965 -0.000414045
internal_weight=2068.61 92.924 1975.69
internal_count=58596 1612 56984
is_linear=0
shrinkage=0.0321881


Tree=562
num_leaves=4
num_cat=1
split_feature=9 41 32
split_gain=10.3351 11.3297 45.6369
threshold=23.559530875699622 0 -0.085116607134230762
decision_type=10 9 2
left_child=1 2 -1
right_child=-2 -3 -4
leaf_value=-0.0018198961766454943 -0.024648212047037248 -0.0011640809219786844 0.018992084350347563
leaf_weight=353.2625986913863 17.284803108443157 1550.8644284078255 154.98649415999898
leaf_count=13736 449 35848 8551
internal_value=-3.91859e-06 0.000174836 0.00432218
internal_weight=2076.4 2059.11 508.249
internal_count=58584 58135 22287
cat_boundaries=0 1
cat_threshold=520
is_linear=0
shrinkage=0.0321881


Tree=563
num_leaves=4
num_cat=0
split_feature=30 14 17
split_gain=11.5672 15.8329 22.1348
threshold=0.81556992926880001 611.93838648879171 5.6565336393264216
decision_type=2 10 10
left_child=1 2 -1
right_child=-2 -3 -4
leaf_value=0.0016392887333340198 -0.0049028267847731699 0.014440690302620726 -0.01105323274497492
leaf_weight=1426.0204874930932 412.30967683252311 87.514184430066962 157.55529877247318
leaf_count=30465 7833 1468 18908
internal_value=-4.6952e-05 0.00111356 0.000334787
internal_weight=2083.4 1671.09 1583.58
internal_count=58674 50841 49373
is_linear=0
shrinkage=0.0321881


Tree=564
num_leaves=4
num_cat=1
split_feature=9 42 4
split_gain=11.2487 13.8008 19.1598
threshold=27.713620198194171 0 812.41272510981787
decision_type=10 9 2
left_child=1 2 -1
right_child=-2 -3 -4
leaf_value=0 -0.026675682542854275 -0.00030570693347869635 0.033193632221675776
leaf_weight=48.693152386782458 15.993884786061242 1984.5698358921982 32.271957348290016
leaf_count=657 434 57060 461
internal_value=0 0.000225181 0.0124854
internal_weight=2081.53 2065.53 80.9651
internal_count=58612 58178 1118
cat_boundaries=0 1
cat_threshold=131668
is_linear=0
shrinkage=0.0321881


Tree=565
num_leaves=4
num_cat=0
split_feature=10 21 14
split_gain=11.5425 43.7871 30.1495
threshold=12150.169173648545 49.952146660601919 418.01188536748413
decision_type=2 2 8
left_child=1 -1 -2
right_child=2 -3 -4
leaf_value=-0.015516979056998311 -0.0086518929494882012 0.0036213965918369989 0.0075504013432294613
leaf_weight=134.95818696367678 380.38635667082053 1388.3051790658938 169.22285071882652
leaf_count=11132 14844 29505 2945
internal_value=0.000411616 0.00188182 -0.00354632
internal_weight=2072.87 1523.26 549.609
internal_count=58426 40637 17789
is_linear=0
shrinkage=0.0321881


Tree=566
num_leaves=4
num_cat=0
split_feature=5 40 7
split_gain=12.0999 20.7719 18.0342
threshold=5.7325148638003229 0.73561911766930344 25533.865995892553
decision_type=2 2 2
left_child=2 -2 -1
right_child=1 -3 -4
leaf_value=0.00038645255948605353 -0.0041958573622998558 0.038366819791393426 -0.025126091714156341
leaf_weight=2010.0765931715268 19.534441350697307 22.864439252647571 28.883867957883922
leaf_count=56617 625 313 1140
internal_value=0.000377054 0.0173487 0
internal_weight=2081.36 42.3989 2038.96
internal_count=58695 938 57757
is_linear=0
shrinkage=0.0321881


Tree=567
num_leaves=4
num_cat=1
split_feature=5 44 3
split_gain=11.2249 26.0929 39.172
threshold=1.1510629407708208 0 275.86402884910837
decision_type=2 9 2
left_child=1 2 -1
right_child=-2 -3 -4
leaf_value=-0.0011416054366991653 0.0021984302984665634 -0.0079551969083063237 0.023429138456241064
leaf_weight=469.22226716789737 1043.5627258577515 479.01456269527807 77.567663912574062
leaf_count=14395 28082 15080 861
internal_value=-0.000119211 -0.00253901 0.00219606
internal_weight=2069.37 1025.8 546.79
internal_count=58418 30336 15256
cat_boundaries=0 1
cat_threshold=401478
is_linear=0
shrinkage=0.0321881


Tree=568
num_leaves=4
num_cat=1
split_feature=8 16 44
split_gain=14.2112 16.3743 21.3538
threshold=218.02015050276913 84.407583376190317 0
decision_type=2 8 9
left_child=1 -1 -3
right_child=-2 2 -4
leaf_value=-0.028348844459873783 0.001920562092140738 0.011474749711645402 -0.005635217298443517
leaf_weight=27.82230477541998 1517.3827719243636 80.046234907182225 429.40889338067791
leaf_count=11609 34204 3717 8664
internal_value=0.000298808 -0.00416169 -0.00270326
internal_weight=2054.66 537.277 509.455
internal_count=58194 23990 12381
cat_boundaries=0 1
cat_threshold=397380
is_linear=0
shrinkage=0.0321881


Tree=569
num_leaves=4
num_cat=0
split_feature=40 40 40
split_gain=10.7176 45.5056 89.3908
threshold=0.96440749193780884 0.11055050241962891 0.90139418391849302
decision_type=2 2 2
left_child=1 -1 -3
right_child=-2 2 -4
leaf_value=-0.00042631934111987669 -0.0041519682088743716 0.050501271727188948 0
leaf_weight=1428.9510882506493 469.75007850043767 55.645280630422349 108.69027555224602
leaf_count=45344 9963 930 2340
internal_value=8.61679e-05 0.0013761 0.0174138
internal_weight=2063.04 1593.29 164.336
internal_count=58577 48614 3270
is_linear=0
shrinkage=0.0321881


Tree=570
num_leaves=4
num_cat=0
split_feature=18 38 38
split_gain=11.1398 30.8328 36.4624
threshold=28.304867552159759 0.9397638200510483 0.10213342004371834
decision_type=2 2 2
left_child=-1 2 -2
right_child=1 -3 -4
leaf_value=-0.0010319849114691505 0.0086590464297260777 0.0019618644070841635 0.047936203481598799
leaf_weight=1676.718711553076 140.09260225613252 226.06124598500901 31.460367369698361
leaf_count=50788 2891 4313 493
internal_value=8.54877e-05 0.00495571 0.0162889
internal_weight=2074.33 397.614 171.553
internal_count=58485 7697 3384
is_linear=0
shrinkage=0.0321881


Tree=571
num_leaves=4
num_cat=0
split_feature=14 30 23
split_gain=10.2969 25.3181 23.5835
threshold=317.30450797594727 -0.55073847839329038 16.592680516554996
decision_type=10 2 2
left_child=1 -1 -3
right_child=-2 2 -4
leaf_value=-0.010602178594323185 0.0018240702004727295 -0.0075573252292105934 0.0050088364126824603
leaf_weight=295.09921123591266 1091.1155190298741 234.64144453061272 448.81907988695457
leaf_count=8293 15863 18574 15742
internal_value=-0.00029113 -0.00271457 0.000600415
internal_weight=2069.68 978.56 683.461
internal_count=58472 42609 34316
is_linear=0
shrinkage=0.0321881


Tree=572
num_leaves=4
num_cat=0
split_feature=36 21 36
split_gain=10.3724 30.8561 27.8867
threshold=0.81528568745293051 88.154525168983284 0.1129245970782277
decision_type=2 2 2
left_child=2 -2 -1
right_child=1 -3 -4
leaf_value=0.0025869457151682573 -0.013209247786666765 0.00056680993781721737 0.0404378354999817
leaf_weight=279.06626810376838 187.47051960146018 1588.2492072405075 22.073717212100746
leaf_count=14658 8653 34838 443
internal_value=5.26343e-05 -0.000853293 0.00560239
internal_weight=2076.86 1775.72 301.14
internal_count=58592 43491 15101
is_linear=0
shrinkage=0.0321881


Tree=573
num_leaves=4
num_cat=0
split_feature=32 36 21
split_gain=10.3859 26.5134 26.1118
threshold=0.62633384631382116 0.81528568745293051 88.154525168983284
decision_type=2 2 2
left_child=1 -1 -3
right_child=-2 2 -4
leaf_value=0.010733605460927465 -0.011819652919572427 -0.01242621111922269 0.0004664813764952346
leaf_weight=231.94633247598176 73.340946691638237 180.5454309313991 1569.24477735033
leaf_count=8987 6196 8646 34687
internal_value=2.16507e-05 0.000493376 -0.000828909
internal_weight=2055.08 1981.74 1749.79
internal_count=58516 52320 43333
is_linear=0
shrinkage=0.0321881


Tree=574
num_leaves=4
num_cat=0
split_feature=5 40 21
split_gain=11.4194 12.8425 35.4895
threshold=5.9282675873714767 0.96952136335672756 276.66175448917505
decision_type=2 2 2
left_child=1 -1 -3
right_child=-2 2 -4
leaf_value=0.00097518828713836451 0.018683110541298405 -0.016061524370150702 0.0023433844170144837
leaf_weight=1608.1308328304731 33.052389078307897 183.35838366270764 253.79615390741674
leaf_count=48840 693 4030 5259
internal_value=0 -0.00032152 -0.0052352
internal_weight=2078.34 2045.29 437.155
internal_count=58822 58129 9289
is_linear=0
shrinkage=0.0321881


Tree=575
num_leaves=4
num_cat=1
split_feature=42 16 12
split_gain=9.03227 14.1062 27.4515
threshold=0 168.17972814649906 34.607598872708742
decision_type=9 10 10
left_child=-1 -2 -3
right_child=1 2 -4
leaf_value=-0.0081908764181776936 -0.0010586024626594098 -0.0052268331733832801 0.011650014831061921
leaf_weight=126.43218323969631 1517.2693908859019 150.10612106663757 276.06604848394636
leaf_count=2245 49518 2715 4220
internal_value=-0.000172191 0.000357937 0.00555669
internal_weight=2069.87 1943.44 426.172
internal_count=58698 56453 6935
cat_boundaries=0 1
cat_threshold=17408
is_linear=0
shrinkage=0.0321881


Tree=576
num_leaves=4
num_cat=0
split_feature=36 36 25
split_gain=11.7753 26.5137 23.2214
threshold=0.81528568745293051 0.1129245970782277 5.1341388970619413
decision_type=2 2 2
left_child=1 -1 -2
right_child=2 -3 -4
leaf_value=0.0025980963844744694 -0.00054651307281646021 0.038841343784731558 -0.021055478307043386
leaf_weight=284.30171292789601 1700.6257885521118 22.956077816706966 59.362537331426211
leaf_count=14752 39565 453 3889
internal_value=-0.000232475 0.00554091 -0.00127718
internal_weight=2067.25 307.258 1759.99
internal_count=58659 15205 43454
is_linear=0
shrinkage=0.0321881


Tree=577
num_leaves=4
num_cat=1
split_feature=10 44 5
split_gain=10.212 62.9755 67.3977
threshold=7728.4001516052458 0 2.1699048549265174
decision_type=2 9 2
left_child=1 2 -1
right_child=-2 -3 -4
leaf_value=0.0042348322798013011 0.001447963015786632 -0.010309579558638565 0.06369520398150047
leaf_weight=119.09107487549772 1500.394333043585 396.61816712352811 24.21013068431057
leaf_count=1843 42714 13447 305
internal_value=5.12331e-05 -0.00371119 0.013848
internal_weight=2040.31 539.919 143.301
internal_count=58309 15595 2148
cat_boundaries=0 1
cat_threshold=580
is_linear=0
shrinkage=0.0321881


Tree=578
num_leaves=4
num_cat=1
split_feature=13 44 12
split_gain=10.4531 30.9893 45.4804
threshold=36.75391405626025 0 30.521279168580445
decision_type=10 9 10
left_child=-1 -2 -3
right_child=1 2 -4
leaf_value=0.0013338141837555251 0.011744072508608311 0.015543175622441809 -0.01605548815591416
leaf_weight=1692.967008850821 82.549417601141613 56.679993356949126 238.43485120085461
leaf_count=36982 9338 3446 8913
internal_value=0.000224293 -0.00457857 -0.00944363
internal_weight=2070.63 377.664 295.115
internal_count=58679 21697 12359
cat_boundaries=0 1
cat_threshold=262724
is_linear=0
shrinkage=0.0321881


Tree=579
num_leaves=4
num_cat=1
split_feature=44 10 5
split_gain=10.5032 49.0442 65.4007
threshold=0 9954.5645393243576 1.376135882863998
decision_type=9 2 2
left_child=-1 2 -2
right_child=1 -3 -4
leaf_value=0.00102899581286325 -0.0091336300449204391 -0.019591770813610337 0.029304745853497349
leaf_weight=1733.3764383268717 119.76679960312504 143.37761105636673 72.824168528848531
leaf_count=42249 5114 8167 3062
internal_value=0 -0.0051088 0.00508886
internal_weight=2069.35 335.969 192.591
internal_count=58592 16343 8176
cat_boundaries=0 1
cat_threshold=394327
is_linear=0
shrinkage=0.0321881


Tree=580
num_leaves=4
num_cat=0
split_feature=9 14 15
split_gain=9.47751 9.89674 26.2751
threshold=24.41004946372 626.43656455613961 0.98405169597583342
decision_type=10 10 10
left_child=1 -1 -3
right_child=-2 2 -4
leaf_value=-7.9251879486082964e-05 -0.024459868264164495 -0.014372706623169682 0.022492892165675665
leaf_weight=1962.0002222110979 15.783118780720541 26.890130076149944 63.287983802030794
leaf_count=56668 434 539 992
internal_value=0.00014531 0.000368382 0.0107867
internal_weight=2067.96 2052.18 90.1781
internal_count=58633 58199 1531
is_linear=0
shrinkage=0.0321881


Tree=581
num_leaves=4
num_cat=1
split_feature=38 35 42
split_gain=13.6223 12.2144 11.0372
threshold=-0.032905719046163052 -0.0033236793633926952 0
decision_type=2 2 9
left_child=-1 -2 -3
right_child=1 2 -4
leaf_value=-0.0088837710407099237 -0.0076506016403023423 0.0020345415886135255 -0.0075944092750262187
leaf_weight=177.87010772160284 174.04959188709472 1583.5565093574896 121.79402230677806
leaf_count=5502 5052 45660 2090
internal_value=-0.000359372 0.000414526 0.00127595
internal_weight=2057.27 1879.4 1705.35
internal_count=58304 52802 47750
cat_boundaries=0 1
cat_threshold=393750
is_linear=0
shrinkage=0.0321881


Tree=582
num_leaves=4
num_cat=0
split_feature=31 30 5
split_gain=12.242 12.4241 29.3903
threshold=-0.9823950561789081 0.81556992926880001 2.2581536040923682
decision_type=2 2 2
left_child=-1 -2 -3
right_child=1 2 -4
leaf_value=-0.0078088119954675805 0.001887082796933633 -0.010235753151389686 0.0082957140650471873
leaf_weight=204.94009391235704 1454.3034286972579 285.416538388361 124.88338631199804
leaf_count=10198 40595 5762 2029
internal_value=-0.000328331 0.000460587 -0.00443863
internal_weight=2069.54 1864.6 410.3
internal_count=58584 48386 7791
is_linear=0
shrinkage=0.0321881


Tree=583
num_leaves=4
num_cat=0
split_feature=32 10 28
split_gain=9.81563 34.1557 27.7082
threshold=0.69414579585900704 7889.5692217050737 0.22857269409626904
decision_type=2 2 2
left_child=-1 2 -2
right_child=1 -3 -4
leaf_value=0.00038839791057847131 -0.026176743479116735 -0.032162984713010441 0.042111117262088042
leaf_weight=2004.4392067780482 8.6593746374928759 37.921109781829728 15.774681244976817
leaf_count=53268 1251 3903 344
internal_value=0 -0.0125557 0.0153094
internal_weight=2066.79 62.3552 24.4341
internal_count=58766 5498 1595
is_linear=0
shrinkage=0.0321881


Tree=584
num_leaves=4
num_cat=0
split_feature=31 21 14
split_gain=13.6042 13.5286 12.9418
threshold=0.51775416086736592 259.69934390407798 125.39008005877808
decision_type=2 2 8
left_child=2 -2 -1
right_child=1 -3 -4
leaf_value=-0.011284635389807932 -0.016711353690771709 0.0095056982231080632 0.001649575467844587
leaf_weight=82.641194252762944 86.237045163750736 23.173346652794862 1853.010214523807
leaf_count=3583 1547 237 53031
internal_value=0.000408528 -0.0105691 0.00106314
internal_weight=2045.06 109.41 1935.65
internal_count=58398 1784 56614
is_linear=0
shrinkage=0.0321881


Tree=585
num_leaves=4
num_cat=1
split_feature=32 5 41
split_gain=10.3994 42.8973 44.0688
threshold=-0.11156336504764071 3.7107696305153692 0
decision_type=2 2 9
left_child=-1 2 -2
right_child=1 -3 -4
leaf_value=-0.0015267924901752954 0.021297356246434751 -0.019822367129111659 0.0003266214979658879
leaf_weight=1499.7979716604823 144.1428706264378 69.342233900031715 348.70551241874273
leaf_count=36122 7967 2468 12370
internal_value=-9.7299e-05 0.00360206 0.00703492
internal_weight=2061.99 562.191 492.848
internal_count=58927 22805 20337
cat_boundaries=0 1
cat_threshold=520
is_linear=0
shrinkage=0.0321881


Tree=586
num_leaves=4
num_cat=1
split_feature=44 22 38
split_gain=10.3908 10.5254 13.5699
threshold=0 927.2245372963456 0.9397638200510483
decision_type=9 2 2
left_child=-1 2 -2
right_child=1 -3 -4
leaf_value=-0.018967491621566763 0.0013135297635775492 0.020670167954564625 -0.0073142513877997159
leaf_weight=17.915806210721712 1801.6140053073505 26.818980021227617 209.90657896801713
leaf_count=8153 46807 393 3471
internal_value=0.000384787 0.000678028 0.000380786
internal_weight=2056.26 2038.34 2011.52
internal_count=58824 50671 50278
cat_boundaries=0 1
cat_threshold=1589512
is_linear=0
shrinkage=0.0321881


Tree=587
num_leaves=4
num_cat=0
split_feature=33 32 22
split_gain=11.918 31.026 37.8964
threshold=-0.60256198911114112 -0.37941825886743025 483.3399293857122
decision_type=2 2 2
left_child=1 2 -1
right_child=-2 -3 -4
leaf_value=-0.018094782400702485 0.0033975551567223712 0.0021551427900300211 0.0015629260803534646
leaf_weight=213.85778705232951 889.96237234646833 774.5941348944616 182.89908562990604
leaf_count=6295 26684 21166 4312
internal_value=0.000567678 -0.00152828 -0.0088769
internal_weight=2061.31 1171.35 396.757
internal_count=58457 31773 10607
is_linear=0
shrinkage=0.0321881


Tree=588
num_leaves=4
num_cat=0
split_feature=32 23 2
split_gain=11.6524 34.3686 36.6029
threshold=-0.19658287625828794 52.148507613212054 19.558313764418909
decision_type=2 2 2
left_child=-1 -2 -3
right_child=1 2 -4
leaf_value=-0.0019850766954469978 -9.4225176739541337e-05 0.048711069104154771 0.0094476204780350841
leaf_weight=1410.239401475601 548.50143587249659 32.086037834029412 84.997644191607833
leaf_count=33498 22793 1439 846
internal_value=-0.00030045 0.00317271 0.0189895
internal_weight=2075.82 665.585 117.084
internal_count=58576 25078 2285
is_linear=0
shrinkage=0.0321881


Tree=589
num_leaves=4
num_cat=0
split_feature=10 22 38
split_gain=10.8375 10.7305 13.4358
threshold=17271.189342996648 869.11161440286025 0.9586772049349751
decision_type=2 2 2
left_child=1 2 -1
right_child=-2 -3 -4
leaf_value=0.00020696833622991343 0.020442390438762881 0.015722017528860339 -0.0088397465149964473
leaf_weight=1798.7196322392174 26.357062420611328 42.202781802974641 186.42333335574949
leaf_count=53381 714 685 3805
internal_value=0 -0.000238253 -0.000611475
internal_weight=2053.7 2027.35 1985.14
internal_count=58585 57871 57186
is_linear=0
shrinkage=0.0321881


Tree=590
num_leaves=4
num_cat=0
split_feature=14 12 30
split_gain=9.83844 23.3643 22.4081
threshold=317.30450797594727 40.331047989411566 0.42853942091998937
decision_type=10 10 2
left_child=1 -1 -2
right_child=2 -3 -4
leaf_value=-0.0012597657863732291 0.0058066054371433791 -0.030826887225680541 -0.0036619746204893224
leaf_weight=940.07485564215676 690.08235413700459 28.631083340424084 406.01396004261915
leaf_count=38493 9830 4128 6115
internal_value=0.000123565 -0.00220671 0.00224114
internal_weight=2064.8 968.706 1096.1
internal_count=58566 42621 15945
is_linear=0
shrinkage=0.0321881


Tree=591
num_leaves=4
num_cat=0
split_feature=30 5 10
split_gain=11.886 33.2975 37.9929
threshold=0.79814116527230994 2.4492873040875227 7783.2294589021849
decision_type=2 2 2
left_child=-1 -2 -3
right_child=1 2 -4
leaf_value=0.00061145910321954886 -0.011372494749742708 -0.02660257970863892 0.017376920950130922
leaf_weight=1639.5014313112097 297.20927870233209 24.419321206645691 100.34751467901515
leaf_count=50296 6156 506 1505
internal_value=-0.0005939 -0.00542564 0.00822562
internal_weight=2061.48 421.976 124.767
internal_count=58463 8167 2011
is_linear=0
shrinkage=0.0321881


Tree=592
num_leaves=4
num_cat=1
split_feature=12 15 44
split_gain=10.124 31.3198 29.9005
threshold=35.154787267797374 1.1688553739402376 0
decision_type=10 10 9
left_child=1 -1 -2
right_child=2 -3 -4
leaf_value=-0.00080215433612300889 0.011323267554968685 -0.021467629682474482 -0.0029872450792534661
leaf_weight=1388.7046838772512 247.29404355159568 80.801963127718409 350.71104240899876
leaf_count=27892 7718 12821 10286
internal_value=-0.000522162 -0.00198508 0.00296562
internal_weight=2067.51 1469.51 598.005
internal_count=58717 40713 18004
cat_boundaries=0 1
cat_threshold=266310
is_linear=0
shrinkage=0.0321881


Tree=593
num_leaves=4
num_cat=0
split_feature=32 10 28
split_gain=11.3246 21.1863 18.9851
threshold=0.62633384631382116 7889.5692217050737 0.22225147126780956
decision_type=2 2 2
left_child=-1 2 -2
right_child=1 -3 -4
leaf_value=0.00069872577466187932 -0.024631140833008183 -0.026621077192321735 0.028721055799635891
leaf_weight=1985.263080217308 9.8270466379290173 43.641705673864635 18.282246545495582
leaf_count=52532 1428 4396 402
internal_value=0.00021365 -0.0122811 0.0077721
internal_weight=2057.01 71.751 28.1093
internal_count=58758 6226 1830
is_linear=0
shrinkage=0.0321881


Tree=594
num_leaves=4
num_cat=0
split_feature=14 15 16
split_gain=10.2382 13.5521 24.8571
threshold=91.373277190208242 0.59029067935921387 94.537184715359189
decision_type=8 8 8
left_child=-1 -2 -3
right_child=1 2 -4
leaf_value=-0.017578745245130888 0.0063676939182769144 -0.012159267455417207 0.00038928051100590728
leaf_weight=33.900352543547342 313.16144768249069 181.87884453205334 1535.2966679130841
leaf_count=1361 4334 25294 27667
internal_value=-7.6249e-05 0.000186639 -0.000904237
internal_weight=2064.24 2030.34 1717.18
internal_count=58656 57295 52961
is_linear=0
shrinkage=0.0321881


Tree=595
num_leaves=4
num_cat=0
split_feature=36 25 36
split_gain=11.4973 24.4731 24.4456
threshold=0.81528568745293051 4.8609136943998781 0.1129245970782277
decision_type=2 2 2
left_child=2 -2 -1
right_child=1 -3 -4
leaf_value=0.0030759622946524181 0 -0.019619534206588435 0.037133071447179387
leaf_weight=280.20530482767208 1700.6904092769983 68.154262015505083 24.217256518648355
leaf_count=14742 39384 4237 469
internal_value=0.000222326 -0.000740325 0.00602109
internal_weight=2073.27 1768.84 304.423
internal_count=58832 43621 15211
is_linear=0
shrinkage=0.0321881


Tree=596
num_leaves=4
num_cat=0
split_feature=36 22 10
split_gain=11.1947 33.3544 30.1223
threshold=0.81528568745293051 457.13264603172314 14728.38388186546
decision_type=2 2 2
left_child=1 2 -1
right_child=-2 -3 -4
leaf_value=-0.00095994451509817094 -0.0011790042592672409 0.052768755540286962 0.027809431056333302
leaf_weight=249.19387815664595 1757.5181409190009 14.645606486330506 37.258805782716081
leaf_count=13293 43403 323 1643
internal_value=-0.000166395 0.00552914 0.00285011
internal_weight=2058.62 301.098 286.453
internal_count=58662 15259 14936
is_linear=0
shrinkage=0.0321881


Tree=597
num_leaves=4
num_cat=0
split_feature=30 32 4
split_gain=10.0846 13.9979 13.0486
threshold=-0.96857431006068173 -0.076286721658241657 571.97308095230153
decision_type=2 2 2
left_child=1 -1 -3
right_child=-2 2 -4
leaf_value=-0.01371665122201433 0.00042439383722208264 -0.013273209110869082 0.018705074125398818
leaf_weight=122.94627713182854 1882.4007743868842 19.857802127262403 32.7047636572388
leaf_count=1734 55997 450 630
internal_value=-0.000232021 -0.00762582 0.00541221
internal_weight=2057.91 175.509 52.5626
internal_count=58811 2814 1080
is_linear=0
shrinkage=0.0321881


Tree=598
num_leaves=4
num_cat=0
split_feature=10 13 5
split_gain=9.81623 10.0158 27.9585
threshold=17271.189342996648 39.255460738317431 4.3228404893762571
decision_type=2 10 2
left_child=1 -1 -3
right_child=-2 2 -4
leaf_value=0.00020840348240868504 0.019689947858797109 -0.014725303371088912 0.025129954214938899
leaf_weight=1878.8713883278815 25.283579525028472 122.61393033734203 20.225109811581206
leaf_count=42748 691 14710 478
internal_value=-0.000102389 -0.000383693 -0.0086046
internal_weight=2046.99 2021.71 142.839
internal_count=58627 57936 15188
is_linear=0
shrinkage=0.0321881


Tree=599
num_leaves=4
num_cat=0
split_feature=4 11 5
split_gain=9.84474 35.7348 41.3759
threshold=1122.7963054328486 28.948274330334566 3.8138569935468856
decision_type=2 10 2
left_child=-1 2 -2
right_child=1 -3 -4
leaf_value=-0.0019225168645845398 0.0072887266308886041 -0.020213026676942396 -0.032737961185703872
leaf_weight=1381.6400302143811 570.71437825871908 61.725664512923686 27.369082405683002
leaf_count=37442 16223 3420 1413
internal_value=-0.000350242 0.00284511 0.00533836
internal_weight=2041.45 659.809 598.083
internal_count=58498 21056 17636
is_linear=0
shrinkage=0.0321881


Tree=600
num_leaves=4
num_cat=0
split_feature=29 33 10
split_gain=11.4676 12.4063 30.71
threshold=10.735964421068987 -0.41258435824375178 16708.86545793563
decision_type=2 2 2
left_child=1 -1 -3
right_child=-2 2 -4
leaf_value=-0.0013943082611893422 -0.021973757093896252 0.0027986863175762343 0.048986622911188632
leaf_weight=1400.9339355768352 24.095016353363462 611.13736819970291 15.303275461650626
leaf_count=36987 3289 17883 449
internal_value=0 0.000255791 0.00404674
internal_weight=2051.47 2027.37 626.441
internal_count=58608 55319 18332
is_linear=0
shrinkage=0.0321881


Tree=601
num_leaves=4
num_cat=0
split_feature=7 20 33
split_gain=10.0579 36.2339 27.6606
threshold=4818.4830131142226 88.424240401277828 -0.47281570752064744
decision_type=2 2 2
left_child=-1 -2 -3
right_child=1 2 -4
leaf_value=-0.0014684927356834274 -0.0043924367250692447 0.0054047689364305389 0.030249180732181923
leaf_weight=1563.8685108324262 257.46271492013875 168.57966792560183 69.058050509775057
leaf_count=45125 8883 3612 996
internal_value=-0.000173164 0.00378853 0.0129153
internal_weight=2058.97 495.1 237.638
internal_count=58616 13491 4608
is_linear=0
shrinkage=0.0321881


Tree=602
num_leaves=4
num_cat=0
split_feature=32 23 1
split_gain=10.1979 33.4961 39.0041
threshold=-0.19658287625828794 52.148507613212054 4.8475256227508687
decision_type=2 2 2
left_child=-1 -2 -3
right_child=1 2 -4
leaf_value=-0.0014755262866492304 0 0.057136827781601458 0.0094550772691773012
leaf_weight=1394.4525324396491 546.67959879444606 22.721430203557247 95.165764563251287
leaf_count=33531 22826 1232 987
internal_value=5.6669e-05 0.00336684 0.0189102
internal_weight=2059.02 664.567 117.887
internal_count=58576 25045 2219
is_linear=0
shrinkage=0.0321881


Tree=603
num_leaves=4
num_cat=0
split_feature=22 39 2
split_gain=10.5611 11.3641 40.0446
threshold=869.11161440286025 0.95091390097265771 19.558313764418909
decision_type=2 2 2
left_child=1 -1 -3
right_child=-2 2 -4
leaf_value=0.00078500334610191313 0.015990287384164241 0.0078627318386269608 -0.012351090136478225
leaf_weight=1668.9347631880592 42.02144436450908 78.730253785193781 254.11409639613703
leaf_count=51212 693 4445 2239
internal_value=4.0043e-05 -0.000264824 -0.00571686
internal_weight=2043.8 2001.78 332.844
internal_count=58589 57896 6684
is_linear=0
shrinkage=0.0321881


Tree=604
num_leaves=4
num_cat=0
split_feature=8 6 4
split_gain=9.19996 9.20138 28.9946
threshold=7.6573516681243321 134.26180404365746 564.32797383355137
decision_type=2 2 2
left_child=-1 -2 -3
right_child=1 2 -4
leaf_value=-0.0066789796186233737 7.087039731744967e-05 0.023059047490983718 -0.01739848272436556
leaf_weight=198.28819105644652 1763.4009734989904 61.567830264451914 24.167091675823031
leaf_count=8933 47964 820 754
internal_value=-6.67572e-05 0.000608615 0.0108974
internal_weight=2047.42 1849.14 85.7349
internal_count=58471 49538 1574
is_linear=0
shrinkage=0.0321881


Tree=605
num_leaves=4
num_cat=1
split_feature=32 10 44
split_gain=11.1285 19.9023 29.061
threshold=0.62633384631382116 8565.0232648187393 0
decision_type=2 2 9
left_child=-1 2 -2
right_child=1 -3 -4
leaf_value=0.00037320448271053271 0.026161597376713978 -0.02831057302498027 -0.020790609371692519
leaf_weight=1973.2790909220912 18.107009697298054 38.859651367190963 15.802032295003299
leaf_count=52357 503 4002 1671
internal_value=-5.20319e-05 -0.0124195 0.00399647
internal_weight=2046.05 72.7687 33.909
internal_count=58533 6176 2174
cat_boundaries=0 1
cat_threshold=5
is_linear=0
shrinkage=0.0321881


Tree=606
num_leaves=4
num_cat=1
split_feature=8 16 44
split_gain=10.4844 25.7112 35.0194
threshold=625.56192567399455 168.17972814649906 0
decision_type=2 10 9
left_child=1 2 -1
right_child=-2 -3 -4
leaf_value=0.0021007930838186093 0.0024972897638607301 0.0045814919793215952 -0.012031270622636567
leaf_weight=319.27458649986875 964.85890745205324 378.09047101199394 393.01417134029907
leaf_count=20992 16726 6187 14858
internal_value=2.32227e-05 -0.0021077 -0.00574814
internal_weight=2055.24 1090.38 712.289
internal_count=58763 42037 35850
cat_boundaries=0 1
cat_threshold=397318
is_linear=0
shrinkage=0.0321881


Tree=607
num_leaves=4
num_cat=0
split_feature=10 10 32
split_gain=11.5279 12.0941 34.0186
threshold=3304.4793094797574 5101.7131875125024 -0.71541626988496765
decision_type=2 2 2
left_child=-1 2 -2
right_child=1 -3 -4
leaf_value=-0.013373523039810993 0.022001872575150631 -0.00034011345846429009 -0.0061202446007480142
leaf_weight=64.725011091668421 92.440464330866234 1806.1963555248713 80.62976920231813
leaf_count=2825 1570 51499 2640
internal_value=-1.32244e-06 0.000405341 0.0085424
internal_weight=2043.99 1979.27 173.07
internal_count=58534 55709 4210
is_linear=0
shrinkage=0.0321881


Tree=608
num_leaves=4
num_cat=1
split_feature=32 23 41
split_gain=9.91863 31.2329 29.8802
threshold=-0.14660254688184424 52.148507613212054 0
decision_type=2 2 9
left_child=-1 2 -2
right_child=1 -3 -4
leaf_value=-0.0010659672836265887 0.0055264060420062225 0.020252944393097098 -0.011457089833805409
leaf_weight=1460.4225947757386 352.40207232847206 100.00232549846987 141.8377266632524
leaf_count=35024 15014 1968 6571
internal_value=0.000326628 0.0038553 0.000400552
internal_weight=2054.66 594.242 494.24
internal_count=58577 23553 21585
cat_boundaries=0 1
cat_threshold=2584
is_linear=0
shrinkage=0.0321881


Tree=609
num_leaves=4
num_cat=1
split_feature=14 12 44
split_gain=10.385 22.0101 24.3743
threshold=317.30450797594727 39.778801503192831 0
decision_type=10 10 9
left_child=1 2 -1
right_child=-2 -3 -4
leaf_value=0.010369663039768082 0.0021067355051584283 -0.027668520933494888 -0.0037247932065337954
leaf_weight=139.6468470691434 1069.3045744848496 34.731780243302637 796.16920335115901
leaf_count=16378 15938 4708 21654
internal_value=-4.90422e-05 -0.00248972 -0.00148043
internal_weight=2039.85 970.548 935.816
internal_count=58678 42740 38032
cat_boundaries=0 1
cat_threshold=394456
is_linear=0
shrinkage=0.0321881


Tree=610
num_leaves=4
num_cat=0
split_feature=12 14 4
split_gain=14.3025 26.1784 23.3698
threshold=39.527864276907025 414.57617452097583 249.42500907000445
decision_type=10 10 2
left_child=-1 -2 -3
right_child=1 2 -4
leaf_value=0.00081570158482139167 -0.025676858962120606 0.028824080961884501 -0.0092585920791022347
leaf_weight=1892.9614801869957 61.054993124653265 23.839966926141642 52.111992755468236
leaf_count=51904 5433 402 801
internal_value=5.71983e-05 -0.00994191 0.00191136
internal_weight=2029.97 137.007 75.952
internal_count=58540 6636 1203
is_linear=0
shrinkage=0.0321881


Tree=611
num_leaves=4
num_cat=0
split_feature=38 31 8
split_gain=10.5046 12.3961 13.4867
threshold=-0.032905719046163052 -0.9823950561789081 615.85714157665927
decision_type=2 2 2
left_child=-1 -2 -3
right_child=1 2 -4
leaf_value=-0.0067284008957061384 -0.0064585046514415555 -0.00051054169605403786 0.0052017051233411975
leaf_weight=183.394677915785 186.94827817473379 866.6213263102054 812.81663739920987
leaf_count=5553 9191 30860 13135
internal_value=0.000561524 0.00131273 0.0022165
internal_weight=2049.78 1866.39 1679.44
internal_count=58739 53186 43995
is_linear=0
shrinkage=0.0321881


Tree=612
num_leaves=4
num_cat=0
split_feature=37 22 40
split_gain=9.31016 20.2083 12.3877
threshold=0.017361242195120696 620.01353291344458 0.92162895631245378
decision_type=2 2 2
left_child=2 -2 -1
right_child=1 -3 -4
leaf_value=0.0022056053501362375 -0.0091964045995011588 0.019157656764552885 -0.0038054585464395245
leaf_weight=1299.6900597544554 235.10002271972189 27.852702210715506 484.83258134208154
leaf_count=40167 7653 653 10205
internal_value=-0.000264302 -0.00593651 0.000536498
internal_weight=2047.48 262.953 1784.52
internal_count=58678 8306 50372
is_linear=0
shrinkage=0.0321881


Tree=613
num_leaves=4
num_cat=0
split_feature=10 21 14
split_gain=11.3306 42.2645 31.6255
threshold=12150.169173648545 49.952146660601919 458.70360330228169
decision_type=2 2 8
left_child=1 -1 -2
right_child=2 -3 -4
leaf_value=-0.015921514916415514 -0.008198311753279881 0.0032174955255326303 0.010175703281567099
leaf_weight=130.02421838843838 419.37490515635 1377.5046723786145 123.52641358005349
leaf_count=11202 15469 29738 2298
internal_value=5.58351e-05 0.00152227 -0.00389778
internal_weight=2050.43 1507.53 542.901
internal_count=58707 40940 17767
is_linear=0
shrinkage=0.0321881


Tree=614
num_leaves=4
num_cat=0
split_feature=16 32 11
split_gain=12.9328 11.2952 18.284
threshold=41.603859142714903 -0.9204196269992112 29.246455111702829
decision_type=8 2 8
left_child=-1 2 -2
right_child=1 -3 -4
leaf_value=-0.015736456126461608 0.0072684450328560938 -0.00055993905715219353 -0.015601094326221174
leaf_weight=50.358022774667916 414.40964528698169 1535.4087078670109 37.928283151806681
leaf_count=3614 7416 45821 1283
internal_value=0.000280268 0.000719906 0.00520295
internal_weight=2038.1 1987.75 452.338
internal_count=58134 54520 8699
is_linear=0
shrinkage=0.0321881


Tree=615
num_leaves=4
num_cat=1
split_feature=32 44 7
split_gain=10.2669 40.9151 50.1508
threshold=-0.14660254688184424 0 8639.1181109231875
decision_type=2 9 2
left_child=-1 2 -2
right_child=1 -3 -4
leaf_value=-0.0014573608478432708 0.012836673745563939 -0.0012565845044052253 0.084586365364521146
leaf_weight=1455.0788549729186 136.44756401221093 456.96548443727988 11.218682521095614
leaf_count=35153 9403 13655 736
internal_value=0 0.00353215 0.0176517
internal_weight=2059.71 604.632 147.666
internal_count=58947 23794 10139
cat_boundaries=0 1
cat_threshold=266756
is_linear=0
shrinkage=0.0321881


Tree=616
num_leaves=4
num_cat=1
split_feature=8 43 16
split_gain=9.84624 18.2734 18.071
threshold=218.02015050276913 0 87.277721002663114
decision_type=2 9 8
left_child=2 -2 -1
right_child=1 -3 -4
leaf_value=-0.028425887233578757 0.012689509103842707 0.00049414405934870723 -0.0018369803384971938
leaf_weight=28.365126598302595 132.0396604128473 1382.5931929130456 509.75596577128454
leaf_count=12019 4065 30479 11979
internal_value=0.000331272 0.00168818 -0.00336872
internal_weight=2052.75 1514.63 538.121
internal_count=58542 34544 23998
cat_boundaries=0 1
cat_threshold=16
is_linear=0
shrinkage=0.0321881


Tree=617
num_leaves=4
num_cat=1
split_feature=44 21 40
split_gain=9.39326 9.64326 30.9666
threshold=0 271.93020559069799 0.96440749193780884
decision_type=9 2 2
left_child=-1 2 -2
right_child=1 -3 -4
leaf_value=-0.018692914053138211 0.00078440563903864802 0.0046854874898500116 -0.013131117863309708
leaf_weight=17.056519250854763 1431.3196466017544 418.83038115392264 186.46227185393218
leaf_count=8130 39581 7793 3413
internal_value=2.96986e-05 0.000310177 -0.000781793
internal_weight=2053.67 2036.61 1617.78
internal_count=58917 50787 42994
cat_boundaries=0 1
cat_threshold=1589512
is_linear=0
shrinkage=0.0321881


Tree=618
num_leaves=4
num_cat=0
split_feature=10 32 4
split_gain=9.47229 9.23285 32.6937
threshold=2084.1286033008514 -0.19658287625828794 958.02395735347056
decision_type=2 2 2
left_child=-1 -2 -3
right_child=1 2 -4
leaf_value=-0.022002901030466364 -0.0017078443505076264 -0.0031831497208824095 0.011362532229211195
leaf_weight=20.714008653128985 1375.4755265989552 369.32244673580135 276.68902110415547
leaf_count=1179 32995 13395 11020
internal_value=-0.000442589 -0.000187605 0.00295014
internal_weight=2042.2 2021.49 646.011
internal_count=58589 57410 24415
is_linear=0
shrinkage=0.0321881


Tree=619
num_leaves=4
num_cat=0
split_feature=14 21 40
split_gain=10.4476 11.3117 22.9597
threshold=79.533063591028949 276.66175448917505 0.94321851743039442
decision_type=8 2 2
left_child=-1 2 -2
right_child=1 -3 -4
leaf_value=-0.02103889246193209 0.000504143367059767 0.0050593590428296264 -0.010348567780700715
leaf_weight=24.157900867619901 1410.0919045719438 394.55123737972463 233.98567790590459
leaf_count=940 44059 8793 4921
internal_value=-7.99958e-05 0.000139545 -0.00100295
internal_weight=2062.79 2038.63 1644.08
internal_count=58713 57773 48980
is_linear=0
shrinkage=0.0321881


Tree=620
num_leaves=4
num_cat=0
split_feature=14 0 15
split_gain=10.6019 20.6371 20.468
threshold=611.93838648879171 1480.3143251157132 1.0112573418165991
decision_type=10 2 10
left_child=1 -1 -2
right_child=2 -3 -4
leaf_value=-0.00014044080933258368 -0.0066097097654822566 -0.016171895360070073 0.02197635169059748
leaf_weight=1871.7999966837542 40.812334368005395 87.301360880868742 59.974050565564539
leaf_count=55356 812 1782 976
internal_value=-0.000335111 -0.000889211 0.00978191
internal_weight=2059.89 1959.1 100.786
internal_count=58926 57138 1788
is_linear=0
shrinkage=0.0321881


Tree=621
num_leaves=4
num_cat=1
split_feature=33 44 21
split_gain=10.1514 24.8627 23.8917
threshold=-0.52838573181655335 0 107.69871493031634
decision_type=2 9 2
left_child=1 -1 -3
right_child=-2 2 -4
leaf_value=-0.029599091546982273 0.0025442321694044831 -0.011842833627161873 0.00054688552983739574
leaf_weight=23.214014537852563 784.51166729079705 188.87170379432428 1046.0147092105908
leaf_count=3697 24559 8671 21779
internal_value=-0.000292359 -0.00211193 -0.00128799
internal_weight=2042.61 1258.1 1234.89
internal_count=58706 34147 30450
cat_boundaries=0 1
cat_threshold=524352
is_linear=0
shrinkage=0.0321881


Tree=622
num_leaves=4
num_cat=1
split_feature=42 13 12
split_gain=9.72225 19.3793 12.875
threshold=0 31.835939282530799 35.154787267797374
decision_type=9 10 10
left_child=1 -1 -2
right_child=2 -3 -4
leaf_value=0.02394394262004855 -0.0014500505333560976 -0.0083900108525834221 0.0042849835742979027
leaf_weight=53.035106411785819 1408.0811855063421 26.222292693040799 567.977058601924
leaf_count=684 39875 547 17516
internal_value=0.000672574 0.0110605 0.000165616
internal_weight=2055.32 79.2574 1976.06
internal_count=58622 1231 57391
cat_boundaries=0 1
cat_threshold=131156
is_linear=0
shrinkage=0.0321881


Tree=623
num_leaves=4
num_cat=1
split_feature=43 10 10
split_gain=8.21534 19.6854 48.8709
threshold=0 11558.433880743456 8388.2658694723777
decision_type=9 2 2
left_child=-1 2 -2
right_child=1 -3 -4
leaf_value=0.0011711441731846459 -0.01707451170600972 -0.018497147962894235 0.015872891907995509
leaf_weight=1780.9924493101535 85.972804346709381 78.413642555560727 101.08800122049797
leaf_count=38233 6439 7437 6348
internal_value=0.000349642 -0.00478211 0.000387816
internal_weight=2046.47 265.474 187.061
internal_count=58457 20224 12787
cat_boundaries=0 1
cat_threshold=81
is_linear=0
shrinkage=0.0321881


Tree=624
num_leaves=4
num_cat=0
split_feature=16 1 4
split_gain=11.0272 18.3734 97.1716
threshold=67.08822237831663 4.8475256227508687 476.3682810416189
decision_type=8 2 2
left_child=-1 2 -2
right_child=1 -3 -4
leaf_value=-0.0073110112715112103 0.048701962605492706 0 -0.010504493310095068
leaf_weight=187.99936136908946 47.607747929567267 1726.3148250607046 68.696986596984061
leaf_count=17729 3313 25552 11903
internal_value=7.48011e-05 0.000863769 0.0132341
internal_weight=2030.62 1842.62 116.305
internal_count=58497 40768 15216
is_linear=0
shrinkage=0.0321881


Tree=625
num_leaves=4
num_cat=1
split_feature=32 10 44
split_gain=10.343 20.5943 23.6631
threshold=0.62633384631382116 7889.5692217050737 0
decision_type=2 2 9
left_child=-1 2 -2
right_child=1 -3 -4
leaf_value=0.00090634387079888102 0.026899582331228022 -0.026268910165497261 -0.018186443925992599
leaf_weight=1988.9105909389036 15.786079174882614 41.853201061341679 12.363310066699343
leaf_count=52437 430 4363 1396
internal_value=0.000447993 -0.011627 0.00793681
internal_weight=2058.91 70.0026 28.1494
internal_count=58626 6189 1826
cat_boundaries=0 1
cat_threshold=5
is_linear=0
shrinkage=0.0321881


Tree=626
num_leaves=4
num_cat=0
split_feature=32 10 33
split_gain=8.38656 23.5578 24.22
threshold=0.6501138046737488 7889.5692217050737 -0.39703501153460224
decision_type=2 2 2
left_child=-1 2 -2
right_child=1 -3 -4
leaf_value=0.0002651953746269612 -0.029599170990928923 -0.028527191114453145 0.032455601267573152
leaf_weight=1991.2579864526906 9.0375744420089195 37.233341141440178 18.220877524949174
leaf_count=52639 425 4214 1290
internal_value=-7.4199e-05 -0.0115 0.00948697
internal_weight=2055.75 64.4918 27.2585
internal_count=58568 5929 1715
is_linear=0
shrinkage=0.0321881


Tree=627
num_leaves=4
num_cat=1
split_feature=5 30 44
split_gain=9.39026 26.6769 23.391
threshold=1.1465575440037981 0.82488569594793926 0
decision_type=2 2 9
left_child=1 2 -1
right_child=-2 -3 -4
leaf_value=0.0029270186098402737 0.0023379554923116976 -0.013119284050736328 -0.010922194661729027
leaf_weight=691.27826477124654 1048.0179616979258 183.26554533070157 143.50165944936816
leaf_count=18562 28397 3937 7840
internal_value=0.000171245 -0.00199673 0.000371839
internal_weight=2066.06 1018.05 834.78
internal_count=58736 30339 26402
cat_boundaries=0 1
cat_threshold=417863
is_linear=0
shrinkage=0.0321881


Tree=628
num_leaves=4
num_cat=0
split_feature=31 8 32
split_gain=11.0984 11.1056 20.4903
threshold=-0.98366528211966908 503.70425237292721 -0.21454618671537171
decision_type=2 2 2
left_child=-1 2 -2
right_child=1 -3 -4
leaf_value=-0.0077987412019178979 -0.0061613381438389639 0.002589775896477485 0.0042130274080494426
leaf_weight=194.45950166071452 548.02000433308604 999.01620982065288 300.88408979549058
leaf_count=9945 17644 16906 14030
internal_value=-0.000477925 0.000258894 -0.00240911
internal_weight=2042.38 1847.92 848.904
internal_count=58525 48580 31674
is_linear=0
shrinkage=0.0321881


Tree=629
num_leaves=4
num_cat=0
split_feature=36 22 2
split_gain=9.43726 23.383 23.5193
threshold=0.81528568745293051 457.13264603172314 21.629754106792351
decision_type=2 2 2
left_child=1 2 -1
right_child=-2 -3 -4
leaf_value=-0.019544299499138558 -0.00076541027048855257 0.045859467818916998 0.0071238907782181079
leaf_weight=38.940135069840835 1750.7647756535425 14.130670602084136 239.85059918323532
leaf_count=8856 43208 317 5976
internal_value=9.76713e-05 0.00546995 0.0031573
internal_weight=2043.69 292.921 278.791
internal_count=58357 15149 14832
is_linear=0
shrinkage=0.0321881


Tree=630
num_leaves=4
num_cat=0
split_feature=31 21 36
split_gain=10.2639 20.0598 14.874
threshold=0.48561012291674893 266.85206246494369 0.9136995197381923
decision_type=2 2 2
left_child=-1 2 -2
right_child=1 -3 -4
leaf_value=0.00054760322563926153 0.00016358303953094375 0.015823576314750006 -0.022710688782588504
leaf_weight=1925.0590783015814 24.957789137573855 24.644855021469994 77.289073216950783
leaf_count=56614 586 247 1263
internal_value=-6.20164e-06 -0.00889428 -0.0154964
internal_weight=2051.95 126.892 102.247
internal_count=58710 2096 1849
is_linear=0
shrinkage=0.0321881


Tree=631
num_leaves=4
num_cat=0
split_feature=14 15 16
split_gain=9.99613 12.5236 26.1264
threshold=91.373277190208242 0.59029067935921387 100.98700743014915
decision_type=8 8 8
left_child=-1 -2 -3
right_child=1 2 -4
leaf_value=-0.017140721595717952 0.0061924062999206362 -0.010478766236860644 0.00079361533846351699
leaf_weight=34.643558340190793 311.16264565256279 248.41078591876612 1446.8393576380258
leaf_count=1400 4375 27299 25610
internal_value=-3.08485e-05 0.000234826 -0.000821832
internal_weight=2041.06 2006.41 1695.25
internal_count=58684 57284 52909
is_linear=0
shrinkage=0.0321881


Tree=632
num_leaves=4
num_cat=2
split_feature=41 5 43
split_gain=10.4955 32.2632 30.9871
threshold=0 2.8823668010107735 1
decision_type=9 2 9
left_child=-1 -2 -3
right_child=1 2 -4
leaf_value=-0.0016114766669139162 0.0078998963329209044 0.0037843536915211739 -0.022878289692806933
leaf_weight=1422.7307609766303 456.41719887486397 92.934999390341545 71.592328338520019
leaf_count=34507 18658 2660 2700
internal_value=-5.85422e-05 0.00336804 -0.00860612
internal_weight=2043.68 620.945 164.527
internal_count=58525 24018 5360
cat_boundaries=0 1 2
cat_threshold=3424 9
is_linear=0
shrinkage=0.0321881


Tree=633
num_leaves=4
num_cat=0
split_feature=8 11 40
split_gain=10.0327 15.4224 15.087
threshold=436.44219875717505 18.613144354066652 0.93120677171410826
decision_type=2 8 2
left_child=1 -1 -2
right_child=2 -3 -4
leaf_value=-0.015474464417229243 0.0044706484129875398 -0.00081040323366965222 -0.0038064722214712419
leaf_weight=83.456527146736335 861.73148073357879 786.92751334594323 302.25145302851161
leaf_count=3896 18067 32517 4142
internal_value=0.0002841 -0.00229345 0.00226628
internal_weight=2034.37 870.384 1163.98
internal_count=58622 36413 22209
is_linear=0
shrinkage=0.0321881


Tree=634
num_leaves=4
num_cat=0
split_feature=18 38 38
split_gain=9.51367 33.5579 34.2028
threshold=27.243141759311047 0.9397638200510483 0.10213342004371834
decision_type=2 2 2
left_child=-1 2 -2
right_child=1 -3 -4
leaf_value=-0.0011222727774640154 0.0091297248205680515 0.0016187387601867302 0.04709957575320791
leaf_weight=1631.0120148117694 157.17581319491728 222.17466233145387 30.90148397727171
leaf_count=50508 3373 4386 512
internal_value=0 0.00435975 0.0157579
internal_weight=2041.26 410.252 188.077
internal_count=58779 8271 3885
is_linear=0
shrinkage=0.0321881


Tree=635
num_leaves=4
num_cat=0
split_feature=35 16 33
split_gain=12.6577 9.76288 10.2
threshold=-0.002709530589394766 35.317278269868403 -0.60256198911114112
decision_type=2 8 2
left_child=-1 -2 -3
right_child=1 2 -4
leaf_value=-0.0067742284417075544 -0.017752917829493311 -0.0012234542796757365 0.0037346470283326299
leaf_weight=283.81064361703829 29.193646284944407 985.88848401232281 747.45438204953462
leaf_count=8431 1772 26376 21999
internal_value=-0.000451724 0.000530992 0.000878062
internal_weight=2046.35 1762.54 1733.34
internal_count=58578 50147 48375
is_linear=0
shrinkage=0.0321881


Tree=636
num_leaves=4
num_cat=0
split_feature=33 32 21
split_gain=9.97362 29.1176 36.686
threshold=-0.60256198911114112 -0.37941825886743025 156.25333995701058
decision_type=2 2 2
left_child=1 2 -1
right_child=-2 -3 -4
leaf_value=-0.028593071218651556 0.0023883744860239363 0.0014528274994848403 -0.0040274742853351354
leaf_weight=81.498539865797284 876.76011743755953 763.41303129666449 316.04152308589255
leaf_count=3508 26641 21193 7213
internal_value=-0.00016837 -0.00215419 -0.00923775
internal_weight=2037.71 1160.95 397.54
internal_count=58555 31914 10721
is_linear=0
shrinkage=0.0321881


Tree=637
num_leaves=4
num_cat=1
split_feature=39 39 44
split_gain=8.1923 55.6244 35.4392
threshold=0.95091390097265771 0.091303589551551087 0
decision_type=2 2 9
left_child=1 -1 -2
right_child=2 -3 -4
leaf_value=-0.0007054235425726069 0.013531624512008313 0.027367555150508094 -0.0099183692743678685
leaf_weight=1609.2537821313163 75.327727708121529 76.273805164084479 288.21864316717256
leaf_count=50514 2734 1386 4416
internal_value=-0.000380679 0.000530825 -0.00477941
internal_weight=2049.07 1685.53 363.546
internal_count=59050 51900 7150
cat_boundaries=0 1
cat_threshold=267264
is_linear=0
shrinkage=0.0321881


Tree=638
num_leaves=4
num_cat=0
split_feature=26 36 36
split_gain=11.9886 13.9587 18.7921
threshold=0.0087530422593378506 0.81528568745293051 0.050267284949756658
decision_type=2 2 2
left_child=-1 2 -2
right_child=1 -3 -4
leaf_value=-0.00454423591995345 0.0034096734228299514 0 0.029943402646813486
leaf_weight=516.40837325785105 126.86219750570308 1350.0589553644568 38.098964365319262
leaf_count=18349 6292 32678 1261
internal_value=-0.000285216 0.00112496 0.00995755
internal_weight=2031.43 1515.02 164.961
internal_count=58580 40231 7553
is_linear=0
shrinkage=0.0321881


Tree=639
num_leaves=4
num_cat=1
split_feature=14 44 2
split_gain=11.6479 30.8444 27.1089
threshold=485.29885034722111 0 22.333973094067257
decision_type=10 9 2
left_child=-1 2 -2
right_child=1 -3 -4
leaf_value=-0.0012066617042513134 -0.014170398630376595 -0.021332452290170022 0.01329782390968859
leaf_weight=1726.2474844988265 41.418547370878514 29.347117420926224 248.95516193332151
leaf_count=53538 830 735 3411
internal_value=-0.000130956 0.00547455 0.0088478
internal_weight=2045.97 319.721 290.374
internal_count=58514 4976 4241
cat_boundaries=0 1
cat_threshold=7
is_linear=0
shrinkage=0.0321881


Tree=640
num_leaves=4
num_cat=1
split_feature=14 3 44
split_gain=10.8848 24.1298 25.4726
threshold=314.54350900885157 246.18193936048235 0
decision_type=10 2 9
left_child=1 2 -1
right_child=-2 -3 -4
leaf_value=0.023459661420004999 0.0023730748625495511 -0.014213899089682536 -0.0014843217104218353
leaf_weight=34.618215735896229 1084.6917062058492 149.27952072084008 764.40380661466406
leaf_count=3502 16092 2873 36181
internal_value=0.000141736 -0.00234333 -4.23334e-05
internal_weight=2032.99 948.302 799.022
internal_count=58648 42556 39683
cat_boundaries=0 1
cat_threshold=132176
is_linear=0
shrinkage=0.0321881


Tree=641
num_leaves=4
num_cat=0
split_feature=8 16 1
split_gain=9.81063 23.7832 28.7529
threshold=1428.2754903467096 86.070077736186178 4.8475256227508687
decision_type=2 8 2
left_child=1 -1 -3
right_child=-2 2 -4
leaf_value=-0.015979594930290247 0.0034764430542659876 0.017504452079370285 -0.001633696444325984
leaf_weight=110.1978164716129 536.47911570079305 86.333666280756006 1305.5541302137717
leaf_count=22836 8108 8048 19840
internal_value=-0.00022221 -0.00158594 -0.000398098
internal_weight=2038.56 1502.09 1391.89
internal_count=58832 50724 27888
is_linear=0
shrinkage=0.0321881


Tree=642
num_leaves=4
num_cat=0
split_feature=10 10 33
split_gain=11.0807 12.7111 42.0129
threshold=17271.189342996648 12112.851367661198 0.37730448661498578
decision_type=2 2 2
left_child=1 2 -1
right_child=-2 -3 -4
leaf_value=0.0024277282914831619 0.020609092287381912 -0.004332019164832379 -0.031582630966067615
leaf_weight=1452.4669407299461 27.149472569180944 520.82576796353715 38.218320790943835
leaf_count=35274 678 17344 5439
internal_value=0.000272556 0 0.00150817
internal_weight=2038.66 2011.51 1490.69
internal_count=58735 58057 40713
is_linear=0
shrinkage=0.0321881


Tree=643
num_leaves=4
num_cat=0
split_feature=5 10 14
split_gain=9.39305 25.8394 41.0694
threshold=1.1510629407708208 14196.84237228774 504.23696252310833
decision_type=2 2 8
left_child=1 -1 -3
right_child=-2 2 -4
leaf_value=-0.0036727024130377866 0.0026394198141297741 0 0.041319460017992332
leaf_weight=894.92637163197469 1026.7018505776814 88.967718076060919 35.038593938748818
leaf_count=26643 28236 3367 554
internal_value=0.000442225 -0.00170933 0.0119273
internal_weight=2045.63 1018.93 124.006
internal_count=58800 30564 3921
is_linear=0
shrinkage=0.0321881


Tree=644
num_leaves=4
num_cat=1
split_feature=10 44 5
split_gain=11.2207 51.3049 58.1276
threshold=8246.4242763290658 0 2.0707100409328945
decision_type=2 9 2
left_child=1 2 -1
right_child=-2 -3 -4
leaf_value=0.0012923558097390256 0.001858661302296365 -0.0087761713469479367 0.04756780950178878
leaf_weight=124.01384005160071 1400.5322553434507 462.80829229487063 37.369872088078409
leaf_count=1960 40883 15471 459
internal_value=0.00022972 -0.00332254 0.0117302
internal_weight=2024.72 624.192 161.384
internal_count=58773 17890 2419
cat_boundaries=0 1
cat_threshold=580
is_linear=0
shrinkage=0.0321881


Tree=645
num_leaves=4
num_cat=0
split_feature=7 4 7
split_gain=13.9115 19.4026 13.4182
threshold=23019.147265529198 571.97308095230153 4818.4830131142226
decision_type=2 2 2
left_child=2 -2 -1
right_child=1 -3 -4
leaf_value=-0.00081911626100943514 0.0028434772913598799 -0.03303935062668114 0.005533717260220619
leaf_weight=1538.6314372498 25.59144675025891 30.628810870424786 440.55032732593099
leaf_count=45179 592 1025 11876
internal_value=8.28457e-05 -0.0156339 0.00056329
internal_weight=2035.4 56.2203 1979.18
internal_count=58672 1617 57055
is_linear=0
shrinkage=0.0321881


Tree=646
num_leaves=4
num_cat=1
split_feature=12 16 44
split_gain=12.0021 27.2023 33.1568
threshold=35.154787267797374 165.26046881586416 0
decision_type=10 10 9
left_child=-1 2 -2
right_child=1 -3 -4
leaf_value=-0.0012434823919480471 -0.011468039942565697 0.011332329643193287 0.0094920179303537942
leaf_weight=1450.3757845770433 171.08827049558022 286.21845248551108 125.90977129276689
leaf_count=40679 7409 4433 6089
internal_value=0.000290862 0.00421468 -0.00243391
internal_weight=2033.59 583.216 296.998
internal_count=58610 17931 13498
cat_boundaries=0 1
cat_threshold=1704513
is_linear=0
shrinkage=0.0321881


Tree=647
num_leaves=4
num_cat=0
split_feature=7 40 7
split_gain=8.71626 19.6366 12.7875
threshold=23019.147265529198 0.067518793016206891 5653.3641797372866
decision_type=2 2 2
left_child=2 -2 -1
right_child=1 -3 -4
leaf_value=-0.0013275849196587826 -0.026926832467444022 0.011152827579906108 0.0055219974021262358
leaf_weight=1625.3771553348506 37.593640322880674 19.291476355618215 341.03216915841222
leaf_count=47597 1308 311 9363
internal_value=-0.000499533 -0.0129051 -0.00010676
internal_weight=2023.29 56.8851 1966.41
internal_count=58579 1619 56960
is_linear=0
shrinkage=0.0321881


Tree=648
num_leaves=4
num_cat=2
split_feature=9 43 44
split_gain=9.73192 9.78165 18.3256
threshold=27.713620198194171 0 1
decision_type=10 9 9
left_child=1 2 -1
right_child=-2 -3 -4
leaf_value=0.025160020007698673 -0.026394416438744274 -0.00089725688524752224 0.0015938006337540421
leaf_weight=33.109416676241381 14.373523241756628 1755.1813048181757 225.08148782027274
leaf_count=978 417 47735 9296
internal_value=-0.000217127 0 0.0056974
internal_weight=2027.75 2013.37 258.191
internal_count=58426 58009 10274
cat_boundaries=0 1 2
cat_threshold=112 131652
is_linear=0
shrinkage=0.0321881


Tree=649
num_leaves=4
num_cat=0
split_feature=13 12 14
split_gain=9.7745 10.3092 28.232
threshold=41.693086557700603 39.527864276907025 376.77114354574883
decision_type=10 8 8
left_child=1 -1 -3
right_child=-2 2 -4
leaf_value=0.0011330537078313447 -0.014637261438628811 -0.02723584042774942 0.00088008586818549947
leaf_weight=1822.883841928402 45.598315327108139 50.728326407530403 120.58237373903103
leaf_count=41901 8842 5186 2803
internal_value=2.4189e-05 0.000393066 -0.0071004
internal_weight=2039.79 1994.19 171.311
internal_count=58732 49890 7989
is_linear=0
shrinkage=0.0321881


Tree=650
num_leaves=4
num_cat=0
split_feature=22 40 7
split_gain=9.81089 11.9704 29.17
threshold=869.11161440286025 0.96709231042746524 4748.1795264891416
decision_type=2 2 2
left_child=1 -1 -3
right_child=-2 2 -4
leaf_value=0.00087235772931828939 0.015338042444424615 -0.010499804790210445 0.0074806042040467249
leaf_weight=1568.1314612495735 41.777926999900956 304.07583281879488 108.70400952697673
leaf_count=48754 672 6875 2280
internal_value=-1.90044e-05 -0.000376834 -0.00527445
internal_weight=2022.69 1980.91 412.78
internal_count=58581 57909 9155
is_linear=0
shrinkage=0.0321881


Tree=651
num_leaves=4
num_cat=1
split_feature=37 22 44
split_gain=11.907 14.2065 21.9976
threshold=0.0058305769399061682 489.82959533439839 0
decision_type=2 2 9
left_child=-1 -2 -3
right_child=1 2 -4
leaf_value=0.0015867005907031645 -0.0060755707625760958 0.016193366289158528 -0.00076720714694185972
leaf_weight=1316.8147404133233 553.40789829662936 85.441495536928414 78.350327740510693
leaf_count=37440 17174 2336 1655
internal_value=-0.000197456 -0.00356148 0.00454116
internal_weight=2034.01 717.2 163.792
internal_count=58605 21165 3991
cat_boundaries=0 1
cat_threshold=397314
is_linear=0
shrinkage=0.0321881


Tree=652
num_leaves=4
num_cat=0
split_feature=29 36 32
split_gain=10.8479 14.4935 24.996
threshold=10.735964421068987 0.81528568745293051 0.62633384631382116
decision_type=2 2 2
left_child=1 2 -1
right_child=-2 -3 -4
leaf_value=0.013057620714809964 -0.022052441216470826 -0.00070655752450754917 -0.0090125645624036035
leaf_weight=203.38261074953334 22.406622181521016 1736.2379777028418 68.273750640908474
leaf_count=5855 3196 43499 6176
internal_value=6.10596e-05 0.000342121 0.00727358
internal_weight=2030.3 2007.89 271.656
internal_count=58726 55530 12031
is_linear=0
shrinkage=0.0321881


Tree=653
num_leaves=4
num_cat=1
split_feature=42 32 6
split_gain=11.2853 12.3185 11.2429
threshold=0 -0.76248112686997604 98.698595788476311
decision_type=9 2 2
left_child=1 -1 -2
right_child=2 -3 -4
leaf_value=0.00018635825183627703 5.1012112365732245e-06 -0.018994126420361444 0.0099644809892137209
leaf_weight=58.203161712335714 1788.8940504572965 67.35440039252353 126.45344175843638
leaf_count=717 53972 1506 2439
internal_value=3.05104e-05 -0.00890503 0.000693412
internal_weight=2040.91 125.558 1915.35
internal_count=58634 2223 56411
cat_boundaries=0 1
cat_threshold=17408
is_linear=0
shrinkage=0.0321881


Tree=654
num_leaves=4
num_cat=0
split_feature=5 3 30
split_gain=9.55964 26.2412 26.1196
threshold=1.1510629407708208 269.22188833662398 -0.91712797388717104
decision_type=2 2 2
left_child=1 -1 -2
right_child=2 -3 -4
leaf_value=-0.0047351865456364984 -0.011511641300669286 0.010188709238719796 0.0038354940044900959
leaf_weight=861.48874240451732 130.2194563901503 139.96324078635007 896.93363998078348
leaf_count=28539 2176 1975 26060
internal_value=-0.000319864 -0.00258392 0.00182563
internal_weight=2028.61 1001.45 1027.15
internal_count=58750 30514 28236
is_linear=0
shrinkage=0.0321881


Tree=655
num_leaves=4
num_cat=0
split_feature=14 15 11
split_gain=9.07909 10.5254 17.2833
threshold=79.533063591028949 0.58147691535389079 18.884054864147384
decision_type=8 8 10
left_child=-1 -2 -3
right_child=1 2 -4
leaf_value=-0.019931319833916997 0.0054146984813022072 -0.0065005502435274594 0.00085877274165358853
leaf_weight=23.829204139990907 309.58741932112753 444.82422560413397 1249.0115674809731
leaf_count=944 4447 12168 41036
internal_value=-0.000275559 -7.65081e-06 -0.00103693
internal_weight=2027.25 2003.42 1693.84
internal_count=58595 57651 53204
is_linear=0
shrinkage=0.0321881


Tree=656
num_leaves=4
num_cat=0
split_feature=5 22 7
split_gain=11.8529 20.638 15.1294
threshold=5.1071349761680951 260.18420733632871 23019.147265529198
decision_type=2 2 2
left_child=2 -2 -1
right_child=1 -3 -4
leaf_value=-0.00028635870524470439 -0.013541959520483418 0.021987288079969244 -0.022281114312577364
leaf_weight=1906.3483625820609 21.122150188311934 59.462556957296329 32.910694950089237
leaf_count=55890 562 855 1287
internal_value=-0.000160806 0.0118742 -0.000695143
internal_weight=2019.84 80.5847 1939.26
internal_count=58594 1417 57177
is_linear=0
shrinkage=0.0321881


Tree=657
num_leaves=4
num_cat=0
split_feature=5 40 40
split_gain=8.97953 15.1117 11.4411
threshold=5.7325148638003229 0.067518793016206891 0.93120677171410826
decision_type=2 2 2
left_child=2 -2 -1
right_child=1 -3 -4
leaf_value=0.00064498710725235985 -0.0050849714156165652 0.031591712703041432 -0.0048614237132403306
leaf_weight=1463.7387471761449 17.834548154278309 23.484520831683767 526.95302480118698
leaf_count=46262 587 348 11450
internal_value=-0.000441603 0.0142895 -0.00078102
internal_weight=2032.01 41.3191 1990.69
internal_count=58647 935 57712
is_linear=0
shrinkage=0.0321881


Tree=658
num_leaves=4
num_cat=0
split_feature=21 33 32
split_gain=9.06703 22.473 28.3155
threshold=100.81479691209159 -0.5467571179949493 0.10611891257721422
decision_type=2 2 2
left_child=1 2 -1
right_child=-2 -3 -4
leaf_value=-0.030692494624687875 0.0010459647639150858 -0.0015071727182321862 -0.0025073022420022528
leaf_weight=64.999914749121672 1566.1004614034682 303.62859600271622 98.136029145745852
leaf_count=3806 34520 15796 4667
internal_value=-9.54914e-05 -0.00406031 -0.0141555
internal_weight=2032.87 466.765 163.136
internal_count=58789 24269 8473
is_linear=0
shrinkage=0.0321881


Tree=659
num_leaves=4
num_cat=0
split_feature=22 38 1
split_gain=10.0707 13.2739 33.3026
threshold=869.11161440286025 0.9397638200510483 14.462131456848184
decision_type=2 2 2
left_child=1 -1 -3
right_child=-2 2 -4
leaf_value=0.0004840977586037239 0.015839967101042612 0.0077386734494397629 -0.018375976587404294
leaf_weight=1794.7959737565434 40.302957381732995 74.569783070910489 127.0857577607967
leaf_count=53890 670 2901 1183
internal_value=-8.93236e-06 -0.00036262 -0.00820587
internal_weight=2036.75 1996.45 201.656
internal_count=58644 57974 4084
is_linear=0
shrinkage=0.0321881


Tree=660
num_leaves=4
num_cat=0
split_feature=8 16 1
split_gain=11.2686 20.8963 28.8546
threshold=1428.2754903467096 86.070077736186178 5.3467707112379506
decision_type=2 8 2
left_child=1 -1 -3
right_child=-2 2 -4
leaf_value=-0.015067650895211499 0.0041860821030988036 0.017033015478324132 -0.0014531595045843564
leaf_weight=105.30244369714455 534.92912724038615 93.528744060269673 1290.3100450174243
leaf_count=22749 8053 8247 19746
internal_value=0.000152184 -0.00125454 -0.000155024
internal_weight=2024.07 1489.14 1383.84
internal_count=58795 50742 27993
is_linear=0
shrinkage=0.0321881


Tree=661
num_leaves=4
num_cat=1
split_feature=44 12 16
split_gain=9.4266 8.64352 22.1404
threshold=0 35.710810535913829 166.23789636676636
decision_type=9 10 10
left_child=-1 -2 -3
right_child=1 2 -4
leaf_value=-0.018453091372002173 -0.00045593364223304615 -0.0018985445073387201 0.011169857951096025
leaf_weight=16.437022307149164 1492.8098645854625 269.99366600582289 254.30838674952975
leaf_count=8153 36250 10597 3905
internal_value=0.000475056 0.00075077 0.00432093
internal_weight=2033.55 2017.11 524.302
internal_count=58905 50752 14502
cat_boundaries=0 1
cat_threshold=1589512
is_linear=0
shrinkage=0.0321881


Tree=662
num_leaves=4
num_cat=0
split_feature=31 11 3
split_gain=8.8182 16.1688 10.3182
threshold=0.48561012291674893 22.885657362415923 280.8573019557287
decision_type=2 8 2
left_child=2 -2 -1
right_child=1 -3 -4
leaf_value=-0.00013416978587005247 -0.022843885602085216 0.00023943565406624119 0.010285243897187948
leaf_weight=1794.5148941388288 48.822853397592553 72.985650867572986 103.4022581425379
leaf_count=55075 853 1234 1451
internal_value=-0.00010611 -0.00851725 0.000401158
internal_weight=2019.73 121.809 1897.92
internal_count=58613 2087 56526
is_linear=0
shrinkage=0.0321881


Tree=663
num_leaves=4
num_cat=0
split_feature=10 21 29
split_gain=9.18935 42.4175 33.5124
threshold=11558.433880743456 30.485541130655182 2.6611013868968842
decision_type=2 2 2
left_child=1 -1 -2
right_child=2 -3 -4
leaf_value=-0.022437673634122194 0.047169151237878217 0.0033506411407842936 -0.0037575219151488215
leaf_weight=68.988652669899238 13.297048095057105 1289.3910720308813 648.1395548440014
leaf_count=8504 1397 28511 20065
internal_value=0.000448614 0.00199035 -0.00262094
internal_weight=2019.82 1358.38 661.437
internal_count=58477 37015 21462
is_linear=0
shrinkage=0.0321881


Tree=664
num_leaves=4
num_cat=0
split_feature=8 16 1
split_gain=8.20201 18.7432 32.1939
threshold=1428.2754903467096 88.989521673609929 4.8475256227508687
decision_type=2 8 2
left_child=1 -1 -3
right_child=-2 2 -4
leaf_value=-0.0135961118203264 0.00309781949665911 0.018712362276862859 -0.0017214920764178352
leaf_weight=122.56820042555773 536.24457479105331 84.81297906266991 1280.8184124218678
leaf_count=23682 8007 7149 19623
internal_value=-0.000275548 -0.00153417 -0.000402783
internal_weight=2024.44 1488.2 1365.63
internal_count=58461 50454 26772
is_linear=0
shrinkage=0.0321881


Tree=665
num_leaves=4
num_cat=0
split_feature=37 21 17
split_gain=8.8132 15.4342 12.1061
threshold=0.01767037524948965 284.17062561636698 4.0466159594829074
decision_type=2 2 10
left_child=-1 -2 -3
right_child=1 2 -4
leaf_value=0.0012460632545539096 -0.0094430275208393123 0.024560010332153541 6.0216632262112322e-05
leaf_weight=1780.9391938839271 199.20782866406989 28.754224817850627 24.894619285827503
leaf_count=50773 6811 490 717
internal_value=0.000418592 -0.00515356 0.00956346
internal_weight=2033.8 252.857 53.6488
internal_count=58791 8018 1207
is_linear=0
shrinkage=0.0321881


Tree=666
num_leaves=4
num_cat=0
split_feature=31 10 23
split_gain=11.1325 16.6452 48.716
threshold=-0.89572498483820751 10270.683479787551 89.099796286531841
decision_type=2 2 2
left_child=1 -1 -3
right_child=-2 2 -4
leaf_value=0.0013127974847315523 0.0018095934547683662 -0.015273577537713615 0.037091269341912099
leaf_weight=278.80414756864593 1514.5884184505485 201.5477471669401 19.441089280240703
leaf_count=11845 34527 11984 292
internal_value=0.000406601 -0.00371654 -0.0103442
internal_weight=2014.38 499.793 220.989
internal_count=58648 24121 12276
is_linear=0
shrinkage=0.0321881


Tree=667
num_leaves=4
num_cat=0
split_feature=8 16 2
split_gain=10.4756 18.4241 26.6388
threshold=606.36312437340587 87.277721002663114 11.177144273856198
decision_type=2 8 2
left_child=1 -1 -3
right_child=-2 2 -4
leaf_value=-0.0200803220262387 0.0023435342246476754 0.016528305131824416 -0.0028162252197573385
leaf_weight=57.226488636271824 978.04901354613321 79.543654250755935 908.16680802888004
leaf_count=19750 17192 7352 14193
internal_value=-1.83745e-05 -0.00229006 -0.00119028
internal_weight=2022.99 1044.94 987.71
internal_count=58487 41295 21545
is_linear=0
shrinkage=0.0321881


Tree=668
num_leaves=4
num_cat=1
split_feature=44 10 4
split_gain=7.28269 7.25489 51.0458
threshold=0 10918.331178018367 1456.5562788590867
decision_type=9 2 2
left_child=-1 -2 -3
right_child=1 2 -4
leaf_value=-0.017363172805146872 0.0016957945078747239 -0.0065614186583557582 0.013098900316937617
leaf_weight=14.765957917074047 1219.8546276238758 630.1655568955357 173.30256395888682
leaf_count=7178 29298 17367 4867
internal_value=-8.07378e-05 0.000101235 -0.00223896
internal_weight=2038.09 2023.32 803.468
internal_count=58710 51532 22234
cat_boundaries=0 1
cat_threshold=1573120
is_linear=0
shrinkage=0.0321881


Tree=669
num_leaves=4
num_cat=0
split_feature=31 13 12
split_gain=10.4492 17.9857 22.2691
threshold=-0.89989157334953074 36.559510333073597 30.7141969967061
decision_type=2 8 8
left_child=-1 -2 -3
right_child=1 2 -4
leaf_value=-0.0045212640542991967 0.0026685428817251056 0.012806773354188649 -0.0099959131809420412
leaf_weight=490.97753856189865 1211.9332566228804 51.214226587842859 257.71014349768302
leaf_count=23733 21702 3801 9323
internal_value=-0.000418465 0.000864664 -0.00600269
internal_weight=2011.84 1520.86 308.924
internal_count=58559 34826 13124
is_linear=0
shrinkage=0.0321881


Tree=670
num_leaves=4
num_cat=2
split_feature=43 5 41
split_gain=10.2516 25.5396 28.5725
threshold=0 2.7584931222708415 1
decision_type=9 2 9
left_child=1 -1 -3
right_child=-2 2 -4
leaf_value=0.012995294239176855 -0.00084513414408476483 0.016627558053376099 -0.021964119569125203
leaf_weight=174.77186143829385 1775.6245436803647 21.026082114054589 46.966463512773771
leaf_count=7278 48585 414 2211
internal_value=0 0.00607782 -0.00986232
internal_weight=2018.39 242.764 67.9925
internal_count=58488 9903 2625
cat_boundaries=0 1 2
cat_threshold=16 2384
is_linear=0
shrinkage=0.0321881


Tree=671
num_leaves=4
num_cat=0
split_feature=10 4 21
split_gain=9.15923 17.4592 10.1635
threshold=17056.303143072404 1573.5939362816732 135.56820862875512
decision_type=2 2 2
left_child=2 -2 -1
right_child=1 -3 -4
leaf_value=-0.0031778706602825692 0 0.045261550373211119 0.0016970032771836951
leaf_weight=666.27987680098795 20.271965119092783 13.341265115945133 1319.5792348400792
leaf_count=29370 703 218 28203
internal_value=0.000344334 0.0169519 2.91701e-05
internal_weight=2019.47 33.6132 1985.86
internal_count=58494 921 57573
is_linear=0
shrinkage=0.0321881


Tree=672
num_leaves=4
num_cat=0
split_feature=13 4 2
split_gain=9.4851 23.8504 20.8775
threshold=18.094929843566032 1370.3307992120788 44.240707341649461
decision_type=8 2 2
left_child=1 2 -1
right_child=-2 -3 -4
leaf_value=-0.0088544248677416369 -0.0012021726379903422 0.023993373156599176 0.010778173705233209
leaf_weight=117.69660651272716 1748.7270169461572 55.654441646598571 106.43835400725948
leaf_count=2767 53729 836 1375
internal_value=-0.000291957 0.00516578 0.000186466
internal_weight=2028.52 279.789 224.135
internal_count=58707 4978 4142
is_linear=0
shrinkage=0.0321881


Tree=673
num_leaves=4
num_cat=1
split_feature=10 44 5
split_gain=10.8007 50.285 57.9422
threshold=8038.1289743212674 0 2.1053264369518412
decision_type=2 9 2
left_child=1 2 -1
right_child=-2 -3 -4
leaf_value=0.001401222406105167 0.0014364374645368795 -0.0093253421178860294 0.049996982637827814
leaf_weight=123.00439943489619 1423.516619048446 436.483384432604 32.838231221190654
leaf_count=1955 41775 14613 400
internal_value=-5.12174e-05 -0.00373308 0.0113803
internal_weight=2015.84 592.326 155.843
internal_count=58743 16968 2355
cat_boundaries=0 1
cat_threshold=580
is_linear=0
shrinkage=0.0321881


Tree=674
num_leaves=4
num_cat=0
split_feature=8 16 2
split_gain=9.00959 14.9029 33.153
threshold=706.95872212637516 91.974060363971844 13.008378620013332
decision_type=2 8 2
left_child=1 -1 -3
right_child=-2 2 -4
leaf_value=-0.016493018668528887 0.0016100836826413033 0.017328413391887759 -0.0033896231638628968
leaf_weight=76.43012135380377 887.74059938502251 86.379470983389183 972.00151667937462
leaf_count=21878 15046 6632 15129
internal_value=-0.000774009 -0.0026951 -0.00163506
internal_weight=2022.55 1134.81 1058.38
internal_count=58685 43639 21761
is_linear=0
shrinkage=0.0321881


Tree=675
num_leaves=4
num_cat=1
split_feature=40 40 44
split_gain=9.17857 99.9093 30.295
threshold=0.92162895631245378 0.11055050241962891 0
decision_type=2 2 9
left_child=1 -1 -2
right_child=2 -3 -4
leaf_value=-0.00078096348597983263 0.0036119840201442569 0.039963147534912966 -0.011061086695454657
leaf_weight=1398.9962258099513 275.74494575876452 64.941094085697841 283.48936286118987
leaf_count=45599 6838 1163 5210
internal_value=-0.000316449 0.000989142 -0.00384698
internal_weight=2023.17 1463.94 559.234
internal_count=58810 46762 12048
cat_boundaries=0 1
cat_threshold=398338
is_linear=0
shrinkage=0.0321881


Tree=676
num_leaves=4
num_cat=0
split_feature=3 37 37
split_gain=9.14906 9.5693 10.7006
threshold=68.27278026214195 0.0021207206210043885 -0.014926333708676508
decision_type=2 2 2
left_child=-1 2 -2
right_child=1 -3 -4
leaf_value=-0.011360060705597329 -0.0024643438472424302 -0.0019113058093770602 0.0045894189508327117
leaf_weight=68.621909581750515 297.20835324983091 868.36006981537685 790.17025141193244
leaf_count=1407 8805 25891 22386
internal_value=0.000128928 0.000565938 0.00260277
internal_weight=2024.36 1955.74 1087.38
internal_count=58489 57082 31191
is_linear=0
shrinkage=0.0321881


Tree=677
num_leaves=4
num_cat=2
split_feature=12 44 41
split_gain=11.7643 25.0229 23.2005
threshold=39.527864276907025 0 1
decision_type=8 9 9
left_child=-1 2 -2
right_child=1 -3 -4
leaf_value=0.0008326777742424748 0.017456929371050298 -0.019547683976712131 -0.012663672744570337
leaf_weight=1841.7207719178814 49.556232937611639 82.158044182946469 36.729927690463228
leaf_count=50599 2140 5084 895
internal_value=5.62015e-05 -0.00804521 0.00399219
internal_weight=2010.16 168.444 86.2862
internal_count=58718 8119 3035
cat_boundaries=0 1 2
cat_threshold=131075 776
is_linear=0
shrinkage=0.0321881


Tree=678
num_leaves=4
num_cat=1
split_feature=12 44 10
split_gain=9.0972 27.6985 19.6796
threshold=39.527864276907025 0 10803.797373315223
decision_type=10 9 2
left_child=-1 2 -2
right_child=1 -3 -4
leaf_value=0.00070620096423125293 0.017469786615618706 -0.0225631934665767 -0.015380045419560137
leaf_weight=1888.4027045915745 51.815205348197196 59.091456389520317 27.85319125650858
leaf_count=52087 843 5090 820
internal_value=9.03165e-05 -0.00782002 0.0046006
internal_weight=2027.16 138.76 79.6684
internal_count=58840 6753 1663
cat_boundaries=0 1
cat_threshold=3
is_linear=0
shrinkage=0.0321881


Tree=679
num_leaves=4
num_cat=0
split_feature=25 33 22
split_gain=9.27508 13.894 22.5983
threshold=1.9961499657301354 -0.24168530296786506 486.19682864953541
decision_type=2 2 2
left_child=-1 -2 -3
right_child=1 2 -4
leaf_value=0.0014805933036392681 -0.0073740527629418944 0 0.041614347296505524
leaf_weight=1436.4166448738652 354.9296316543323 220.20161934684984 14.17761924213846
leaf_count=34364 12306 11710 295
internal_value=5.47446e-05 -0.00331186 0.00256942
internal_weight=2025.73 589.309 234.379
internal_count=58675 24311 12005
is_linear=0
shrinkage=0.0321881


Tree=680
num_leaves=4
num_cat=1
split_feature=0 23 42
split_gain=8.75705 23.3216 8.77478
threshold=36.162823454663666 113.87158353349028 0
decision_type=2 2 9
left_child=1 -1 -2
right_child=2 -3 -4
leaf_value=-0.016132957083756408 -0.0065635453173676934 0.037818126348358454 0.0015345102013980304
leaf_weight=74.618594737166859 138.23571226840068 8.5549518899060768 1784.5851715126337
leaf_count=14073 2381 88 41983
internal_value=0.000419107 -0.00972844 0.000892314
internal_weight=2005.99 83.1735 1922.82
internal_count=58525 14161 44364
cat_boundaries=0 1
cat_threshold=17440
is_linear=0
shrinkage=0.0321881


Tree=681
num_leaves=4
num_cat=0
split_feature=30 10 5
split_gain=9.45982 23.2626 25.8934
threshold=0.84966660745752709 8608.0252863374499 2.2165721628880646
decision_type=2 2 2
left_child=-1 -2 -3
right_child=1 2 -4
leaf_value=0.0011087763355343483 -0.016009046918459485 -0.0063039783705661412 0.016159947311777598
leaf_weight=1656.3789795410576 123.15884786965944 156.15620616473643 79.638245103087684
leaf_count=51702 2424 3258 1191
internal_value=5.08808e-05 -0.00465093 0.00102184
internal_weight=2015.33 358.953 235.794
internal_count=58575 6873 4449
is_linear=0
shrinkage=0.0321881


Tree=682
num_leaves=4
num_cat=1
split_feature=31 42 30
split_gain=10.2972 11.0929 11.0692
threshold=-0.9637449377417574 0 -0.56134599785551875
decision_type=2 9 2
left_child=1 -1 -2
right_child=2 -3 -4
leaf_value=0.012406962590293669 -0.002277214587974247 -0.0079413852715769038 0.002962074001382954
leaf_weight=20.779689417540794 669.58202237380465 241.9575484987754 1079.9757755308474
leaf_count=679 13610 12971 31290
internal_value=0 -0.00591031 0.000920482
internal_weight=2012.3 262.737 1749.56
internal_count=58550 13650 44900
cat_boundaries=0 1
cat_threshold=262692
is_linear=0
shrinkage=0.0321881


Tree=683
num_leaves=4
num_cat=0
split_feature=25 36 29
split_gain=9.3797 18.5829 19.655
threshold=4.2840564713091593 0.88315754986673267 10.50746068591665
decision_type=2 2 2
left_child=-1 2 -2
right_child=1 -3 -4
leaf_value=0.0010005924466294359 0.005948977125136418 -0.017336277270019799 -0.029918815913411074
leaf_weight=1781.0236080526302 124.11805213195657 89.988553368372777 17.746123868495488
leaf_count=43914 6762 4854 3106
internal_value=0.00017694 -0.00587024 0.000971555
internal_weight=2012.88 231.853 141.864
internal_count=58636 14722 9868
is_linear=0
shrinkage=0.0321881


Tree=684
num_leaves=4
num_cat=0
split_feature=31 14 12
split_gain=10.5703 13.775 12.3877
threshold=0.48561012291674893 398.52709890104353 39.06975571357092
decision_type=2 8 8
left_child=2 -2 -1
right_child=1 -3 -4
leaf_value=0.0012276225895848276 -0.021176683804557842 0 -0.0074031279043750486
leaf_weight=1721.3339039920902 55.737423993083212 62.158823182384367 190.48705043450173
leaf_count=47875 995 1025 8845
internal_value=-0.000211633 -0.0095747 0.000333563
internal_weight=2029.72 117.896 1911.82
internal_count=58740 2020 56720
is_linear=0
shrinkage=0.0321881


Tree=685
num_leaves=4
num_cat=0
split_feature=2 32 23
split_gain=8.65416 46.5424 39.307
threshold=29.203247313443939 -0.23884689617406982 48.365516675530799
decision_type=2 2 2
left_child=1 -1 -3
right_child=-2 2 -4
leaf_value=-0.0095010475395623448 0.0013462978720937353 -9.3560564619119314e-05 0.026786141418735022
leaf_weight=445.79100294829186 1291.8527532825246 191.8706051780282 76.948384943432757
leaf_count=22014 18055 16377 2205
internal_value=-0.000191846 -0.00306109 0.00738073
internal_weight=2006.46 714.61 268.819
internal_count=58651 40596 18582
is_linear=0
shrinkage=0.0321881


Tree=686
num_leaves=4
num_cat=1
split_feature=41 5 32
split_gain=10.5769 34.9012 46.7763
threshold=0 3.2530132664856355 -0.093893400715127293
decision_type=9 2 2
left_child=-1 -2 -3
right_child=1 2 -4
leaf_value=0.0039733369886567399 -0.0034179247087837987 0.016864174094823828 -0.01975070408684489
leaf_weight=564.47268746904501 1219.7682995893592 195.4392343758027 42.689112431260583
leaf_count=23460 31039 2798 1379
internal_value=0.000248211 -0.00117005 0.0100199
internal_weight=2022.37 1457.9 238.128
internal_count=58676 35216 4177
cat_boundaries=0 1
cat_threshold=522
is_linear=0
shrinkage=0.0321881


Tree=687
num_leaves=4
num_cat=1
split_feature=39 39 44
split_gain=10.745 48.3338 32.3383
threshold=0.94095971079533836 0.16029280780750715 0
decision_type=2 2 9
left_child=1 -1 -2
right_child=2 -3 -4
leaf_value=-0.00022741528371941042 0.014319760840265738 0.031284896124973177 -0.0095025974795326582
leaf_weight=1595.0964458552171 61.646752857690444 51.736230202470324 314.0630870876339
leaf_count=50412 2312 915 5013
internal_value=-0.00035865 0.000728251 -0.00528969
internal_weight=2022.54 1646.83 375.71
internal_count=58652 51327 7325
cat_boundaries=0 1
cat_threshold=262144
is_linear=0
shrinkage=0.0321881


Tree=688
num_leaves=4
num_cat=0
split_feature=23 33 33
split_gain=9.21776 13.558 9.14462
threshold=0.63590716030893069 0.053528903108280457 -0.46368607740685081
decision_type=2 2 2
left_child=1 -1 -2
right_child=2 -3 -4
leaf_value=-0.013438219913817646 -0.00064176070251979809 -0.0025702254507195326 0.0042900337977852766
leaf_weight=138.69262694917506 1226.5288287757485 88.195510092860786 560.6254084543325
leaf_count=6205 31699 5705 15134
internal_value=6.27044e-05 -0.00601051 0.000870059
internal_weight=2014.04 226.888 1787.15
internal_count=58743 11910 46833
is_linear=0
shrinkage=0.0321881


Tree=689
num_leaves=4
num_cat=0
split_feature=14 12 12
split_gain=10.141 21.4926 20.6591
threshold=479.60947594241321 39.527864276907025 36.358783417016291
decision_type=10 10 10
left_child=1 2 -1
right_child=-2 -3 -4
leaf_value=-0.0016901186460268282 0.0050948923079147598 -0.017885254256104089 0.0089878604640763245
leaf_weight=1393.1729958665019 334.42298669858428 74.834467017215502 216.36992939081756
leaf_count=41122 5214 5841 6350
internal_value=0 -0.00103933 -0.000214006
internal_weight=2018.8 1684.38 1609.54
internal_count=58527 53313 47472
is_linear=0
shrinkage=0.0321881


Tree=690
num_leaves=4
num_cat=1
split_feature=12 44 10
split_gain=10.1146 27.2687 20.5797
threshold=38.941646933058102 0 10803.797373315223
decision_type=10 9 2
left_child=-1 2 -2
right_child=1 -3 -4
leaf_value=0.00036720511346420944 0.014547599547315781 -0.021128881030712525 -0.015032933364582515
leaf_weight=1832.0606804228428 66.703815226414008 73.937252724517748 36.767366083971865
leaf_count=50740 1026 5846 1024
internal_value=-0.000310712 -0.00766112 0.00311192
internal_weight=2009.47 177.408 103.471
internal_count=58636 7896 2050
cat_boundaries=0 1
cat_threshold=3
is_linear=0
shrinkage=0.0321881


Tree=691
num_leaves=4
num_cat=1
split_feature=14 44 16
split_gain=9.44413 21.484 40.3519
threshold=309.20028423344888 0 134.43590446293749
decision_type=10 9 8
left_child=1 2 -1
right_child=-2 -3 -4
leaf_value=0.006215261182489727 0.0018156618947647054 -0.0037481683249029683 0.1014346339955462
leaf_weight=28.652655644949846 1098.8470599255306 863.51086503651641 5.7459091715863897
leaf_count=3443 16582 38571 138
internal_value=-0.000151168 -0.0026289 0.0190458
internal_weight=1996.76 897.909 34.3986
internal_count=58734 42152 3581
cat_boundaries=0 1
cat_threshold=132160
is_linear=0
shrinkage=0.0321881


Tree=692
num_leaves=4
num_cat=0
split_feature=7 5 7
split_gain=10.631 13.2557 9.8636
threshold=25533.865995892553 2.0277303693966853 5404.0238005397669
decision_type=2 2 2
left_child=2 -2 -1
right_child=1 -3 -4
leaf_value=-0.00072319702503701204 -0.03224753528264037 0.00094291993747119861 0.0050394896251184434
leaf_weight=1579.1776229427323 23.298659644166037 19.075738975028798 379.73428531503123
leaf_count=46790 1014 358 10321
internal_value=0 -0.0158892 0.000361861
internal_weight=2001.29 42.3744 1958.91
internal_count=58483 1372 57111
is_linear=0
shrinkage=0.0321881


Tree=693
num_leaves=4
num_cat=0
split_feature=32 4 2
split_gain=8.5894 31.3385 32.8365
threshold=-0.19658287625828794 928.47479313896918 9.4119038255165304
decision_type=2 2 2
left_child=-1 2 -2
right_child=1 -3 -4
leaf_value=-0.0017353334797438258 0.03248547871319294 0.010700985987237987 -0.0062125330588116649
leaf_weight=1358.3538926867423 23.785796341908281 288.94675705247209 335.53150156619085
leaf_count=33437 5959 11773 7456
internal_value=-0.00025161 0.00275862 -0.00345397
internal_weight=2006.62 648.264 359.317
internal_count=58625 25188 13415
is_linear=0
shrinkage=0.0321881


Tree=694
num_leaves=4
num_cat=0
split_feature=32 5 10
split_gain=12.6516 32.9759 41.4365
threshold=-0.14660254688184424 3.2530132664856355 7321.95213995002
decision_type=2 2 2
left_child=1 -1 -3
right_child=-2 2 -4
leaf_value=-0.0038267535812286013 0.0041089478565554055 -0.016457876692832447 0.015356339668492999
leaf_weight=1160.4507825197943 597.67621665023216 51.26917973162017 208.43718003063259
leaf_count=30567 23717 1081 3424
internal_value=0.000152732 -0.00146782 0.00882152
internal_weight=2017.83 1420.16 259.706
internal_count=58789 35072 4505
is_linear=0
shrinkage=0.0321881


Tree=695
num_leaves=4
num_cat=0
split_feature=14 30 10
split_gain=9.54671 15.5001 15.8696
threshold=290.03175749903522 -0.57096246298517672 7728.4001516052458
decision_type=10 2 2
left_child=1 -1 -3
right_child=-2 2 -4
leaf_value=-0.009702537133533912 0.0018371513398007789 -0.0096109342677936187 0.0030318579153702724
leaf_weight=232.40149285526059 1199.6281721358828 133.16357145352049 447.99623002475255
leaf_count=7295 18112 8595 24710
internal_value=0 -0.00267917 2.26733e-05
internal_weight=2013.19 813.561 581.16
internal_count=58712 40600 33305
is_linear=0
shrinkage=0.0321881


Tree=696
num_leaves=4
num_cat=0
split_feature=31 22 38
split_gain=9.13096 9.96122 15.6651
threshold=-0.96996933963275012 869.11161440286025 0.9397638200510483
decision_type=2 2 2
left_child=-1 2 -2
right_child=1 -3 -4
leaf_value=-0.0056420400766868271 0.0017379897251984377 0.017875380570899189 -0.0083251911792069366
leaf_weight=237.93253485133482 1559.8876124470935 35.822275433281902 177.30497467664827
leaf_count=12372 42335 548 3183
internal_value=0.000233955 0.00105906 0.000673245
internal_weight=2010.95 1773.01 1737.19
internal_count=58438 46066 45518
is_linear=0
shrinkage=0.0321881


Tree=697
num_leaves=4
num_cat=0
split_feature=37 0 23
split_gain=7.69822 10.2583 13.217
threshold=0.0058305769399061682 108.04105477640374 64.421398336213912
decision_type=2 2 2
left_child=1 2 -1
right_child=-2 -3 -4
leaf_value=-0.012500868257669832 -0.0028830082487007846 0.0022903777527832994 0.012745655149686846
leaf_weight=104.40511171891194 698.84056788807902 1171.6111324590092 24.518712149569183
leaf_count=16309 21004 20094 928
internal_value=-0.000130209 0.00130029 -0.00719178
internal_weight=1999.38 1300.53 128.924
internal_count=58335 37331 17237
is_linear=0
shrinkage=0.0321881


Tree=698
num_leaves=4
num_cat=0
split_feature=10 8 16
split_gain=8.01495 7.80602 18.6137
threshold=2084.1286033008514 1428.2754903467096 59.868804461344617
decision_type=2 2 8
left_child=-1 2 -2
right_child=1 -3 -4
leaf_value=-0.020437303607756096 -0.025268590500572639 0.0038663742101167405 -0.00012878470953439565
leaf_weight=18.90713796736236 31.076861966000251 518.99543535873818 1449.4895554077948
leaf_count=1167 10583 7774 39237
internal_value=0.000221555 0.000451146 -0.000703437
internal_weight=2018.47 1999.56 1480.57
internal_count=58761 57594 49820
is_linear=0
shrinkage=0.0321881


Tree=699
num_leaves=4
num_cat=0
split_feature=32 20 36
split_gain=9.18857 19.555 15.9231
threshold=0.69414579585900704 31.148525850505461 0.88315754986673267
decision_type=2 2 2
left_child=2 -2 -1
right_child=1 -3 -4
leaf_value=0.0082741470286225288 -0.030125825532812133 0.0061500880311791718 -0.00046012372940760799
leaf_weight=246.0595371308209 30.785837178143993 25.83175907820987 1704.9307139015618
leaf_count=9930 4627 859 43201
internal_value=0.000206863 -0.012498 0.000609674
internal_weight=2007.61 56.6176 1950.99
internal_count=58617 5486 53131
is_linear=0
shrinkage=0.0321881


Tree=700
num_leaves=4
num_cat=1
split_feature=12 15 44
split_gain=10.0027 21.7755 16.6289
threshold=35.459857378764994 1.1548283198121247 0
decision_type=10 10 9
left_child=1 -1 -2
right_child=2 -3 -4
leaf_value=-0.00013106388215646929 0.0065598543668938169 -0.016035937952034365 -0.0073975799272177831
leaf_weight=1359.1896928078859 443.15046511712353 95.907673707383765 98.135432348739414
leaf_count=27833 11316 13651 5602
internal_value=0.000130942 -0.00122558 0.00389415
internal_weight=1996.38 1455.1 541.286
internal_count=58402 41484 16918
cat_boundaries=0 1
cat_threshold=266311
is_linear=0
shrinkage=0.0321881


Tree=701
num_leaves=4
num_cat=0
split_feature=16 33 10
split_gain=8.52865 18.8003 8.85537
threshold=240.28300269830928 -0.29864114628699501 12150.169173648545
decision_type=10 2 2
left_child=2 -2 -1
right_child=1 -3 -4
leaf_value=0.0012488470366142489 -0.030813047352975683 0.0093037205052935827 -0.0036207962069107541
leaf_weight=1448.9149163952579 28.249886222736677 17.604602286068257 527.24595476025934
leaf_count=39906 727 389 17720
internal_value=-0.000369993 -0.0140607 -1.84405e-05
internal_weight=2022.02 45.8545 1976.16
internal_count=58742 1116 57626
is_linear=0
shrinkage=0.0321881


Tree=702
num_leaves=4
num_cat=0
split_feature=30 5 10
split_gain=10.0499 22.8848 37.4487
threshold=0.69345733221688211 2.2581536040923682 7616.7723624827768
decision_type=2 2 2
left_child=-1 -2 -3
right_child=1 2 -4
leaf_value=0.0012427009258059016 -0.0084880252498313515 -0.026425521433334691 0.014271994135187782
leaf_weight=1496.7363864880335 358.59113032090863 27.942988848160894 122.92127071398136
leaf_count=47842 8068 635 2104
internal_value=-5.41832e-05 -0.00398809 0.00628288
internal_weight=2006.19 509.455 150.864
internal_count=58649 10807 2739
is_linear=0
shrinkage=0.0321881


Tree=703
num_leaves=4
num_cat=0
split_feature=16 29 14
split_gain=8.03155 11.8656 10.0009
threshold=240.28300269830928 8.1756847023579233 279.42028443483161
decision_type=10 2 10
left_child=2 -2 -1
right_child=1 -3 -4
leaf_value=-0.0025041147270049111 -0.02835811101153278 0.0023412240504379731 0.0022106640988780687
leaf_weight=751.02030163832569 24.920088621729519 19.943818741769064 1212.518665664873
leaf_count=39523 749 385 17966
internal_value=3.4804e-05 -0.0133582 0.000374823
internal_weight=2008.4 44.8639 1963.54
internal_count=58623 1134 57489
is_linear=0
shrinkage=0.0321881


Tree=704
num_leaves=4
num_cat=0
split_feature=14 2 38
split_gain=9.26116 17.2176 28.7392
threshold=311.82954171595856 40.8780808363855 0.070232736019946437
decision_type=10 2 2
left_child=1 2 -1
right_child=-2 -3 -4
leaf_value=-0.0086070693400183331 0.0022638722761835635 0.0041271423939479171 0.0091695287008165156
leaf_weight=502.92336591093681 1074.9833730751488 295.27258131513372 112.51260853633721
leaf_count=34604 16232 3852 3591
internal_value=0.000211785 -0.0021405 -0.00525146
internal_weight=1985.69 910.709 615.436
internal_count=58279 42047 38195
is_linear=0
shrinkage=0.0321881


Tree=705
num_leaves=4
num_cat=0
split_feature=13 11 5
split_gain=8.66759 24.7446 45.0845
threshold=36.75391405626025 30.364253980118551 3.7107696305153692
decision_type=8 10 2
left_child=-1 -2 -3
right_child=1 2 -4
leaf_value=0.0012876633671448097 -0.0070558217423905677 -0.0071320389170638947 0.056414992928416091
leaf_weight=1603.769740742302 349.06733959625399 26.146207691041127 18.622259893196315
leaf_count=35434 19737 2937 386
internal_value=0.000206661 -0.00403187 0.0180441
internal_weight=1997.61 393.836 44.7685
internal_count=58494 23060 3323
is_linear=0
shrinkage=0.0321881


Tree=706
num_leaves=4
num_cat=0
split_feature=10 10 21
split_gain=8.00135 8.20309 35.0942
threshold=1842.891058164804 11631.531159539465 51.604753469904573
decision_type=2 2 2
left_child=-1 2 -2
right_child=1 -3 -4
leaf_value=-0.023646053676117117 -0.015175013154146568 -0.0028497976542782729 0.0032048066901556632
leaf_weight=14.541228564175979 116.93205881884296 639.57279686133006 1237.209405762922
leaf_count=929 10168 21106 26377
internal_value=-2.42634e-05 0.000118869 0.00156828
internal_weight=2008.26 1993.71 1354.14
internal_count=58580 57651 36545
is_linear=0
shrinkage=0.0321881


Tree=707
num_leaves=4
num_cat=1
split_feature=32 20 44
split_gain=8.39349 17.7355 19.6381
threshold=0.6501138046737488 31.148525850505461 0
decision_type=2 2 9
left_child=-1 -2 -3
right_child=1 2 -4
leaf_value=0.0010715381634639346 -0.027569437937853332 0.023959959960573707 -0.011009081907092067
leaf_weight=1934.7045397746733 32.443214325712688 16.129112656926736 12.949546172028933
leaf_count=52713 4927 220 762
internal_value=0.000668747 -0.0109222 0.00555127
internal_weight=1996.23 61.5219 29.0787
internal_count=58622 5909 982
cat_boundaries=0 1
cat_threshold=5
is_linear=0
shrinkage=0.0321881


Tree=708
num_leaves=4
num_cat=0
split_feature=22 38 1
split_gain=8.71372 13.3678 27.3757
threshold=869.11161440286025 0.9586772049349751 10.414900013981008
decision_type=2 2 2
left_child=1 -1 -3
right_child=-2 2 -4
leaf_value=0.00022590745422252035 0.014449817356962597 0.006924350168151917 -0.016309059100238672
leaf_weight=1786.6476151763454 40.271474885375937 48.992871025038767 140.05144483363256
leaf_count=54210 668 2545 1347
internal_value=-0.000267201 -0.000601117 -0.00874428
internal_weight=2015.96 1975.69 189.044
internal_count=58770 58102 3892
is_linear=0
shrinkage=0.0321881


Tree=709
num_leaves=4
num_cat=1
split_feature=9 42 13
split_gain=8.97716 12.6714 11.7149
threshold=24.41004946372 0 30.784843335356673
decision_type=10 9 10
left_child=1 2 -1
right_child=-2 -3 -4
leaf_value=0.021517798294369745 -0.024983350109109525 -0.00074948674681033032 -0.0024180516143012059
leaf_weight=54.922376130794873 15.055855559563495 1929.7998880492169 27.198549610002374
leaf_count=685 441 57236 427
internal_value=-0.000384382 -0.000165725 0.0114432
internal_weight=2026.98 2011.92 82.1209
internal_count=58789 58348 1112
cat_boundaries=0 1
cat_threshold=131668
is_linear=0
shrinkage=0.0321881


Tree=710
num_leaves=4
num_cat=0
split_feature=21 15 11
split_gain=9.5779 23.7532 19.4098
threshold=271.93020559069799 1.3476202991924817 31.138857706818786
decision_type=2 8 8
left_child=1 -1 -2
right_child=2 -3 -4
leaf_value=-0.00080226870703043688 0.002376787550111129 -0.033321443426532593 0.034593169508832011
leaf_weight=1575.5422726771321 392.25268107243755 23.546377428541746 20.705077486585651
leaf_count=44500 8704 5036 754
internal_value=-0.000166818 -0.0013258 0.00416513
internal_weight=2012.05 1599.09 412.958
internal_count=58994 49536 9458
is_linear=0
shrinkage=0.0321881


Tree=711
num_leaves=4
num_cat=0
split_feature=30 10 5
split_gain=8.64748 29.4094 28.3269
threshold=0.85810055626555137 10151.896049138562 2.2581536040923682
decision_type=2 2 2
left_child=-1 -2 -3
right_child=1 2 -4
leaf_value=0.0010826184814310658 -0.014554239670036297 -0.0047369345171175154 0.02187635048936783
leaf_weight=1661.3027389350791 161.96974593511186 116.39102572653064 62.182184434073861
leaf_count=52011 3259 2521 868
internal_value=9.3587e-05 -0.00454179 0.00419076
internal_weight=2001.85 340.543 178.573
internal_count=58659 6648 3389
is_linear=0
shrinkage=0.0321881


Tree=712
num_leaves=4
num_cat=1
split_feature=32 41 29
split_gain=9.24007 24.6751 25.9809
threshold=-0.19658287625828794 0 6.3400186351881596
decision_type=2 9 2
left_child=-1 -2 -3
right_child=1 2 -4
leaf_value=-0.0017854662144567864 0.012241401899920823 -0.0075853549135105041 0.0079299420401470772
leaf_weight=1356.9536647615487 192.03569608225553 274.55873154767505 186.4552987661209
leaf_count=33585 9929 11311 3920
internal_value=-0.000242452 0.00286572 -0.00114646
internal_weight=2010 653.05 461.014
internal_count=58745 25160 15231
cat_boundaries=0 1
cat_threshold=520
is_linear=0
shrinkage=0.0321881


Tree=713
num_leaves=4
num_cat=0
split_feature=40 7 14
split_gain=8.51307 10.518 9.72148
threshold=1.0352792661968515 5820.8858909402461 108.19668317774541
decision_type=2 2 10
left_child=2 -2 -1
right_child=1 -3 -4
leaf_value=-0.010575088659429492 -0.013835508747410139 0.011198502558448353 0.0010618014149131108
leaf_weight=76.714106403880578 87.277601517824223 18.705222873599268 1825.6371207659877
leaf_count=3464 1935 407 52790
internal_value=3.11532e-05 -0.00880242 0.000557797
internal_weight=2008.33 105.983 1902.35
internal_count=58596 2342 56254
is_linear=0
shrinkage=0.0321881


Tree=714
num_leaves=4
num_cat=1
split_feature=10 10 44
split_gain=8.36717 9.71305 43.1215
threshold=2720.2010895542385 11029.894057334113 0
decision_type=2 2 9
left_child=-1 -2 -3
right_child=1 2 -4
leaf_value=-0.015537416173917042 0.0018666423106576938 0.00051708120564360541 -0.020101210875418631
leaf_weight=36.017612592093428 1206.2357088305489 641.16173711562442 114.41379320315718
leaf_count=1901 32050 18052 6652
internal_value=-0.000208382 4.2429e-05 -0.00278523
internal_weight=1997.83 1961.81 755.576
internal_count=58655 56754 24704
cat_boundaries=0 1
cat_threshold=393347
is_linear=0
shrinkage=0.0321881


Tree=715
num_leaves=4
num_cat=0
split_feature=35 11 12
split_gain=8.15498 8.98113 38.2515
threshold=-0.0027566802131009549 28.666205031293554 30.521279168580445
decision_type=2 8 8
left_child=-1 -2 -3
right_child=1 2 -4
leaf_value=-0.0052062971390609844 0.0016917317482857666 0.019122604935120788 -0.013898553861773442
leaf_weight=266.74947707465344 1538.979333448473 46.800585133686582 147.52641013275024
leaf_count=8126 41851 3733 4923
internal_value=0 0.000836278 -0.00560496
internal_weight=2000.06 1733.31 194.327
internal_count=58633 50507 8656
is_linear=0
shrinkage=0.0321881


Tree=716
num_leaves=4
num_cat=0
split_feature=36 21 4
split_gain=8.40053 20.3457 17.2978
threshold=0.91762854793452242 89.608704600657191 600.28795538722125
decision_type=2 2 2
left_child=-1 2 -2
right_child=1 -3 -4
leaf_value=0.0044298850532337982 -0.022474751757208054 3.5659517812919183e-05 -0.0058080550385400708
leaf_weight=337.60499082294336 86.792930029396302 1484.0541047060033 83.864166814484634
leaf_count=16522 3595 33623 4991
internal_value=-0.000157738 -0.00113272 -0.0116518
internal_weight=1992.32 1654.71 170.657
internal_count=58731 42209 8586
is_linear=0
shrinkage=0.0321881


Tree=717
num_leaves=4
num_cat=0
split_feature=16 26 38
split_gain=9.57343 8.84708 25.3659
threshold=253.31577107636375 0.75435675677407177 0.9397638200510483
decision_type=10 2 2
left_child=1 -1 -3
right_child=-2 2 -4
leaf_value=-0.0010325776777494614 -0.019987791294700834 0.015146608048190596 0.0017027319456646263
leaf_weight=1591.9263384042479 24.858913566218689 159.67370938546082 219.28228367546399
leaf_count=50203 687 3367 4338
internal_value=-0.000231851 0 0.00443804
internal_weight=1995.74 1970.88 378.956
internal_count=58595 57908 7705
is_linear=0
shrinkage=0.0321881


Tree=718
num_leaves=4
num_cat=0
split_feature=25 16 36
split_gain=6.95027 15.1161 15.1029
threshold=4.8609136943998781 240.28300269830928 0.88315754986673267
decision_type=2 10 2
left_child=1 -1 -2
right_child=2 -3 -4
leaf_value=0.0010245093823730595 9.6396305208759812e-05 -0.021403112637034611 -0.018477591960260227
leaf_weight=1776.1692239622171 128.22245988159557 31.293222942040302 64.787183942789852
leaf_count=44334 9468 761 4262
internal_value=0 0.000598223 -0.00582372
internal_weight=2000.47 1807.46 193.01
internal_count=58825 45095 13730
is_linear=0
shrinkage=0.0321881


Tree=719
num_leaves=4
num_cat=0
split_feature=33 32 22
split_gain=9.57704 36.2526 33.8335
threshold=-0.62312731716042757 -0.37941825886743025 479.9349080540772
decision_type=2 2 2
left_child=1 2 -1
right_child=-2 -3 -4
leaf_value=-0.020075385435285469 0.0025423704025412178 0.0019770584481279482 0
leaf_weight=183.17334008441594 875.72548671203185 756.26889518311691 176.52138657531759
leaf_count=5914 27273 21198 4256
internal_value=0 -0.00195374 -0.0103912
internal_weight=1991.69 1115.96 359.695
internal_count=58641 31368 10170
is_linear=0
shrinkage=0.0321881


Tree=720
num_leaves=4
num_cat=0
split_feature=29 25 22
split_gain=10.4008 10.9755 50.7507
threshold=10.735964421068987 16.901950998879482 72.707224699839273
decision_type=2 2 2
left_child=1 -1 -3
right_child=-2 2 -4
leaf_value=0.00018377645991884495 -0.021648156263367628 -0.02560402535859654 0.05998633280305922
leaf_weight=1950.086816569441 21.910595752236986 11.803678773387221 15.462194953295691
leaf_count=50861 3225 4009 266
internal_value=0.000224417 0.000501555 0.0207161
internal_weight=1999.26 1977.35 27.2659
internal_count=58361 55136 4275
is_linear=0
shrinkage=0.0321881


Tree=721
num_leaves=4
num_cat=0
split_feature=10 33 29
split_gain=8.37184 35.2493 33.5865
threshold=12112.851367661198 0.37730448661498578 2.6611013868968842
decision_type=2 2 2
left_child=1 -1 -2
right_child=2 -3 -4
leaf_value=0.0020698139313657165 0.047758307306098861 -0.030959234958640943 -0.0048096180018130123
leaf_weight=1426.1972837318781 12.497052250519117 33.888979300952997 524.07890787235192
leaf_count=35078 1210 5342 16838
internal_value=0 0.00125469 -0.0034461
internal_weight=1996.66 1460.09 536.576
internal_count=58468 40420 18048
is_linear=0
shrinkage=0.0321881


Tree=722
num_leaves=4
num_cat=2
split_feature=33 44 44
split_gain=8.95881 22.2112 19.3776
threshold=-0.46368607740685081 0 1
decision_type=2 9 9
left_child=2 -2 -1
right_child=1 -3 -4
leaf_value=-0.026475717226192619 0.02095106772073408 0.00058444674287366273 -0.0013025025080460437
leaf_weight=22.795088961275724 51.590597514994442 646.21033538812844 1273.2610076871179
leaf_count=3852 503 22346 31742
internal_value=-0.000402991 0.00249658 -0.00201343
internal_weight=1993.86 697.801 1296.06
internal_count=58443 22849 35594
cat_boundaries=0 1 2
cat_threshold=68 524352
is_linear=0
shrinkage=0.0321881


Tree=723
num_leaves=4
num_cat=1
split_feature=31 41 1
split_gain=8.0603 12.2886 23.1949
threshold=-0.94293842403292161 0 11.639847752412917
decision_type=2 9 2
left_child=-1 2 -2
right_child=1 -3 -4
leaf_value=-0.0046437812052482659 -0.0065810782986763646 -0.00083898427820754465 0.0098088991039300966
leaf_weight=335.76735222620664 117.08013107907391 1210.8723664119771 334.68868777676835
leaf_count=17290 10939 25787 4414
internal_value=-6.77141e-05 0.000818641 0.00530185
internal_weight=1998.41 1662.64 451.769
internal_count=58430 41140 15353
cat_boundaries=0 1
cat_threshold=522
is_linear=0
shrinkage=0.0321881


Tree=724
num_leaves=4
num_cat=0
split_feature=16 12 16
split_gain=7.19703 31.3882 27.0501
threshold=172.4514973262462 34.44529265447148 240.28300269830928
decision_type=10 10 10
left_child=-1 -2 -3
right_child=1 2 -4
leaf_value=-0.00065301745693984055 -0.0080781443968515262 0.015167567306569884 -0.020657745886701238
leaf_weight=1629.1314285592589 129.97853295187815 213.30967688417877 22.701352826843504
leaf_count=52471 2587 3261 528
internal_value=0.000229605 0.00433022 0.0114347
internal_weight=1995.12 365.99 236.011
internal_count=58847 6376 3789
is_linear=0
shrinkage=0.0321881


Tree=725
num_leaves=4
num_cat=0
split_feature=10 0 7
split_gain=8.62677 8.90217 7.79186
threshold=3180.3733685128946 1011.8859027181023 29324.345183957776
decision_type=2 2 2
left_child=1 -1 -2
right_child=2 -3 -4
leaf_value=-0.020118960102104861 0.00073148316550773675 0.0076905821919138395 -0.020237981220171217
leaf_weight=41.617292133083538 1923.4226299371148 12.613151867873965 18.14694219410012
leaf_count=2284 55223 268 867
internal_value=0.000114296 -0.0124762 0.000500244
internal_weight=1995.8 54.2304 1941.57
internal_count=58642 2552 56090
is_linear=0
shrinkage=0.0321881


Tree=726
num_leaves=4
num_cat=1
split_feature=7 7 44
split_gain=9.55803 8.30303 28.8065
threshold=29324.345183957776 3842.1395359660369 0
decision_type=2 2 9
left_child=1 -1 -3
right_child=-2 2 -4
leaf_value=-0.0016527637218225215 -0.022633924280207433 0.019747385668882973 0
leaf_weight=1368.6842383521835 19.824762084374015 79.049847479580421 525.64904140293038
leaf_count=41527 923 5179 11110
internal_value=-0.00049272 -0.000235325 0.00286703
internal_weight=1993.21 1973.38 604.699
internal_count=58739 57816 16289
cat_boundaries=0 1
cat_threshold=267344
is_linear=0
shrinkage=0.0321881


Tree=727
num_leaves=4
num_cat=1
split_feature=5 44 5
split_gain=9.09229 28.4066 25.7756
threshold=1.2773089285681274 0 1.8003966814307912
decision_type=2 9 2
left_child=1 -1 -2
right_child=2 -3 -4
leaf_value=-0.01276628366557689 0.022868968984233864 0.00075380844436201888 0.0012257494001267129
leaf_weight=183.57813994847038 61.822756606836265 912.95736685116754 834.47704939469077
leaf_count=9365 1372 24511 23370
internal_value=0.000365114 -0.0015634 0.0027953
internal_weight=1992.84 1096.54 896.3
internal_count=58618 33876 24742
cat_boundaries=0 1
cat_threshold=529168
is_linear=0
shrinkage=0.0321881


Tree=728
num_leaves=4
num_cat=2
split_feature=43 5 41
split_gain=6.77482 22.5641 27.1904
threshold=0 2.7584931222708415 1
decision_type=9 2 9
left_child=1 -1 -3
right_child=-2 2 -4
leaf_value=0.010920650662689924 -0.0011679359983245766 0.015083916619680457 -0.022540243206635443
leaf_weight=174.78974957954233 1751.8440668635312 21.69803308828341 46.076987104523141
leaf_count=7317 48663 427 2259
internal_value=-0.00043643 0.0044453 -0.0106442
internal_weight=1994.41 242.565 67.775
internal_count=58666 10003 2686
cat_boundaries=0 1 2
cat_threshold=16 2384
is_linear=0
shrinkage=0.0321881


Tree=729
num_leaves=4
num_cat=0
split_feature=8 10 14
split_gain=7.98087 8.77842 14.683
threshold=1.0000000180025095e-35 17056.303143072404 376.77114354574883
decision_type=2 2 10
left_child=-1 -2 -3
right_child=1 2 -4
leaf_value=-0.0064785234338908711 0.00042579599946666825 -0.00023425292382702053 0.041893230718412153
leaf_weight=173.04945211635822 1782.7219113396968 14.419335102087645 14.00395263917744
leaf_count=8354 49274 581 199
internal_value=8.36552e-05 0.00074658 0.0184741
internal_weight=1984.19 1811.15 28.4233
internal_count=58408 50054 780
is_linear=0
shrinkage=0.0321881


Tree=730
num_leaves=4
num_cat=0
split_feature=12 14 4
split_gain=10.5214 17.8346 17.1271
threshold=38.829900705396106 414.57617452097583 230.91241938615573
decision_type=8 8 2
left_child=-1 -2 -3
right_child=1 2 -4
leaf_value=0.00077482541018380265 -0.018560964368606606 0.021756166953646443 -0.0057900165085259482
leaf_weight=1775.6886831861875 81.940601773943854 30.145765693247085 100.16434223733086
leaf_count=49091 6541 517 2410
internal_value=-2.95881e-06 -0.00680326 0.000122509
internal_weight=1987.94 212.251 130.31
internal_count=58559 9468 2927
is_linear=0
shrinkage=0.0321881


Tree=731
num_leaves=4
num_cat=0
split_feature=14 30 20
split_gain=9.42616 19.2982 19.2253
threshold=317.30450797594727 -0.64986720163346667 281.38290601265311
decision_type=10 2 2
left_child=1 -1 -3
right_child=-2 2 -4
leaf_value=-0.010069127335828676 0.0021559496206997731 -0.00072714367231819707 0.024502019847785619
leaf_weight=244.1635800525255 1050.9742278759804 658.86264063907674 32.523819094640203
leaf_count=6585 15876 35613 564
internal_value=3.28223e-05 -0.00228413 0.000375568
internal_weight=1986.52 935.55 691.386
internal_count=58638 42762 36177
is_linear=0
shrinkage=0.0321881


Tree=732
num_leaves=4
num_cat=1
split_feature=33 44 4
split_gain=9.89052 23.4908 31.0126
threshold=-0.60256198911114112 0 877.0775319186522
decision_type=2 9 2
left_child=-1 -2 -3
right_child=1 2 -4
leaf_value=-0.0018715606939137418 0.0054761115666556752 0.0027027380060710531 -0.023970172179973843
leaf_weight=1123.5452673167219 680.77030288238893 109.74698476894991 72.539053515383785
leaf_count=31871 10447 7349 8975
internal_value=8.55213e-05 0.00270689 -0.00718617
internal_weight=1986.6 863.056 182.286
internal_count=58642 26771 16324
cat_boundaries=0 1
cat_threshold=71
is_linear=0
shrinkage=0.0321881


Tree=733
num_leaves=4
num_cat=0
split_feature=32 20 32
split_gain=8.3333 20.2064 11.4548
threshold=0.69414579585900704 38.504027784324116 0.24234530439845556
decision_type=2 2 2
left_child=2 -2 -1
right_child=1 -3 -4
leaf_value=-0.00064106730992453368 -0.028295445163187206 0.010154554314822742 0.0076697294942252242
leaf_weight=1730.6992067433912 33.994939419420916 20.883079140301561 190.15175665244897
leaf_count=44411 4860 654 8698
internal_value=-0.000172 -0.0125274 0.000149337
internal_weight=1975.73 54.878 1920.85
internal_count=58623 5514 53109
is_linear=0
shrinkage=0.0321881


Tree=734
num_leaves=4
num_cat=0
split_feature=31 21 32
split_gain=8.3071 14.6205 10.0263
threshold=0.48561012291674893 266.85206246494369 -0.74485116957580033
decision_type=2 2 2
left_child=2 -2 -1
right_child=1 -3 -4
leaf_value=0.0035807535025791913 -0.01407025294209201 0.013047225877296405 -0.0011811609868264468
leaf_weight=775.96608485660727 93.97822024524794 23.855050341226161 1091.9324908055332
leaf_count=17147 1830 247 39271
internal_value=0.00020865 -0.00802577 0.000763151
internal_weight=1985.73 117.833 1867.9
internal_count=58495 2077 56418
is_linear=0
shrinkage=0.0321881


Tree=735
num_leaves=4
num_cat=0
split_feature=16 14 15
split_gain=7.62232 13.4047 19.3805
threshold=245.74829130066249 626.43656455613961 1.0079541635871649
decision_type=10 10 10
left_child=1 -1 -3
right_child=-2 2 -4
leaf_value=-0.00077051400627088662 -0.016047676260849915 -0.0046144536180215221 0.027462873333327139
leaf_weight=1873.2418211199565 32.020784514024854 30.424368559615687 42.574586377304513
leaf_count=56458 895 578 711
internal_value=-0.00050071 -0.000210277 0.0132524
internal_weight=1978.26 1946.24 72.999
internal_count=58642 57747 1289
is_linear=0
shrinkage=0.0321881


Tree=736
num_leaves=4
num_cat=1
split_feature=38 12 44
split_gain=7.81394 8.53575 17.4335
threshold=-0.033476300735101695 38.941646933058102 0
decision_type=2 8 9
left_child=-1 -2 -3
right_child=1 2 -4
leaf_value=-0.0067921486072872643 0.0012009680833695666 0.0028218538604325421 -0.016097093838426019
leaf_weight=168.83378358909613 1637.9455574912263 100.057600917944 82.406876627082966
leaf_count=5323 45109 3167 5186
internal_value=-0.000149444 0.000432453 -0.00611034
internal_weight=1989.24 1820.41 182.464
internal_count=58785 53462 8353
cat_boundaries=0 1
cat_threshold=131079
is_linear=0
shrinkage=0.0321881


Tree=737
num_leaves=4
num_cat=0
split_feature=22 38 38
split_gain=9.68814 12.0748 29.5368
threshold=927.2245372963456 0.9397638200510483 0.070232736019946437
decision_type=2 2 2
left_child=1 2 -1
right_child=-2 -3 -4
leaf_value=-0.00066385727892236525 0.018487592573003732 -0.0078507236923255983 0.0090238808695676468
leaf_weight=1704.9106820968491 28.132916200673208 204.55336194613483 46.433755404395924
leaf_count=53056 469 4162 905
internal_value=-0.000137171 -0.000439831 0.000390328
internal_weight=1984.03 1955.9 1751.34
internal_count=58592 58123 53961
is_linear=0
shrinkage=0.0321881


Tree=738
num_leaves=4
num_cat=0
split_feature=10 21 15
split_gain=8.15007 7.85619 17.5609
threshold=17271.189342996648 138.25589610077867 1.1938405311776223
decision_type=2 2 8
left_child=1 2 -1
right_child=-2 -3 -4
leaf_value=-0.0016551047818460049 0.017864168968633867 0.00095199242637495013 -0.020724020070505535
leaf_weight=623.04799452220686 25.039963884904864 1276.8997074614526 55.53182915177058
leaf_count=17617 704 27721 12319
internal_value=-0.00023036 -0.000496765 -0.00331614
internal_weight=1980.52 1955.48 678.58
internal_count=58361 57657 29936
is_linear=0
shrinkage=0.0321881


Tree=739
num_leaves=4
num_cat=0
split_feature=32 23 5
split_gain=9.56265 29.5211 29.0165
threshold=-0.14660254688184424 52.148507613212054 3.2530132664856355
decision_type=2 2 2
left_child=2 -2 -1
right_child=1 -3 -4
leaf_value=-0.0037207681884213958 0 0.019226379789999345 0.0082241280107742867
leaf_weight=1152.5384370251513 479.03958216297087 100.66973071236862 255.55690347659038
leaf_count=30614 21492 2030 4448
internal_value=-4.2663e-05 0.0034026 -0.00150663
internal_weight=1987.8 579.709 1408.1
internal_count=58584 23522 35062
is_linear=0
shrinkage=0.0321881


Tree=740
num_leaves=4
num_cat=0
split_feature=16 13 1
split_gain=9.14175 14.0035 11.5678
threshold=62.911963049321649 15.465099256907747 4.8475256227508687
decision_type=10 10 2
left_child=1 -1 -2
right_child=2 -3 -4
leaf_value=-0.0014099957817114625 0.011885348967248417 -0.0233915652862197 0.00015652399098969619
leaf_weight=138.38282199273817 92.364130625697726 41.025525446766551 1709.5875592978773
leaf_count=3598 16254 12673 25995
internal_value=7.26101e-05 -0.00681532 0.000794544
internal_weight=1981.36 179.408 1801.95
internal_count=58520 16271 42249
is_linear=0
shrinkage=0.0321881


Tree=741
num_leaves=4
num_cat=0
split_feature=10 33 21
split_gain=7.42489 20.3618 8.17085
threshold=17056.303143072404 -0.6626658399506733 279.17344079424436
decision_type=2 2 2
left_child=2 -2 -1
right_child=1 -3 -4
leaf_value=-0.001208343236060689 -0.0083793846780421295 0.039149141837016371 0.0040758561322483131
leaf_weight=1569.2019025401214 15.726965692403608 17.790420397559501 374.31643821846956
leaf_count=49101 440 507 8574
internal_value=7.00461e-05 0.0150587 -0.00015748
internal_weight=1977.04 33.5174 1943.52
internal_count=58622 947 57675
is_linear=0
shrinkage=0.0321881


Tree=742
num_leaves=4
num_cat=0
split_feature=35 16 4
split_gain=8.5241 9.22592 13.8221
threshold=-0.0033236793633926952 45.604306510190845 1507.2727137719476
decision_type=2 10 2
left_child=-1 2 -2
right_child=1 -3 -4
leaf_value=-0.0067619646391085921 -0.01679074886891058 0.0011304293150420687 0.015874636970756282
leaf_weight=178.67069013475157 65.547501739823929 1727.582822853753 14.755010448196115
leaf_count=5576 4352 47465 1345
internal_value=-2.99347e-05 0.000600955 -0.00996884
internal_weight=1986.56 1807.89 80.3025
internal_count=58738 53162 5697
is_linear=0
shrinkage=0.0321881


Tree=743
num_leaves=4
num_cat=1
split_feature=32 44 33
split_gain=8.79326 32.8759 32.3156
threshold=-0.30370577225556472 0 -0.74736326611389148
decision_type=2 9 2
left_child=2 -2 -1
right_child=1 -3 -4
leaf_value=-0.011128095416296776 0.0044794131839872445 -0.025113283598851451 0.0012490208461716544
leaf_weight=281.41989726910924 715.14713533027862 30.608518352410101 950.16319360660054
leaf_count=7966 21805 6272 22634
internal_value=0.000107507 0.00289525 -0.00152907
internal_weight=1977.34 745.756 1231.58
internal_count=58677 28077 30600
cat_boundaries=0 1
cat_threshold=266759
is_linear=0
shrinkage=0.0321881


Tree=744
num_leaves=4
num_cat=0
split_feature=5 7 4
split_gain=8.56567 11.5293 11.2437
threshold=5.9282675873714767 23019.147265529198 649.64818858448655
decision_type=2 2 2
left_child=1 -1 -3
right_child=-2 2 -4
leaf_value=0.00050381867010191597 0.017214017548036045 0.00022377650829496986 -0.031926262431929878
leaf_weight=1905.895780329166 30.811119228543248 14.941729243586449 22.464592700804133
leaf_count=56483 690 483 889
internal_value=0.000423999 0.000122954 -0.0174715
internal_weight=1974.11 1943.3 37.4063
internal_count=58545 57855 1372
is_linear=0
shrinkage=0.0321881


Tree=745
num_leaves=4
num_cat=0
split_feature=5 39 39
split_gain=10.2797 13.7817 50.8541
threshold=5.9282675873714767 0.94095971079533836 0.16029280780750715
decision_type=2 2 2
left_child=1 2 -1
right_child=-2 -3 -4
leaf_value=-0.00011455377001448054 0.017948959813217015 -0.0060949431367287111 0.032748337324944095
leaf_weight=1541.8828308798711 32.02227589807444 357.72507602238329 50.030808287541731
leaf_count=49739 703 7173 893
internal_value=-3.50748e-05 -0.000365268 0.00088298
internal_weight=1981.66 1949.64 1591.91
internal_count=58508 57805 50632
is_linear=0
shrinkage=0.0321881


Tree=746
num_leaves=4
num_cat=0
split_feature=25 16 36
split_gain=9.14008 14.3076 11.1787
threshold=3.6692644224035202 240.28300269830928 0.94887729365143725
decision_type=2 10 2
left_child=1 -1 -2
right_child=2 -3 -4
leaf_value=0.0014042449167667738 0 -0.022461979966370945 -0.01306552621683549
leaf_weight=1687.0831898668948 170.91957354767692 25.96075078722788 113.08337699172534
leaf_count=41704 11156 658 5286
internal_value=8.41894e-05 0.00100233 -0.00522594
internal_weight=1997.05 1713.04 284.003
internal_count=58804 42362 16442
is_linear=0
shrinkage=0.0321881


Tree=747
num_leaves=4
num_cat=0
split_feature=11 12 3
split_gain=6.99771 30.7027 29.0157
threshold=27.7460316976216 30.7141969967061 201.72789947349898
decision_type=8 8 2
left_child=-1 2 -2
right_child=1 -3 -4
leaf_value=0.00052493495597731555 0.029538164656797851 -0.0098539150750755096 -0.012346993800062076
leaf_weight=1649.7537632712574 45.433260887333745 259.23843822817798 24.685008965344423
leaf_count=45687 3700 7720 1439
internal_value=-0.000295913 -0.00459822 0.0138953
internal_weight=1979.11 329.357 70.1183
internal_count=58546 12859 5139
is_linear=0
shrinkage=0.0321881


Tree=748
num_leaves=4
num_cat=0
split_feature=14 17 4
split_gain=8.66484 15.5479 22.2784
threshold=309.20028423344888 2.9230713191362989 1342.5446945428155
decision_type=10 8 2
left_child=1 2 -1
right_child=-2 -3 -4
leaf_value=-0.00033633259593461416 0.0021618830977969032 -0.0054422057252014981 0.02154220134508656
leaf_weight=264.70228559939278 1096.0835854103316 553.22414703823142 57.347677927376935
leaf_count=4589 16626 36522 859
internal_value=0.000226094 -0.00212522 0.00337494
internal_weight=1971.36 875.274 322.05
internal_count=58596 41970 5448
is_linear=0
shrinkage=0.0321881


Tree=749
num_leaves=4
num_cat=1
split_feature=0 42 4
split_gain=8.06695 16.0072 27.4612
threshold=1401.5049392788585 0 685.17900092449952
decision_type=2 9 2
left_child=1 2 -1
right_child=-2 -3 -4
leaf_value=0 -0.0065361918931845639 0 0.036376601407810717
leaf_weight=44.684807644727698 173.55164821550716 1734.5687997209952 36.14101805163773
leaf_count=773 3487 53911 588
internal_value=5.33655e-05 0.000719178 0.0138721
internal_weight=1988.95 1815.39 80.8258
internal_count=58759 55272 1361
cat_boundaries=0 1
cat_threshold=147988
is_linear=0
shrinkage=0.0321881


Tree=750
num_leaves=4
num_cat=0
split_feature=23 35 33
split_gain=6.44738 6.58477 6.88241
threshold=-1.849638752278062 -0.0030940814505074463 -0.41258435824375178
decision_type=2 2 2
left_child=-1 -2 -3
right_child=1 2 -4
leaf_value=-0.009560164060904125 -0.004423646000431887 0 0.0044338860657869728
leaf_weight=64.742256545183409 202.6859295647082 1192.8376428031388 531.36850819578467
leaf_count=3716 6091 31893 17051
internal_value=0.000345851 0.000712872 0.0013876
internal_weight=1991.63 1926.89 1724.21
internal_count=58751 55035 48944
is_linear=0
shrinkage=0.0321881


Tree=751
num_leaves=4
num_cat=0
split_feature=32 25 22
split_gain=8.05973 26.4558 30.788
threshold=-0.74485116957580033 16.901950998879482 295.34570010350234
decision_type=2 2 2
left_child=1 2 -1
right_child=-2 -3 -4
leaf_value=-0.0080756905599859864 -0.0024648419303508022 0.037616658562341546 0.0052440194075070706
leaf_weight=270.18518431371194 1148.7045874414871 20.527441552834716 531.73365137264409
leaf_count=6190 40793 1249 10364
internal_value=-0.000700704 0.00168583 0.000675835
internal_weight=1971.15 822.446 801.919
internal_count=58596 17803 16554
is_linear=0
shrinkage=0.0321881


Tree=752
num_leaves=4
num_cat=0
split_feature=11 12 10
split_gain=8.37967 33.8934 32.2501
threshold=27.616871639409315 30.521279168580445 13168.412130736357
decision_type=8 8 2
left_child=-1 -2 -3
right_child=1 2 -4
leaf_value=0.0014627347399714435 0.016507520342034263 -0.015502762532276823 0.0097970580103071726
leaf_weight=1638.6642560430919 64.645668293053859 208.23904604446398 66.211226003588308
leaf_count=45338 5058 6251 1912
internal_value=0.000480822 -0.00407423 -0.00916411
internal_weight=1977.76 339.096 274.45
internal_count=58559 13221 8163
is_linear=0
shrinkage=0.0321881


Tree=753
num_leaves=4
num_cat=1
split_feature=39 39 44
split_gain=6.85423 40.0165 35.3607
threshold=0.94095971079533836 0.091303589551551087 0
decision_type=2 2 9
left_child=1 2 -1
right_child=-2 -3 -4
leaf_value=-0.02085162385962027 -0.0035027632704770287 0.02693907177097762 0.0014675723057097341
leaf_weight=67.061118722505853 361.97088466040441 60.871362165606115 1470.3333720293867
leaf_count=20432 7401 1134 29351
internal_value=0.000446236 0.00138083 0.000323459
internal_weight=1960.24 1598.27 1537.39
internal_count=58318 50917 49783
cat_boundaries=0 1
cat_threshold=1852672
is_linear=0
shrinkage=0.0321881


Tree=754
num_leaves=4
num_cat=0
split_feature=32 10 28
split_gain=7.94154 22.3659 13.8357
threshold=0.69414579585900704 7889.5692217050737 0.22225147126780956
decision_type=2 2 2
left_child=-1 2 -2
right_child=1 -3 -4
leaf_value=0.00022643539388215238 -0.02374507795344449 -0.030912331777894181 0.02812035656702291
leaf_weight=1926.2339065935412 6.6445395264399876 30.245034738654795 15.749645799871358
leaf_count=53042 1271 3842 351
internal_value=-7.89283e-05 -0.0124087 0.00982955
internal_weight=1978.87 52.6392 22.3942
internal_count=58506 5464 1622
is_linear=0
shrinkage=0.0321881


Tree=755
num_leaves=4
num_cat=0
split_feature=10 39 32
split_gain=8.33752 38.2897 29.3371
threshold=8194.7033007469381 0.91925617272353211 0.71304631132392216
decision_type=2 2 2
left_child=1 -1 -2
right_child=2 -3 -4
leaf_value=-7.5396036297037283e-05 0.0015531097392489095 -0.022577302460191986 -0.031907005912693499
leaf_weight=511.69679870044274 1361.8011145178452 93.548531924447161 27.361846281755788
leaf_count=15702 37538 1959 3578
internal_value=-0.00049378 -0.00366603 0.000842886
internal_weight=1994.41 605.245 1389.16
internal_count=58777 17661 41116
is_linear=0
shrinkage=0.0321881


Tree=756
num_leaves=4
num_cat=0
split_feature=31 20 10
split_gain=7.91281 23.8306 28.9021
threshold=-0.78813266157992856 281.38290601265311 10309.508966429605
decision_type=2 2 2
left_child=1 2 -1
right_child=-2 -3 -4
leaf_value=0.0014512073307258266 0.0014824644969895966 0.025128245810882181 -0.011819449236674367
leaf_weight=395.0576744769096 1255.086351406555 29.557043417240493 289.17352897759793
leaf_count=15858 26234 487 16092
internal_value=-2.35104e-05 -0.00276035 -0.0040664
internal_weight=1968.87 713.788 684.231
internal_count=58671 32437 31950
is_linear=0
shrinkage=0.0321881


Tree=757
num_leaves=4
num_cat=2
split_feature=42 44 10
split_gain=7.45316 18.1685 25.7982
threshold=0 1 7616.7723624827768
decision_type=9 9 2
left_child=-1 2 -2
right_child=1 -3 -4
leaf_value=0.00084105496440676911 0.043069701600900172 -0.013179514160906883 -0.010214839183636949
leaf_weight=1837.6003940067549 16.884688970054412 107.53077313732683 17.710310822672909
leaf_count=55997 246 1828 521
internal_value=0.000248698 -0.00655033 0.0109387
internal_weight=1979.73 142.126 34.595
internal_count=58592 2595 767
cat_boundaries=0 1 2
cat_threshold=393798 262724
is_linear=0
shrinkage=0.0321881


Tree=758
num_leaves=4
num_cat=0
split_feature=40 18 7
split_gain=8.6666 9.46323 9.34835
threshold=1.0274466701617269 43.957456345227492 27470.741187523894
decision_type=2 2 2
left_child=2 -2 -1
right_child=1 -3 -4
leaf_value=0.00059210778175096304 -0.013599111781954949 0.0050508617422914031 -0.018215284133548545
leaf_weight=1823.9059787534352 96.587862315966049 33.675578005189891 27.453682684197702
leaf_count=54530 2397 612 1107
internal_value=-0.000255343 -0.00828925 0.00027652
internal_weight=1981.62 130.263 1851.36
internal_count=58646 3009 55637
is_linear=0
shrinkage=0.0321881


Tree=759
num_leaves=4
num_cat=1
split_feature=32 33 44
split_gain=10.7135 32.2143 30.0396
threshold=-0.30370577225556472 -0.68135035830459845 0
decision_type=2 2 9
left_child=1 -1 -2
right_child=2 -3 -4
leaf_value=-0.010131059921375873 0.0043754988870392669 0.0013340821175723569 -0.025663047935503242
leaf_weight=353.5121887323794 724.02190977601822 876.38763937884869 25.712272002747341
leaf_count=10098 21907 20512 6149
internal_value=-3.05522e-05 -0.0019109 0.00296877
internal_weight=1979.63 1229.9 749.734
internal_count=58666 30610 28056
cat_boundaries=0 1
cat_threshold=266775
is_linear=0
shrinkage=0.0321881


Tree=760
num_leaves=4
num_cat=2
split_feature=42 44 16
split_gain=7.63367 16.0928 13.1063
threshold=0 1 162.53013714159383
decision_type=9 9 8
left_child=1 -1 -3
right_child=-2 2 -4
leaf_value=0.025313799450579252 -0.00060545884032695181 0.0074703063234764422 -0.016949490322406391
leaf_weight=27.875046679999286 1822.8920319133995 81.676661099756529 31.126905551645905
leaf_count=969 55599 1461 644
internal_value=-5.66587e-07 0.00692492 0.000135117
internal_weight=1963.57 140.679 112.804
internal_count=58673 3074 2105
cat_boundaries=0 1 2
cat_threshold=393812 262724
is_linear=0
shrinkage=0.0321881


Tree=761
num_leaves=4
num_cat=0
split_feature=36 22 1
split_gain=6.91213 23.3421 23.1477
threshold=0.88315754986673267 470.08647562954854 14.259469750710769
decision_type=2 2 2
left_child=1 2 -1
right_child=-2 -3 -4
leaf_value=-0.015897135588048054 -0.0010890294850541135 0.041035060844394004 0.0067669764723229013
leaf_weight=58.350221515403973 1682.0592359967222 16.765294985845685 218.88365244795568
leaf_count=9620 43153 377 5392
internal_value=-0.00026275 0.00424524 0.00175774
internal_weight=1976.06 293.999 277.234
internal_count=58542 15389 15012
is_linear=0
shrinkage=0.0321881


Tree=762
num_leaves=4
num_cat=0
split_feature=34 8 16
split_gain=7.57777 8.32559 18.7296
threshold=-0.030431847656926372 569.41109161104748 172.4514973262462
decision_type=2 2 10
left_child=-1 2 -2
right_child=1 -3 -4
leaf_value=-0.0070429328358766535 -0.0048978832657456377 0.0025470399828713421 0.0050812429450086422
leaf_weight=154.2494002248477 630.22861005962295 924.43523297966203 276.9795740947593
leaf_count=4610 32360 16763 4851
internal_value=-0.000175471 0.00036893 -0.00178044
internal_weight=1985.89 1831.64 907.208
internal_count=58584 53974 37211
is_linear=0
shrinkage=0.0321881


Tree=763
num_leaves=4
num_cat=0
split_feature=31 14 29
split_gain=6.72343 12.6958 8.9789
threshold=0.48561012291674893 382.93046105068066 10.50746068591665
decision_type=2 8 2
left_child=2 -2 -1
right_child=1 -3 -4
leaf_value=0.0009207385667519269 -0.019852501715429533 0.00074854380358803916 -0.019045426024959223
leaf_weight=1818.6736608367337 48.920270152406374 69.092952907842118 23.189560116501525
leaf_count=53021 941 1144 3363
internal_value=0.000122892 -0.00727529 0.000632365
internal_weight=1959.88 118.013 1841.86
internal_count=58469 2085 56384
is_linear=0
shrinkage=0.0321881


Tree=764
num_leaves=4
num_cat=0
split_feature=30 5 10
split_gain=7.26498 29.7867 32.9699
threshold=0.83277337736880497 2.2581536040923682 7783.2294589021849
decision_type=2 2 2
left_child=-1 -2 -3
right_child=1 2 -4
leaf_value=0.0013428560277261815 -0.0099456680198597176 -0.024229963036299956 0.018059058353760947
leaf_weight=1605.6369434911185 254.72791690771555 22.558616138991056 95.813346907525556
leaf_count=51323 5415 485 1446
internal_value=0.000373532 -0.00362556 0.00943056
internal_weight=1978.74 373.1 118.372
internal_count=58669 7346 1931
is_linear=0
shrinkage=0.0321881


Tree=765
num_leaves=4
num_cat=0
split_feature=10 33 16
split_gain=7.57271 35.3383 24.6778
threshold=12150.169173648545 0.37730448661498578 215.31201735314903
decision_type=2 2 8
left_child=1 -1 -2
right_child=2 -3 -4
leaf_value=0.0015396805339290439 -0.0060608877850275569 -0.031458219694125468 0.018535154785850144
leaf_weight=1419.0186178162367 474.660363440521 34.113776662625241 45.186601254914422
leaf_count=35447 16654 5491 1173
internal_value=-0.000439935 0.000716193 -0.00379299
internal_weight=1972.98 1453.13 519.847
internal_count=58765 40938 17827
is_linear=0
shrinkage=0.0321881


Tree=766
num_leaves=4
num_cat=0
split_feature=8 10 23
split_gain=7.79732 8.54065 8.47443
threshold=1.0000000180025095e-35 13843.792535320275 -1.7557377610402463
decision_type=2 2 2
left_child=1 -1 -2
right_child=2 -3 -4
leaf_value=-0.010077974111238498 -0.010897431242647821 0.0078076417166568855 0.0010209754126267441
leaf_weight=142.5905942486288 63.293001321047996 30.067827081649739 1737.1858809695141
leaf_count=7095 3384 1449 46740
internal_value=-2.91671e-05 -0.00658844 0.000565253
internal_weight=1973.14 172.658 1800.48
internal_count=58668 8544 50124
is_linear=0
shrinkage=0.0321881


Tree=767
num_leaves=4
num_cat=1
split_feature=10 9 43
split_gain=7.12475 6.76493 8.46457
threshold=1842.891058164804 23.559530875699622 0
decision_type=2 10 9
left_child=-1 2 -2
right_child=1 -3 -4
leaf_value=-0.022387445844068769 0.0059637932406151929 -0.021640037162459227 -0.00052559967266184936
leaf_weight=14.532359360994631 225.81565479903293 14.519337108322359 1708.2994871052033
leaf_count=932 9600 449 47374
internal_value=-0.00010653 2.96546e-05 0.000227887
internal_weight=1963.17 1948.63 1934.12
internal_count=58355 57423 56974
cat_boundaries=0 1
cat_threshold=16
is_linear=0
shrinkage=0.0321881


Tree=768
num_leaves=4
num_cat=0
split_feature=8 32 33
split_gain=8.08415 12.6505 16.0934
threshold=211.70378344148267 -0.21454618671537171 -0.65592723791682195
decision_type=2 2 2
left_child=1 2 -1
right_child=-2 -3 -4
leaf_value=-0.017620509887074382 0.00084346880925134594 0.0028583526163491729 -0.0020907084944902653
leaf_weight=112.3973807244347 1477.6891402858419 172.71109284009162 209.0208571078183
leaf_count=5281 34863 10521 7830
internal_value=-0.000313149 -0.00389959 -0.00772835
internal_weight=1971.82 494.129 321.418
internal_count=58495 23632 13111
is_linear=0
shrinkage=0.0321881


Tree=769
num_leaves=4
num_cat=0
split_feature=39 39 10
split_gain=8.50161 46.7803 38.4678
threshold=0.94095971079533836 0.091303589551551087 7728.4001516052458
decision_type=2 2 2
left_child=1 -1 -2
right_child=2 -3 -4
leaf_value=-0.00014617913212299811 -0.024665943891717917 0.028157619998872362 0.00068738644227095283
leaf_weight=1548.9403919992237 77.306663958348508 62.562298650344019 287.88188117591199
leaf_count=49984 1675 1153 5746
internal_value=-5.51988e-05 0.0009171 -0.00451787
internal_weight=1976.69 1611.5 365.189
internal_count=58558 51137 7421
is_linear=0
shrinkage=0.0321881


Tree=770
num_leaves=4
num_cat=0
split_feature=22 38 38
split_gain=9.43553 8.71661 9.93434
threshold=869.11161440286025 -0.033476300735101695 0.9397638200510483
decision_type=2 2 2
left_child=1 -1 -3
right_child=-2 2 -4
leaf_value=-0.0074853703799432009 0.015092780233408324 0.0010147449598897217 -0.0066035811355504735
leaf_weight=170.10506558300858 40.580794977286132 1555.9475858564547 199.55146128179331
leaf_count=5322 683 48511 4072
internal_value=-0.000170622 -0.000527178 0.000111701
internal_weight=1966.18 1925.6 1755.5
internal_count=58588 57905 52583
is_linear=0
shrinkage=0.0321881


Tree=771
num_leaves=4
num_cat=0
split_feature=38 38 1
split_gain=8.39957 46.7092 21.3908
threshold=0.9586772049349751 0.10213342004371834 11.639847752412917
decision_type=2 2 2
left_child=1 2 -1
right_child=-2 -3 -4
leaf_value=-0.0083457954722046881 -0.0055900584164058874 0.031573709232649724 0.001794231843068283
leaf_weight=251.8118541923659 208.62715255683725 50.7850130469742 1470.9763036842196
leaf_count=31391 4178 912 22183
internal_value=0.00046198 0.00121045 0.000274202
internal_weight=1982.2 1773.57 1722.79
internal_count=58664 54486 53574
is_linear=0
shrinkage=0.0321881


Tree=772
num_leaves=4
num_cat=0
split_feature=35 16 25
split_gain=8.96164 9.2026 6.35071
threshold=-0.002709530589394766 159.94993519066824 3.3046481984684628
decision_type=2 10 2
left_child=1 -1 -2
right_child=2 -3 -4
leaf_value=-0.0091927580672769623 0.0018727010809276993 0.0032686504415507483 -0.0034582585200194599
leaf_weight=193.12660210290778 1417.5710215017752 80.610709673637757 270.11023344001114
leaf_count=7093 35188 1402 15009
internal_value=7.30123e-05 -0.00529096 0.00098139
internal_weight=1961.42 273.737 1687.68
internal_count=58692 8495 50197
is_linear=0
shrinkage=0.0321881


Tree=773
num_leaves=4
num_cat=1
split_feature=35 10 44
split_gain=6.67708 7.70945 39.3945
threshold=-0.002709530589394766 8291.1692813460231 0
decision_type=2 2 9
left_child=-1 2 -2
right_child=1 -3 -4
leaf_value=-0.004642302222365855 0.011670723935670171 0.0023258546637404684 -0.0075877579063760225
leaf_weight=266.79936323923721 140.25449831050355 1163.3979622473998 392.36393341238636
leaf_count=8359 2123 34689 13335
internal_value=5.32819e-05 0.000830036 -0.00231733
internal_weight=1962.82 1696.02 532.618
internal_count=58506 50147 15458
cat_boundaries=0 1
cat_threshold=580
is_linear=0
shrinkage=0.0321881


Tree=774
num_leaves=4
num_cat=0
split_feature=33 21 32
split_gain=7.42751 20.2062 19.17
threshold=-0.46368607740685081 44.726046318290294 -0.37941825886743025
decision_type=2 2 2
left_child=1 -1 -3
right_child=-2 2 -4
leaf_value=-0.027967470784270254 0.0028655271260531823 -0.0053682835223428623 0.0027080663807401862
leaf_weight=28.573122450255141 693.53549867801848 518.83141235985386 729.28522219829756
leaf_count=3726 22912 12915 18878
internal_value=0.000156143 -0.00126605 -0.000598563
internal_weight=1970.23 1276.69 1248.12
internal_count=58431 35519 31793
is_linear=0
shrinkage=0.0321881


Tree=775
num_leaves=4
num_cat=0
split_feature=21 40 7
split_gain=7.66833 20.1954 35.0752
threshold=271.93020559069799 0.94321851743039442 4818.4830131142226
decision_type=2 2 2
left_child=1 -1 -3
right_child=-2 2 -4
leaf_value=0.00017493247265949638 0.0037420458900487784 -0.020178388863169763 0.001273963532801414
leaf_weight=1363.0289823145495 410.20328728885215 142.07260783582751 62.119148139143363
leaf_count=44581 9407 3454 1209
internal_value=-0.000137613 -0.00119412 -0.010634
internal_weight=1977.42 1567.22 204.192
internal_count=58651 49244 4663
is_linear=0
shrinkage=0.0321881


Tree=776
num_leaves=4
num_cat=1
split_feature=14 44 10
split_gain=7.59403 27.9586 27.7876
threshold=468.6115946924719 0 13422.852832672826
decision_type=10 9 2
left_child=-1 2 -2
right_child=1 -3 -4
leaf_value=-0.0012041730053681437 0.0023839138504609114 -0.019125769012532028 0.026264525553525989
leaf_weight=1593.6344857163494 256.19973830564413 37.155146631754178 65.219870971166529
leaf_count=52893 3787 924 937
internal_value=-0.000221004 0.00396895 0.00721894
internal_weight=1952.21 358.575 321.42
internal_count=58541 5648 4724
cat_boundaries=0 1
cat_threshold=7
is_linear=0
shrinkage=0.0321881


Tree=777
num_leaves=4
num_cat=1
split_feature=18 5 44
split_gain=6.39479 20.0528 18.6097
threshold=27.78070433775542 3.2530132664856355 0
decision_type=2 2 9
left_child=-1 2 -2
right_child=1 -3 -4
leaf_value=-0.00060422358667220548 0.020339909384693065 0.020126647717472995 0.0016928738926282147
leaf_weight=1580.0099816914544 46.343866538998554 67.58261757841683 274.86071501068363
leaf_count=50687 2021 954 5059
internal_value=0.000271036 0.00398997 0.00169287
internal_weight=1968.8 388.787 321.205
internal_count=58721 8034 7080
cat_boundaries=0 1
cat_threshold=270336
is_linear=0
shrinkage=0.0321881


Tree=778
num_leaves=4
num_cat=0
split_feature=29 3 25
split_gain=7.73148 11.6245 9.10074
threshold=10.735964421068987 271.4864907830239 16.901950998879482
decision_type=2 2 2
left_child=2 -2 -1
right_child=1 -3 -4
leaf_value=-7.6479579204072586e-05 -0.032895780757312594 0.017300063232770783 0.019129366019009362
leaf_weight=1918.1558547713357 16.916294970595121 4.6179155880363387 25.613044773343063
leaf_count=51229 3088 165 4367
internal_value=-3.50083e-05 -0.0191348 0.000146133
internal_weight=1965.3 21.5342 1943.77
internal_count=58849 3253 55596
is_linear=0
shrinkage=0.0321881


Tree=779
num_leaves=4
num_cat=1
split_feature=10 10 44
split_gain=8.81133 8.28362 45.1342
threshold=1842.891058164804 10309.508966429605 0
decision_type=2 2 9
left_child=-1 -2 -3
right_child=1 2 -4
leaf_value=-0.025065075065482018 0.0019730089305149833 0.00085170136941325602 -0.018456450693194303
leaf_weight=14.369441561899292 1053.0242691353706 769.67873487116412 138.53901379431591
leaf_count=948 28582 21291 7856
internal_value=-0.000154842 0 -0.00222128
internal_weight=1975.61 1961.24 908.218
internal_count=58677 57729 29147
cat_boundaries=0 1
cat_threshold=394243
is_linear=0
shrinkage=0.0321881


Tree=780
num_leaves=4
num_cat=0
split_feature=5 11 15
split_gain=7.19952 13.1708 9.51281
threshold=0.90238578023861371 11.815515230215139 1.0994317268908775
decision_type=2 10 10
left_child=1 -1 -3
right_child=-2 2 -4
leaf_value=0.013699901527444318 0.00082502876729730924 -0.012497612313399825 0.0030204786402024085
leaf_weight=30.24100531291333 1736.0621249163833 151.08695067563531 47.777392725041864
leaf_count=693 51255 3147 3548
internal_value=8.52618e-05 -0.00523771 -0.00845031
internal_weight=1965.17 229.105 198.864
internal_count=58643 7388 6695
is_linear=0
shrinkage=0.0321881


Tree=781
num_leaves=4
num_cat=0
split_feature=22 38 38
split_gain=7.69877 8.05327 24.8059
threshold=927.2245372963456 0.9397638200510483 0.070232736019946437
decision_type=2 2 2
left_child=1 2 -1
right_child=-2 -3 -4
leaf_value=-0.00032976324686660589 0.017073128941682666 -0.0061631765658369834 0.0085203128021910501
leaf_weight=1688.4219893022764 27.327496131125372 200.70659433885157 45.103075236404038
leaf_count=52986 451 4139 913
internal_value=0.000175371 -3.25033e-05 0.000641311
internal_weight=1961.56 1934.23 1733.53
internal_count=58489 58038 53899
is_linear=0
shrinkage=0.0321881


Tree=782
num_leaves=4
num_cat=1
split_feature=3 23 44
split_gain=6.74325 19.1326 14.1971
threshold=88.755895321842729 26.671676777812419 0
decision_type=2 2 9
left_child=1 -1 -2
right_child=2 -3 -4
leaf_value=-0.015964698529956689 -0.020009862042569035 0.005805894577693693 0.0010357438932743609
leaf_weight=92.960239856563931 23.435214469733182 70.221085244571441 1768.8284327570764
leaf_count=2355 7657 912 47636
internal_value=1.34959e-05 -0.00621167 0.000616562
internal_weight=1955.44 163.181 1792.26
internal_count=58560 3267 55293
cat_boundaries=0 1
cat_threshold=1574160
is_linear=0
shrinkage=0.0321881


Tree=783
num_leaves=4
num_cat=0
split_feature=5 40 4
split_gain=7.30817 21.355 9.23882
threshold=5.7325148638003229 0.73561911766930344 777.4047286547094
decision_type=2 2 2
left_child=2 -2 -1
right_child=1 -3 -4
leaf_value=-0.0025260330658809036 -0.0096869882176893879 0.034521760261048466 0.0019357744901668458
leaf_weight=1024.6317089855529 18.768111902776582 22.925681795692071 895.87466820073405
leaf_count=26436 603 319 31366
internal_value=-8.91623e-05 0.0131603 -0.000411554
internal_weight=1962.2 41.6938 1920.51
internal_count=58724 922 57802
is_linear=0
shrinkage=0.0321881


Tree=784
num_leaves=4
num_cat=0
split_feature=7 4 33
split_gain=7.47498 25.7327 20.3274
threshold=18038.316442328625 884.25677388813199 -0.55494902473178642
decision_type=2 2 2
left_child=-1 2 -2
right_child=1 -3 -4
leaf_value=0.00064095377737300645 -0.016109260390033412 -0.035949664435128106 0.030182428092037077
leaf_weight=1915.0377643593683 19.219480609343009 25.189107780255654 18.308905779311317
leaf_count=56908 472 926 439
internal_value=0.000250851 -0.0106065 0.0048361
internal_weight=1977.76 62.7175 37.5284
internal_count=58745 1837 911
is_linear=0
shrinkage=0.0321881


Tree=785
num_leaves=4
num_cat=0
split_feature=12 14 10
split_gain=7.26982 21.636 18.288
threshold=38.941646933058102 376.77114354574883 10803.797373315223
decision_type=10 10 2
left_child=-1 -2 -3
right_child=1 2 -4
leaf_value=0.00081847489334484712 -0.022151873434356973 0.011298064364954903 -0.015834749759285938
leaf_weight=1784.2302891571153 57.918851959355379 74.948688550866791 38.165710100161959
leaf_count=50550 6082 1108 728
internal_value=0.000178953 -0.00611259 0.00156736
internal_weight=1955.26 171.033 113.114
internal_count=58468 7918 1836
is_linear=0
shrinkage=0.0321881


Tree=786
num_leaves=4
num_cat=1
split_feature=39 39 44
split_gain=7.69821 54.6493 39.6379
threshold=0.91925617272353211 0.16029280780750715 0
decision_type=2 2 9
left_child=1 -1 -2
right_child=2 -3 -4
leaf_value=0.00026780788273088747 0.01523603404975314 0.039496075942288517 -0.0092766122849865188
leaf_weight=1567.5748344557078 77.149240948470833 37.546777434588876 296.91711100280372
leaf_count=50539 2843 726 4799
internal_value=0.000231353 0.0012308 -0.00388518
internal_weight=1979.19 1605.12 374.066
internal_count=58907 51265 7642
cat_boundaries=0 1
cat_threshold=267264
is_linear=0
shrinkage=0.0321881


Tree=787
num_leaves=4
num_cat=1
split_feature=10 44 5
split_gain=7.87447 37.3435 42.9701
threshold=8291.1692813460231 0 2.1053264369518412
decision_type=2 9 2
left_child=1 2 -1
right_child=-2 -3 -4
leaf_value=0.0012704964515136109 0.0016332156679588466 -0.0074208130478580917 0.04176137484623859
leaf_weight=125.29623137036106 1336.5388083365215 461.09152639725653 35.779112487449311
leaf_count=2001 40493 15659 441
internal_value=0.00021076 -0.00274208 0.0100825
internal_weight=1958.71 622.167 161.075
internal_count=58594 18101 2442
cat_boundaries=0 1
cat_threshold=580
is_linear=0
shrinkage=0.0321881


Tree=788
num_leaves=4
num_cat=0
split_feature=35 10 24
split_gain=6.42309 6.90129 30.6601
threshold=-0.0048565390338032111 11631.531159539465 29.651446320503705
decision_type=2 2 2
left_child=-1 2 -2
right_child=1 -3 -4
leaf_value=-0.011387344128695463 -0.021477927527573618 -0.0029184144688529355 0.0023350528018391591
leaf_weight=53.401364659430328 58.096949608888281 608.04500903966346 1252.700264777588
leaf_count=1641 8498 20495 28062
internal_value=-0.000393883 -5.33776e-05 0.00122734
internal_weight=1972.24 1918.84 1310.8
internal_count=58696 57055 36560
is_linear=0
shrinkage=0.0321881


Tree=789
num_leaves=4
num_cat=0
split_feature=31 13 12
split_gain=6.64159 9.27404 21.3149
threshold=-0.9637449377417574 36.559510333073597 30.521279168580445
decision_type=2 8 8
left_child=-1 -2 -3
right_child=1 2 -4
leaf_value=-0.0047743034798148152 0.0020278255670693633 0.014242760919062791 -0.0074506642722627541
leaf_weight=253.16966901741944 1365.206105181227 54.222882994751672 290.52338346622128
leaf_count=13612 27482 5117 12434
internal_value=5.33003e-05 0.000805865 -0.00384658
internal_weight=1963.12 1709.95 344.746
internal_count=58645 45033 17551
is_linear=0
shrinkage=0.0321881


Tree=790
num_leaves=4
num_cat=0
split_feature=9 36 22
split_gain=8.32551 7.66233 19.426
threshold=23.559530875699622 0.81528568745293051 457.13264603172314
decision_type=10 2 2
left_child=1 2 -1
right_child=-2 -3 -4
leaf_value=0.0033933675605123752 -0.023503996587021174 -5.6558314010659071e-05 0.041945324334531797
leaf_weight=264.43418711855975 14.445185374905121 1672.9734622030846 14.570347254863007
leaf_count=14766 456 43093 323
internal_value=0.000516514 0.00072973 0.00566863
internal_weight=1966.42 1951.98 279.005
internal_count=58638 58182 15089
is_linear=0
shrinkage=0.0321881


Tree=791
num_leaves=4
num_cat=0
split_feature=12 15 16
split_gain=7.66182 26.773 22.1561
threshold=35.154787267797374 1.159440205309495 161.64984156410901
decision_type=10 10 10
left_child=1 -1 -2
right_child=2 -3 -4
leaf_value=-0.0004442512662890758 -0.0041094400226257734 -0.020134422742749684 0.0086890541378170354
leaf_weight=1320.9283702465473 247.9320284183068 75.974138811237935 309.93954708048841
leaf_count=27729 12926 12925 5014
internal_value=-0.000260758 -0.00156397 0.00288763
internal_weight=1954.77 1396.9 557.872
internal_count=58594 40654 17940
is_linear=0
shrinkage=0.0321881


Tree=792
num_leaves=4
num_cat=0
split_feature=36 25 32
split_gain=9.29796 17.8901 13.9749
threshold=0.91762854793452242 4.2840564713091593 0.69414579585900704
decision_type=2 2 2
left_child=2 -2 -1
right_child=1 -3 -4
leaf_value=0.0080990131430616948 0 -0.015268069210608777 -0.0092537081205988168
leaf_weight=282.8707316318405 1543.1306417315354 83.310767039494749 54.557678788032717
leaf_count=11107 37331 4676 5508
internal_value=0.000214589 -0.000760431 0.00510016
internal_weight=1963.87 1626.44 337.428
internal_count=58622 42007 16615
is_linear=0
shrinkage=0.0321881


Tree=793
num_leaves=4
num_cat=1
split_feature=41 29 10
split_gain=7.18368 14.6465 16.068
threshold=0 7.0291403203608089 13265.988080742882
decision_type=9 2 2
left_child=-1 -2 -3
right_child=1 2 -4
leaf_value=0.0010992365591985835 -0.01116906354282614 0.003481697251231181 -0.014807106882727765
leaf_weight=1434.9672703282986 167.8564251925236 293.43275589146924 59.526652687758542
leaf_count=41914 7299 7595 1746
internal_value=-4.47788e-05 -0.00327633 0.000209089
internal_weight=1955.78 520.816 352.959
internal_count=58554 16640 9341
cat_boundaries=0 1
cat_threshold=2586
is_linear=0
shrinkage=0.0321881


Tree=794
num_leaves=4
num_cat=0
split_feature=26 2 38
split_gain=7.63202 21.094 12.8096
threshold=1.4308871045648688 19.067081094403402 0.9397638200510483
decision_type=2 2 2
left_child=2 -2 -1
right_child=1 -3 -4
leaf_value=0.00014229535588566717 0.029141004754510213 0.003795514446899005 -0.011247520063694696
leaf_weight=1738.1256760048636 36.304588032478932 77.739866168732988 107.90255213037744
leaf_count=54329 1265 728 2448
internal_value=0 0.00808134 -0.000490313
internal_weight=1960.07 114.044 1846.03
internal_count=58770 1993 56777
is_linear=0
shrinkage=0.0321881


Tree=795
num_leaves=4
num_cat=0
split_feature=14 25 32
split_gain=6.46184 9.93191 13.0204
threshold=179.07199230799992 15.077923895617454 -0.89867004827632135
decision_type=8 2 2
left_child=1 -1 -3
right_child=-2 2 -4
leaf_value=-0.0068229663822393571 0.00038510237107710601 0.06779823808752404 -0.0055674414500507842
leaf_weight=219.19264736837613 1739.5290051462425 4.1209857421108609 2.6557999574279156
leaf_count=11195 45813 162 1611
internal_value=-0.000246281 -0.0053836 0.0307486
internal_weight=1965.5 225.969 6.77679
internal_count=58781 12968 1773
is_linear=0
shrinkage=0.0321881


Tree=796
num_leaves=4
num_cat=1
split_feature=32 44 4
split_gain=8.83884 27.227 25.4978
threshold=-0.19658287625828794 0 571.97308095230153
decision_type=2 9 2
left_child=-1 2 -2
right_child=1 -3 -4
leaf_value=-0.0014381477071710742 -0.0030525795440765184 -0.024619537256837538 0.010309789729706965
leaf_weight=1323.0082318580098 241.14641993586702 24.024546718757847 359.74600861871295
leaf_count=33404 6928 5597 12408
internal_value=1.89419e-05 0.003205 0.00476301
internal_weight=1947.93 624.917 600.892
internal_count=58337 24933 19336
cat_boundaries=0 1
cat_threshold=266759
is_linear=0
shrinkage=0.0321881


Tree=797
num_leaves=4
num_cat=1
split_feature=42 32 10
split_gain=7.16161 12.8801 13.2138
threshold=0 -0.66455800086391958 8478.2067758064386
decision_type=9 2 2
left_child=-1 2 -2
right_child=1 -3 -4
leaf_value=0.00023629466441563908 0.01723478888504788 -0.018333429975940504 -0.009878568242460915
leaf_weight=1814.7269940629121 31.412038277558167 63.239704946839993 43.991758926749753
leaf_count=55832 395 1560 609
internal_value=-0.00028679 -0.00708755 0.000592988
internal_weight=1953.37 138.644 75.4038
internal_count=58396 2564 1004
cat_boundaries=0 1
cat_threshold=393758
is_linear=0
shrinkage=0.0321881


Tree=798
num_leaves=4
num_cat=0
split_feature=32 5 4
split_gain=8.94316 25.6078 25.6872
threshold=-0.14660254688184424 3.7107696305153692 476.3682810416189
decision_type=2 2 2
left_child=-1 2 -2
right_child=1 -3 -4
leaf_value=-0.00098627079849658746 -0.0041973559361031601 -0.014039721429766193 0.011262154527234487
leaf_weight=1382.8995304186064 155.58187951416858 70.922552823971273 351.24994039266676
leaf_count=35013 5626 2606 15403
internal_value=0.000382574 0.00376827 0.0063912
internal_weight=1960.65 577.754 506.832
internal_count=58648 23635 21029
is_linear=0
shrinkage=0.0321881


Tree=799
num_leaves=4
num_cat=1
split_feature=12 11 44
split_gain=10.7248 18.5593 24.8432
threshold=35.239886595286329 21.92925260135549 0
decision_type=10 10 9
left_child=-1 2 -2
right_child=1 -3 -4
leaf_value=-0.0017225894417054947 0.016429359810780048 0.0056066092202173394 -0.024380788370449848
leaf_weight=1400.176400852044 14.087932421592994 497.65599280747301 39.864558025761653
leaf_count=40712 257 13618 3850
internal_value=-0.00019417 0.00356915 -0.0139913
internal_weight=1951.78 551.608 53.9525
internal_count=58437 17725 4107
cat_boundaries=0 1
cat_threshold=66
is_linear=0
shrinkage=0.0321881


Tree=800
num_leaves=4
num_cat=0
split_feature=22 40 7
split_gain=6.90556 7.9183 11.3004
threshold=927.2245372963456 1.0274466701617269 5820.8858909402461
decision_type=2 2 2
left_child=1 -1 -3
right_child=-2 2 -4
leaf_value=0.00039706867994695973 0.015913216413293407 -0.013374293768967859 0.0079071025255410977
leaf_weight=1813.9224949870304 28.017979874246521 96.010544411830779 23.650631076481659
leaf_count=55267 464 2336 523
internal_value=9.91231e-05 -9.90114e-05 -0.00813615
internal_weight=1961.6 1933.58 119.661
internal_count=58590 58126 2859
is_linear=0
shrinkage=0.0321881


Tree=801
num_leaves=4
num_cat=0
split_feature=5 7 4
split_gain=8.16149 11.5486 10.6098
threshold=5.9282675873714767 23019.147265529198 1114.3784195590263
decision_type=2 2 2
left_child=1 -1 -3
right_child=-2 2 -4
leaf_value=0.00027990544692030263 0.016762269776769687 0 -0.036704769408570689
leaf_weight=1900.8844456441147 30.144846193237754 17.823805216394248 16.693852179212627
leaf_count=56584 691 741 644
internal_value=0.000203755 -2.32674e-05 -0.0184397
internal_weight=1965.55 1935.4 34.5177
internal_count=58660 57969 1385
is_linear=0
shrinkage=0.0321881


Tree=802
num_leaves=4
num_cat=0
split_feature=14 25 22
split_gain=7.52566 17.2863 27.0104
threshold=276.8885260629786 16.901950998879482 58.004405324578762
decision_type=10 2 2
left_child=1 -1 -3
right_child=-2 2 -4
leaf_value=-0.0033933106837877283 0.0016277947791708855 -0.020456470024833855 0.05857825038459049
leaf_weight=694.56424707261976 1239.3032228118718 5.6087507676802515 11.412467782382008
leaf_count=34470 19282 4578 376
internal_value=8.15775e-05 -0.00252149 0.0289212
internal_weight=1950.89 711.585 17.0212
internal_count=58706 39424 4954
is_linear=0
shrinkage=0.0321881


Tree=803
num_leaves=4
num_cat=0
split_feature=25 16 29
split_gain=8.16621 15.9749 10.1154
threshold=4.8609136943998781 253.31577107636375 10.50746068591665
decision_type=2 10 2
left_child=1 -1 -2
right_child=2 -3 -4
leaf_value=0.0012278354626480753 -0.0034974583768073962 -0.031453487856373447 -0.031796303710725615
leaf_weight=1756.8618087678697 169.09031400032927 15.28541030018823 15.091051076920847
leaf_count=44781 10463 456 3077
internal_value=0.000203686 0.000905843 -0.0061994
internal_weight=1956.33 1772.15 184.181
internal_count=58777 45237 13540
is_linear=0
shrinkage=0.0321881


Tree=804
num_leaves=4
num_cat=0
split_feature=36 22 1
split_gain=7.0864 18.4954 27.0841
threshold=0.81528568745293051 457.13264603172314 17.515274261138043
decision_type=2 2 2
left_child=1 2 -1
right_child=-2 -3 -4
leaf_value=-0.011348067003398682 -0.00060128243777427871 0.041453699721749893 0.010300376925516313
leaf_weight=88.881189234710291 1688.5261323621698 13.677938469452782 175.17819954313745
leaf_count=10654 43595 311 4265
internal_value=0.000149113 0.00493696 0.00276898
internal_weight=1966.26 277.737 264.059
internal_count=58825 15230 14919
is_linear=0
shrinkage=0.0321881


Tree=805
num_leaves=4
num_cat=1
split_feature=30 4 41
split_gain=6.76603 25.7223 15.8843
threshold=-0.91712797388717104 1018.810741485897 0
decision_type=2 2 9
left_child=1 -1 -3
right_child=-2 2 -4
leaf_value=-0.012569353098057783 0.00078714519412222627 -0.0017950338282947294 0.022130980217772912
leaf_weight=169.36864214449815 1672.201488666924 70.95741545819692 34.730358260201683
leaf_count=2938 53756 1026 699
internal_value=0 -0.00465833 0.00741782
internal_weight=1947.26 275.056 105.688
internal_count=58419 4663 1725
cat_boundaries=0 1
cat_threshold=2320
is_linear=0
shrinkage=0.0321881


Tree=806
num_leaves=4
num_cat=1
split_feature=42 32 32
split_gain=7.58293 17.4692 11.3605
threshold=0 -0.2644676987951296 -0.37073334934140806
decision_type=9 2 2
left_child=1 -1 -2
right_child=2 -3 -4
leaf_value=0 -0.0013418737027846943 -0.027589932982902046 0.0037749414814222913
leaf_weight=88.203631577409396 1068.9822701350913 33.324520842801576 764.35610425739469
leaf_count=1140 27645 878 28843
internal_value=0.000190197 -0.00722723 0.0007528
internal_weight=1954.87 121.528 1833.34
internal_count=58506 2018 56488
cat_boundaries=0 1
cat_threshold=1050144
is_linear=0
shrinkage=0.0321881


Tree=807
num_leaves=4
num_cat=0
split_feature=37 21 16
split_gain=8.8605 11.1678 17.1502
threshold=0.0048617103301593582 269.30773788945743 191.17377303381485
decision_type=2 2 8
left_child=-1 -2 -3
right_child=1 2 -4
leaf_value=0.0015375243425970585 -0.0051401752094285113 0.0001664750642661176 0.033997205505990176
leaf_weight=1235.5145035982287 564.05472476329578 147.66117265872163 17.673183967825025
leaf_count=36275 18758 3438 339
internal_value=-8.95425e-05 -0.00293254 0.00421093
internal_weight=1964.9 729.389 165.334
internal_count=58810 22535 3777
is_linear=0
shrinkage=0.0321881


Tree=808
num_leaves=4
num_cat=0
split_feature=16 1 8
split_gain=8.14178 9.93661 8.02095
threshold=42.349354535216342 23.827639258248841 606.36312437340587
decision_type=8 2 2
left_child=1 -1 -2
right_child=2 -3 -4
leaf_value=-0.023780888712094932 -0.0020315295788639878 0.0045362515008268703 0.0021436981615822067
leaf_weight=32.793555037573242 1000.2232922650182 15.526329796412027 909.68142466300742
leaf_count=3675 39617 206 15188
internal_value=-0.000373849 -0.0133925 -9.51805e-06
internal_weight=1958.22 48.3199 1909.9
internal_count=58686 3881 54805
is_linear=0
shrinkage=0.0321881


Tree=809
num_leaves=4
num_cat=0
split_feature=10 3 5
split_gain=7.24888 6.01193 15.5127
threshold=17534.030638826855 88.755895321842729 3.8138569935468856
decision_type=2 2 2
left_child=1 2 -1
right_child=-2 -3 -4
leaf_value=-0.013010274015535268 0.020367698691622388 0.00011544306150961104 0.0086880751603133129
leaf_weight=112.80541345767051 17.314490387383557 1796.9340613190598 45.12801287468028
leaf_count=2608 470 55183 598
internal_value=-0.000162513 -0.000379376 -0.00640376
internal_weight=1972.18 1954.87 157.933
internal_count=58859 58389 3206
is_linear=0
shrinkage=0.0321881


Tree=810
num_leaves=4
num_cat=0
split_feature=10 21 16
split_gain=6.98751 34.0345 29.389
threshold=12150.169173648545 35.643922902001144 225.06698926277781
decision_type=2 2 8
left_child=1 -1 -2
right_child=2 -3 -4
leaf_value=-0.019242958108435418 -0.0053557722122520874 0.002504226922897815 0.024213256855907559
leaf_weight=78.239226309448895 474.91052068868066 1365.0352001990104 36.811741829733364
leaf_count=9941 16756 30904 981
internal_value=0.000100976 0.00127823 -0.00309403
internal_weight=1955 1443.27 511.722
internal_count=58582 40845 17737
is_linear=0
shrinkage=0.0321881


Tree=811
num_leaves=4
num_cat=0
split_feature=16 1 32
split_gain=6.95019 16.0851 7.59627
threshold=47.174713699608063 23.203284081103416 -0.11156336504764071
decision_type=8 2 2
left_child=1 -1 -2
right_child=2 -3 -4
leaf_value=-0.022135441142613205 -0.00064910144640117266 0.009963843986522055 0.0038866371742449848
leaf_weight=42.724681016456998 1370.8125796080658 22.567123111977708 523.40647501638159
leaf_count=5389 32631 297 20493
internal_value=0.00018258 -0.0100729 0.000570912
internal_weight=1959.51 65.2918 1894.22
internal_count=58810 5686 53124
is_linear=0
shrinkage=0.0321881


Tree=812
num_leaves=4
num_cat=0
split_feature=31 11 29
split_gain=6.67045 10.7974 6.58294
threshold=0.48561012291674893 22.885657362415923 10.735964421068987
decision_type=2 8 2
left_child=2 -2 -1
right_child=1 -3 -4
leaf_value=0.0012131531651406681 -0.019014363061855506 0.00012428172240689224 -0.017909285148213602
leaf_weight=1809.2891234554854 46.13558763590845 70.976149491116303 18.253525508505845
leaf_count=53270 854 1244 3171
internal_value=0.000476887 -0.00689569 0.000985013
internal_weight=1944.65 117.112 1827.54
internal_count=58539 2098 56441
is_linear=0
shrinkage=0.0321881


Tree=813
num_leaves=4
num_cat=0
split_feature=10 33 18
split_gain=6.98357 30.6846 27.5174
threshold=12150.169173648545 0.35070079377959323 68.003462761029695
decision_type=2 2 2
left_child=1 -1 -2
right_child=2 -3 -4
leaf_value=0.0021008363506323092 -0.0047237045258894687 -0.02851451906165297 0.031031887763850907
leaf_weight=1415.9402052349469 495.83783277314615 34.321561154636584 22.778946669073775
leaf_count=35331 17381 5573 377
internal_value=0.000150809 0.00132785 -0.00301702
internal_weight=1968.88 1450.26 518.617
internal_count=58662 40904 17758
is_linear=0
shrinkage=0.0321881


Tree=814
num_leaves=4
num_cat=1
split_feature=39 44 39
split_gain=7.76628 35.9687 31.7777
threshold=0.94095971079533836 0 0.16029280780750715
decision_type=2 9 2
left_child=2 -2 -1
right_child=1 -3 -4
leaf_value=0.00046711980117415355 0.014446497633232436 -0.0091725513788225507 0.027145216170485265
leaf_weight=1543.3566897794326 75.496376146722469 285.45003743540292 47.698249904555269
leaf_count=50078 2769 4597 904
internal_value=0.000313635 -0.00390374 0.00131085
internal_weight=1952 360.946 1591.05
internal_count=58348 7366 50982
cat_boundaries=0 1
cat_threshold=267264
is_linear=0
shrinkage=0.0321881


Tree=815
num_leaves=4
num_cat=1
split_feature=33 32 44
split_gain=7.76528 22.6802 36.5584
threshold=-0.64948490480758614 -0.37941825886743025 0
decision_type=2 2 9
left_child=1 2 -1
right_child=-2 -3 -4
leaf_value=0.024756729274886851 0.0019422957322282068 0.00087933242620163012 -0.012421719670243057
leaf_weight=20.362876416978906 903.57226025951422 739.51111815133481 292.88340956104366
leaf_count=1315 28179 21010 7999
internal_value=-0.000209906 -0.00211763 -0.00939135
internal_weight=1956.33 1052.76 313.246
internal_count=58503 30324 9314
cat_boundaries=0 1
cat_threshold=144384
is_linear=0
shrinkage=0.0321881


Tree=816
num_leaves=4
num_cat=1
split_feature=30 5 41
split_gain=7.72825 25.6442 22.3631
threshold=0.68303932398956679 2.2581536040923682 0
decision_type=2 2 9
left_child=-1 -2 -3
right_child=1 2 -4
leaf_value=0.001164040280570082 -0.0082523481993104775 0.014467614496868293 -0.011284395286685961
leaf_weight=1456.3214703074664 355.09515749052116 110.44915557780587 39.341316339658079
leaf_count=47507 8313 1804 928
internal_value=0 -0.00345608 0.00748454
internal_weight=1961.21 504.886 149.79
internal_count=58552 11045 2732
cat_boundaries=0 1
cat_threshold=2880
is_linear=0
shrinkage=0.0321881


Tree=817
num_leaves=4
num_cat=0
split_feature=10 33 10
split_gain=8.40663 23.2796 9.53686
threshold=17056.303143072404 -0.55494902473178642 12150.169173648545
decision_type=2 2 2
left_child=2 -2 -1
right_child=1 -3 -4
leaf_value=0.00093579523916862957 -0.0064202883680624994 0.045342072896101086 -0.0042690478978806004
leaf_weight=1444.0599043750426 17.246228224259539 15.273622689677721 484.74177350234459
leaf_count=40691 499 437 16848
internal_value=-3.26796e-05 0.0160987 -0.000339619
internal_weight=1961.32 32.5199 1928.8
internal_count=58475 936 57539
is_linear=0
shrinkage=0.0321881


Tree=818
num_leaves=4
num_cat=1
split_feature=13 43 24
split_gain=6.28298 9.05471 17.5958
threshold=41.438921637200714 0 246.26078640240169
decision_type=10 9 2
left_child=1 2 -1
right_child=-2 -3 -4
leaf_value=0.0023640238952677413 -0.011398596427858506 -0.00046226876356252468 0.028081779282020079
leaf_weight=188.68382712005041 48.289498950981397 1673.7117098705812 33.767382489575539
leaf_count=6054 9413 42252 813
internal_value=3.21492e-06 0.000328559 0.00629688
internal_weight=1944.45 1896.16 222.451
internal_count=58532 49119 6867
cat_boundaries=0 1
cat_threshold=16
is_linear=0
shrinkage=0.0321881


Tree=819
num_leaves=4
num_cat=0
split_feature=13 4 2
split_gain=8.84221 17.6561 20.0478
threshold=18.411567817195039 1342.5446945428155 46.380585487855363
decision_type=8 2 2
left_child=1 2 -1
right_child=-2 -3 -4
leaf_value=-0.0058824969678805475 -0.00085099319812330398 0.021767195307592586 0.01406030428023948
leaf_weight=143.46958283793356 1673.6842373020218 54.644451121646853 80.883696247212356
leaf_count=3196 53686 905 1053
internal_value=8.46639e-07 0.00533545 0.00103092
internal_weight=1952.68 278.998 224.353
internal_count=58840 5154 4249
is_linear=0
shrinkage=0.0321881


Tree=820
num_leaves=4
num_cat=0
split_feature=31 10 10
split_gain=8.37557 7.61697 9.53364
threshold=-0.98366528211966908 7255.576455450414 9753.3835291414089
decision_type=2 2 2
left_child=1 -1 -3
right_child=-2 2 -4
leaf_value=-0.01802217282666389 0.00066358317656003149 0.0082829793556261321 -0.0089093794076401181
leaf_weight=46.261750592133467 1761.0678488590356 50.54679180052517 89.015751007800645
leaf_count=2362 48553 2110 5515
internal_value=0 -0.00651696 -0.00222356
internal_weight=1946.89 185.824 139.563
internal_count=58540 9987 7625
is_linear=0
shrinkage=0.0321881


Tree=821
num_leaves=4
num_cat=0
split_feature=38 38 1
split_gain=7.33885 63.3509 24.6212
threshold=0.9397638200510483 0.10213342004371834 14.462131456848184
decision_type=2 2 2
left_child=1 -1 -2
right_child=2 -3 -4
leaf_value=-4.8458070558102278e-05 0.0079557277217477077 0.043656268775941247 -0.014053536622359433
leaf_weight=1703.7173497323856 81.951739312957216 34.776602531142998 135.56167426542379
leaf_count=53498 3059 668 1305
internal_value=6.52872e-05 0.000795004 -0.00546905
internal_weight=1956.01 1738.49 217.513
internal_count=58530 54166 4364
is_linear=0
shrinkage=0.0321881


Tree=822
num_leaves=4
num_cat=0
split_feature=33 15 10
split_gain=6.19469 20.1748 19.3876
threshold=-0.62312731716042757 1.3171878016733929 7728.4001516052458
decision_type=2 8 2
left_child=2 -2 -1
right_child=1 -3 -4
leaf_value=-0.0092490819980643284 0.0027211638049901171 -0.029211358037516719 0.0006293204491067513
leaf_weight=270.33758341003886 843.85508175275208 20.521616711315801 820.95883485679678
leaf_count=8123 22376 4971 23285
internal_value=-0.000118385 0.00188157 -0.0017609
internal_weight=1955.67 864.377 1091.3
internal_count=58755 27347 31408
is_linear=0
shrinkage=0.0321881


Tree=823
num_leaves=4
num_cat=0
split_feature=38 38 1
split_gain=8.01174 66.343 17.2293
threshold=0.9397638200510483 0.10213342004371834 11.916634794828534
decision_type=2 2 2
left_child=1 2 -1
right_child=-2 -3 -4
leaf_value=-0.0082355040251583765 -0.0062853889114043403 0.042565325010977005 0.00070549797350630934
leaf_weight=262.96054315083711 216.62855230979039 37.370738625308149 1427.7989162013982
leaf_count=31532 4394 725 21863
internal_value=-0.000441489 0.000254978 -0.000648372
internal_weight=1944.76 1728.13 1690.76
internal_count=58514 54120 53395
is_linear=0
shrinkage=0.0321881


Tree=824
num_leaves=4
num_cat=0
split_feature=32 10 33
split_gain=9.70831 15.4487 17.8626
threshold=0.62633384631382116 7889.5692217050737 -0.38019734879124184
decision_type=2 2 2
left_child=-1 2 -2
right_child=1 -3 -4
leaf_value=0.00068495690606445146 -0.028093848809169448 -0.025642068868474425 0.027097637912150748
leaf_weight=1883.2708998612234 8.7051150333172718 37.152389241136916 16.31995595841363
leaf_count=52617 478 4363 1325
internal_value=0.000239054 -0.0121976 0.00529421
internal_weight=1945.45 62.1775 25.0251
internal_count=58783 6166 1803
is_linear=0
shrinkage=0.0321881


Tree=825
num_leaves=4
num_cat=0
split_feature=30 0 4
split_gain=6.52259 14.9076 14.5487
threshold=0.85810055626555137 273.76408133407239 1965.3231598463537
decision_type=2 2 2
left_child=-1 -2 -3
right_child=1 2 -4
leaf_value=0.00064991063746015515 0.008436362216349377 -0.010377211787998884 0.015826367005862763
leaf_weight=1617.9043023253334 70.305893225739965 241.36753885763756 22.144652529372252
leaf_count=52209 2236 4065 259
internal_value=-0.000161432 -0.00428208 -0.00792142
internal_weight=1951.72 333.818 263.512
internal_count=58769 6560 4324
is_linear=0
shrinkage=0.0321881


Tree=826
num_leaves=4
num_cat=0
split_feature=32 23 40
split_gain=8.50069 32.6009 35.7883
threshold=-0.06729085529116613 49.771424975219126 0.73561911766930344
decision_type=2 2 2
left_child=-1 2 -2
right_child=1 -3 -4
leaf_value=-0.0015323574407819589 0.0033767129879759003 0.022505079413723678 -0.024906162560987714
leaf_weight=1454.5106514546851 363.50124256626441 77.360518347239122 52.855656290106708
leaf_count=37012 18096 1747 1787
internal_value=-0.000263416 0.00334493 -7.29741e-05
internal_weight=1948.23 493.717 416.357
internal_count=58642 21630 19883
is_linear=0
shrinkage=0.0321881


Tree=827
num_leaves=4
num_cat=0
split_feature=31 11 31
split_gain=8.36742 12.5187 9.13682
threshold=0.51775416086736592 22.885657362415923 -0.49399195077977054
decision_type=2 8 2
left_child=2 -2 -1
right_child=1 -3 -4
leaf_value=-0.0016770338923908915 -0.022998887568892991 0 0.0028986837407108238
leaf_weight=1084.4117331657781 40.837130394014821 65.828877852161895 771.38518726685197
leaf_count=42665 763 1127 13849
internal_value=-0.000280117 -0.00905008 0.000190731
internal_weight=1962.46 106.666 1855.8
internal_count=58404 1890 56514
is_linear=0
shrinkage=0.0321881


Tree=828
num_leaves=4
num_cat=0
split_feature=15 16 2
split_gain=8.81465 18.85 21.447
threshold=0.60668565251827877 84.407583376190317 13.008378620013332
decision_type=8 8 2
left_child=-1 -2 -3
right_child=1 2 -4
leaf_value=0.0047197878377615732 -0.016177794306646814 0.015075925901818134 -0.0010526106661364924
leaf_weight=354.8447163628116 79.132249771198985 90.633156289846738 1416.4174472657178
leaf_count=5856 22011 8659 22036
internal_value=0.000106613 -0.000885802 -3.81751e-05
internal_weight=1941.03 1586.18 1507.05
internal_count=58562 52706 30695
is_linear=0
shrinkage=0.0321881


Tree=829
num_leaves=4
num_cat=1
split_feature=39 39 44
split_gain=8.17186 41.8176 34.9439
threshold=0.91925617272353211 0.16029280780750715 0
decision_type=2 2 9
left_child=1 -1 -2
right_child=2 -3 -4
leaf_value=0.00027404660934841354 0.013449171126147127 0.037036662433539577 -0.0093443384465663696
leaf_weight=1541.9417026926803 79.546296353539219 32.606195319618564 294.31320025178866
leaf_count=50307 2834 701 4769
internal_value=3.30558e-05 0.00108124 -0.00420912
internal_weight=1948.41 1574.55 373.859
internal_count=58611 51008 7603
cat_boundaries=0 1
cat_threshold=267264
is_linear=0
shrinkage=0.0321881


Tree=830
num_leaves=4
num_cat=0
split_feature=31 7 22
split_gain=8.25767 14.0604 18.9855
threshold=-0.89572498483820751 5330.9089897466092 195.84595399545847
decision_type=2 2 2
left_child=1 -1 -3
right_child=-2 2 -4
leaf_value=-0.006640558778363408 0.0011553671097081215 -0.022375261046265995 0.013690755956633362
leaf_weight=377.56013806802912 1461.7433122931734 17.281098393783395 81.989221113326494
leaf_count=19394 34705 1575 3065
internal_value=-1.14499e-05 -0.00372068 0.00673392
internal_weight=1938.57 476.83 99.2703
internal_count=58739 24034 4640
is_linear=0
shrinkage=0.0321881


Tree=831
num_leaves=4
num_cat=1
split_feature=42 4 13
split_gain=7.16084 15.2144 8.07157
threshold=0 790.7599080374024 42.783029513693087
decision_type=9 2 8
left_child=1 -1 -2
right_child=2 -3 -4
leaf_value=0 -0.00059600038857300424 0.029769049960858461 -0.014360844535508781
leaf_weight=44.612159684780636 1819.5365921139473 25.580649401286792 45.671197865334761
leaf_count=733 50127 378 7257
internal_value=-0.00053518 0.00880209 -0.000963803
internal_weight=1935.4 70.1928 1865.21
internal_count=58495 1111 57384
cat_boundaries=0 1
cat_threshold=131076
is_linear=0
shrinkage=0.0321881


Tree=832
num_leaves=4
num_cat=0
split_feature=15 16 2
split_gain=8.24295 26.876 27.2927
threshold=0.60668565251827877 94.537184715359189 12.031026081624196
decision_type=8 8 2
left_child=-1 -2 -3
right_child=1 2 -4
leaf_value=0.004676757575194453 -0.01381006926450206 0.019195648729891358 -0.00043649329483723919
leaf_weight=356.28693473079329 147.76613329369775 77.044096237703343 1376.7669468643435
leaf_count=5819 25303 6161 21361
internal_value=0.000225809 -0.000725132 0.000563058
internal_weight=1957.86 1601.58 1453.81
internal_count=58644 52825 27522
is_linear=0
shrinkage=0.0321881


Tree=833
num_leaves=4
num_cat=0
split_feature=36 22 1
split_gain=6.57913 16.7371 24.627
threshold=0.81528568745293051 479.9349080540772 16.406361103427841
decision_type=2 2 2
left_child=1 2 -1
right_child=-2 -3 -4
leaf_value=-0.012848583164985414 -0.0012409666345476536 0.040878515891851 0.0086148306261985361
leaf_weight=77.087011994179193 1682.9328693419266 12.20148083179083 187.55022695317166
leaf_count=10359 43433 279 4574
internal_value=-0.000455277 0.00408811 0.00211632
internal_weight=1959.77 276.839 264.637
internal_count=58645 15212 14933
is_linear=0
shrinkage=0.0321881


Tree=834
num_leaves=4
num_cat=0
split_feature=14 1 4
split_gain=7.23576 19.4114 52.5895
threshold=220.1048047462418 5.3467707112379506 513.04081535025523
decision_type=10 2 2
left_child=-1 2 -2
right_child=1 -3 -4
leaf_value=-0.0031113600183366018 0.05531491446008039 0.00092469753758810753 -0.019563746555838712
leaf_weight=440.21532522741472 23.035749312146436 1466.2623097599499 14.910720680025404
leaf_count=30793 1480 22530 3668
internal_value=0.000469466 0.00156008 0.0242851
internal_weight=1944.42 1504.21 37.9465
internal_count=58471 27678 5148
is_linear=0
shrinkage=0.0321881


Tree=835
num_leaves=4
num_cat=1
split_feature=9 43 5
split_gain=6.39703 7.38176 19.1013
threshold=27.713620198194171 0 2.4492873040875227
decision_type=10 9 2
left_child=1 2 -1
right_child=-2 -3 -4
leaf_value=0.011800139070397881 -0.022508184756667271 -0.00050030211882945734 -0.0091277508566031812
leaf_weight=161.02409480611095 12.704061335319237 1709.3387552201157 59.246857136839026
leaf_count=7125 431 48339 2550
internal_value=8.89697e-06 0.000192894 0.00562348
internal_weight=1942.31 1929.61 220.271
internal_count=58445 58014 9675
cat_boundaries=0 1
cat_threshold=16
is_linear=0
shrinkage=0.0321881


Tree=836
num_leaves=4
num_cat=0
split_feature=14 22 10
split_gain=9.55814 16.0172 27.7676
threshold=176.16181705040901 636.39279231470425 12979.472270618915
decision_type=10 2 2
left_child=1 -1 -3
right_child=-2 2 -4
leaf_value=-0.0094781128583874882 0.00098007705779394843 0.0017754732375649344 0.052259399992492003
leaf_weight=207.08515097250802 1704.9462707870234 23.805712743087497 12.793185454589546
leaf_count=12388 45181 705 350
internal_value=9.55043e-05 -0.00582726 0.0130291
internal_weight=1948.63 243.684 36.5989
internal_count=58624 13443 1055
is_linear=0
shrinkage=0.0321881


Tree=837
num_leaves=4
num_cat=0
split_feature=10 33 33
split_gain=7.44249 31.3554 22.9026
threshold=12150.169173648545 0.35070079377959323 0.053528903108280457
decision_type=2 2 2
left_child=1 -1 -2
right_child=2 -3 -4
leaf_value=0.0016245995073837069 -0.006257733645999128 -0.02909822207923992 0.014969723169045575
leaf_weight=1382.6123740010835 450.81850739676975 34.940249805164058 58.031538952569463
leaf_count=34924 14340 5583 3438
internal_value=-0.000344458 0.000817673 -0.00370591
internal_weight=1926.4 1417.55 508.85
internal_count=58285 40507 17778
is_linear=0
shrinkage=0.0321881


Tree=838
num_leaves=4
num_cat=0
split_feature=39 5 7
split_gain=7.43544 8.74011 8.8119
threshold=-0.020490591647874239 5.9282675873714767 25533.865995892553
decision_type=2 2 2
left_child=-1 2 -2
right_child=1 -3 -4
leaf_value=-0.0040074996974800168 0.00087334073280631109 0.019405729034121688 -0.019297471842507893
leaf_weight=403.90834193465162 1494.9208606377988 25.937605444203655 22.366591944235552
leaf_count=13466 43469 554 911
internal_value=-9.16063e-05 0.000892492 0.000531061
internal_weight=1947.13 1543.23 1517.29
internal_count=58400 44934 44380
is_linear=0
shrinkage=0.0321881


Tree=839
num_leaves=4
num_cat=0
split_feature=5 10 32
split_gain=6.12837 66.2029 36.5324
threshold=3.9833140747187366 6770.6216642303216 -0.093893400715127293
decision_type=2 2 2
left_child=-1 -2 -3
right_child=1 2 -4
leaf_value=-0.00099382509101730832 -0.032566826639640306 0.017586789849527346 -0.015300973775849401
leaf_weight=1675.4606609756938 41.608883514287299 184.79509704027078 40.927103133159108
leaf_count=53384 1052 2911 1393
internal_value=-0.000240635 0.00423853 0.011332
internal_weight=1942.79 267.331 225.722
internal_count=58740 5356 4304
is_linear=0
shrinkage=0.0321881


Tree=840
num_leaves=4
num_cat=1
split_feature=30 4 41
split_gain=6.97519 18.5057 17.7644
threshold=-0.91712797388717104 1066.0113332651247 0
decision_type=2 2 9
left_child=1 -1 -3
right_child=-2 2 -4
leaf_value=-0.01202438685636607 0.00025792612907405674 0.02086831835033431 -0.0047310969465280102
leaf_weight=165.71548670489574 1669.8441981364622 34.487212214772626 63.889234774645956
leaf_count=2959 53894 681 900
internal_value=-0.000474831 -0.00534507 0.00526223
internal_weight=1933.94 264.092 98.3764
internal_count=58434 4540 1581
cat_boundaries=0 1
cat_threshold=586
is_linear=0
shrinkage=0.0321881


Tree=841
num_leaves=4
num_cat=0
split_feature=38 38 38
split_gain=8.16747 8.80256 54.4553
threshold=-0.033476300735101695 0.9397638200510483 0.10213342004371834
decision_type=2 2 2
left_child=-1 2 -2
right_child=1 -3 -4
leaf_value=-0.0063547312114698093 0.0010392663942526091 -0.0048902025931658148 0.041603080512209303
leaf_weight=163.81652129705162 1512.6633200013866 214.79979918315075 35.008553026986192
leaf_count=5331 48167 4389 675
internal_value=0.00045722 0.00112727 0.0020042
internal_weight=1926.29 1762.47 1547.67
internal_count=58562 53231 48842
is_linear=0
shrinkage=0.0321881


Tree=842
num_leaves=4
num_cat=0
split_feature=31 7 20
split_gain=6.94265 14.3431 23.7229
threshold=-0.89358375625331965 5567.5716169507496 88.424240401277828
decision_type=2 2 2
left_child=1 -1 -3
right_child=-2 2 -4
leaf_value=-0.0058561415461541267 0.0014612255034011715 -0.0098411871556557083 0.021509871228970408
leaf_weight=386.78884834756263 1449.1548981379392 41.056641072169441 56.949787886289414
leaf_count=19663 34340 2878 1681
internal_value=0.000316111 -0.0029746 0.00773597
internal_weight=1933.95 484.795 98.0064
internal_count=58562 24222 4559
is_linear=0
shrinkage=0.0321881


Tree=843
num_leaves=4
num_cat=0
split_feature=14 15 12
split_gain=7.85469 19.1506 16.1145
threshold=626.43656455613961 1.0079541635871649 39.527864276907025
decision_type=10 10 10
left_child=2 -2 -1
right_child=1 -3 -4
leaf_value=0 -0.0075189469858877988 0.022615920339220455 -0.013335921255064496
leaf_weight=1741.1944548837473 34.977470680198167 48.918603437603451 99.103629517465379
leaf_count=50747 713 831 6315
internal_value=-0.000254791 0.00930942 -0.000726555
internal_weight=1924.19 83.8961 1840.3
internal_count=58606 1544 57062
is_linear=0
shrinkage=0.0321881


Tree=844
num_leaves=4
num_cat=1
split_feature=38 12 44
split_gain=7.87762 6.53179 18.2757
threshold=-0.034814357096681341 38.829900705396106 0
decision_type=2 8 9
left_child=-1 -2 -3
right_child=1 2 -4
leaf_value=-0.0070176019764965174 0.0013283292552582263 0.0040596163522831664 -0.015029731422128111
leaf_weight=150.51415951956551 1619.3042173273261 100.8435457556061 86.058994071025154
leaf_count=4796 45286 3182 5400
internal_value=1.70269e-05 0.000639337 -0.00498379
internal_weight=1956.72 1806.21 186.903
internal_count=58664 53868 8582
cat_boundaries=0 1
cat_threshold=131075
is_linear=0
shrinkage=0.0321881


Tree=845
num_leaves=4
num_cat=0
split_feature=5 11 15
split_gain=7.49541 11.6687 9.11991
threshold=0.90238578023861371 12.241333992215688 1.0840912469453852
decision_type=2 10 10
left_child=1 -1 -3
right_child=-2 2 -4
leaf_value=0.010517914830958231 0.00059072849416185195 -0.013169645896533265 0.0016959581329951316
leaf_weight=35.430513465966214 1724.8994550860025 141.76966212172556 50.934300406331204
leaf_count=791 51184 2957 3644
internal_value=-0.000101408 -0.00560866 -0.00891309
internal_weight=1953.03 228.134 192.704
internal_count=58576 7392 6601
is_linear=0
shrinkage=0.0321881


Tree=846
num_leaves=4
num_cat=1
split_feature=42 32 8
split_gain=6.7621 11.2792 8.42528
threshold=0 -0.48659573547032819 467.71044232165031
decision_type=9 2 2
left_child=1 -1 -2
right_child=2 -3 -4
leaf_value=0 -0.0014190303291739493 -0.019724281029137015 0.002949142227916036
leaf_weight=68.711591920034152 826.81782831826695 45.889432092848438 992.50283327647867
leaf_count=1008 36773 1201 19632
internal_value=0.000402711 -0.00679137 0.000923951
internal_weight=1933.92 114.601 1819.32
internal_count=58614 2209 56405
cat_boundaries=0 1
cat_threshold=17408
is_linear=0
shrinkage=0.0321881


Tree=847
num_leaves=4
num_cat=0
split_feature=8 16 12
split_gain=7.8251 11.9249 11.6518
threshold=214.91395139415269 85.507298290856525 27.328036170778692
decision_type=2 8 8
left_child=1 -1 -2
right_child=2 -3 -4
leaf_value=-0.026885301257923825 -0.00095469410771142199 -0.0019310011632370709 0.0048221162595422215
leaf_weight=21.163073298296695 809.78102891398521 472.65492612962407 634.29747129334919
leaf_count=11684 16864 12226 17868
internal_value=0.000313135 -0.00314174 0.00153899
internal_weight=1937.9 493.818 1444.08
internal_count=58642 23910 34732
is_linear=0
shrinkage=0.0321881


Tree=848
num_leaves=4
num_cat=1
split_feature=33 32 44
split_gain=6.40442 23.758 38.9699
threshold=-0.6626658399506733 -0.38860676726476989 0
decision_type=2 2 9
left_child=1 2 -1
right_child=-2 -3 -4
leaf_value=0.02629895999785177 0.0019248568755130618 0.0012188154433944937 -0.01289713755221557
leaf_weight=19.220361422047063 919.54447585040089 738.48103040155456 270.80509054856066
leaf_count=1268 28786 21028 7486
internal_value=0 -0.00177128 -0.00959906
internal_weight=1948.05 1028.51 290.025
internal_count=58568 29782 8754
cat_boundaries=0 1
cat_threshold=144384
is_linear=0
shrinkage=0.0321881


Tree=849
num_leaves=4
num_cat=0
split_feature=12 3 32
split_gain=6.25208 18.53 11.6906
threshold=38.829900705396106 253.79222487428657 0.38598837237585604
decision_type=8 2 2
left_child=-1 2 -2
right_child=1 -3 -4
leaf_value=0.00044813501937256356 -0.012930500983818045 0.015321104095384157 0.01483825786837932
leaf_weight=1744.1462860968104 155.14163032133911 34.263342442214707 15.207685251263682
leaf_count=49193 7185 699 1599
internal_value=-0.00014293 -0.00548686 -0.0100609
internal_weight=1948.76 204.613 170.349
internal_count=58676 9483 8784
is_linear=0
shrinkage=0.0321881


Tree=850
num_leaves=4
num_cat=0
split_feature=32 20 33
split_gain=6.74219 12.4356 17.7118
threshold=0.62633384631382116 39.252287750220198 -0.33156276433938986
decision_type=2 2 2
left_child=-1 -2 -3
right_child=1 2 -4
leaf_value=0.00018002793725587426 -0.02282776595409141 -0.0090275259715612548 0.036354523985724356
leaf_weight=1886.3845550579981 36.723276925916252 13.695824014779648 11.602181886824836
leaf_count=52487 5455 513 289
internal_value=-0.000130767 -0.0105714 0.00477271
internal_weight=1948.41 62.0213 25.298
internal_count=58744 6257 802
is_linear=0
shrinkage=0.0321881


Tree=851
num_leaves=4
num_cat=1
split_feature=32 10 44
split_gain=8.04023 6.33073 47.7972
threshold=-1.0811717909837839 10190.360574226934 0
decision_type=2 2 9
left_child=-1 -2 -3
right_child=1 2 -4
leaf_value=-0.01965198244256541 0.0019207385672438495 0.0013035994729568769 -0.018871391670422424
leaf_weight=21.239494718829519 1015.965412714183 778.64440519203254 133.0554883668965
leaf_count=471 28587 21807 7965
internal_value=-4.21956e-05 0.000143221 -0.00176772
internal_weight=1948.9 1927.67 911.7
internal_count=58830 58359 29772
cat_boundaries=0 1
cat_threshold=394259
is_linear=0
shrinkage=0.0321881


Tree=852
num_leaves=4
num_cat=0
split_feature=23 15 30
split_gain=9.43157 7.17336 6.96457
threshold=-1.5781713017148624 1.021452555612002 0.84153012227638502
decision_type=2 10 2
left_child=1 -1 -2
right_child=2 -3 -4
leaf_value=-0.018803138315137757 0.0016885334882320842 -0.0050137451388293499 -0.0033418964899065533
leaf_weight=48.857665727628046 1517.38621000071 27.995657264655165 345.27616479455901
leaf_count=1907 47606 2513 6614
internal_value=0.000232944 -0.0107491 0.000721561
internal_weight=1939.52 76.8533 1862.66
internal_count=58640 4420 54220
is_linear=0
shrinkage=0.0321881


Tree=853
num_leaves=4
num_cat=0
split_feature=30 4 31
split_gain=6.30615 13.4079 11.3909
threshold=-0.98099402535272739 1122.7963054328486 -0.50349557039772719
decision_type=2 2 2
left_child=1 -1 -2
right_child=2 -3 -4
leaf_value=-0.01413087282639908 -0.0015298251119472076 0.0067829849026777942 0.0036669501402030171
leaf_weight=88.808672076960647 1054.9431994596866 44.495224768113076 737.6090129703498
leaf_count=1566 42669 708 13542
internal_value=3.78149e-05 -0.00667347 0.000573246
internal_weight=1925.86 133.304 1792.55
internal_count=58485 2274 56211
is_linear=0
shrinkage=0.0321881


Tree=854
num_leaves=4
num_cat=0
split_feature=13 33 14
split_gain=6.16174 16.1016 15.714
threshold=18.411567817195039 -0.62999385031100308 221.58027419842088
decision_type=8 2 10
left_child=1 -1 -2
right_child=2 -3 -4
leaf_value=-0.0024251659529585276 -0.0084010659396179608 0.012435550762286491 0.00070365259986911264
leaf_weight=150.18956205739232 226.35397772510851 141.10907051714821 1429.9163932655283
leaf_count=2663 27083 2554 26215
internal_value=0.000221757 0.00455935 -0.000503216
internal_weight=1947.57 291.299 1656.27
internal_count=58515 5217 53298
is_linear=0
shrinkage=0.0321881


Tree=855
num_leaves=4
num_cat=1
split_feature=9 42 32
split_gain=7.75167 9.54385 11.3555
threshold=22.443485642910147 0 -0.48659573547032819
decision_type=10 9 2
left_child=1 2 -1
right_child=-2 -3 -4
leaf_value=0 -0.023412008730731928 -0.00077685347523567751 0.018226789902306081
leaf_weight=68.505912259526667 14.746393105394416 1796.2003769795037 63.73912776628913
leaf_count=1252 461 55525 1569
internal_value=-0.000325678 -0.000113263 0.00786903
internal_weight=1943.19 1928.45 132.245
internal_count=58807 58346 2821
cat_boundaries=0 1
cat_threshold=393812
is_linear=0
shrinkage=0.0321881


Tree=856
num_leaves=4
num_cat=0
split_feature=32 5 2
split_gain=7.9312 34.2617 28.5681
threshold=-0.11156336504764071 3.7107696305153692 29.203247313443939
decision_type=2 2 2
left_child=2 -2 -1
right_child=1 -3 -4
leaf_value=-0.0074795937939692511 0.0067267667579894537 -0.018302250393843259 0.0022220188832811809
leaf_weight=471.07285360619562 467.87358907155703 63.27221990765338 932.56479111693625
leaf_count=24266 20293 2460 11578
internal_value=0.000243053 0.00361851 -0.000989269
internal_weight=1934.78 531.146 1403.64
internal_count=58597 22753 35844
is_linear=0
shrinkage=0.0321881


Tree=857
num_leaves=4
num_cat=0
split_feature=36 20 29
split_gain=6.13 18.6044 18.2948
threshold=0.81528568745293051 58.886931564238147 6.694400678223186
decision_type=2 2 2
left_child=-1 2 -2
right_child=1 -3 -4
leaf_value=0.0045014510173712729 -0.0024551465579242602 0.0013500753130318893 -0.011024598525701571
leaf_weight=271.50419470439374 113.52068979221986 1198.4913353309785 343.87194375482795
leaf_count=15044 5064 26664 11520
internal_value=0 -0.000714237 -0.00626037
internal_weight=1927.39 1655.88 457.393
internal_count=58292 43248 16584
is_linear=0
shrinkage=0.0321881


Tree=858
num_leaves=4
num_cat=1
split_feature=29 44 5
split_gain=6.43479 5.57415 6.3147
threshold=10.850708260042531 0 5.7325148638003229
decision_type=2 9 2
left_child=1 -1 -3
right_child=-2 2 -4
leaf_value=-0.015871398988598736 -0.020396394666999385 -0.00010930928461650046 0.012868304805049776
leaf_weight=12.576465636855572 16.039362353902106 1870.0687749760182 39.321153015633172
leaf_count=7717 3008 47208 624
internal_value=-0.000233794 -2.99016e-05 0.000125499
internal_weight=1938.01 1921.97 1909.39
internal_count=58557 55549 47832
cat_boundaries=0 1
cat_threshold=1589504
is_linear=0
shrinkage=0.0321881


Tree=859
num_leaves=4
num_cat=0
split_feature=14 23 17
split_gain=7.72768 16.3283 23.5725
threshold=220.1048047462418 103.93452785448572 4.4635599932456573
decision_type=8 2 10
left_child=1 2 -1
right_child=-2 -3 -4
leaf_value=-0.0025954380833310064 0.0008048440446137968 0.023365847348678699 -0.027112714734661959
leaf_weight=343.55429415923572 1533.4637962687029 20.098928484017961 47.404943065957923
leaf_count=9653 29109 291 19727
internal_value=-0.000211204 -0.00415474 -0.00574567
internal_weight=1944.52 411.058 390.959
internal_count=58780 29671 29380
is_linear=0
shrinkage=0.0321881


Tree=860
num_leaves=4
num_cat=0
split_feature=30 10 1
split_gain=6.86842 24.6093 18.5991
threshold=0.84966660745752709 9834.0814778529584 20.177695135199858
decision_type=2 2 2
left_child=-1 -2 -3
right_child=1 2 -4
leaf_value=0.0010907480541822573 -0.013700496672927224 0.013225397247819817 -0.006692221758303472
leaf_weight=1597.7669603860631 151.14877235079166 100.47272442351641 89.304841173696332
leaf_count=51724 3103 2396 1327
internal_value=0.000174302 -0.00393175 0.00352078
internal_weight=1938.69 340.926 189.778
internal_count=58550 6826 3723
is_linear=0
shrinkage=0.0321881


Tree=861
num_leaves=4
num_cat=0
split_feature=31 15 8
split_gain=8.07072 7.58544 17.1265
threshold=-0.98366528211966908 0.85122114753308786 560.5554135158892
decision_type=2 10 2
left_child=-1 -2 -3
right_child=1 2 -4
leaf_value=-0.0059847052967781809 -0.0012004320860612818 0.00031349270329923494 0.010042264355694478
leaf_weight=183.11547117158807 786.59777112700613 706.80071018601529 262.41674396724011
leaf_count=10017 13708 29359 5525
internal_value=0.000388694 0.00109037 0.00301508
internal_weight=1938.93 1755.82 969.217
internal_count=58609 48592 34884
is_linear=0
shrinkage=0.0321881


Tree=862
num_leaves=4
num_cat=1
split_feature=10 10 44
split_gain=7.48544 8.29986 36.807
threshold=1842.891058164804 5101.7131875125024 0
decision_type=2 2 9
left_child=-1 2 -2
right_child=1 -3 -4
leaf_value=-0.024426427471112736 0.03532712473803009 -0.00081802213365442125 0
leaf_weight=12.953310772997609 26.299013866344467 1705.7742631265037 179.26111722790301
leaf_count=906 221 51669 5809
internal_value=-0.00024864 -4.84573e-05 0.00602162
internal_weight=1924.29 1911.33 205.56
internal_count=58605 57699 6030
cat_boundaries=0 1
cat_threshold=68
is_linear=0
shrinkage=0.0321881


Tree=863
num_leaves=4
num_cat=0
split_feature=3 23 30
split_gain=6.67435 10.4152 7.82039
threshold=68.27278026214195 27.669401622585792 -0.77885139575024098
decision_type=2 2 2
left_child=1 -1 -2
right_child=2 -3 -4
leaf_value=-0.020697580840081432 -0.0029655152783831782 0.0040237348249099851 0.0018194911909533533
leaf_weight=38.807782860574662 467.56595831024697 25.55846761414432 1398.008971275387
leaf_count=1064 8526 354 48557
internal_value=0.000201426 -0.0099166 0.000585872
internal_weight=1929.94 64.3663 1865.57
internal_count=58501 1418 57083
is_linear=0
shrinkage=0.0321881


Tree=864
num_leaves=4
num_cat=0
split_feature=38 38 1
split_gain=8.2206 52.7916 20.579
threshold=0.9397638200510483 0.10213342004371834 11.639847752412917
decision_type=2 2 2
left_child=1 2 -1
right_child=-2 -3 -4
leaf_value=-0.0087096959126563168 -0.0059319269061447613 0.040387769973944804 0.0013940944528450635
leaf_weight=243.75036078023186 215.21194994894176 33.868030465426273 1447.6471307539905
leaf_count=31371 4336 689 22094
internal_value=0 0.000736514 -2.53452e-05
internal_weight=1940.48 1725.27 1691.4
internal_count=58490 54154 53465
is_linear=0
shrinkage=0.0321881


Tree=865
num_leaves=4
num_cat=0
split_feature=10 36 25
split_gain=7.22832 6.52941 17.2146
threshold=1842.891058164804 0.9136995197381923 4.8609136943998781
decision_type=2 2 2
left_child=-1 -2 -3
right_child=1 2 -4
leaf_value=-0.023528070215972738 0.0044524713925663158 6.2240376969756003e-05 -0.017725944899520264
leaf_weight=13.067262293188831 323.78661742091026 1547.1488479981017 58.017057523894891
leaf_count=954 16160 37740 3969
internal_value=6.67738e-05 0.000262498 -0.000543542
internal_weight=1942.02 1928.95 1605.17
internal_count=58823 57869 41709
is_linear=0
shrinkage=0.0321881


Tree=866
num_leaves=4
num_cat=0
split_feature=36 22 10
split_gain=6.33607 23.6112 24.4694
threshold=0.81528568745293051 457.13264603172314 14196.84237228774
decision_type=2 2 2
left_child=1 2 -1
right_child=-2 -3 -4
leaf_value=-0.0020408061174698689 -0.00077007261990297271 0.045767090677571093 0.023922361349987393
leaf_weight=217.34380138811321 1656.9280339696907 13.570355280593501 42.749988553829098
leaf_count=12703 43256 307 2119
internal_value=0 0.00451435 0.00207763
internal_weight=1930.59 273.664 260.094
internal_count=58385 15129 14822
is_linear=0
shrinkage=0.0321881


Tree=867
num_leaves=4
num_cat=1
split_feature=22 33 44
split_gain=6.98887 8.75087 16.8711
threshold=869.11161440286025 -0.48191312120499902 0
decision_type=2 2 9
left_child=1 2 -1
right_child=-2 -3 -4
leaf_value=-0.025852025791565203 0.012799151671964253 0.0023931701556264141 -0.001437433254352156
leaf_weight=20.469466635910976 41.896457194845425 691.41001219251939 1164.9856699698266
leaf_count=3763 673 23273 30698
internal_value=-0.000117214 -0.000441051 -0.00214796
internal_weight=1918.76 1876.87 1185.46
internal_count=58407 57734 34461
cat_boundaries=0 1
cat_threshold=524352
is_linear=0
shrinkage=0.0321881


Tree=868
num_leaves=4
num_cat=0
split_feature=14 23 11
split_gain=5.9792 14.3464 17.4884
threshold=221.58027419842088 103.93452785448572 13.835183184323675
decision_type=10 2 10
left_child=1 2 -1
right_child=-2 -3 -4
leaf_value=1.4509095283583051e-05 0.00089064854879115593 0.021775937859755658 -0.013258389463043779
leaf_weight=267.21365223436078 1491.173034306461 21.276334230671637 157.90718461367487
leaf_count=6600 27301 300 24428
internal_value=-5.41755e-05 -0.00335173 -0.00477048
internal_weight=1937.57 446.397 425.121
internal_count=58629 31328 31028
is_linear=0
shrinkage=0.0321881


Tree=869
num_leaves=4
num_cat=0
split_feature=31 37 21
split_gain=6.39059 7.63378 8.98078
threshold=-0.98109568993028373 0.01767037524948965 284.17062561636698
decision_type=2 2 2
left_child=-1 -2 -3
right_child=1 2 -4
leaf_value=-0.0060009921584560123 0.0010131995214244715 -0.0092460627629663682 0.0063819457821915546
leaf_weight=189.46189003163909 1536.2860289164505 162.08040031004657 44.629533646140771
leaf_count=10604 41823 5465 931
internal_value=-0.000378924 0.000196384 -0.00556069
internal_weight=1932.46 1743 206.71
internal_count=58823 48219 6396
is_linear=0
shrinkage=0.0321881


Tree=870
num_leaves=4
num_cat=1
split_feature=10 44 4
split_gain=8.28512 52.9863 42.7899
threshold=10190.360574226934 0 1437.8287208841259
decision_type=2 9 2
left_child=-1 2 -2
right_child=1 -3 -4
leaf_value=0.0022455845802612884 -0.0026183079010597293 -0.019603643987855954 0.015491125789177473
leaf_weight=999.9648092343441 605.49241677457394 138.48736487274346 172.90666438128301
leaf_count=28644 16760 8075 5090
internal_value=0.000189354 -0.00198374 0.00130924
internal_weight=1916.85 916.886 778.399
internal_count=58569 29925 21850
cat_boundaries=0 1
cat_threshold=394259
is_linear=0
shrinkage=0.0321881


Tree=871
num_leaves=4
num_cat=1
split_feature=30 44 10
split_gain=7.4795 29.3128 44.747
threshold=-0.64986720163346667 0 6260.4958447190829
decision_type=2 9 2
left_child=1 -1 -3
right_child=-2 2 -4
leaf_value=0.0046318383179474142 0.0018161135451886007 0.011839712260712041 -0.017036494852320779
leaf_weight=286.3306819753052 1353.1921708420955 71.094170944036705 223.83389741380506
leaf_count=3510 47077 1627 6489
internal_value=0.000476814 -0.00253106 -0.00953303
internal_weight=1934.45 581.259 294.928
internal_count=58703 11626 8116
cat_boundaries=0 1
cat_threshold=8198
is_linear=0
shrinkage=0.0321881


Tree=872
num_leaves=4
num_cat=0
split_feature=35 3 14
split_gain=7.41492 7.12157 9.13132
threshold=-0.0048565390338032111 302.55776645376608 401.59442780198077
decision_type=2 2 10
left_child=-1 -2 -3
right_child=1 2 -4
leaf_value=-0.011941638478247415 0.00077830458117883353 -0.023635022933381489 0
leaf_weight=51.706208963882091 1816.8411616744115 28.431095170319168 32.061454776732717
leaf_count=1643 55984 448 475
internal_value=1.85017e-05 0.000383301 -0.0103882
internal_weight=1929.04 1877.33 60.4925
internal_count=58550 56907 923
is_linear=0
shrinkage=0.0321881


Tree=873
num_leaves=4
num_cat=1
split_feature=10 44 4
split_gain=6.82459 45.853 37.833
threshold=10270.683479787551 0 1437.8287208841259
decision_type=2 9 2
left_child=-1 2 -2
right_child=1 -3 -4
leaf_value=0.0015932114800262299 -0.0029530457817725556 -0.019101049862604993 0.01418445399425969
leaf_weight=1040.5414621794498 589.22985060248902 130.79126503526913 171.65947317470636
leaf_count=29341 16311 7904 4983
internal_value=-0.000141984 -0.00223816 0.000821968
internal_weight=1932.22 891.681 760.889
internal_count=58539 29198 21294
cat_boundaries=0 1
cat_threshold=394243
is_linear=0
shrinkage=0.0321881


Tree=874
num_leaves=4
num_cat=1
split_feature=32 10 44
split_gain=6.75786 21.1131 16.1158
threshold=0.69414579585900704 8524.0152329367902 0
decision_type=2 2 9
left_child=-1 2 -2
right_child=1 -3 -4
leaf_value=0.00040065182426847305 0.02242798455979355 -0.032857912692398426 -0.015830006056352465
leaf_weight=1864.6413286956222 15.271380797807067 25.041444591824074 10.341492033823672
leaf_count=53149 448 3588 1473
internal_value=5.17983e-05 -0.0114804 0.00706582
internal_weight=1915.3 50.6543 25.6129
internal_count=58658 5509 1921
cat_boundaries=0 1
cat_threshold=5
is_linear=0
shrinkage=0.0321881


Tree=875
num_leaves=4
num_cat=0
split_feature=32 33 28
split_gain=10.5967 12.4713 15.4248
threshold=0.62633384631382116 -0.34804733027946255 0.32696026843163639
decision_type=2 2 2
left_child=-1 -2 -3
right_child=1 2 -4
leaf_value=0.00037174351372419644 -0.029322919778498512 -0.015371297507724606 0.032986710849944589
leaf_weight=1867.9533858296118 27.259664576138675 20.447129864148341 9.9587001205509278
leaf_count=52303 1858 4092 280
internal_value=-1.54323e-05 -0.0136074 0
internal_weight=1925.62 57.6655 30.4058
internal_count=58533 6230 4372
is_linear=0
shrinkage=0.0321881


Tree=876
num_leaves=4
num_cat=0
split_feature=37 40 40
split_gain=7.42033 8.64259 40.761
threshold=0.0021207206210043885 0.92162895631245378 0.11055050241962891
decision_type=2 2 2
left_child=1 2 -1
right_child=-2 -3 -4
leaf_value=0.0018706285102113695 -0.0022959101802059734 -0.0028836604592150797 0.038253595530832789
leaf_weight=747.5536111562883 857.60389104997557 292.28269401485886 33.456467583302583
leaf_count=24873 26640 6422 677
internal_value=-3.19119e-05 0.00171789 0.00352184
internal_weight=1930.9 1073.29 781.01
internal_count=58612 31972 25550
is_linear=0
shrinkage=0.0321881


Tree=877
num_leaves=4
num_cat=1
split_feature=12 16 44
split_gain=7.68154 18.5477 28.2539
threshold=35.459857378764994 168.17972814649906 0
decision_type=10 10 9
left_child=-1 2 -2
right_child=1 -3 -4
leaf_value=-0.0012105279452139888 0.0090027789979512853 0.010236229046431039 -0.010816507531354736
leaf_weight=1414.7391093899837 122.61210155562821 228.96268613067514 157.22220599608954
leaf_count=41675 5895 3755 7225
internal_value=0 0.00340022 -0.00196957
internal_weight=1923.54 508.797 279.834
internal_count=58550 16875 13120
cat_boundaries=0 1
cat_threshold=274502
is_linear=0
shrinkage=0.0321881


Tree=878
num_leaves=4
num_cat=0
split_feature=10 33 4
split_gain=6.63832 28.4318 23.2421
threshold=11631.531159539465 0.35070079377959323 1417.6376465616925
decision_type=2 2 2
left_child=1 -1 -2
right_child=2 -3 -4
leaf_value=0.0025555916831995263 -0.005798249232895558 -0.027914313180889369 0.0092279618054782204
leaf_weight=1289.0683264078493 465.73645844627117 32.03546181191723 135.85952316181647
leaf_count=32437 16157 5101 4934
internal_value=0.000459945 0.00176365 -0.00229672
internal_weight=1922.7 1321.1 601.596
internal_count=58629 37538 21091
is_linear=0
shrinkage=0.0321881


Tree=879
num_leaves=4
num_cat=0
split_feature=32 5 23
split_gain=8.15282 30.4147 31.4725
threshold=-0.11156336504764071 3.7107696305153692 52.148507613212054
decision_type=2 2 2
left_child=-1 2 -2
right_child=1 -3 -4
leaf_value=-0.0014398105535223765 0.0023553462551951887 -0.017618792866433308 0.025468435034959231
leaf_weight=1398.5468467646911 397.39464472333384 62.217620569808787 73.918389723403379
leaf_count=35931 18816 2461 1611
internal_value=-0.000116691 0.00323138 0.00612634
internal_weight=1932.08 533.531 471.313
internal_count=58819 22888 20427
is_linear=0
shrinkage=0.0321881


Tree=880
num_leaves=4
num_cat=0
split_feature=33 5 22
split_gain=6.29334 16.8899 20.7777
threshold=0.083783993665815196 4.0019646186225621 454.28183483764263
decision_type=2 2 2
left_child=-1 2 -2
right_child=1 -3 -4
leaf_value=-0.00046559177084823562 -0.0024619675355494817 0.026502193307642002 0.048789422638585309
leaf_weight=1749.6324148818035 124.18520388683282 33.400382297664692 8.4997590178973024
leaf_count=47898 9598 992 174
internal_value=6.94076e-05 0.00608096 0.000423128
internal_weight=1915.72 166.085 132.685
internal_count=58662 10764 9772
is_linear=0
shrinkage=0.0321881


Tree=881
num_leaves=4
num_cat=1
split_feature=32 10 44
split_gain=6.69295 17.1483 15.6471
threshold=0.62633384631382116 7889.5692217050737 0
decision_type=2 2 9
left_child=-1 2 -2
right_child=1 -3 -4
leaf_value=0.00083777840866487295 0.022095832194586149 -0.025593909350967343 -0.015512955960561852
leaf_weight=1867.1993262438559 16.114021476758353 33.73910133395475 10.120810520130364
leaf_count=52438 435 4379 1358
internal_value=0.000465735 -0.0100172 0.00765888
internal_weight=1927.17 59.9739 26.2348
internal_count=58610 6172 1793
cat_boundaries=0 1
cat_threshold=5
is_linear=0
shrinkage=0.0321881


Tree=882
num_leaves=4
num_cat=0
split_feature=7 4 33
split_gain=6.07431 24.4162 20.8891
threshold=18038.316442328625 812.41272510981787 -0.55494902473178642
decision_type=2 2 2
left_child=-1 2 -2
right_child=1 -3 -4
leaf_value=0.00032588136588940133 -0.017435756868449268 -0.034732698663237561 0.029800601391491141
leaf_weight=1864.1305165012554 17.917936402431224 24.937669717440258 19.070352236449253
leaf_count=56861 445 995 420
internal_value=0 -0.00990233 0.00524192
internal_weight=1926.06 61.926 36.9883
internal_count=58721 1860 865
is_linear=0
shrinkage=0.0321881


Tree=883
num_leaves=4
num_cat=0
split_feature=6 4 22
split_gain=5.12857 15.9954 20.3679
threshold=25.603926886043045 158.22724162397409 198.96295602788865
decision_type=2 2 2
left_child=-1 2 -2
right_child=1 -3 -4
leaf_value=0.001056326815115015 -0.015571534707747858 -0.0057054992639448783 0.012008326600556519
leaf_weight=1303.3365293841889 33.431058917194605 450.69251221222021 129.42199461345444
leaf_count=40957 1133 14702 1650
internal_value=-5.1828e-05 -0.00250912 0.00594169
internal_weight=1916.88 613.546 162.853
internal_count=58442 17485 2783
is_linear=0
shrinkage=0.0321881


Tree=884
num_leaves=4
num_cat=1
split_feature=32 10 44
split_gain=6.07458 20.7651 14.6895
threshold=0.69414579585900704 8089.690560279586 0
decision_type=2 2 9
left_child=-1 2 -2
right_child=1 -3 -4
leaf_value=0 0.022910276643361108 -0.031471305432276303 -0.014889635652440522
leaf_weight=1853.4237973814033 13.957967119953535 26.266347408099136 9.0941801872486412
leaf_count=52863 393 3821 1291
internal_value=-0.000330454 -0.0114541 0.00870731
internal_weight=1902.74 49.3185 23.0521
internal_count=58368 5505 1684
cat_boundaries=0 1
cat_threshold=5
is_linear=0
shrinkage=0.0321881


Tree=885
num_leaves=4
num_cat=0
split_feature=12 32 15
split_gain=7.11225 18.0333 24.9177
threshold=35.154787267797374 0.19165421895951321 1.0730382605625328
decision_type=10 2 10
left_child=-1 2 -2
right_child=1 -3 -4
leaf_value=-0.0016883933993562953 -0.011479161007644949 0.016372449858774393 0.0049106623946732295
leaf_weight=1382.8054419795849 135.17137172832008 83.574982717957027 330.42404891162641
leaf_count=40760 1935 4694 11381
internal_value=-0.000429471 0.00262391 1.22299e-05
internal_weight=1931.98 549.17 465.595
internal_count=58770 18010 13316
is_linear=0
shrinkage=0.0321881


Tree=886
num_leaves=4
num_cat=0
split_feature=30 10 2
split_gain=5.79613 16.6852 19.7215
threshold=0.85810055626555137 10658.514893876809 46.86595235043854
decision_type=2 2 2
left_child=-1 2 -2
right_child=1 -3 -4
leaf_value=0.00023169940875375402 -0.014962351225478491 0.0031540497568869285 0.01888504456845012
leaf_weight=1593.5552944110523 160.9701419732819 150.24578612807636 18.274395439133514
leaf_count=51773 3310 3047 256
internal_value=-0.000534221 -0.00442921 -0.0111363
internal_weight=1923.05 329.49 179.245
internal_count=58386 6613 3566
is_linear=0
shrinkage=0.0321881


Tree=887
num_leaves=4
num_cat=1
split_feature=8 11 44
split_gain=6.66676 14.0287 29.1481
threshold=1468.8064034597828 19.43112720494247 0
decision_type=2 10 9
left_child=1 2 -1
right_child=-2 -3 -4
leaf_value=0.002220543908398306 0.0029626692155525873 0.00048535849412175921 -0.015354692777825713
leaf_weight=185.72928225315991 496.75482415956503 1050.6468935566745 185.497200920252
leaf_count=6156 7714 38569 6007
internal_value=-0.000206752 -0.00135914 -0.00674789
internal_weight=1918.63 1421.87 371.226
internal_count=58446 50732 12163
cat_boundaries=0 1
cat_threshold=401490
is_linear=0
shrinkage=0.0321881


Tree=888
num_leaves=4
num_cat=0
split_feature=0 2 17
split_gain=7.83206 14.6273 10.9366
threshold=1480.3143251157132 22.333973094067257 5.9260841798470789
decision_type=2 2 10
left_child=-1 -2 -3
right_child=1 2 -4
leaf_value=0.00092197220226749893 -0.025890308393558194 -0.0070381702002951709 0.016559590998405427
leaf_weight=1794.6455603339291 32.432475517474813 81.212566908332519 26.520266775536584
leaf_count=55694 929 1507 569
internal_value=0.000317899 -0.00695137 -0.000615667
internal_weight=1934.81 140.165 107.733
internal_count=58699 3005 2076
is_linear=0
shrinkage=0.0321881


Tree=889
num_leaves=4
num_cat=2
split_feature=10 44 44
split_gain=7.9286 37.7268 28.0537
threshold=7783.2294589021849 0 1
decision_type=2 9 9
left_child=1 -1 -2
right_child=2 -3 -4
leaf_value=0.020079568507922099 -0.02128002688405119 -0.0066938631925994229 0.0019976092924591207
leaf_weight=51.094195474172011 45.378977676492013 460.10364861933431 1351.2266911920269
leaf_count=472 4906 15308 37884
internal_value=-0.000166158 -0.00362353 0.00105414
internal_weight=1907.8 511.198 1396.61
internal_count=58570 15780 42790
cat_boundaries=0 1 2
cat_threshold=68 524356
is_linear=0
shrinkage=0.0321881


Tree=890
num_leaves=4
num_cat=0
split_feature=11 12 5
split_gain=6.08883 23.471 21.6212
threshold=27.682744040466307 30.521279168580445 3.7107696305153692
decision_type=8 8 2
left_child=-1 2 -2
right_child=1 -3 -4
leaf_value=0.00074457893975134822 0 -0.0084233813723831683 0.038091496728549223
leaf_weight=1602.210913943517 40.647271457959505 264.78866174788709 22.739326921495376
leaf_count=45462 4437 8051 629
internal_value=-4.02558e-05 -0.00406368 0.0131108
internal_weight=1930.39 328.175 63.3866
internal_count=58579 13117 5066
is_linear=0
shrinkage=0.0321881


Tree=891
num_leaves=4
num_cat=0
split_feature=14 17 4
split_gain=7.65978 10.8612 11.785
threshold=187.04347919303805 4.1128981467007479 1389.2982487335967
decision_type=10 10 2
left_child=1 2 -1
right_child=-2 -3 -4
leaf_value=-0.0058943412383452611 0.00088691036841277639 -0.023902435422658967 0.012341580923320657
leaf_weight=203.35209555533584 1639.1807376479505 28.528662476835962 43.111724255853915
leaf_count=6154 41280 9627 1562
internal_value=1.97045e-05 -0.00491445 -0.00243752
internal_weight=1914.17 274.992 246.464
internal_count=58623 17343 7716
is_linear=0
shrinkage=0.0321881


Tree=892
num_leaves=4
num_cat=0
split_feature=21 14 11
split_gain=6.45281 20.9097 20.3666
threshold=271.93020559069799 70.896386462090774 31.138857706818786
decision_type=2 10 8
left_child=1 -1 -2
right_child=2 -3 -4
leaf_value=-0.030743651307760717 0.0011106587495411902 -0.001037544865927635 0.033903962825806301
leaf_weight=24.957908740274434 383.93907054645751 1485.5643643367821 20.8241575508182
leaf_count=1619 8725 47333 716
internal_value=-0.00058038 -0.00157528 0.00297392
internal_weight=1915.29 1510.52 404.763
internal_count=58393 48952 9441
is_linear=0
shrinkage=0.0321881


Tree=893
num_leaves=4
num_cat=1
split_feature=30 44 10
split_gain=6.91646 21.6113 45.7118
threshold=-0.64986720163346667 0 7440.0239825341978
decision_type=2 9 2
left_child=1 -1 -3
right_child=-2 2 -4
leaf_value=0.0033514928293454241 0.0014652081860751294 0.0094751230932860302 -0.017807780396848032
leaf_weight=288.23821482222411 1341.7893113690534 89.744007629874432 199.8951229122149
leaf_count=3526 47091 2148 5926
internal_value=0.000166181 -0.00273926 -0.00882909
internal_weight=1919.67 577.877 289.639
internal_count=58691 11600 8074
cat_boundaries=0 1
cat_threshold=8198
is_linear=0
shrinkage=0.0321881


Tree=894
num_leaves=4
num_cat=1
split_feature=30 10 44
split_gain=8.38929 31.6489 31.118
threshold=-0.56134599785551875 5177.0736815177579 0
decision_type=2 2 9
left_child=1 -1 -3
right_child=-2 2 -4
leaf_value=0.015387639183444246 0.0016471592924035404 0.0017310879572119959 -0.01320560067189407
leaf_weight=83.396917269630649 1264.0825971661056 282.03476197786222 274.36744264874233
leaf_count=1696 44866 3483 8438
internal_value=9.49169e-05 -0.00287188 -0.00572854
internal_weight=1903.88 639.799 556.402
internal_count=58483 13617 11921
cat_boundaries=0 1
cat_threshold=8198
is_linear=0
shrinkage=0.0321881


Tree=895
num_leaves=4
num_cat=0
split_feature=30 10 1
split_gain=5.15725 25.0292 13.2273
threshold=0.85810055626555137 10226.64083111818 19.757611285081001
decision_type=2 2 2
left_child=-1 -2 -3
right_child=1 2 -4
leaf_value=0.00085050773845319803 -0.012612045888825496 0.013401357472386128 -0.0042323490550476104
leaf_weight=1592.9298585557476 163.86854313840558 90.697118366697396 77.868092309625354
leaf_count=52211 3270 2171 1204
internal_value=5.69554e-05 -0.00355196 0.0048837
internal_weight=1925.36 332.434 168.565
internal_count=58856 6645 3375
is_linear=0
shrinkage=0.0321881


Tree=896
num_leaves=4
num_cat=0
split_feature=31 14 32
split_gain=6.74926 14.2183 6.54238
threshold=0.48561012291674893 373.85768219411585 -0.06729085529116613
decision_type=2 8 2
left_child=2 -2 -1
right_child=1 -3 -4
leaf_value=-0.00062965000120124965 -0.022074616697795122 0.00058249133760024472 0.0038207577078290403
leaf_weight=1350.7060449386108 43.538369391053493 68.556334060296649 452.71296181542584
leaf_count=35788 882 1177 20783
internal_value=0 -0.00767868 0.000452579
internal_weight=1915.51 112.095 1803.42
internal_count=58630 2059 56571
is_linear=0
shrinkage=0.0321881


Tree=897
num_leaves=4
num_cat=0
split_feature=10 10 4
split_gain=7.1104 7.6316 32.2587
threshold=17271.189342996648 10918.331178018367 1926.2009943672447
decision_type=2 2 2
left_child=1 2 -1
right_child=-2 -3 -4
leaf_value=0.0022703833322330587 0.016701834818802611 -0.0032331150048449222 -0.021895140376006574
leaf_weight=1101.3659479761682 24.520593518045644 718.89195785571974 59.892177116964376
leaf_count=31051 680 24712 2034
internal_value=-0.000348212 -0.000606525 0.00096499
internal_weight=1904.67 1880.15 1161.26
internal_count=58477 57797 33085
is_linear=0
shrinkage=0.0321881


Tree=898
num_leaves=4
num_cat=1
split_feature=40 40 44
split_gain=6.15964 65.9147 23.3209
threshold=0.92162895631245378 0.11055050241962891 0
decision_type=2 2 9
left_child=1 -1 -2
right_child=2 -3 -4
leaf_value=0.00014739954042949704 -0.017003336923199063 0.036686537909132927 0.00049586312117452975
leaf_weight=1333.036525475301 84.02955670504889 53.118309543137002 451.38655912214745
leaf_count=45598 2871 1152 9113
internal_value=0.000439011 0.00159957 -0.00244608
internal_weight=1921.57 1386.15 535.416
internal_count=58734 46750 11984
cat_boundaries=0 1
cat_threshold=1573444
is_linear=0
shrinkage=0.0321881


Tree=899
num_leaves=4
num_cat=1
split_feature=37 44 6
split_gain=6.31292 8.80801 14.4555
threshold=0.0018230237971645499 0 134.26180404365746
decision_type=2 9 2
left_child=1 2 -1
right_child=-2 -3 -4
leaf_value=0.0028540609928610424 -0.0021890081411929706 -0.002037730079659079 0.028619516662958023
leaf_weight=618.34643714581125 872.57961979601441 415.57251226154585 23.985301157845242
leaf_count=18304 26986 12979 406
internal_value=-0.000132536 0.0015036 0.00386534
internal_weight=1930.48 1057.9 642.332
internal_count=58675 31689 18710
cat_boundaries=0 1
cat_threshold=270933
is_linear=0
shrinkage=0.0321881


Tree=900
num_leaves=4
num_cat=0
split_feature=31 21 5
split_gain=6.57412 12.2294 19.4488
threshold=-0.50349557039772719 266.85206246494369 3.2530132664856355
decision_type=2 2 2
left_child=-1 -2 -3
right_child=1 2 -4
leaf_value=-0.0017865007825497916 8.1147621754097949e-06 0.0048407003663694884 0.033615882843859336
leaf_weight=1042.1455276907859 695.36168714581981 142.70907052930852 29.720403576036915
leaf_count=42584 13587 1979 318
internal_value=-3.08526e-05 0.00200407 0.00967329
internal_weight=1909.94 867.791 172.429
internal_count=58468 15884 2297
is_linear=0
shrinkage=0.0321881


Tree=901
num_leaves=4
num_cat=1
split_feature=42 32 22
split_gain=5.79393 16.3403 19.2281
threshold=0 -0.63080660254010346 300.38285117615641
decision_type=9 2 2
left_child=-1 2 -2
right_child=1 -3 -4
leaf_value=0.0002920214964065502 -0.016884975386752921 -0.019850057413228692 0.016017852489611597
leaf_weight=1783.3744591163645 29.585030884895787 57.88314366166378 45.750541751345736
leaf_count=55984 542 1535 505
internal_value=-0.000173799 -0.00641738 0.00224134
internal_weight=1916.59 133.219 75.3356
internal_count=58566 2582 1047
cat_boundaries=0 1
cat_threshold=393814
is_linear=0
shrinkage=0.0321881


Tree=902
num_leaves=4
num_cat=0
split_feature=33 10 33
split_gain=11.4129 36.2861 35.4335
threshold=0.083783993665815196 14659.935559381729 0.35070079377959323
decision_type=2 2 2
left_child=-1 2 -2
right_child=1 -3 -4
leaf_value=-0.00067203429190307187 0.013944431710805739 0.045573814733050812 -0.01934525574211644
leaf_weight=1753.8512588434332 91.967075840976577 22.998345506606711 50.955116210823689
leaf_count=48000 2287 1186 7360
internal_value=5.82445e-05 0.00815089 0.00161859
internal_weight=1919.77 165.921 142.922
internal_count=58833 10833 9647
is_linear=0
shrinkage=0.0321881


Tree=903
num_leaves=4
num_cat=0
split_feature=40 40 7
split_gain=7.06579 64.8384 23.1897
threshold=0.92162895631245378 0.11055050241962891 8830.9260311549606
decision_type=2 2 2
left_child=1 -1 -2
right_child=2 -3 -4
leaf_value=-0.00020489614878900898 -0.0055674508738943048 0.03455773723591906 0.015924974223049639
leaf_weight=1329.7688841876648 478.30346300276869 57.638191232337704 57.013242322471342
leaf_count=45336 10834 1149 1274
internal_value=0 0.00119903 -0.00315346
internal_weight=1922.72 1387.41 535.317
internal_count=58593 46485 12108
is_linear=0
shrinkage=0.0321881


Tree=904
num_leaves=4
num_cat=0
split_feature=22 38 38
split_gain=5.73994 7.5443 15.0595
threshold=927.2245372963456 0.97475869137936988 0.10213342004371834
decision_type=2 2 2
left_child=1 2 -1
right_child=-2 -3 -4
leaf_value=0.00043071282016395507 0.015476509017708345 -0.0058600951361394669 0.0080372499613089732
leaf_weight=1651.8830186482874 27.508014800143428 167.10533355044754 68.302445237146458
leaf_count=53472 464 3461 1400
internal_value=0.000846884 0.000597991 0.0012631
internal_weight=1914.8 1887.29 1720.19
internal_count=58797 58333 54872
is_linear=0
shrinkage=0.0321881


Tree=905
num_leaves=4
num_cat=0
split_feature=14 1 4
split_gain=6.82575 15.5372 14.6272
threshold=191.50704697384788 27.535032705200848 1379.3597171304625
decision_type=10 2 2
left_child=1 2 -1
right_child=-2 -3 -4
leaf_value=-0.010987428630936115 0.0011743679786374924 0.014649023157391354 0.0078714268378208448
leaf_weight=208.01387863632226 1620.962669999642 37.400623183115385 49.353501472746757
leaf_count=13799 39468 445 4983
internal_value=0.000324191 -0.00413231 -0.00711983
internal_weight=1915.73 294.768 257.367
internal_count=58695 19227 18782
is_linear=0
shrinkage=0.0321881


Tree=906
num_leaves=4
num_cat=0
split_feature=11 12 10
split_gain=5.93977 37.3357 23.7265
threshold=27.7460316976216 30.521279168580445 13265.988080742882
decision_type=8 8 2
left_child=-1 -2 -3
right_child=1 2 -4
leaf_value=0.00077588231710449867 0.017026591323650107 -0.015510236274930124 0.0077372616463845098
leaf_weight=1601.6094194671596 66.016947880968928 190.60487618119896 55.507615487833391
leaf_count=45801 4969 6137 1762
internal_value=0 -0.00407607 -0.0100061
internal_weight=1913.74 312.129 246.112
internal_count=58669 12868 7899
is_linear=0
shrinkage=0.0321881


Tree=907
num_leaves=4
num_cat=2
split_feature=41 5 43
split_gain=5.83546 23.0139 28.851
threshold=0 2.7584931222708415 1
decision_type=9 2 9
left_child=1 -1 -3
right_child=-2 2 -4
leaf_value=0.0069851867852541855 -0.0012237319867837194 0.0049435990371417809 -0.023216005297718327
leaf_weight=375.7539970877524 1399.997398481602 74.186530402915196 59.090340795785778
leaf_count=17665 35413 2660 2837
internal_value=-0.000119332 0.002762 -0.00845196
internal_weight=1909.03 509.031 133.277
internal_count=58575 23162 5497
cat_boundaries=0 1 2
cat_threshold=536 73
is_linear=0
shrinkage=0.0321881


Tree=908
num_leaves=4
num_cat=1
split_feature=5 43 5
split_gain=8.9409 6.66912 18.3093
threshold=5.9282675873714767 0 2.7584931222708415
decision_type=2 9 2
left_child=1 2 -1
right_child=-2 -3 -4
leaf_value=0.010868444941420989 0.017829086815842145 -0.0010852959055868529 -0.009783460768656797
leaf_weight=158.40070982573707 28.153710886501358 1674.9169474371602 58.676517425687052
leaf_count=7197 666 48124 2678
internal_value=-5.79313e-05 -0.000359958 0.00476905
internal_weight=1920.15 1891.99 217.077
internal_count=58665 57999 9875
cat_boundaries=0 1
cat_threshold=16
is_linear=0
shrinkage=0.0321881


Tree=909
num_leaves=4
num_cat=0
split_feature=36 40 25
split_gain=6.66849 17.8979 14.5464
threshold=0.81528568745293051 0.73561911766930344 5.1341388970619413
decision_type=2 2 2
left_child=1 -1 -2
right_child=2 -3 -4
leaf_value=0.0064425629897897144 0 -0.045310569504687516 -0.01716215815733781
leaf_weight=262.5662186487325 1584.1093288817428 6.6250329935865002 52.68300818140915
leaf_count=14908 39455 256 3881
internal_value=0.000176217 0.00489374 -0.000561328
internal_weight=1905.98 269.191 1636.79
internal_count=58500 15164 43336
is_linear=0
shrinkage=0.0321881


Tree=910
num_leaves=4
num_cat=0
split_feature=7 4 37
split_gain=7.58104 19.1669 8.19393
threshold=23019.147265529198 812.41272510981787 0.0021207206210043885
decision_type=2 2 2
left_child=2 -2 -1
right_child=1 -3 -4
leaf_value=0.0024245722251082665 0.0029173678815034277 -0.035777963978928164 -0.0018777390123729464
leaf_weight=1033.281378321888 28.616876312666136 20.890978346196789 813.01164174645146
leaf_count=31237 721 876 25711
internal_value=0.000128341 -0.0122233 0.000495566
internal_weight=1895.8 49.5079 1846.29
internal_count=58545 1597 56948
is_linear=0
shrinkage=0.0321881


Tree=911
num_leaves=4
num_cat=1
split_feature=43 2 24
split_gain=6.87912 17.6008 20.5268
threshold=0 27.268910407247503 243.20273522379537
decision_type=9 2 2
left_child=1 2 -1
right_child=-2 -3 -4
leaf_value=-0.006454774583790554 -0.00059357657349381272 0.01921753149073557 0.022746631032852974
leaf_weight=121.80969499651837 1698.7835701662189 67.639761619997444 31.040721018202021
leaf_count=8033 48825 1036 833
internal_value=7.81311e-05 0.00532274 -8.24907e-05
internal_weight=1919.27 220.49 152.85
internal_count=58727 9902 8866
cat_boundaries=0 1
cat_threshold=16
is_linear=0
shrinkage=0.0321881


Tree=912
num_leaves=4
num_cat=0
split_feature=34 15 2
split_gain=5.78361 6.84162 16.2177
threshold=-0.015805754708718034 0.59029067935921387 45.431391299052663
decision_type=2 8 2
left_child=-1 2 -2
right_child=1 -3 -4
leaf_value=-0.0036467600728253375 -0.00020803083354682019 -0.00038903413783435262 0.016561281166539848
leaf_weight=435.17727722145173 163.47772484800953 1219.9939974980862 87.84691546583781
leaf_count=13270 3001 41227 1167
internal_value=-0.000367924 0.000559018 0.00541033
internal_weight=1906.5 1471.32 251.325
internal_count=58665 45395 4168
is_linear=0
shrinkage=0.0321881


Tree=913
num_leaves=4
num_cat=0
split_feature=10 1 25
split_gain=7.37262 9.0482 6.61483
threshold=2884.3670159014696 24.714194716101392 2.7039852032268406
decision_type=2 2 2
left_child=1 -1 -2
right_child=2 -3 -4
leaf_value=-0.025425324315346085 0.0014132926610181794 0.0045261719553429305 -0.003309280279613214
leaf_weight=25.212465588690065 1491.8463699226504 12.337262740475124 382.85952951218633
leaf_count=1886 37322 259 19348
internal_value=9.78495e-05 -0.0139322 0.000414564
internal_weight=1912.26 37.5497 1874.71
internal_count=58815 2145 56670
is_linear=0
shrinkage=0.0321881


Tree=914
num_leaves=4
num_cat=1
split_feature=12 14 44
split_gain=7.38938 18.5234 12.9739
threshold=39.290681434124757 414.57617452097583 0
decision_type=8 8 9
left_child=2 -2 -1
right_child=1 -3 -4
leaf_value=0.0058451945122379037 -0.021252521885185685 0.00081340195080948665 -0.000792405565235108
leaf_weight=378.98293999071939 57.449743970504642 108.56069734915582 1365.7030516101872
leaf_count=18657 5827 2634 31382
internal_value=0 -0.00645904 0.000642475
internal_weight=1910.7 166.01 1744.69
internal_count=58500 8461 50039
cat_boundaries=0 1
cat_threshold=271956
is_linear=0
shrinkage=0.0321881


Tree=915
num_leaves=4
num_cat=0
split_feature=10 39 32
split_gain=7.20505 28.4085 24.4553
threshold=8388.2658694723777 0.91925617272353211 0.69414579585900704
decision_type=2 2 2
left_child=1 -1 -2
right_child=2 -3 -4
leaf_value=0.00035666827804750259 0.0023501625308481903 -0.018498447026341475 -0.0312724576348292
leaf_weight=522.38218966756358 1271.1662395379676 96.858124806429259 22.376059947702743
leaf_count=16471 36478 2104 3641
internal_value=0.000317529 -0.00249567 0.0017137
internal_weight=1912.78 619.24 1293.54
internal_count=58694 18575 40119
is_linear=0
shrinkage=0.0321881


Tree=916
num_leaves=4
num_cat=0
split_feature=40 40 40
split_gain=7.14677 31.7609 38.9625
threshold=0.96440749193780884 0.08981555588664962 0.90139418391849302
decision_type=2 2 2
left_child=1 -1 -3
right_child=-2 2 -4
leaf_value=-0.00056656046327397389 -0.0036200388782735089 0.035595856461409593 0.0023045280105382852
leaf_weight=1309.8182213129107 434.47168046848674 58.150420046902582 109.28192710967414
leaf_count=45179 9932 1379 2325
internal_value=0 0.00107514 0.0142807
internal_weight=1911.72 1477.25 167.432
internal_count=58815 48883 3704
is_linear=0
shrinkage=0.0321881


Tree=917
num_leaves=4
num_cat=0
split_feature=37 22 12
split_gain=7.25587 17.3593 8.60806
threshold=0.022560128788166354 620.01353291344458 42.50423632020312
decision_type=2 2 8
left_child=-1 2 -2
right_child=1 -3 -4
leaf_value=0.00026934015950561777 -0.0073745935810816581 0.020820936723251887 -0.032349208877074834
leaf_weight=1755.5636021029395 103.62930957881872 17.989215242079808 19.709746689197345
leaf_count=53580 3339 426 1294
internal_value=-0.000260997 -0.00728813 -0.0119354
internal_weight=1896.89 141.328 123.339
internal_count=58639 5059 4633
is_linear=0
shrinkage=0.0321881


Tree=918
num_leaves=4
num_cat=0
split_feature=14 22 5
split_gain=6.90236 21.3965 7.80852
threshold=91.373277190208242 620.01353291344458 1.1510629407708208
decision_type=10 2 2
left_child=1 -1 -2
right_child=2 -3 -4
leaf_value=-0.023626383294032591 -0.0016548292134203025 0.019473581062129749 0.0024954578147553378
leaf_weight=41.397889101637702 926.61974830484905 15.009227873932103 939.38473254537257
leaf_count=2370 29137 317 26804
internal_value=3.14776e-05 -0.0110001 0.000400432
internal_weight=1922.41 56.4071 1866
internal_count=58628 2687 55941
is_linear=0
shrinkage=0.0321881


Tree=919
num_leaves=4
num_cat=0
split_feature=11 12 4
split_gain=6.53185 25.5754 21.876
threshold=26.590149874655577 30.7141969967061 1214.3528012055467
decision_type=8 8 2
left_child=-1 2 -2
right_child=1 -3 -4
leaf_value=0.0012504575543837468 0.023354982873940975 -0.0066915114921843504 -0.013301568293740964
leaf_weight=1440.1237120694941 59.775814161388098 384.95816076226311 20.889459541767792
leaf_count=41269 3595 11246 2699
internal_value=0.000147148 -0.00312745 0.0130638
internal_weight=1905.75 465.623 80.6653
internal_count=58809 17540 6294
is_linear=0
shrinkage=0.0321881


Tree=920
num_leaves=4
num_cat=2
split_feature=41 44 0
split_gain=7.42344 29.9389 36.9973
threshold=0 1 142.69425556093827
decision_type=9 9 2
left_child=1 2 -1
right_child=-2 -3 -4
leaf_value=0.055404460964082143 -0.001343139429836862 -0.0027829649031672903 0.0084024409492041638
leaf_weight=20.428409624431879 1441.1883488314015 296.96141761507806 151.81678131826629
leaf_count=1630 35772 18529 2453
internal_value=-0.000166499 0.00326974 0.0136247
internal_weight=1910.39 469.207 172.245
internal_count=58384 22612 4083
cat_boundaries=0 1 2
cat_threshold=520 135686
is_linear=0
shrinkage=0.0321881


Tree=921
num_leaves=4
num_cat=0
split_feature=16 17 1
split_gain=5.86387 9.88746 9.28902
threshold=67.08822237831663 3.8433448457269432 4.8475256227508687
decision_type=8 10 2
left_child=1 -1 -2
right_child=2 -3 -4
leaf_value=-0.0025022139364061819 0.0098492762546488026 -0.028591919884241392 0
leaf_weight=153.26079623975238 105.99683985642332 17.718923765636646 1615.296510540491
leaf_count=4510 15105 13055 25378
internal_value=3.07637e-05 -0.00561377 0.000629141
internal_weight=1892.27 170.98 1721.29
internal_count=58048 17565 40483
is_linear=0
shrinkage=0.0321881


Tree=922
num_leaves=4
num_cat=1
split_feature=10 42 10
split_gain=7.84756 5.93356 14.9022
threshold=2084.1286033008514 0 8478.2067758064386
decision_type=2 9 2
left_child=-1 -2 -3
right_child=1 2 -4
leaf_value=-0.022195066686989156 0.00048223073317810465 0.0066328887663385586 -0.015113717510741996
leaf_weight=16.460606809684123 1756.109529846015 47.90798291460851 85.08272462513014
leaf_count=1196 54945 836 1729
internal_value=-0.000223151 0 -0.00632883
internal_weight=1905.56 1889.1 132.991
internal_count=58706 57510 2565
cat_boundaries=0 1
cat_threshold=393302
is_linear=0
shrinkage=0.0321881


Tree=923
num_leaves=4
num_cat=0
split_feature=9 34 14
split_gain=5.69843 5.48464 7.00707
threshold=24.41004946372 0.99754776100467057 298.17712055159183
decision_type=10 2 10
left_child=1 2 -1
right_child=-2 -3 -4
leaf_value=-0.0019143010055005306 -0.021452462399357296 -0.010994207804614246 0.0020857346732972076
leaf_weight=787.29273276440153 12.610684150736232 45.020260399222025 1054.5179366014709
leaf_count=39936 456 1587 16492
internal_value=-7.60679e-05 3.57252e-05 0.000341292
internal_weight=1899.44 1886.83 1841.81
internal_count=58471 58015 56428
is_linear=0
shrinkage=0.0321881


Tree=924
num_leaves=4
num_cat=0
split_feature=10 21 36
split_gain=5.81859 5.94591 18.5872
threshold=17534.030638826855 86.770696439780679 0.88315754986673267
decision_type=2 2 2
left_child=1 2 -1
right_child=-2 -3 -4
leaf_value=-0.0016179821287629235 0.018159612871855701 0.00072587605642522991 -0.013295443699720248
leaf_weight=188.8324585267419 18.000522471067598 1527.5650332776731 153.27252254666791
leaf_count=13298 474 36317 8349
internal_value=4.44283e-05 -9.81952e-05 -0.00396184
internal_weight=1887.67 1869.67 342.105
internal_count=58438 57964 21647
is_linear=0
shrinkage=0.0321881


Tree=925
num_leaves=4
num_cat=1
split_feature=32 44 7
split_gain=6.18673 28.2626 33.3092
threshold=-0.11156336504764071 0 7074.2383150101186
decision_type=2 9 2
left_child=-1 2 -2
right_child=1 -3 -4
leaf_value=-0.0013537557641076126 0.0095831360622168522 -0.001578508374872951 0.060924799297643648
leaf_weight=1385.8972165032383 114.90931585797534 390.26947346579846 15.558838547964113
leaf_count=35959 8712 12912 1043
internal_value=-0.000198848 0.0027518 0.0151346
internal_weight=1906.63 520.738 130.468
internal_count=58626 22667 9755
cat_boundaries=0 1
cat_threshold=266756
is_linear=0
shrinkage=0.0321881


Tree=926
num_leaves=4
num_cat=1
split_feature=30 5 44
split_gain=5.57083 20.289 20.3849
threshold=-0.91712797388717104 1.9175927425909514 0
decision_type=2 2 9
left_child=1 2 -1
right_child=-2 -3 -4
leaf_value=0.0071145178312978005 2.8486041174112318e-05 -0.017185221647218689 -0.018793420336385307
leaf_weight=135.59894201828865 1650.1330476965431 91.91427341542294 29.538645214150165
leaf_count=1832 53955 1659 1112
internal_value=-0.000620157 -0.00502784 0.00136864
internal_weight=1907.18 257.052 165.138
internal_count=58558 4603 2944
cat_boundaries=0 1
cat_threshold=7
is_linear=0
shrinkage=0.0321881


Tree=927
num_leaves=4
num_cat=1
split_feature=39 10 44
split_gain=5.95628 27.8544 34.5615
threshold=0.95091390097265771 6770.6216642303216 0
decision_type=2 2 9
left_child=-1 -2 -3
right_child=1 2 -4
leaf_value=0.00098467445420458025 -0.02590093238659914 0.0095015104261660654 -0.01215104765660178
leaf_weight=1565.9354868118962 49.753599026538723 165.76278167947021 124.67396311077027
leaf_count=51756 1240 3267 2600
internal_value=0.000113635 -0.00370666 0
internal_weight=1906.13 340.19 290.437
internal_count=58863 7107 5867
cat_boundaries=0 1
cat_threshold=267265
is_linear=0
shrinkage=0.0321881


Tree=928
num_leaves=4
num_cat=0
split_feature=1 14 23
split_gain=5.95208 6.61321 14.4485
threshold=35.626922585971002 290.03175749903522 103.93452785448572
decision_type=2 10 2
left_child=1 2 -1
right_child=-2 -3 -4
leaf_value=-0.0031049761835113382 -0.018848751289638279 0.0017662370332021779 0.019561433911848034
leaf_weight=720.37760602503522 16.937380664574448 1135.174708371982 29.548495818220545
leaf_count=39781 235 17997 398
internal_value=0 0.000185941 -0.00212107
internal_weight=1902.04 1885.1 749.926
internal_count=58411 58176 40179
is_linear=0
shrinkage=0.0321881


Tree=929
num_leaves=4
num_cat=1
split_feature=31 30 44
split_gain=6.71565 8.5744 17.4906
threshold=-0.9876575045453263 -0.91712797388717104 0
decision_type=2 2 9
left_child=-1 2 -2
right_child=1 -3 -4
leaf_value=-0.0059609036061710899 0.0037833825611539359 0.0018245992611393557 -0.01206839183579665
leaf_weight=163.88491332902549 129.36890360491816 1475.44757372921 136.07666956878438
leaf_count=9254 1590 44724 3039
internal_value=0.000216763 0.000835633 -0.00441841
internal_weight=1904.78 1740.89 265.446
internal_count=58607 49353 4629
cat_boundaries=0 1
cat_threshold=6
is_linear=0
shrinkage=0.0321881


Tree=930
num_leaves=4
num_cat=0
split_feature=7 22 33
split_gain=7.29393 27.9025 29.3399
threshold=3663.1434815508646 236.79057700828 -0.67525024714907056
decision_type=2 2 2
left_child=-1 -2 -3
right_child=1 2 -4
leaf_value=-0.0009464700266261655 -0.0081651847668155423 -0.00039544618928506541 0.015550180307436112
leaf_weight=1277.563181488134 158.31131027118909 231.68236913855435 228.93533653499253
leaf_count=40664 7676 6071 4151
internal_value=0.000404441 0.00329509 0.00737429
internal_weight=1896.49 618.929 460.618
internal_count=58562 17898 10222
is_linear=0
shrinkage=0.0321881


Tree=931
num_leaves=4
num_cat=1
split_feature=39 39 44
split_gain=6.11717 21.6112 20.0188
threshold=0.95091390097265771 0.16029280780750715 0
decision_type=2 2 9
left_child=1 2 -1
right_child=-2 -3 -4
leaf_value=-0.017100931272531213 -0.0037053267006974424 0.020754315073853148 0.0010746691457070884
leaf_weight=55.249892880567131 343.93930361307866 55.342685462223017 1453.397960268409
leaf_count=18852 7202 1148 31444
internal_value=0.000140227 0.00102706 0.000258034
internal_weight=1907.93 1563.99 1508.65
internal_count=58646 51444 50296
cat_boundaries=0 1
cat_threshold=787456
is_linear=0
shrinkage=0.0321881


Tree=932
num_leaves=4
num_cat=0
split_feature=23 10 30
split_gain=6.92479 7.04842 28.1055
threshold=-3.1823866466597512 10387.160782791672 0.84153012227638502
decision_type=2 2 2
left_child=-1 2 -2
right_child=1 -3 -4
leaf_value=-0.016519511257471687 0.0047754166707511952 -0.0016274459746767756 -0.0080030963117461527
leaf_weight=24.70121955277591 857.51436927802206 841.72744980907373 172.81279956849448
leaf_count=1393 25600 27990 3504
internal_value=0.00025589 0.000513319 0.002324
internal_weight=1896.76 1872.05 1030.33
internal_count=58487 57094 29104
is_linear=0
shrinkage=0.0321881


Tree=933
num_leaves=4
num_cat=0
split_feature=30 5 10
split_gain=5.67018 24.2611 33.7289
threshold=0.70285208003036703 2.2165721628880646 8430.7082640551107
decision_type=2 2 2
left_child=-1 -2 -3
right_child=1 2 -4
leaf_value=0.0012097209062372498 -0.0076826892845004305 -0.019568817606763354 0.017325817213153429
leaf_weight=1426.2095939786414 331.45659259479544 32.27261926250867 106.01742614894283
leaf_count=48047 7916 809 1806
internal_value=0.000167905 -0.00285867 0.00823721
internal_weight=1895.96 469.747 138.29
internal_count=58578 10531 2615
is_linear=0
shrinkage=0.0321881


Tree=934
num_leaves=4
num_cat=1
split_feature=42 17 12
split_gain=6.41931 11.1626 12.182
threshold=0 5.0914253233942253 24.122546536854035
decision_type=9 10 8
left_child=1 2 -1
right_child=-2 -3 -4
leaf_value=0.00325673486228833 -0.00017250748643318295 -0.0072349702554219877 0.034087044874154274
leaf_weight=38.737156931441859 1812.4979890234022 25.405676768852572 25.474548248530482
leaf_count=543 57159 588 375
internal_value=0.000231138 0.00819027 0.0165566
internal_weight=1902.12 89.6174 64.2117
internal_count=58665 1506 918
cat_boundaries=0 1
cat_threshold=131188
is_linear=0
shrinkage=0.0321881


Tree=935
num_leaves=4
num_cat=0
split_feature=8 33 11
split_gain=5.45279 13.9762 14.6285
threshold=1428.2754903467096 -0.62312731716042757 13.167783517206177
decision_type=2 2 10
left_child=-1 -2 -3
right_child=1 2 -4
leaf_value=-0.0011514912517950314 -0.0019506515965152019 0.016770535779534419 0.00012523525135028197
leaf_weight=1396.6616185483249 279.7847439543184 114.88323160709115 119.28611475565049
leaf_count=50524 4203 1975 1909
internal_value=-7.61189e-05 0.0027215 0.00857182
internal_weight=1910.62 513.954 234.169
internal_count=58611 8087 3884
is_linear=0
shrinkage=0.0321881


Tree=936
num_leaves=4
num_cat=0
split_feature=38 8 10
split_gain=6.43888 7.32004 16.057
threshold=-0.034814357096681341 1071.91048814501 5101.7131875125024
decision_type=2 2 2
left_child=-1 2 -2
right_child=1 -3 -4
leaf_value=-0.0062762797457764459 0.009532485079773419 0.0036094065526285028 -0.002197394763085633
leaf_weight=149.20649976803634 135.93480593563254 591.39695593580473 1023.0568863970634
leaf_count=4876 5160 9632 38803
internal_value=9.64716e-05 0.000676856 -0.000765019
internal_weight=1899.6 1750.39 1158.99
internal_count=58471 53595 43963
is_linear=0
shrinkage=0.0321881


Tree=937
num_leaves=4
num_cat=0
split_feature=40 40 40
split_gain=6.33185 19.7957 35.3017
threshold=0.96709231042746524 0.084776385336674726 0.90139418391849302
decision_type=2 2 2
left_child=1 -1 -3
right_child=-2 2 -4
leaf_value=-0.00067047337215290549 -0.0038029559768164227 0.030141624257647565 0
leaf_weight=1303.6162490089068 419.01317128149094 62.67063827659149 116.71187701209783
leaf_count=44616 9703 1600 2537
internal_value=-0.000287063 0.000663841 0.0107033
internal_weight=1902.01 1483 179.383
internal_count=58456 48753 4137
is_linear=0
shrinkage=0.0321881


Tree=938
num_leaves=4
num_cat=0
split_feature=15 16 1
split_gain=7.88096 14.7256 12.7759
threshold=0.58147691535389079 59.868804461344617 4.8475256227508687
decision_type=8 8 2
left_child=-1 -2 -3
right_child=1 2 -4
leaf_value=0.0042745478244366353 -0.027795935707738705 0.0093456125595138204 -0.001789308930100784
leaf_weight=307.00583464715055 21.436446712163615 113.91004523640777 1443.4276307378823
leaf_count=5147 10749 19517 23153
internal_value=-0.000393318 -0.00134187 -0.000932665
internal_weight=1885.78 1578.77 1557.34
internal_count=58566 53419 42670
is_linear=0
shrinkage=0.0321881


Tree=939
num_leaves=4
num_cat=1
split_feature=42 22 33
split_gain=6.56989 14.9414 15.4533
threshold=0 305.02845405578364 -0.66926628362581708
decision_type=9 2 2
left_child=1 -1 -3
right_child=-2 2 -4
leaf_value=-0.019416149272080498 0.00035844172914588379 -0.0086666571720950027 0.016608999890028543
leaf_weight=58.977225142353745 1783.4756351121887 27.865293757247855 38.655178678920493
leaf_count=1606 56196 437 420
internal_value=-0.000125884 -0.00697665 0.00208283
internal_weight=1908.97 125.498 66.5205
internal_count=58659 2463 857
cat_boundaries=0 1
cat_threshold=17440
is_linear=0
shrinkage=0.0321881


Tree=940
num_leaves=4
num_cat=0
split_feature=14 24 8
split_gain=6.8329 11.4689 24.1363
threshold=179.07199230799992 243.20273522379537 1604.8976161506046
decision_type=10 2 2
left_child=1 2 -1
right_child=-2 -3 -4
leaf_value=-0.024819157421470263 0.00077833876230835972 0.0083814864294434153 -0.00017352823198137177
leaf_weight=64.023438002205694 1675.318405368329 47.746563143489766 127.06908381484391
leaf_count=10397 44449 1360 2579
internal_value=1.89592e-05 -0.00503673 -0.00872854
internal_weight=1914.16 238.839 191.093
internal_count=58785 14336 12976
is_linear=0
shrinkage=0.0321881


Tree=941
num_leaves=4
num_cat=0
split_feature=10 21 29
split_gain=7.24041 26.473 23.2481
threshold=11631.531159539465 49.952146660601919 2.6611013868968842
decision_type=2 2 2
left_child=1 -1 -2
right_child=2 -3 -4
leaf_value=-0.01511795965322078 0.038975396373241329 0.0021412746543374777 -0.0045065788921827398
leaf_weight=99.071486795672172 12.538379520132365 1202.7181269704488 587.46494444081964
leaf_count=10303 1358 27365 19815
internal_value=-0.000532269 0.000776346 -0.00347679
internal_weight=1901.79 1301.79 600.003
internal_count=58841 37668 21173
is_linear=0
shrinkage=0.0321881


Tree=942
num_leaves=4
num_cat=0
split_feature=16 16 22
split_gain=7.87552 7.63915 29.5033
threshold=29.6449854777869 245.74829130066249 604.56229200739074
decision_type=8 8 2
left_child=-1 -2 -3
right_child=1 2 -4
leaf_value=-0.020842793250713622 0.0013229107311176578 -0.022536320709577885 0.035643700520664776
leaf_weight=16.942886549428295 1813.1710086876128 45.946248268664931 10.361213101190513
leaf_count=1140 55178 2036 212
internal_value=0.000696557 0.000928449 -0.0105996
internal_weight=1886.42 1869.48 56.3075
internal_count=58566 57426 2248
is_linear=0
shrinkage=0.0321881


Tree=943
num_leaves=4
num_cat=0
split_feature=26 13 40
split_gain=6.15717 7.94894 7.25697
threshold=0.0063809641396936944 37.043335040291389 0.92162895631245378
decision_type=2 8 2
left_child=1 -1 -2
right_child=2 -3 -4
leaf_value=-0.0011075601578959954 0.0027277931998556534 -0.012196119879920635 -0.0011075601578959954
leaf_weight=373.07965403005892 964.70810789712323 85.051825905088208 454.70815796904935
leaf_count=10825 30376 6905 10456
internal_value=0 -0.00325293 0.00103781
internal_weight=1877.55 458.131 1419.42
internal_count=58562 17730 40832
is_linear=0
shrinkage=0.0321881


Tree=944
num_leaves=4
num_cat=0
split_feature=10 33 3
split_gain=6.71405 22.655 15.3735
threshold=16182.926673167327 -0.35704395473402145 156.39545322730638
decision_type=2 2 2
left_child=-1 -2 -3
right_child=1 2 -4
leaf_value=9.8750968286364678e-05 -0.00053442175290669184 0.066749488293734671 0.0041798170438649557
leaf_weight=1824.3882230310901 48.304114143747029 10.227265373949196 10.659285101392014
leaf_count=56224 1506 253 535
internal_value=0.000507949 0.0103429 0.0382379
internal_weight=1893.58 69.1907 20.8866
internal_count=58518 2294 788
is_linear=0
shrinkage=0.0321881


Tree=945
num_leaves=4
num_cat=0
split_feature=37 6 4
split_gain=6.83575 7.22108 17.0586
threshold=-0.015936956812167457 33.701476444079027 340.37852815665525
decision_type=2 2 2
left_child=-1 -2 -3
right_child=1 2 -4
leaf_value=-0.0048383437290294498 0.0019923712187797375 0.0046666705037447199 -0.0084948603631257585
leaf_weight=265.15549237831601 1230.9870909604529 169.97271843425733 241.31986500530911
leaf_count=8129 39061 3022 8607
internal_value=-1.30998e-05 0.000727771 -0.00290134
internal_weight=1907.44 1642.28 411.293
internal_count=58819 50690 11629
is_linear=0
shrinkage=0.0321881


Tree=946
num_leaves=4
num_cat=0
split_feature=31 21 36
split_gain=7.23911 12.3347 12.8937
threshold=0.45487202894441492 269.30773788945743 0.81528568745293051
decision_type=2 2 2
left_child=-1 2 -2
right_child=1 -3 -4
leaf_value=0.00066941112243102394 0.00045805017331862729 0.013376107524649536 -0.019020794169715562
leaf_weight=1771.6871462174549 21.178373534123239 21.229295951809036 79.515774805460751
leaf_count=56063 605 229 1417
internal_value=0.000113884 -0.00742281 -0.01246
internal_weight=1893.61 121.923 100.694
internal_count=58314 2251 2022
is_linear=0
shrinkage=0.0321881


Tree=947
num_leaves=4
num_cat=0
split_feature=3 23 31
split_gain=6.87116 8.64811 7.45739
threshold=68.27278026214195 26.671676777812419 -0.78813266157992856
decision_type=2 2 2
left_child=1 -1 -2
right_child=2 -3 -4
leaf_value=-0.021096889732308586 -0.0021711403269527654 0.00086018333495223353 0.00205672622237004
leaf_weight=35.025032049742549 682.97248413086618 28.36661111691501 1152.2599528206401
leaf_count=1044 32235 389 24850
internal_value=5.47799e-05 -0.0103039 0.000448568
internal_weight=1898.62 63.3916 1835.23
internal_count=58518 1433 57085
is_linear=0
shrinkage=0.0321881


Tree=948
num_leaves=4
num_cat=0
split_feature=7 12 32
split_gain=6.98381 6.38296 19.3543
threshold=27470.741187523894 35.459857378764994 0.20058414422637558
decision_type=2 10 2
left_child=1 -1 -3
right_child=-2 2 -4
leaf_value=-0.0011131573343382576 -0.016205802398609009 0.00023916944811402883 0.017611619383679559
leaf_weight=1363.8020022325491 27.614109460194413 428.56253458803803 80.206437823768283
leaf_count=40817 1141 12298 4378
internal_value=-0.000203508 4.82892e-07 0.00310996
internal_weight=1900.19 1872.57 508.769
internal_count=58634 57493 16676
is_linear=0
shrinkage=0.0321881


Tree=949
num_leaves=4
num_cat=1
split_feature=14 42 15
split_gain=8.85071 15.2512 13.0169
threshold=311.82954171595856 0 0.64361318120334643
decision_type=10 9 8
left_child=1 -1 -3
right_child=-2 2 -4
leaf_value=0.01188954410008446 0.0019963210039570072 0.00093673586059412988 -0.0072007948128385239
leaf_weight=59.910995345940137 1039.0055332169941 338.8233325786041 467.21051514104556
leaf_count=1836 16356 5894 34565
internal_value=0 -0.00240939 -0.00365649
internal_weight=1904.95 865.945 806.034
internal_count=58651 42295 40459
cat_boundaries=0 1
cat_threshold=262212
is_linear=0
shrinkage=0.0321881


Tree=950
num_leaves=4
num_cat=0
split_feature=34 10 21
split_gain=6.23487 6.34759 26.4228
threshold=-0.014038127410825645 10729.883978588376 35.643922902001144
decision_type=2 2 2
left_child=-1 2 -2
right_child=1 -3 -4
leaf_value=-0.0030104560029145192 -0.0216453696620038 -0.0012411767604293736 0.0044786649120700231
leaf_weight=473.19492796405666 41.391078962466509 583.64708031142209 785.43338838106501
leaf_count=14610 5894 20039 18127
internal_value=0.00014686 0.00125158 0.00308805
internal_weight=1883.67 1410.47 826.824
internal_count=58670 44060 24021
is_linear=0
shrinkage=0.0321881


Tree=951
num_leaves=4
num_cat=0
split_feature=32 20 33
split_gain=5.60694 11.5406 17.0992
threshold=0.62633384631382116 28.98420293302777 -0.35704395473402145
decision_type=2 2 2
left_child=-1 -2 -3
right_child=1 2 -4
leaf_value=0.00021508948916050522 -0.025529080791821979 -0.011653235836902578 0.02906433991468562
leaf_weight=1850.6092480786456 26.685414830526497 13.348236925361563 14.641628430475974
leaf_count=52447 5099 643 480
internal_value=-5.19973e-05 -0.010214 0.00222261
internal_weight=1905.28 54.6753 27.9899
internal_count=58669 6222 1123
is_linear=0
shrinkage=0.0321881


Tree=952
num_leaves=4
num_cat=0
split_feature=12 14 4
split_gain=6.14733 16.7324 15.7089
threshold=38.941646933058102 411.0860069901351 133.56163498302578
decision_type=8 8 2
left_child=-1 -2 -3
right_child=1 2 -4
leaf_value=0.00029810607326005093 -0.018701763249248108 0.024376371385161882 -0.0043812133916738515
leaf_weight=1705.487690248317 67.281125729549785 24.133191333166906 97.6559108062429
leaf_count=49621 6323 385 2524
internal_value=-0.000277265 -0.00579767 0.000831568
internal_weight=1894.56 189.07 121.789
internal_count=58853 9232 2909
is_linear=0
shrinkage=0.0321881


Tree=953
num_leaves=4
num_cat=1
split_feature=32 10 44
split_gain=6.85661 19.0963 11.7438
threshold=0.69414579585900704 7889.5692217050737 0
decision_type=2 2 9
left_child=-1 2 -2
right_child=1 -3 -4
leaf_value=0.00020725683780956707 0.020483842113424595 -0.031270051778279337 -0.013651999851078492
leaf_weight=1862.0369712116276 13.609758864928152 25.851311276930574 8.3835939414475451
leaf_count=53307 382 3855 1226
internal_value=-6.90296e-05 -0.0120944 0.00767291
internal_weight=1909.88 47.8447 21.9934
internal_count=58770 5463 1608
cat_boundaries=0 1
cat_threshold=5
is_linear=0
shrinkage=0.0321881


Tree=954
num_leaves=4
num_cat=0
split_feature=1 16 22
split_gain=6.91298 5.57736 15.2174
threshold=35.626922585971002 44.989531579442698 604.56229200739074
decision_type=2 10 2
left_child=1 2 -1
right_child=-2 -3 -4
leaf_value=-0.01639927450363686 -0.020154297453476248 0.00053921348613424145 0.015004708020024547
leaf_weight=61.596674629199242 17.312225105240941 1807.496879640049 19.415901848537032
leaf_count=5555 240 52343 607
internal_value=-1.80399e-05 0.000135335 -0.0080671
internal_weight=1905.82 1888.51 81.0126
internal_count=58745 58505 6162
is_linear=0
shrinkage=0.0321881


Tree=955
num_leaves=4
num_cat=1
split_feature=30 5 41
split_gain=7.57026 18.1606 17.617
threshold=0.85810055626555137 2.4492873040875227 0
decision_type=2 2 9
left_child=-1 -2 -3
right_child=1 2 -4
leaf_value=0.00080795970749790653 -0.0096500974193602772 -0.014666521223209132 0.013036439590644787
leaf_weight=1579.5472756685067 230.53717027127095 21.872777668764684 80.953101872830302
leaf_count=52129 4934 520 1194
internal_value=-8.8358e-05 -0.00452379 0.00634722
internal_weight=1912.91 333.363 102.826
internal_count=58777 6648 1714
cat_boundaries=0 1
cat_threshold=24
is_linear=0
shrinkage=0.0321881


Tree=956
num_leaves=4
num_cat=1
split_feature=32 13 41
split_gain=7.57008 22.1232 20.2669
threshold=0.24234530439845556 37.691792805510246 0
decision_type=2 8 9
left_child=-1 2 -2
right_child=1 -3 -4
leaf_value=-0.00043943441737256673 0.015259730055257452 -0.018424513824002255 -0.006522739601644313
leaf_weight=1672.6643020932888 152.71823807755027 32.065731685280753 52.953763594316115
leaf_count=44483 5979 5308 2832
internal_value=0.000289486 0.00568097 0.00976539
internal_weight=1910.4 237.738 205.672
internal_count=58602 14119 8811
cat_boundaries=0 1
cat_threshold=2584
is_linear=0
shrinkage=0.0321881


Tree=957
num_leaves=4
num_cat=0
split_feature=14 10 5
split_gain=6.93076 19.2804 47.2116
threshold=468.6115946924719 13168.412130736357 1.2773089285681274
decision_type=10 2 2
left_child=-1 2 -2
right_child=1 -3 -4
leaf_value=-0.0010162839653925636 -0.012256176751045981 0.01824181584284643 0.014593165507802193
leaf_weight=1545.1612216416379 148.53837178833055 76.594619495910592 124.51246657903539
leaf_count=52958 2330 1269 2066
internal_value=-5.71227e-05 0.0039974 0
internal_weight=1894.81 349.645 273.051
internal_count=58623 5665 4396
is_linear=0
shrinkage=0.0321881


Tree=958
num_leaves=4
num_cat=1
split_feature=0 33 43
split_gain=6.40159 15.5561 11.187
threshold=1480.3143251157132 -0.88308071037255764 0
decision_type=2 2 9
left_child=2 -2 -1
right_child=1 -3 -4
leaf_value=-0.00036211094244452982 -0.022650120743175867 0 0.0076075249153361949
leaf_weight=1560.2315048509045 43.149691389291547 100.71686462991056 194.96503849126748
leaf_count=45919 906 2109 9747
internal_value=0 -0.00652814 0.000529044
internal_weight=1899.06 143.867 1755.2
internal_count=58681 3015 55666
cat_boundaries=0 1
cat_threshold=13
is_linear=0
shrinkage=0.0321881


Tree=959
num_leaves=4
num_cat=1
split_feature=19 41 10
split_gain=6.42007 5.96144 14.1483
threshold=-2.5894839340737348 0 16182.926673167327
decision_type=2 9 2
left_child=-1 2 -2
right_child=1 -3 -4
leaf_value=-0.0093084028988436839 0.00057063970429281738 -0.0027334184153282688 0.018375617526485283
leaf_weight=78.245325934985431 1246.1399062430887 532.28677332216103 48.332952586775718
leaf_count=4605 36600 15904 1540
internal_value=-0.00028661 6.6114e-05 0.00127801
internal_weight=1905 1826.76 1294.47
internal_count=58649 54044 38140
cat_boundaries=0 1
cat_threshold=2570
is_linear=0
shrinkage=0.0321881


Tree=960
num_leaves=4
num_cat=0
split_feature=26 10 1
split_gain=6.86304 18.4451 10.3204
threshold=1.4308871045648688 13474.729187266601 11.916634794828534
decision_type=2 2 2
left_child=2 -2 -1
right_child=1 -3 -4
leaf_value=-0.0057828748243543724 0.0039755588381026044 0.032590967399744444 0.00092302984306096925
leaf_weight=282.19492307703467 86.374311757856049 25.928427391787409 1489.3791434138548
leaf_count=33541 1580 480 22873
internal_value=0.00034439 0.00806096 -0.000109839
internal_weight=1883.88 112.303 1771.57
internal_count=58474 2060 56414
is_linear=0
shrinkage=0.0321881


Tree=961
num_leaves=4
num_cat=0
split_feature=36 22 10
split_gain=6.02629 23.92 18.278
threshold=0.81528568745293051 239.31050887682866 14196.84237228774
decision_type=2 2 2
left_child=1 2 -1
right_child=-2 -3 -4
leaf_value=-0.0061220722877275563 -0.0011477401193241016 0.022232965059650858 0.010706974276444204
leaf_weight=167.55402946761478 1618.3310462600939 58.496761067064654 36.899019898546612
leaf_count=11827 43112 1353 1965
internal_value=-0.000382412 0.0040826 -0.000819017
internal_weight=1881.28 262.95 204.453
internal_count=58257 15145 13792
is_linear=0
shrinkage=0.0321881


Tree=962
num_leaves=4
num_cat=1
split_feature=10 10 44
split_gain=6.30534 5.45436 36.753
threshold=1842.891058164804 10346.476999863915 0
decision_type=2 2 9
left_child=-1 -2 -3
right_child=1 2 -4
leaf_value=-0.022900077880877126 0.0014349145655492932 0.00067483116583938636 -0.017902126314725743
leaf_weight=12.506668102399088 1017.9553632286584 730.8984864670947 118.69817210456813
leaf_count=927 28727 21243 7655
internal_value=-0.000305904 -0.000117608 -0.00205261
internal_weight=1880.06 1867.55 849.597
internal_count=58552 57625 28898
cat_boundaries=0 1
cat_threshold=394259
is_linear=0
shrinkage=0.0321881


Tree=963
num_leaves=4
num_cat=0
split_feature=14 30 25
split_gain=7.22792 19.8935 22.4197
threshold=276.8885260629786 -0.36270989401536929 16.901950998879482
decision_type=10 2 2
left_child=1 2 -1
right_child=-2 -3 -4
leaf_value=-0.011836514375465571 0.0014176723827094399 0.0014375311453526411 0.03615108515678761
leaf_weight=249.89940250679138 1209.2864708651159 425.47079562832732 9.6923419217719111
leaf_count=9449 19273 28494 1346
internal_value=-4.43533e-05 -0.00271769 -0.00976834
internal_weight=1894.35 685.063 259.592
internal_count=58562 39289 10795
is_linear=0
shrinkage=0.0321881


Tree=964
num_leaves=4
num_cat=0
split_feature=25 36 10
split_gain=5.64102 14.1983 14.2939
threshold=4.8609136943998781 0.88315754986673267 9714.830039206392
decision_type=2 2 2
left_child=-1 2 -2
right_child=1 -3 -4
leaf_value=0.00043654181706069306 -0.013329359766729328 -0.018767711179789506 0.0099204188406613047
leaf_weight=1706.9878209438066 44.292646367625821 57.199798884233132 69.99090772539239
leaf_count=44881 4178 4158 5317
internal_value=-8.82785e-05 -0.00567678 0.000344439
internal_weight=1878.47 171.483 114.284
internal_count=58534 13653 9495
is_linear=0
shrinkage=0.0321881


Tree=965
num_leaves=4
num_cat=0
split_feature=31 23 10
split_gain=5.6356 12.2864 18.0267
threshold=-0.78813266157992856 103.93452785448572 10270.683479787551
decision_type=2 2 2
left_child=1 2 -1
right_child=-2 -3 -4
leaf_value=0.00052077486962400161 0.00072041610255182997 0.018520879907854521 -0.010143920030267761
leaf_weight=381.39384826967489 1204.8861487591394 25.409681848832406 274.9124006153379
leaf_count=15757 26214 320 16270
internal_value=-0.000560769 -0.00291804 -0.00385147
internal_weight=1886.6 681.716 656.306
internal_count=58561 32347 32027
is_linear=0
shrinkage=0.0321881


Tree=966
num_leaves=4
num_cat=0
split_feature=3 14 12
split_gain=5.77947 7.84215 6.15786
threshold=302.55776645376608 379.6585124117791 39.290681434124757
decision_type=2 10 10
left_child=2 -2 -1
right_child=1 -3 -4
leaf_value=0.00097344244052394765 -0.023986371698874236 0 -0.0061646935416282481
leaf_weight=1710.6448345114509 23.740297956625 35.382107070559869 133.59052822656849
leaf_count=50640 398 532 7135
internal_value=6.98155e-05 -0.00977356 0.000421121
internal_weight=1903.36 59.1224 1844.24
internal_count=58705 930 57775
is_linear=0
shrinkage=0.0321881


Tree=967
num_leaves=4
num_cat=1
split_feature=32 44 31
split_gain=6.62908 32.7418 29.894
threshold=-0.37941825886743025 0 -0.62713405422442015
decision_type=2 9 2
left_child=-1 -2 -3
right_child=1 2 -4
leaf_value=-0.0014648851526280588 0.0073585451323616609 -0.018577903105049188 0.0020970002101368067
leaf_weight=1109.4629589943634 500.21640533106438 119.65219155861587 171.51337629187128
leaf_count=28542 19453 7214 3648
internal_value=0.000105092 0.00238633 -0.00598348
internal_weight=1900.84 791.382 291.166
internal_count=58857 30315 10862
cat_boundaries=0 1
cat_threshold=266773
is_linear=0
shrinkage=0.0321881


Tree=968
num_leaves=4
num_cat=0
split_feature=16 12 10
split_gain=7.66435 32.0437 18.7628
threshold=172.4514973262462 35.002807858851959 14135.293445864447
decision_type=10 10 2
left_child=-1 2 -2
right_child=1 -3 -4
leaf_value=-0.00076316948283446713 -0.01264989858853992 0.012516274440707902 0.018618089706082114
leaf_weight=1536.6647255454709 117.28463555432972 211.16907100353274 22.332725364976795
leaf_count=52123 2500 3517 355
internal_value=0.00018169 0.00449994 -0.00716988
internal_weight=1887.45 350.786 139.617
internal_count=58495 6372 2855
is_linear=0
shrinkage=0.0321881


Tree=969
num_leaves=4
num_cat=0
split_feature=34 17 4
split_gain=5.76088 5.5121 16.8203
threshold=-0.03111404995463277 2.8858530552414332 1360.4245674852475
decision_type=2 8 2
left_child=-1 2 -2
right_child=1 -3 -4
leaf_value=-0.0060048675057194157 0.00094659057333292993 0 0.021474083545200296
leaf_weight=137.38754345630696 237.23650422916762 1461.3653773554629 51.985906531794171
leaf_count=4392 4225 49117 752
internal_value=0.000282233 0.000812775 0.00487088
internal_weight=1887.98 1750.59 289.222
internal_count=58486 54094 4977
is_linear=0
shrinkage=0.0321881


Tree=970
num_leaves=4
num_cat=0
split_feature=8 16 15
split_gain=5.90595 13.5212 18.98
threshold=218.02015050276913 175.88074954139276 1.04966375927773
decision_type=2 10 10
left_child=1 -1 -3
right_child=-2 2 -4
leaf_value=-0.0067558785775973665 0.0010581116903449175 -0.0090772004834456556 0.014158910365501234
leaf_weight=332.71647380903096 1402.8609922925034 57.236938136731624 90.994815605226904
leaf_count=21261 34559 1052 1718
internal_value=0 -0.00307439 0.00475755
internal_weight=1883.81 480.948 148.232
internal_count=58590 24031 2770
is_linear=0
shrinkage=0.0321881


Tree=971
num_leaves=4
num_cat=1
split_feature=25 44 4
split_gain=5.82376 13.6067 16.0448
threshold=1.9961499657301354 0 1573.5939362816732
decision_type=2 9 2
left_child=-1 2 -2
right_child=1 -3 -4
leaf_value=0.001545036429652422 0.0055600935646975139 -0.0081534935879975755 -0.013298332967828235
leaf_weight=1353.4296553030745 254.96573292094672 230.8900146405731 55.890087919166945
leaf_count=34470 10879 10498 2824
internal_value=0.000387408 -0.00238656 0.00189622
internal_weight=1895.18 541.746 310.856
internal_count=58671 24201 13703
cat_boundaries=0 1
cat_threshold=393814
is_linear=0
shrinkage=0.0321881


Tree=972
num_leaves=4
num_cat=0
split_feature=22 38 2
split_gain=6.684 7.7301 16.8786
threshold=927.2245372963456 0.9397638200510483 19.067081094403402
decision_type=2 2 2
left_child=1 -1 -3
right_child=-2 2 -4
leaf_value=0.00028650775546247754 0.015430480289979037 0.0075195026324666771 -0.011782469169972476
leaf_weight=1668.2267827569221 27.768924999545561 45.55158648352517 152.69334317930043
leaf_count=54068 467 2602 1559
internal_value=-0.000124009 -0.000391475 -0.00641112
internal_weight=1894.24 1866.47 198.245
internal_count=58696 58229 4161
is_linear=0
shrinkage=0.0321881


Tree=973
num_leaves=4
num_cat=1
split_feature=10 44 5
split_gain=5.81735 40.0387 36.9549
threshold=8194.7033007469381 0 2.1053264369518412
decision_type=2 9 2
left_child=1 2 -1
right_child=-2 -3 -4
leaf_value=0.0027368606352596073 0.0011850985851829679 -0.0077743716767262111 0.042192414404510881
leaf_weight=117.46746413173969 1318.2542408113391 423.90161749016124 32.410446022753604
leaf_count=1951 41062 15169 417
internal_value=0 -0.00269706 0.0110128
internal_weight=1892.03 573.78 149.878
internal_count=58599 17537 2368
cat_boundaries=0 1
cat_threshold=580
is_linear=0
shrinkage=0.0321881


Tree=974
num_leaves=4
num_cat=0
split_feature=15 16 2
split_gain=5.59769 20.0249 26.2472
threshold=0.85122114753308786 88.386462462861473 11.177144273856198
decision_type=10 10 2
left_child=-1 -2 -3
right_child=1 2 -4
leaf_value=-0.0021724733884366937 -0.020663088065259533 0.024644724736489088 0.0010137691522101454
leaf_weight=841.23771745447084 40.376132095657795 51.645985182862205 957.19441901112441
leaf_count=16055 20739 6085 15739
internal_value=-0.000187405 0.00134362 0.00229214
internal_weight=1890.45 1049.22 1008.84
internal_count=58618 42563 21824
is_linear=0
shrinkage=0.0321881


Tree=975
num_leaves=4
num_cat=1
split_feature=22 12 44
split_gain=6.25984 5.19068 19.6854
threshold=927.2245372963456 39.527864276907025 0
decision_type=2 8 9
left_child=1 -1 -3
right_child=-2 2 -4
leaf_value=-0.00013759202881499802 0.014908367181190454 0.0039315525640863285 -0.018317518662301184
leaf_weight=1708.9996156251923 26.630556623829762 81.165601952739962 64.779725287621659
leaf_count=50135 457 3001 5085
internal_value=-0.000417522 -0.000673758 -0.00650607
internal_weight=1881.58 1854.94 145.945
internal_count=58678 58221 8086
cat_boundaries=0 1
cat_threshold=131075
is_linear=0
shrinkage=0.0321881


Tree=976
num_leaves=4
num_cat=1
split_feature=39 44 10
split_gain=6.73008 29.9893 28.7225
threshold=0.95091390097265771 0 9194.1496428442897
decision_type=2 9 2
left_child=-1 2 -2
right_child=1 -3 -4
leaf_value=0.00057212343516573983 -0.020687176892045991 -0.0090405238372566841 0.028762260695667615
leaf_weight=1539.8351207922506 14.549097736016845 275.68909345182328 48.165892345336033
leaf_count=51540 749 4819 1584
internal_value=-0.000294826 -0.00442542 0.0140174
internal_weight=1878.24 338.404 62.715
internal_count=58692 7152 2333
cat_boundaries=0 1
cat_threshold=271616
is_linear=0
shrinkage=0.0321881


Tree=977
num_leaves=4
num_cat=1
split_feature=32 5 41
split_gain=6.83759 30.6219 27.8005
threshold=-0.11156336504764071 3.7107696305153692 0
decision_type=2 2 9
left_child=-1 2 -2
right_child=1 -3 -4
leaf_value=-0.0010254682561094569 0.018020795195289784 -0.018124730044483776 0.00067749651055484762
leaf_weight=1376.9516753153453 132.64555077100795 59.550353965522845 330.96908842571975
leaf_count=35947 7925 2430 12443
internal_value=0.000129679 0.00329077 0.00618671
internal_weight=1900.12 523.165 463.615
internal_count=58745 22798 20368
cat_boundaries=0 1
cat_threshold=520
is_linear=0
shrinkage=0.0321881


Tree=978
num_leaves=4
num_cat=0
split_feature=29 25 22
split_gain=5.69699 9.23335 40.0199
threshold=10.735964421068987 16.901950998879482 65.340485130670814
decision_type=2 2 2
left_child=1 -1 -3
right_child=-2 2 -4
leaf_value=0 -0.0176290678529493 -0.026325462921007514 0.052363586015314004
leaf_weight=1845.6588020545014 18.312555257320582 10.115032861903275 15.811126420710933
leaf_count=50905 3224 4118 288
internal_value=7.09489e-05 0.000280372 0.0192684
internal_weight=1889.9 1871.58 25.9262
internal_count=58535 55311 4406
is_linear=0
shrinkage=0.0321881


Tree=979
num_leaves=4
num_cat=0
split_feature=40 0 32
split_gain=7.66575 4.91365 14.331
threshold=1.0413629532271773 1480.3143251157132 -0.75078522512404289
decision_type=2 2 2
left_child=1 -1 -3
right_child=-2 2 -4
leaf_value=0.0012189865150090688 -0.0099162510292201585 0.0052467869983762244 -0.01510947904539048
leaf_weight=1678.4130577969945 72.592258684890112 64.491575602893136 72.376857939263573
leaf_count=53904 1823 1016 1987
internal_value=0.000266311 0.000709831 -0.00506068
internal_weight=1887.87 1815.28 136.868
internal_count=58730 56907 3003
is_linear=0
shrinkage=0.0321881


Tree=980
num_leaves=4
num_cat=0
split_feature=10 32 2
split_gain=5.77144 22.9175 19.7145
threshold=8246.4242763290658 0.69414579585900704 24.010742018079323
decision_type=2 2 2
left_child=2 -2 -1
right_child=1 -3 -4
leaf_value=-0.016511040172027345 0.0016220186682307789 -0.03076417560818534 -0.00016658787611029626
leaf_weight=92.043995469396577 1268.9625467851492 22.683647736398598 495.39948979501787
leaf_count=10374 36881 3760 7504
internal_value=-0.000168349 0.000998417 -0.00284154
internal_weight=1879.09 1291.65 587.443
internal_count=58519 40641 17878
is_linear=0
shrinkage=0.0321881


Tree=981
num_leaves=4
num_cat=0
split_feature=23 10 16
split_gain=5.94702 4.90105 21.0982
threshold=-2.2681313078646421 12343.667292355289 220.54484673353474
decision_type=2 2 8
left_child=-1 -2 -3
right_child=1 2 -4
leaf_value=-0.011617719336864011 0.0010348518584968741 -0.0050875914010209437 0.019966086706271129
leaf_weight=45.877159325373214 1390.7746826767111 407.54404673043382 37.138198431115597
leaf_count=2783 39887 14890 986
internal_value=-0.000191831 6.0524e-05 -0.00284253
internal_weight=1881.33 1835.46 444.682
internal_count=58546 55763 15876
is_linear=0
shrinkage=0.0321881


Tree=982
num_leaves=4
num_cat=0
split_feature=33 10 22
split_gain=6.43208 17.1426 34.3811
threshold=0.083783993665815196 14196.84237228774 250.07595939669855
decision_type=2 2 2
left_child=-1 2 -2
right_child=1 -3 -4
leaf_value=-0.0010006676500196202 -0.010028694023469033 0.026987494783742166 0.026440414277270945
leaf_weight=1730.6083951865639 92.351158270024371 31.327541116375869 37.396673772731447
leaf_count=47935 8533 1546 714
internal_value=-0.000396396 0.00569304 2.16768e-05
internal_weight=1891.68 161.075 129.748
internal_count=58728 10793 9247
is_linear=0
shrinkage=0.0321881


Tree=983
num_leaves=4
num_cat=0
split_feature=36 40 22
split_gain=6.82072 17.5309 18.3507
threshold=0.88315754986673267 0.95538633589299626 239.31050887682866
decision_type=2 2 2
left_child=1 2 -1
right_child=-2 -3 -4
leaf_value=0.0011238131185437841 -0.00091581593447464583 -0.044469906129269578 0.021463878503792479
leaf_weight=205.66450539439393 1614.4173483804298 6.8182064162101588 62.038401219331718
leaf_count=13790 43248 217 1370
internal_value=-8.50688e-05 0.00456519 0.00609002
internal_weight=1888.94 274.521 267.703
internal_count=58625 15377 15160
is_linear=0
shrinkage=0.0321881


Tree=984
num_leaves=4
num_cat=0
split_feature=34 8 25
split_gain=5.41327 5.82951 14.8298
threshold=-0.03111404995463277 551.76039869562544 16.901950998879482
decision_type=2 2 2
left_child=-1 -2 -3
right_child=1 2 -4
leaf_value=-0.0063411802132965038 -0.0016141354510259625 0.0014125484645587916 0.029913247644115456
leaf_weight=136.97092407135642 834.42943927020042 889.39150724236606 19.42880255867567
leaf_count=4382 36931 15485 1766
internal_value=-0.000164173 0.000285431 0.00209954
internal_weight=1880.22 1743.25 908.82
internal_count=58564 54182 17251
is_linear=0
shrinkage=0.0321881


Tree=985
num_leaves=4
num_cat=0
split_feature=13 16 16
split_gain=5.20576 6.58868 9.03863
threshold=41.352310032245683 180.06433104545249 138.0456193128361
decision_type=10 10 10
left_child=-1 2 -2
right_child=1 -3 -4
leaf_value=0.0001097286355538065 -0.023076680111296793 -0.024189549925654835 0.015628543678965229
leaf_weight=1841.0207722037048 10.169840619225399 20.659280647349078 15.413909842172869
leaf_count=49049 8480 840 364
internal_value=-0.000124658 -0.0107794 0
internal_weight=1887.26 46.243 25.5838
internal_count=58733 9684 8844
is_linear=0
shrinkage=0.0321881


Tree=986
num_leaves=4
num_cat=1
split_feature=7 28 44
split_gain=6.28621 22.1352 12.9392
threshold=4818.4830131142226 0.73454640001210525 0
decision_type=2 2 9
left_child=-1 -2 -3
right_child=1 2 -4
leaf_value=-0.0015084942659230171 -0.0041307821760672497 0.016684345954525979 0.0029210889615324852
leaf_weight=1418.6813704797323 225.27106648770314 123.03057126536442 105.0419582559407
leaf_count=45038 8770 2395 2361
internal_value=-0.000424638 0.00282575 0.00997296
internal_weight=1872.02 453.344 228.073
internal_count=58564 13526 4756
cat_boundaries=0 1
cat_threshold=267330
is_linear=0
shrinkage=0.0321881


Tree=987
num_leaves=4
num_cat=0
split_feature=33 15 32
split_gain=5.80525 20.1212 18.5938
threshold=-0.67525024714907056 1.3020873707252696 -0.39669217685612856
decision_type=2 8 2
left_child=2 -2 -1
right_child=1 -3 -4
leaf_value=-0.0088504155827149322 0.0031276237953860348 -0.025621645206363571 0.0012043437390924841
leaf_weight=253.98930699338143 875.70782031707768 25.363325775602789 734.26518455936548
leaf_count=8115 22591 6738 21377
internal_value=0.000346427 0.0022412 -0.00131688
internal_weight=1889.33 901.071 988.254
internal_count=58821 29329 29492
is_linear=0
shrinkage=0.0321881


Tree=988
num_leaves=4
num_cat=0
split_feature=15 11 16
split_gain=6.54258 15.6355 23.8168
threshold=0.60668565251827877 18.884054864147384 84.950981215064772
decision_type=10 10 10
left_child=-1 -2 -3
right_child=1 2 -4
leaf_value=0.0043436464899707788 -0.0063681437032779807 -0.028974333644171235 0.0021203397438885477
leaf_weight=374.94899688567239 350.65123392984424 25.678221826562094 1136.1477928606337
leaf_count=7233 10325 17764 23236
internal_value=0.000524522 -0.00038068 0.00137252
internal_weight=1887.43 1512.48 1161.83
internal_count=58558 51325 41000
is_linear=0
shrinkage=0.0321881


Tree=989
num_leaves=4
num_cat=0
split_feature=11 15 5
split_gain=6.18205 11.763 15.774
threshold=27.682744040466307 1.1233732958410918 3.8138569935468856
decision_type=8 10 2
left_child=-1 2 -2
right_child=1 -3 -4
leaf_value=0.00056503758888609473 -0.0038254610594039133 -0.012869164889323503 0.019936153476497829
leaf_weight=1563.9698642279159 171.64913906624679 109.60409066145394 34.553889231774519
leaf_count=45520 3664 8796 617
internal_value=-0.000228712 -0.0043586 0
internal_weight=1879.78 315.807 206.203
internal_count=58597 13077 4281
is_linear=0
shrinkage=0.0321881


Tree=990
num_leaves=4
num_cat=1
split_feature=27 32 44
split_gain=5.66986 5.59469 21.5232
threshold=-0.032002762596924909 -0.35186948493555381 0
decision_type=2 2 9
left_child=-1 -2 -3
right_child=1 2 -4
leaf_value=-0.0081084946306189606 -0.0011870702987258743 0.0066884685792115654 -0.0039250368519869443
leaf_weight=87.541653789166503 1070.0056222488756 460.14086640738333 275.06769589672058
leaf_count=5191 27045 16848 9639
internal_value=-9.58761e-05 0.000258421 0.00244847
internal_weight=1892.76 1805.21 735.209
internal_count=58723 53532 26487
cat_boundaries=0 1
cat_threshold=266773
is_linear=0
shrinkage=0.0321881


Tree=991
num_leaves=4
num_cat=0
split_feature=18 2 4
split_gain=4.98577 20.2557 29.4211
threshold=53.93236395961658 19.067081094403402 520.86752438328847
decision_type=2 2 2
left_child=-1 2 -2
right_child=1 -3 -4
leaf_value=-0.00066991164743867432 0.051245362702672007 0.0027747685606395148 0.0027747685606395148
leaf_weight=1769.5952478047184 21.953100887454639 79.525888596050208 13.544076174694053
leaf_count=56669 463 756 842
internal_value=-0.000214915 0.00621945 0.0275886
internal_weight=1884.62 115.023 35.4972
internal_count=58730 2061 1305
is_linear=0
shrinkage=0.0321881


Tree=992
num_leaves=4
num_cat=0
split_feature=12 10 14
split_gain=7.98392 21.5195 21.1006
threshold=39.290681434124757 10803.797373315223 414.57617452097583
decision_type=10 2 10
left_child=-1 2 -2
right_child=1 -3 -4
leaf_value=0.00083679960446137987 -0.01808189295111174 -0.024131532896399681 0.014554066330065904
leaf_weight=1746.8045422920004 31.855199872182766 49.823347303715309 54.769104146987956
leaf_count=51430 2661 3718 870
internal_value=0.000217932 -0.00722654 0.00180266
internal_weight=1883.25 136.448 86.6243
internal_count=58679 7249 3531
is_linear=0
shrinkage=0.0321881


Tree=993
num_leaves=4
num_cat=1
split_feature=39 10 44
split_gain=6.72132 27.9995 34.9997
threshold=0.91925617272353211 7616.7723624827768 0
decision_type=2 2 9
left_child=-1 -2 -3
right_child=1 2 -4
leaf_value=0.0010034861562628827 -0.022288787032491042 0.0050801025750046728 -0.024144918630376658
leaf_weight=1514.9699942371344 69.071616548560996 256.03601685669855 40.206742335256422
leaf_count=51040 1651 4185 1774
internal_value=2.48476e-05 -0.00385738 0.000239617
internal_weight=1880.28 365.314 296.243
internal_count=58650 7610 5959
cat_boundaries=0 1
cat_threshold=267267
is_linear=0
shrinkage=0.0321881


Tree=994
num_leaves=4
num_cat=0
split_feature=32 33 22
split_gain=5.83114 22.6252 28.9744
threshold=-0.38860676726476989 -0.73627871054303939 499.92428584782323
decision_type=2 2 2
left_child=1 2 -1
right_child=-2 -3 -4
leaf_value=-0.022934343772467128 0.002222076324107764 0.000684755548153671 0.0014120387893732805
leaf_weight=104.35929547664773 790.01227319816553 895.69042345965045 89.210739343467139
leaf_count=3808 30291 21947 2499
internal_value=8.54669e-05 -0.00140585 -0.0113972
internal_weight=1879.27 1089.26 193.57
internal_count=58545 28254 6307
is_linear=0
shrinkage=0.0321881


Tree=995
num_leaves=4
num_cat=0
split_feature=30 5 10
split_gain=6.23247 19.8465 20.2042
threshold=0.57297293695745832 2.2581536040923682 7440.0239825341978
decision_type=2 2 2
left_child=-1 -2 -3
right_child=1 2 -4
leaf_value=0.0011746237994399702 -0.0067552037376944988 -0.018641476088112924 0.011490087619168719
leaf_weight=1320.9464175666317 405.82144997888508 26.086483818387933 139.53577002226393
leaf_count=45250 10212 739 2618
internal_value=-6.40774e-06 -0.00284724 0.00634031
internal_weight=1892.39 571.444 165.622
internal_count=58819 13569 3357
is_linear=0
shrinkage=0.0321881


Tree=996
num_leaves=4
num_cat=0
split_feature=31 21 31
split_gain=6.88587 11.8847 14.2274
threshold=-0.50349557039772719 266.85206246494369 -0.15517437347304044
decision_type=2 2 2
left_child=-1 2 -2
right_child=1 -3 -4
leaf_value=-0.0016212223203966151 0.0051623093852062353 0.01001486504169489 -0.0033987084366550882
leaf_weight=1029.451257089388 270.04481950369654 166.26040633695084 410.83491774886261
leaf_count=42747 5638 2297 7866
internal_value=0.000111397 0.00229192 0.000309754
internal_weight=1876.59 847.14 680.88
internal_count=58548 15801 13504
is_linear=0
shrinkage=0.0321881


Tree=997
num_leaves=4
num_cat=0
split_feature=39 10 7
split_gain=5.78373 24.257 28.6543
threshold=0.95091390097265771 6842.7120777071659 9293.4524260436192
decision_type=2 2 2
left_child=-1 -2 -3
right_child=1 2 -4
leaf_value=0.0010335715878138719 -0.024488904337794559 -0.0033166375504903763 0.031483413464893105
leaf_weight=1542.3394342181032 49.003576157152565 259.35538455124333 26.833594563286169
leaf_count=51307 1259 5225 633
internal_value=0.00016835 -0.00362087 0
internal_weight=1877.53 335.193 286.189
internal_count=58424 7117 5858
is_linear=0
shrinkage=0.0321881


Tree=998
num_leaves=4
num_cat=1
split_feature=14 30 44
split_gain=6.94547 17.954 14.6708
threshold=317.30450797594727 -0.62981809053839821 0
decision_type=10 2 9
left_child=1 -1 -3
right_child=-2 2 -4
leaf_value=-0.0099249373181616151 0.0015467046786460643 0.019436327912072334 -0.00077913115350550688
leaf_weight=237.9144488519687 996.27967483475732 29.202090963913179 610.04967758578596
leaf_count=6911 15862 3144 32692
internal_value=-0.000253704 -0.00237106 0.000343356
internal_weight=1873.45 877.166 639.252
internal_count=58609 42747 35836
cat_boundaries=0 1
cat_threshold=132176
is_linear=0
shrinkage=0.0321881


Tree=999
num_leaves=4
num_cat=1
split_feature=10 44 4
split_gain=6.83528 29.9445 29.5373
threshold=10346.476999863915 0 1437.8287208841259
decision_type=2 9 2
left_child=-1 2 -2
right_child=1 -3 -4
leaf_value=0.0016369438350243178 -0.0031963445411372412 -0.016648116357443125 0.012332832324873123
leaf_weight=1039.7574609446724 563.88338312072938 117.1263057934957 163.27744287912356
leaf_count=29797 16183 7674 4917
internal_value=-7.47128e-05 -0.00225794 0.000203119
internal_weight=1884.04 844.287 727.161
internal_count=58571 28774 21100
cat_boundaries=0 1
cat_threshold=394259
is_linear=0
shrinkage=0.0321881


Tree=1000
num_leaves=4
num_cat=1
split_feature=38 38 44
split_gain=6.49064 41.3696 13.5708
threshold=0.9397638200510483 0.10213342004371834 0
decision_type=2 2 9
left_child=1 -1 -2
right_child=2 -3 -4
leaf_value=-0.00016691069606567126 0.006425684804552711 0.037992043595531585 -0.010349877084872021
leaf_weight=1647.150086234562 60.962577176804189 29.689861317754549 153.28006840291346
leaf_count=53711 1672 679 2720
internal_value=-0.000163466 0.00047602 -0.00546057
internal_weight=1891.08 1676.84 214.243
internal_count=58782 54390 4392
cat_boundaries=0 1
cat_threshold=271872
is_linear=0
shrinkage=0.0321881


Tree=1001
num_leaves=4
num_cat=1
split_feature=30 5 44
split_gain=5.32126 11.7647 17.3898
threshold=-0.91712797388717104 1.1699614593935934 0
decision_type=2 2 9
left_child=1 2 -1
right_child=-2 -3 -4
leaf_value=0.0067837043354426899 0.0006454734931458341 -0.012288741510253184 -0.01910342137018194
leaf_weight=121.32760009248341 1623.3838759470091 110.86328985817636 23.223246956440562
leaf_count=1816 54108 2011 772
internal_value=-1.56535e-07 -0.00434965 0.00130948
internal_weight=1878.8 255.414 144.551
internal_count=58707 4599 2588
cat_boundaries=0 1
cat_threshold=262151
is_linear=0
shrinkage=0.0321881


Tree=1002
num_leaves=4
num_cat=0
split_feature=30 1 0
split_gain=7.35088 13.8808 18.1046
threshold=0.69345733221688211 15.012438138185461 1367.0313396564361
decision_type=2 2 2
left_child=-1 2 -2
right_child=1 -3 -4
leaf_value=0.0012196463993936586 0.011683211910307811 -0.0064776836750947359 -0.024683601992686318
leaf_weight=1413.6274287631668 98.688682329371204 370.7208534447127 15.4928682539321
leaf_count=48066 4459 5899 416
internal_value=1.33108e-05 -0.00337109 0.00615116
internal_weight=1898.53 484.902 114.182
internal_count=58840 10774 4875
is_linear=0
shrinkage=0.0321881


Tree=1003
num_leaves=4
num_cat=1
split_feature=10 44 4
split_gain=6.42617 40.5909 28.733
threshold=10190.360574226934 0 1437.8287208841259
decision_type=2 9 2
left_child=-1 -2 -3
right_child=1 2 -4
leaf_value=0.0018361301014640273 -0.021421080195854484 -0.002714881696661617 0.01218882500679575
leaf_weight=996.73409481485851 88.27300068677323 615.31782413328119 170.6386411841886
leaf_count=28753 5405 19049 5356
internal_value=3.65005e-05 -0.00194241 0.000436981
internal_weight=1870.96 874.229 785.956
internal_count=58563 29810 24405
cat_boundaries=0 1
cat_threshold=524868
is_linear=0
shrinkage=0.0321881


Tree=1004
num_leaves=4
num_cat=1
split_feature=12 16 44
split_gain=5.43876 21.8386 30.4764
threshold=35.154787267797374 170.26219746479583 0
decision_type=10 10 9
left_child=-1 2 -2
right_child=1 -3 -4
leaf_value=-0.00077966752644144106 0.008538740438333501 0.010970358800205381 -0.01098118828952796
leaf_weight=1340.5455453295381 138.62131639647487 216.29934691470407 174.26922833288791
leaf_count=41057 6452 3653 7822
internal_value=0.000273474 0.00306076 -0.00220786
internal_weight=1869.74 529.19 312.891
internal_count=58984 17927 14274
cat_boundaries=0 1
cat_threshold=274502
is_linear=0
shrinkage=0.0321881


Tree=1005
num_leaves=4
num_cat=1
split_feature=41 1 12
split_gain=6.5221 16.5859 7.37585
threshold=0 24.909580943179062 36.358783417016291
decision_type=9 2 10
left_child=1 -1 -2
right_child=2 -3 -4
leaf_value=-0.0033049750322784966 -0.0012588016458190002 0.026434881271742091 0.0036941758726496527
leaf_weight=36.160674130296684 1396.2423003149856 34.956728586228564 399.51822640788032
leaf_count=666 43438 331 14120
internal_value=0.000249171 0.00917412 -0.000120394
internal_weight=1866.88 71.1174 1795.76
internal_count=58555 997 57558
cat_boundaries=0 1
cat_threshold=512
is_linear=0
shrinkage=0.0321881


Tree=1006
num_leaves=4
num_cat=0
split_feature=10 21 26
split_gain=7.49327 23.3563 22.0226
threshold=12150.169173648545 51.604753469904573 1.1736359719134739
decision_type=2 2 2
left_child=1 -1 -2
right_child=2 -3 -4
leaf_value=-0.01304980510072444 -0.0062617659526225987 0.0022610507714285505 0.014789630641669585
leaf_weight=111.4186956481426 428.09224558311143 1277.2719841444487 56.917257875516952
leaf_count=11321 16603 29365 1167
internal_value=-0.000182336 0.000984741 -0.00365405
internal_weight=1873.7 1388.69 485.01
internal_count=58456 40686 17770
is_linear=0
shrinkage=0.0321881


Tree=1007
num_leaves=4
num_cat=0
split_feature=10 15 16
split_gain=5.02389 4.86126 18.2988
threshold=2084.1286033008514 0.85122114753308786 94.537184715359189
decision_type=2 10 10
left_child=-1 -2 -3
right_child=1 2 -4
leaf_value=-0.01850115909654498 -0.0019703896656562258 -0.01778107166190377 0.002340963470573533
leaf_weight=15.380689213357526 830.98483492241212 48.454731843291938 984.23819971966805
leaf_count=1154 15712 21717 19996
internal_value=-0.000293535 -0.000106765 0.0013313
internal_weight=1879.06 1863.68 1032.69
internal_count=58579 57425 41713
is_linear=0
shrinkage=0.0321881


Tree=1008
num_leaves=4
num_cat=0
split_feature=40 40 5
split_gain=5.6671 47.7083 20.5674
threshold=0.92162895631245378 0.20333364359958961 5.7325148638003229
decision_type=2 2 2
left_child=1 -1 -2
right_child=2 -3 -4
leaf_value=0.00035071853082337552 -0.0039111882726005831 0.035637949671617243 0.028047373849931091
leaf_weight=1316.8234286426218 498.13415443962003 40.850315477859112 21.196350798185449
leaf_count=45615 11711 911 315
internal_value=0.000341886 0.0014654 -0.00247202
internal_weight=1877 1357.67 519.331
internal_count=58552 46526 12026
is_linear=0
shrinkage=0.0321881


Tree=1009
num_leaves=4
num_cat=0
split_feature=15 16 40
split_gain=6.11496 15.8775 15.41
threshold=0.60668565251827877 60.553447761064675 0.90139418391849302
decision_type=8 8 2
left_child=2 -2 -1
right_child=1 -3 -4
leaf_value=0.007590945408067159 -0.029293347652330919 -0.00074113597627788348 -0.007735671420892795
leaf_weight=261.03238303865146 20.401242096244005 1502.9240027828973 88.094455302547431
leaf_count=4875 11011 41779 1046
internal_value=-0.000257557 -0.00116983 0.00353868
internal_weight=1872.45 1523.33 349.127
internal_count=58711 52790 5921
is_linear=0
shrinkage=0.0321881


Tree=1010
num_leaves=4
num_cat=1
split_feature=10 44 5
split_gain=8.51249 30.7965 42.6681
threshold=7783.2294589021849 0 2.2165721628880646
decision_type=2 9 2
left_child=1 2 -1
right_child=-2 -3 -4
leaf_value=0.00060490200898913652 0.0010615342733136088 -0.0085985939178645863 0.049516467820842243
leaf_weight=108.78825741924811 1382.4046400829243 367.19500637337751 22.753236258984543
leaf_count=1848 42966 13615 279
internal_value=-0.00020317 -0.00383518 0.00894379
internal_weight=1881.14 498.737 131.541
internal_count=58708 15742 2127
cat_boundaries=0 1
cat_threshold=580
is_linear=0
shrinkage=0.0321881


Tree=1011
num_leaves=4
num_cat=0
split_feature=31 13 13
split_gain=5.40881 8.95765 8.14074
threshold=-0.98109568993028373 33.81188971646273 36.46922047101905
decision_type=2 8 8
left_child=1 -1 -2
right_child=2 -3 -4
leaf_value=-0.011290838703270941 0.0016264122865210376 0.0027768262403232683 -0.0038958369528339885
leaf_weight=109.50558818853642 1340.1447289824273 71.428261241202108 345.10499209779073
leaf_count=4725 29116 5526 18970
internal_value=-7.59598e-05 -0.00538933 0.000457389
internal_weight=1866.18 180.934 1685.25
internal_count=58337 10251 48086
is_linear=0
shrinkage=0.0321881


Tree=1012
num_leaves=4
num_cat=1
split_feature=34 41 1
split_gain=8.24737 6.89245 11.8385
threshold=1.0022608660924124 0 22.46730680118748
decision_type=2 9 2
left_child=1 2 -1
right_child=-2 -3 -4
leaf_value=-0.0034520991041946834 -0.01470495344931887 -0.00014667575165966572 0.022379509205145011
leaf_weight=26.899659919410624 38.855274932964676 1772.5443819906932 40.11801876546815
leaf_count=515 1404 56385 410
internal_value=-4.82193e-05 0.000228595 0.00965318
internal_weight=1878.42 1839.56 67.0177
internal_count=58714 57310 925
cat_boundaries=0 1
cat_threshold=512
is_linear=0
shrinkage=0.0321881


Tree=1013
num_leaves=4
num_cat=0
split_feature=14 32 5
split_gain=5.78953 20.7881 15.8626
threshold=474.22957213810008 0.37748764864803996 4.3228404893762571
decision_type=10 2 2
left_child=-1 2 -2
right_child=1 -3 -4
leaf_value=-0.00091968003869140249 -0.0016574612353409334 0.026878234946331712 0.022432493382392175
leaf_weight=1532.5728969366519 261.50043900936726 35.884178586471535 31.29211344581563
leaf_count=53031 4139 957 314
internal_value=-5.46189e-05 0.00378315 0.000715842
internal_weight=1861.25 328.677 292.793
internal_count=58441 5410 4453
is_linear=0
shrinkage=0.0321881


Tree=1014
num_leaves=4
num_cat=0
split_feature=22 5 30
split_gain=6.50493 7.31441 23.1666
threshold=927.2245372963456 1.2773089285681274 -0.44480508700265581
decision_type=2 2 2
left_child=1 -1 -3
right_child=-2 2 -4
leaf_value=-0.0021992857201417466 0.015579609969662766 -0.0052243548504986373 0.0059648083595449488
leaf_weight=1010.6243341145696 26.719825214589946 295.73373111776164 528.69377460726446
leaf_count=33726 444 6835 17619
internal_value=-7.02406e-05 -0.000334802 0.00187351
internal_weight=1861.77 1835.05 824.428
internal_count=58624 58180 24454
is_linear=0
shrinkage=0.0321881


Tree=1015
num_leaves=4
num_cat=0
split_feature=13 12 4
split_gain=5.8908 17.2469 20.2443
threshold=36.559510333073597 30.7141969967061 1476.8078603467943
decision_type=8 8 2
left_child=-1 -2 -3
right_child=1 2 -4
leaf_value=0.0012712599338701766 0.011791609829317909 -0.010504023196494662 0.0097182614000433289
leaf_weight=1475.7367539400507 62.989601563899669 255.29425132711822 60.830464874577956
leaf_count=34935 7306 13045 3207
internal_value=0.00032071 -0.00320997 -0.00640704
internal_weight=1854.85 379.114 316.125
internal_count=58493 23558 16252
is_linear=0
shrinkage=0.0321881


Tree=1016
num_leaves=4
num_cat=0
split_feature=10 30 20
split_gain=7.24201 29.0494 24.4914
threshold=10309.508966429605 0.68303932398956679 9.2617356942599489
decision_type=2 2 2
left_child=1 2 -1
right_child=-2 -3 -4
leaf_value=-0.015877218293523284 -0.0024729003728554745 -0.0082356081347008479 0.0062584084691751467
leaf_weight=54.181686344901664 854.31454211936671 236.05384264997292 718.07895103804321
leaf_count=5688 29294 5400 18167
internal_value=-0.000263795 0.0015449 0.00461853
internal_weight=1862.63 1008.31 772.261
internal_count=58549 29255 23855
is_linear=0
shrinkage=0.0321881


Tree=1017
num_leaves=4
num_cat=1
split_feature=32 20 44
split_gain=5.31159 12.1134 10.9168
threshold=0.69414579585900704 29.739994028876499 0
decision_type=2 2 9
left_child=-1 -2 -3
right_child=1 2 -4
leaf_value=0.00027769377958225983 -0.029242675735599594 0.016588222705407316 -0.013613164946407534
leaf_weight=1815.1295572518629 20.592148562439888 14.889811276545514 9.9412956183077785
leaf_count=52916 4558 206 708
internal_value=0 -0.0108379 0.00201635
internal_weight=1860.55 45.4233 24.8311
internal_count=58388 5472 914
cat_boundaries=0 1
cat_threshold=5
is_linear=0
shrinkage=0.0321881


Tree=1018
num_leaves=4
num_cat=0
split_feature=5 40 7
split_gain=6.15388 10.9309 9.87233
threshold=5.7325148638003229 0.45538347691195119 25533.865995892553
decision_type=2 2 2
left_child=2 -2 -1
right_child=1 -3 -4
leaf_value=-9.8818567793993695e-05 -0.003345298791764728 0.027637058242856265 -0.021931482251944273
leaf_weight=1809.6630158366584 18.104378113843268 22.315282437193673 21.582016684707014
leaf_count=56442 622 322 1145
internal_value=-8.5019e-05 0.0122545 -0.000393707
internal_weight=1871.66 40.4197 1831.25
internal_count=58531 944 57587
is_linear=0
shrinkage=0.0321881


Tree=1019
num_leaves=4
num_cat=1
split_feature=32 44 7
split_gain=8.35014 28.242 35.0595
threshold=-0.11156336504764071 0 7074.2383150101186
decision_type=2 9 2
left_child=-1 2 -2
right_child=1 -3 -4
leaf_value=-0.0013076228186860979 0.010190659253721894 -0.00080766033466331884 0.062695777079684586
leaf_weight=1355.7400424245261 110.49999893508812 390.26790222240061 15.777648976989438
leaf_count=35813 8690 13069 1046
internal_value=0 0.00350062 0.0160878
internal_weight=1872.29 516.546 126.278
internal_count=58618 22805 9736
cat_boundaries=0 1
cat_threshold=266756
is_linear=0
shrinkage=0.0321881


Tree=1020
num_leaves=4
num_cat=0
split_feature=38 34 5
split_gain=7.3035 7.24079 6.28723
threshold=-0.033476300735101695 0.99754776100467057 1.1510629407708208
decision_type=2 2 2
left_child=-1 2 -2
right_child=1 -3 -4
leaf_value=-0.0061402248214918144 -0.00049130130026236681 -0.012604687909230881 0.0033989292866804547
leaf_weight=157.43252885323682 833.32460090474478 38.038147332053995 839.5134282776803
leaf_count=5331 26996 1418 24793
internal_value=0.000429784 0.00107234 0.00142315
internal_weight=1868.31 1710.88 1672.84
internal_count=58538 53207 51789
is_linear=0
shrinkage=0.0321881


Tree=1021
num_leaves=4
num_cat=0
split_feature=11 12 3
split_gain=7.36981 22.3637 18.8511
threshold=27.19066272009805 30.7141969967061 231.22218024803252
decision_type=8 8 2
left_child=-1 2 -2
right_child=1 -3 -4
leaf_value=0.00071905768236777507 0.021701411433845772 -0.0082846245971343723 -0.014215237005478264
leaf_weight=1504.2204715715575 53.084929873096371 301.79749049344082 18.739764008988459
leaf_count=43674 4935 9280 655
internal_value=-0.000249912 -0.00431938 0.0114306
internal_weight=1877.84 373.622 71.8247
internal_count=58544 14870 5590
is_linear=0
shrinkage=0.0321881


Tree=1022
num_leaves=4
num_cat=1
split_feature=42 32 4
split_gain=7.91172 16.7463 17.6618
threshold=0 -0.48659573547032819 513.04081535025523
decision_type=9 2 2
left_child=1 2 -1
right_child=-2 -3 -4
leaf_value=0.019252688621132597 0.00025591727682008122 -0.026224164437335211 -0.013749989424526533
leaf_weight=29.147128653188702 1758.2848153280024 38.029111641370037 38.941938937787199
leaf_count=365 56639 1037 525
internal_value=-0.0002468 -0.00839226 0
internal_weight=1864.4 106.118 68.0891
internal_count=58566 1927 890
cat_boundaries=0 1
cat_threshold=1056
is_linear=0
shrinkage=0.0321881


Tree=1023
num_leaves=4
num_cat=0
split_feature=31 11 4
split_gain=7.20968 9.45147 6.47334
threshold=0.51775416086736592 22.885657362415923 1146.6691360397506
decision_type=2 8 2
left_child=-1 -2 -3
right_child=1 2 -4
leaf_value=0.0002673738854589966 -0.021836656413427715 -0.010162740670219755 0.010882281327593163
leaf_weight=1787.974742911967 35.798502562856811 34.072063648715812 26.475484761120242
leaf_count=56980 736 672 417
internal_value=-0.000160813 -0.00874766 0
internal_weight=1884.32 96.3461 60.5475
internal_count=58805 1825 1089
is_linear=0
shrinkage=0.0321881


Tree=1024
num_leaves=4
num_cat=0
split_feature=38 1 4
split_gain=5.78918 12.7284 34.0978
threshold=0.022621647999729631 7.1052750076982294 557.1020234292115
decision_type=2 2 2
left_child=-1 2 -2
right_child=1 -3 -4
leaf_value=0.00098942573557338491 0.026011748355016882 -0.0049804840807220769 -0.017288573791325024
leaf_weight=1318.1849371115227 48.099553402237689 475.85415072079923 29.01099472354781
leaf_count=43168 2282 6954 6120
internal_value=-0.000134301 -0.00292751 0.00889451
internal_weight=1871.15 552.965 77.1105
internal_count=58524 15356 8402
is_linear=0
shrinkage=0.0321881


Tree=1025
num_leaves=4
num_cat=0
split_feature=10 29 25
split_gain=4.76411 4.5829 9.26866
threshold=1842.891058164804 10.50746068591665 16.901950998879482
decision_type=2 2 2
left_child=-1 2 -2
right_child=1 -3 -4
leaf_value=-0.019389346083526354 0.00012370123990977126 -0.015009590345124805 0.020241377511519689
leaf_weight=12.6618222659863 1798.0659778680092 19.782069664311621 23.939860841475365
leaf_count=932 49921 3389 4117
internal_value=5.2599e-05 0.000223312 0.000425584
internal_weight=1854.45 1841.79 1822.01
internal_count=58359 57427 54038
is_linear=0
shrinkage=0.0321881


Tree=1026
num_leaves=4
num_cat=0
split_feature=33 22 29
split_gain=5.68008 18.9515 46.1726
threshold=-0.64335627813258534 470.08647562954854 7.7473711813170363
decision_type=2 2 2
left_child=1 2 -1
right_child=-2 -3 -4
leaf_value=-0.0010075488206362185 0.0021270755604999793 0.0049711885641800157 -0.025076141512417049
leaf_weight=596.35575009464446 846.44559608678719 317.90049250681477 96.934411440255644
leaf_count=18387 28027 8527 3670
internal_value=0.000151252 -0.0014398 -0.00447203
internal_weight=1857.64 1011.19 693.29
internal_count=58611 30584 22057
is_linear=0
shrinkage=0.0321881


Tree=1027
num_leaves=4
num_cat=0
split_feature=34 5 16
split_gain=7.32811 9.24681 14.8874
threshold=0.96606659341080603 3.9833140747187366 201.5341788944917
decision_type=2 2 10
left_child=-1 2 -2
right_child=1 -3 -4
leaf_value=-2.5255143244624829e-05 -0.025200325852469709 0.009155463386465109 0.012100432763256386
leaf_weight=1806.9275100426325 46.900573679787158 15.461579939263173 11.767969171865841
leaf_count=56080 2241 290 235
internal_value=-0.000468207 -0.0103742 -0.0166185
internal_weight=1881.06 74.1301 58.6685
internal_count=58846 2766 2476
is_linear=0
shrinkage=0.0321881


Tree=1028
num_leaves=4
num_cat=2
split_feature=10 44 44
split_gain=5.36481 33.4456 25.0557
threshold=7728.4001516052458 0 1
decision_type=2 9 9
left_child=1 -1 -2
right_child=2 -3 -4
leaf_value=0.019760149809463015 -0.020773552720319454 -0.0056155289828739669 0.0021258557966049186
leaf_weight=50.356123356963508 40.894085413812263 447.57917025996721 1334.6289697549473
leaf_count=482 4890 15146 38280
internal_value=0.000191906 -0.00262933 0.00125976
internal_weight=1873.46 497.935 1375.52
internal_count=58798 15628 43170
cat_boundaries=0 1 2
cat_threshold=68 524356
is_linear=0
shrinkage=0.0321881


Tree=1029
num_leaves=4
num_cat=0
split_feature=34 30 5
split_gain=6.61398 6.27986 14.4057
threshold=-0.030431847656926372 0.86600284877340827 2.2581536040923682
decision_type=2 2 2
left_child=-1 -2 -3
right_child=1 2 -4
leaf_value=-0.006358105521998449 0.0016267403108941531 -0.0086366438402447673 0.006630539602683924
leaf_weight=147.98934976861983 1422.1312675621675 194.91782628239025 90.716936260949296
leaf_count=4668 48071 4287 1482
internal_value=0.000121381 0.000720968 -0.00356354
internal_weight=1855.76 1707.77 285.635
internal_count=58508 53840 5769
is_linear=0
shrinkage=0.0321881


Tree=1030
num_leaves=4
num_cat=1
split_feature=35 31 44
split_gain=10.1669 6.29764 15.3535
threshold=-0.002709530589394766 -0.50349557039772719 0
decision_type=2 2 9
left_child=-1 2 -2
right_child=1 -3 -4
leaf_value=-0.0058225218327325442 0.0072282157738511729 0.0033602749209356918 -0.0029050309018797942
leaf_weight=249.97519798395888 187.14995429204282 733.19894744689827 694.24094858882563
leaf_count=8324 7595 13653 29057
internal_value=0.000173859 0.0011424 -0.000630744
internal_weight=1864.57 1614.59 881.391
internal_count=58629 50305 36652
cat_boundaries=0 1
cat_threshold=143936
is_linear=0
shrinkage=0.0321881


Tree=1031
num_leaves=4
num_cat=0
split_feature=33 10 33
split_gain=5.97123 20.2781 33.1164
threshold=0.083783993665815196 14196.84237228774 0.35070079377959323
decision_type=2 2 2
left_child=-1 2 -2
right_child=1 -3 -4
leaf_value=-0.00035544614759251605 0.011662108391885738 0.029020976194413611 -0.023553840608781549
leaf_weight=1707.3990268394773 85.916372583662451 31.857888045156869 40.488595259671911
leaf_count=47827 2152 1542 7050
internal_value=0.000164127 0.00616348 0
internal_weight=1865.66 158.263 126.405
internal_count=58571 10744 9202
is_linear=0
shrinkage=0.0321881


Tree=1032
num_leaves=4
num_cat=0
split_feature=36 21 10
split_gain=4.86485 14.9861 17.0908
threshold=0.81528568745293051 91.045644545105631 12150.169173648545
decision_type=2 2 2
left_child=-1 -2 -3
right_child=1 2 -4
leaf_value=0.0038246502400289179 -0.010038949370135247 0.0022042225713676459 -0.0049554759379028144
leaf_weight=263.44977841111222 165.96901750434927 1088.169277789133 360.74809327898402
leaf_count=15116 9067 24005 10420
internal_value=-0.000184794 -0.000878789 0.000127997
internal_weight=1878.34 1614.89 1448.92
internal_count=58608 43492 34425
is_linear=0
shrinkage=0.0321881


Tree=1033
num_leaves=4
num_cat=0
split_feature=15 2 4
split_gain=6.63155 12.6448 15.2509
threshold=0.59029067935921387 42.548010945016493 1342.5446945428155
decision_type=8 2 2
left_child=1 2 -1
right_child=-2 -3 -4
leaf_value=-0.0084294338453389708 -0.0010886485370651361 0.010745907278592197 0.012447178041683606
leaf_weight=118.21616458112112 1542.0033876969405 152.82816082247882 50.835480518409895
leaf_count=2594 53169 2108 760
internal_value=-0.000178758 0.00398004 -0.00176676
internal_weight=1863.88 321.88 169.052
internal_count=58631 5462 3354
is_linear=0
shrinkage=0.0321881


Tree=1034
num_leaves=4
num_cat=0
split_feature=7 22 4
split_gain=5.71423 21.9871 24.6126
threshold=5653.3641797372866 236.79057700828 324.78047187490057
decision_type=2 2 2
left_child=-1 -2 -3
right_child=1 2 -4
leaf_value=-0.00078457301845585587 -0.010044706567845271 0.021180999025365889 0.0008519157192860235
leaf_weight=1491.782845155642 87.846190170690534 98.442008556303335 183.72855622549105
leaf_count=47659 4588 1445 4980
internal_value=6.86243e-05 0.00367876 0.00818157
internal_weight=1861.8 370.017 282.171
internal_count=58672 11013 6425
is_linear=0
shrinkage=0.0321881


Tree=1035
num_leaves=4
num_cat=0
split_feature=10 33 13
split_gain=5.68797 22.3667 6.91851
threshold=17056.303143072404 -0.67525024714907056 39.421527497458854
decision_type=2 2 10
left_child=2 -2 -1
right_child=1 -3 -4
leaf_value=0.00034855039792670752 -0.015521413072874753 0.037854408677058422 -0.0078058647165860987
leaf_weight=1717.4072755047659 12.527378156624765 17.886941852542805 114.46665440443348
leaf_count=42883 446 493 14715
internal_value=6.84986e-05 0.0138414 -0.000127166
internal_weight=1862.29 30.4143 1831.87
internal_count=58537 939 57598
is_linear=0
shrinkage=0.0321881


Tree=1036
num_leaves=4
num_cat=0
split_feature=39 39 10
split_gain=5.29399 32.0091 24.7635
threshold=0.91925617272353211 0.16029280780750715 7728.4001516052458
decision_type=2 2 2
left_child=1 -1 -2
right_child=2 -3 -4
leaf_value=2.042224520858832e-05 -0.020756874690279557 0.034862958266959398 0.00033464690648299492
leaf_weight=1478.5026767793101 70.252250242472655 27.669954493765545 287.38884033386421
leaf_count=50574 1709 679 5913
internal_value=-9.26399e-05 0.000708181 -0.00364143
internal_weight=1863.81 1506.17 357.641
internal_count=58875 51253 7622
is_linear=0
shrinkage=0.0321881


Tree=1037
num_leaves=4
num_cat=0
split_feature=14 30 2
split_gain=6.04538 5.1412 18.2924
threshold=79.533063591028949 0.68303932398956679 47.414555035442866
decision_type=8 2 2
left_child=-1 -2 -3
right_child=1 2 -4
leaf_value=-0.018344522793995604 0.00067228525049201028 -0.0051881371538823615 0.017062818372705107
leaf_weight=19.414457416129153 1358.9644148480857 442.76877385404578 40.671522838354576
leaf_count=903 46681 10435 556
internal_value=-0.000528122 -0.000303479 -0.00317705
internal_weight=1861.82 1842.4 483.44
internal_count=58575 57672 10991
is_linear=0
shrinkage=0.0321881


Tree=1038
num_leaves=4
num_cat=0
split_feature=10 33 21
split_gain=7.45194 17.9217 9.05112
threshold=17056.303143072404 -0.67525024714907056 142.19978548887011
decision_type=2 2 2
left_child=2 -2 -1
right_child=1 -3 -4
leaf_value=-0.0029689602278414112 -0.0090525286103059176 0.037395275681437093 0.001782685160971047
leaf_weight=639.36365746151114 12.914235564770935 17.974928801386341 1179.990797325223
leaf_count=30424 410 488 27178
internal_value=0.000380074 0.0160089 7.76726e-05
internal_weight=1850.24 30.8892 1819.35
internal_count=58500 898 57602
is_linear=0
shrinkage=0.0321881


Tree=1039
num_leaves=4
num_cat=1
split_feature=32 44 7
split_gain=6.26638 27.3638 29.5316
threshold=-0.11156336504764071 0 8639.1181109231875
decision_type=2 9 2
left_child=-1 2 -2
right_child=1 -3 -4
leaf_value=-0.00052422785867484796 0.011582999001618396 -0.00067791907296756279 0.067952256983012674
leaf_weight=1355.8666980587413 119.46847083561806 391.90509082642984 11.05624536052528
leaf_count=36037 9014 13122 689
internal_value=0.000589144 0.00359948 0.0157546
internal_weight=1878.3 522.43 130.525
internal_count=58862 22825 9703
cat_boundaries=0 1
cat_threshold=266756
is_linear=0
shrinkage=0.0321881


Tree=1040
num_leaves=4
num_cat=1
split_feature=15 44 23
split_gain=5.79522 18.6704 9.25686
threshold=1.2605520664520853 0 103.93452785448572
decision_type=8 9 2
left_child=-1 -2 -3
right_child=1 2 -4
leaf_value=0.00012988118740699808 -0.025220668820078635 -0.0022500168667759306 0.028002195400646353
leaf_weight=1763.8360635820281 29.589704397393689 70.293054355104232 11.736516263103111
leaf_count=38485 5365 14545 150
internal_value=-0.000285256 -0.00740115 0.00122359
internal_weight=1875.46 111.619 82.0296
internal_count=58545 20060 14695
cat_boundaries=0 1
cat_threshold=1573377
is_linear=0
shrinkage=0.0321881


Tree=1041
num_leaves=4
num_cat=0
split_feature=40 22 17
split_gain=7.33036 11.9709 15.3184
threshold=1.0067600388476812 869.11161440286025 5.3739427841192393
decision_type=2 2 8
left_child=-1 2 -2
right_child=1 -3 -4
leaf_value=0.00080550211115431474 -0.013861828350671753 0.01720150368232783 0.0045755330725913328
leaf_weight=1640.4868980976739 141.94703754727379 19.961188306915574 57.763267468308186
leaf_count=53255 2198 295 2775
internal_value=3.19191e-05 -0.00545014 -0.00805044
internal_weight=1860.16 219.671 199.71
internal_count=58523 5268 4973
is_linear=0
shrinkage=0.0321881


Tree=1042
num_leaves=4
num_cat=0
split_feature=18 38 38
split_gain=8.31613 15.4547 14.3685
threshold=28.304867552159759 0.9397638200510483 0.10213342004371834
decision_type=2 2 2
left_child=-1 2 -2
right_child=1 -3 -4
leaf_value=-0.0011240125792084579 0.0078772984105559569 0.0016084945217829732 0.03730724245882118
leaf_weight=1509.524586562995 130.23582721250568 203.67557342733198 22.073834444061504
leaf_count=50764 2940 4288 504
internal_value=-4.6596e-05 0.004341 0.0126114
internal_weight=1865.51 355.985 152.31
internal_count=58496 7732 3444
is_linear=0
shrinkage=0.0321881


Tree=1043
num_leaves=4
num_cat=0
split_feature=33 10 33
split_gain=7.6005 15.7979 36.3337
threshold=0.083783993665815196 13956.114260841392 0.35070079377959323
decision_type=2 2 2
left_child=-1 2 -2
right_child=1 -3 -4
leaf_value=-0.00031639282595102505 0.013289227211327167 0.026499130892948999 -0.023822687366953817
leaf_weight=1701.1467501078359 86.843660468233793 33.993036076662065 39.315540058187253
leaf_count=47795 2149 1711 6817
internal_value=0.000279368 0.00699581 0.00119698
internal_weight=1861.3 160.152 126.159
internal_count=58472 10677 8966
is_linear=0
shrinkage=0.0321881


Tree=1044
num_leaves=4
num_cat=0
split_feature=30 5 4
split_gain=6.87364 13.7309 8.91889
threshold=-0.91712797388717104 1.8208600541893942 535.28782831066212
decision_type=2 2 2
left_child=1 2 -1
right_child=-2 -3 -4
leaf_value=-0.010635089459142875 0.00089330491141793237 -0.014397710108511151 0.0058470128518344914
leaf_weight=47.429159281522516 1606.3086684918007 96.329114552827377 114.0899731722493
leaf_count=886 53905 1752 2001
internal_value=7.65122e-05 -0.00476119 0.000604887
internal_weight=1864.16 257.848 161.519
internal_count=58544 4639 2887
is_linear=0
shrinkage=0.0321881


Tree=1045
num_leaves=4
num_cat=0
split_feature=23 30 10
split_gain=5.94609 4.81109 21.2372
threshold=-1.849638752278062 -0.56134599785551875 5177.0736815177579
decision_type=2 2 2
left_child=-1 2 -2
right_child=1 -3 -4
leaf_value=-0.0093179558457311042 0.014101148779389583 0.0021130802081221439 -0.0037900559959202257
leaf_weight=59.822013264264569 78.097867599037272 1203.7880597795183 525.55632251448515
leaf_count=3762 1567 42077 11206
internal_value=0.000552988 0.000916106 -0.00136528
internal_weight=1867.26 1807.44 603.654
internal_count=58612 54850 12773
is_linear=0
shrinkage=0.0321881


Tree=1046
num_leaves=4
num_cat=0
split_feature=30 2 4
split_gain=5.511 18.9197 20.3979
threshold=0.78931894937218694 47.414555035442866 2054.8407151772099
decision_type=2 2 2
left_child=-1 2 -2
right_child=1 -3 -4
leaf_value=0.00062570523982126945 -0.0077909065847528037 0.019027531148144622 0.026753992256120383
leaf_weight=1463.0259239724951 345.10856915498243 33.371746969700325 17.72797240527234
leaf_count=50202 7702 467 315
internal_value=-0.000249414 -0.00363996 -0.00591128
internal_weight=1859.23 396.208 362.837
internal_count=58686 8484 8017
is_linear=0
shrinkage=0.0321881


Tree=1047
num_leaves=4
num_cat=1
split_feature=42 2 16
split_gain=5.80303 9.42251 7.57014
threshold=0 37.191161304086656 35.317278269868403
decision_type=9 2 10
left_child=1 -1 -2
right_child=2 -3 -4
leaf_value=-0.001135890768657759 -0.01347295772777158 0.019522193755286278 -0.00031099165687596713
leaf_weight=39.698840465523972 46.756698042143398 40.830082792672329 1756.1622843783653
leaf_count=867 3307 489 54176
internal_value=-0.00025838 0.00763131 -0.00068558
internal_weight=1883.45 80.5289 1802.92
internal_count=58839 1356 57483
cat_boundaries=0 1
cat_threshold=131668
is_linear=0
shrinkage=0.0321881


Tree=1048
num_leaves=4
num_cat=1
split_feature=10 32 44
split_gain=6.45664 25.6915 21.3436
threshold=8194.7033007469381 0.69414579585900704 0
decision_type=2 2 9
left_child=2 -2 -1
right_child=1 -3 -4
leaf_value=0.0076300195721645536 0.00256581568166894 -0.031875120234579613 -0.0060014388910186855
leaf_weight=153.28054783900734 1272.9851673265603 22.391043376559537 414.03066187694412
leaf_count=2403 37256 3726 15264
internal_value=0.000635192 0.00191561 -0.00217582
internal_weight=1862.69 1295.38 567.311
internal_count=58649 40982 17667
cat_boundaries=0 1
cat_threshold=580
is_linear=0
shrinkage=0.0321881


Tree=1049
num_leaves=4
num_cat=2
split_feature=42 32 43
split_gain=5.94254 11.0924 7.63114
threshold=0 -0.48659573547032819 1
decision_type=9 2 9
left_child=1 -1 -2
right_child=2 -3 -4
leaf_value=-0.0020031085438089154 0.0050974432191638582 0.022006487429823834 -0.0012792493847373983
leaf_weight=33.919580323828995 209.13067020528615 36.749444189197675 1595.7866305628295
leaf_count=524 10122 712 47537
internal_value=-6.77439e-05 0.00842741 -0.000480729
internal_weight=1875.59 70.669 1804.92
internal_count=58895 1236 57659
cat_boundaries=0 1 2
cat_threshold=131164 112
is_linear=0
shrinkage=0.0321881


Tree=1050
num_leaves=4
num_cat=0
split_feature=31 25 22
split_gain=5.97155 10.3983 30.9807
threshold=-0.43547603178182137 16.901950998879482 58.004405324578762
decision_type=2 2 2
left_child=1 -1 -3
right_child=-2 2 -4
leaf_value=-0.0019716944044603792 0.0022288911726465535 -0.02460545783283228 0.05032973197261726
leaf_weight=1070.0760349531397 774.01830733109955 8.0899262568095782 13.979779400804544
leaf_count=39040 14357 4921 428
internal_value=3.3404e-05 -0.00146441 0.0200364
internal_weight=1866.16 1092.15 22.0697
internal_count=58746 44389 5349
is_linear=0
shrinkage=0.0321881


Tree=1051
num_leaves=4
num_cat=1
split_feature=14 22 44
split_gain=5.49171 16.0883 6.35013
threshold=79.533063591028949 620.01353291344458 0
decision_type=10 2 9
left_child=1 -1 -2
right_child=2 -3 -4
leaf_value=-0.023681955257421707 -0.015427545607133338 0.015481276815231045 0.0011964971191265523
leaf_weight=31.852798289086422 13.498861183623374 14.260262873547616 1800.8169513252428
leaf_count=1961 10050 281 46349
internal_value=0.000645752 -0.0101795 0.000957284
internal_weight=1860.43 46.1131 1814.32
internal_count=58641 2242 56399
cat_boundaries=0 1
cat_threshold=1703936
is_linear=0
shrinkage=0.0321881


Tree=1052
num_leaves=4
num_cat=0
split_feature=32 5 23
split_gain=5.29831 28.6065 28.6137
threshold=-0.06729085529116613 3.8138569935468856 49.771424975219126
decision_type=2 2 2
left_child=-1 2 -2
right_child=1 -3 -4
leaf_value=-0.00099918453103604063 0.0019736967907114451 -0.019657089707474568 0.025342899078313427
leaf_weight=1396.8568126699374 345.43706906659554 50.039886029702757 66.099637151783099
leaf_count=37004 17737 2174 1592
internal_value=0 0.00297765 0.00589428
internal_weight=1858.43 461.577 411.537
internal_count=58507 21503 19329
is_linear=0
shrinkage=0.0321881


Tree=1053
num_leaves=4
num_cat=0
split_feature=30 15 11
split_gain=5.88599 11.6623 14.8131
threshold=0.79814116527230994 1.1501976833088456 27.958999946363651
decision_type=2 10 10
left_child=-1 -2 -3
right_child=1 2 -4
leaf_value=0.0011658544364207685 -0.0059609148278864238 0.019130270968922718 -0.013743129845967778
leaf_weight=1488.5081279392498 316.70017978872056 45.85608835647372 18.114377963022889
leaf_count=50654 5618 1787 836
internal_value=0.00022055 -0.00330702 0.00881322
internal_weight=1869.18 380.671 63.9705
internal_count=58895 8241 2623
is_linear=0
shrinkage=0.0321881


Tree=1054
num_leaves=4
num_cat=1
split_feature=12 44 32
split_gain=5.44889 20.7433 16.4751
threshold=36.358783417016291 0 0.22574738785524659
decision_type=10 9 2
left_child=-1 2 -2
right_child=1 -3 -4
leaf_value=-0.0011486203548783398 0.0035483626637017249 -0.010908739157427981 0.024253490168788493
leaf_weight=1438.5139668789534 288.9487827923258 77.273446104740287 48.644289097369438
leaf_count=43968 7290 4926 2290
internal_value=-0.000179021 0.00302828 0.00654162
internal_weight=1853.38 414.867 337.593
internal_count=58474 14506 9580
cat_boundaries=0 1
cat_threshold=274515
is_linear=0
shrinkage=0.0321881


Tree=1055
num_leaves=4
num_cat=0
split_feature=7 4 31
split_gain=5.89418 10.0435 6.7383
threshold=25533.865995892553 812.41272510981787 -0.8777828682075105
decision_type=2 2 2
left_child=2 -2 -1
right_child=1 -3 -4
leaf_value=-0.003061774078312009 0 -0.032239544792721737 0.0013275099848616169
leaf_weight=497.16193540853874 19.836125211044418 15.662154036232549 1324.6460110913381
leaf_count=25479 581 754 31872
internal_value=-0.000124767 -0.013086 9.44976e-05
internal_weight=1857.31 35.4983 1821.81
internal_count=58686 1335 57351
is_linear=0
shrinkage=0.0321881


Tree=1056
num_leaves=4
num_cat=1
split_feature=10 44 4
split_gain=4.93113 41.6015 25.7644
threshold=9954.5645393243576 0 1437.8287208841259
decision_type=2 9 2
left_child=-1 2 -2
right_child=1 -3 -4
leaf_value=0.0022564879870871826 -0.0012551814335066528 -0.017047614714334983 0.012550004010659255
leaf_weight=943.39791589394008 610.39328047205981 132.69151565167977 179.45535165914134
leaf_count=27420 17405 8426 5376
internal_value=0.000598928 -0.00102723 0.00178105
internal_weight=1865.94 922.54 789.849
internal_count=58627 31207 22781
cat_boundaries=0 1
cat_threshold=394243
is_linear=0
shrinkage=0.0321881


Tree=1057
num_leaves=4
num_cat=0
split_feature=8 16 2
split_gain=6.60164 10.9932 30.2345
threshold=606.36312437340587 89.581534859258838 13.008378620013332
decision_type=2 8 2
left_child=1 -1 -3
right_child=-2 2 -4
leaf_value=-0.016224638225441828 0.0023846111326370377 0.018412066409466774 -0.002440999196772251
leaf_weight=49.421761522892211 913.11302431413878 78.519249799392128 821.28914579808043
leaf_count=20443 17236 7014 13920
internal_value=0.000404448 -0.00143341 -0.00054618
internal_weight=1862.34 949.23 899.808
internal_count=58613 41377 20934
is_linear=0
shrinkage=0.0321881


Tree=1058
num_leaves=4
num_cat=0
split_feature=31 14 32
split_gain=5.79339 8.95263 5.46802
threshold=0.48561012291674893 373.85768219411585 0.19165421895951321
decision_type=2 8 2
left_child=2 -2 -1
right_child=1 -3 -4
leaf_value=-0.00030399385966167931 -0.019030640113706372 0 0.0047913624041632727
leaf_weight=1502.3973129424292 41.202978677036299 68.974576923552377 252.29004667181425
leaf_count=41585 853 1206 14991
internal_value=-2.27468e-05 -0.00720541 0.000392874
internal_weight=1864.86 110.178 1754.69
internal_count=58635 2059 56576
is_linear=0
shrinkage=0.0321881


Tree=1059
num_leaves=4
num_cat=0
split_feature=16 33 14
split_gain=4.39147 15.2474 5.51744
threshold=240.28300269830928 -0.30653392479770797 626.43656455613961
decision_type=10 2 10
left_child=2 -2 -1
right_child=1 -3 -4
leaf_value=0.00017849080421489629 -0.028053433758571496 0.011097273433986733 0.0098023043213652048
leaf_weight=1752.3258192603771 22.609251741050684 15.729097979885408 64.535088164411718
leaf_count=56226 734 392 1192
internal_value=0.000295181 -0.0103704 0.000556616
internal_weight=1855.2 38.3383 1816.86
internal_count=58544 1126 57418
is_linear=0
shrinkage=0.0321881


Tree=1060
num_leaves=4
num_cat=1
split_feature=35 14 44
split_gain=5.87949 6.57647 12.4801
threshold=-0.0048565390338032111 187.04347919303805 0
decision_type=2 10 9
left_child=-1 2 -2
right_child=1 -3 -4
leaf_value=-0.011169800634144425 0.01878567194393331 0.0010542287407920331 -0.0064081132508855259
leaf_weight=47.770773602412646 11.607338235491623 1560.3125400686845 243.11440447907034
leaf_count=1641 1288 40341 15429
internal_value=-2.17449e-05 0.000237998 -0.00450838
internal_weight=1862.81 1815.03 254.722
internal_count=58699 57058 16717
cat_boundaries=0 1
cat_threshold=132160
is_linear=0
shrinkage=0.0321881


Tree=1061
num_leaves=4
num_cat=0
split_feature=38 38 40
split_gain=4.88527 36.831 16.2275
threshold=0.9397638200510483 0.10213342004371834 0.20333364359958961
decision_type=2 2 2
left_child=1 -1 -2
right_child=2 -3 -4
leaf_value=0 -0.019306529535025471 0.0357294435673653 0.00056798075873024632
leaf_weight=1619.4805897199503 56.51708528348172 30.182069914648309 147.9299462101917
leaf_count=53571 1313 708 3033
internal_value=2.27212e-05 0.000638645 -0.00463092
internal_weight=1854.11 1649.66 204.447
internal_count=58625 54279 4346
is_linear=0
shrinkage=0.0321881


Tree=1062
num_leaves=4
num_cat=0
split_feature=6 10 5
split_gain=5.63297 11.5262 23.327
threshold=33.167182441824934 6770.6216642303216 3.8138569935468856
decision_type=2 2 2
left_child=-1 2 -2
right_child=1 -3 -4
leaf_value=0.0012094557124151721 0 -0.00029206017166209341 -0.034926764211171454
leaf_weight=1382.3267699648773 54.488011850267867 385.1958924945443 32.494089752383843
leaf_count=44834 1960 11019 878
internal_value=0.00014007 -0.00285482 -0.013442
internal_weight=1854.5 472.178 86.9821
internal_count=58691 13857 2838
is_linear=0
shrinkage=0.0321881


Tree=1063
num_leaves=4
num_cat=0
split_feature=11 12 30
split_gain=6.41709 22.5917 23.8508
threshold=27.7460316976216 30.521279168580445 -0.31830669974848302
decision_type=8 8 2
left_child=-1 2 -2
right_child=1 -3 -4
leaf_value=0.0012480437362708833 -0.012231400944703543 -0.0085848128252654921 0.027378978411520958
leaf_weight=1558.624265678719 22.335425632359602 238.21165321023636 42.002172397478489
leaf_count=45768 1478 7832 3520
internal_value=0.000384208 -0.0038531 0.0126471
internal_weight=1861.17 302.549 64.3376
internal_count=58598 12830 4998
is_linear=0
shrinkage=0.0321881


Tree=1064
num_leaves=4
num_cat=0
split_feature=3 14 3
split_gain=5.44148 10.7131 8.54842
threshold=302.55776645376608 379.6585124117791 283.344098568221
decision_type=2 10 2
left_child=2 -2 -1
right_child=1 -3 -4
leaf_value=-0.00016114811620584636 -0.026416632954562969 0 0.0099079913656936677
leaf_weight=1713.9112390238975 23.492087970636931 36.943836351041682 91.347363488431256
leaf_count=56157 400 545 1355
internal_value=0 -0.00948584 0.000314313
internal_weight=1865.69 60.4359 1805.26
internal_count=58457 945 57512
is_linear=0
shrinkage=0.0321881


Tree=1065
num_leaves=4
num_cat=1
split_feature=41 4 29
split_gain=6.00189 11.3378 7.69475
threshold=0 713.51007988462777 8.7560304127736597
decision_type=9 2 2
left_child=1 2 -1
right_child=-2 -3 -4
leaf_value=-0.020864786415125947 0.00024332621988249254 0.0048197710539230072 0
leaf_weight=57.988409601345666 1720.324413908817 45.825294254885648 28.62417279292913
leaf_count=1425 55247 1310 504
internal_value=-0.000247138 -0.00660755 -0.0141444
internal_weight=1852.76 132.438 86.6126
internal_count=58486 3239 1929
cat_boundaries=0 1
cat_threshold=80
is_linear=0
shrinkage=0.0321881


Tree=1066
num_leaves=4
num_cat=0
split_feature=15 2 4
split_gain=5.34357 12.5122 15.6029
threshold=0.60668565251827877 45.889440782639163 1342.5446945428155
decision_type=8 2 2
left_child=1 2 -1
right_child=-2 -3 -4
leaf_value=-0.0055599436432298109 -0.0010253039796673516 0.012653608414433295 0.013360063074607681
leaf_weight=175.33319405564725 1517.2378075097199 105.40280957965297 60.187996419124829
leaf_count=3527 52776 1390 925
internal_value=-0.000174523 0.00342315 -0.000446158
internal_weight=1858.16 340.924 235.521
internal_count=58618 5842 4452
is_linear=0
shrinkage=0.0321881


Tree=1067
num_leaves=4
num_cat=0
split_feature=2 10 20
split_gain=5.87407 15.8468 13.086
threshold=40.61702301618557 9793.2342246135922 33.357197447350558
decision_type=2 2 2
left_child=-1 2 -2
right_child=1 -3 -4
leaf_value=-0.0013746632632674089 -0.0069908456873846161 -0.0030474779622820629 0.012169281620670149
leaf_weight=1376.2688842337029 40.67792091879528 230.10250446249847 198.76404290040955
leaf_count=52170 1140 3241 2061
internal_value=-0.00028288 0.00278072 0.0086448
internal_weight=1845.81 469.544 239.442
internal_count=58612 6442 3201
is_linear=0
shrinkage=0.0321881


Tree=1068
num_leaves=4
num_cat=1
split_feature=32 44 20
split_gain=5.04299 10.4341 13.5487
threshold=0.69414579585900704 0 26.779069879138607
decision_type=2 9 2
left_child=-1 2 -2
right_child=1 -3 -4
leaf_value=4.1366185132193596e-05 -0.022499623256150649 -0.02210477552744354 0.026488922967680687
leaf_weight=1829.4214521975864 8.2572828264055733 21.365682700440175 14.972028340402174
leaf_count=53201 932 4260 229
internal_value=-0.000185374 -0.0108587 0.00442413
internal_weight=1874.02 44.595 23.2293
internal_count=58622 5421 1161
cat_boundaries=0 1
cat_threshold=5
is_linear=0
shrinkage=0.0321881


Tree=1069
num_leaves=4
num_cat=0
split_feature=16 33 23
split_gain=5.90935 15.8399 5.98371
threshold=240.28300269830928 -0.30653392479770797 -0.74487936757385331
decision_type=10 2 2
left_child=2 -2 -1
right_child=1 -3 -4
leaf_value=-0.0066905970174590572 -0.029505519571653663 0.0090556001299977231 0.0010180792696187582
leaf_weight=109.52384955808475 23.55809849700745 16.964427864309982 1719.5464368006838
leaf_count=6826 756 410 50699
internal_value=0.0002174 -0.0118408 0.000520862
internal_weight=1869.59 40.5225 1829.07
internal_count=58691 1166 57525
is_linear=0
shrinkage=0.0321881


Tree=1070
num_leaves=4
num_cat=0
split_feature=10 5 14
split_gain=6.28982 17.236 19.1999
threshold=16182.926673167327 1.7194199735572893 276.8885260629786
decision_type=2 2 10
left_child=-1 2 -2
right_child=1 -3 -4
leaf_value=-0.00031043429325407175 -0.0064687491739634116 -0.013098830797871223 0.034746949265584755
leaf_weight=1770.7429889385257 14.4362985775615 20.414862700825324 32.843759298877558
leaf_count=56108 920 876 541
internal_value=2.34782e-05 0.00966608 0.0208524
internal_weight=1838.44 67.6949 47.2801
internal_count=58445 2337 1461
is_linear=0
shrinkage=0.0321881


Tree=1071
num_leaves=4
num_cat=1
split_feature=31 44 10
split_gain=5.65576 12.1619 23.4608
threshold=-0.50349557039772719 0 5941.3844285594059
decision_type=2 9 2
left_child=-1 2 -2
right_child=1 -3 -4
leaf_value=-0.0020578509316530828 0.014382022531669654 0.0031061248949651823 -0.01758540582626111
leaf_weight=1017.963099761902 30.950540357434875 723.00463153690589 83.522635922287009
leaf_count=42789 589 12998 2273
internal_value=-0.000419511 0.00149589 -0.00770357
internal_weight=1855.44 837.478 114.473
internal_count=58649 15860 2862
cat_boundaries=0 1
cat_threshold=4672
is_linear=0
shrinkage=0.0321881


Tree=1072
num_leaves=4
num_cat=0
split_feature=14 2 3
split_gain=6.23235 16.8594 17.7961
threshold=279.42028443483161 45.889440782639163 121.0045504034341
decision_type=10 2 2
left_child=1 -1 -3
right_child=-2 2 -4
leaf_value=-0.0045456428986284094 0.0018222518394838585 0.030416185676237582 0.0011976448673619228
leaf_weight=557.71944605679573 1166.1676803546216 29.003323577169795 103.10832404450048
leaf_count=37914 19096 367 1310
internal_value=0.00035882 -0.0020226 0.00813641
internal_weight=1856 689.831 132.112
internal_count=58687 39591 1677
is_linear=0
shrinkage=0.0321881


Tree=1073
num_leaves=4
num_cat=0
split_feature=30 5 31
split_gain=6.27597 14.2996 9.34474
threshold=-0.91712797388717104 1.8003966814307912 -0.73930846706387787
decision_type=2 2 2
left_child=1 -1 -2
right_child=2 -3 -4
leaf_value=0.0011155946574026977 -0.001610689152628452 -0.014436639801323993 0.0032845170449066628
leaf_weight=156.02294528691255 742.90544545739635 94.149662574051035 860.18850095849348
leaf_count=2828 35033 1786 19100
internal_value=0.00020346 -0.00449108 0.000976353
internal_weight=1853.27 250.173 1603.09
internal_count=58747 4614 54133
is_linear=0
shrinkage=0.0321881


Tree=1074
num_leaves=4
num_cat=1
split_feature=26 6 42
split_gain=5.59064 7.38039 6.81019
threshold=0.0096311366414321645 49.687355947450946 0
decision_type=2 2 9
left_child=1 -1 -2
right_child=2 -3 -4
leaf_value=-0.0011390324140547244 0.0088681391537125571 -0.012231027871983276 0.00025266531357272107
leaf_weight=401.0164777738014 94.422165091667921 77.736299119048454 1292.2376771036747
leaf_count=16131 2031 2574 37976
internal_value=-4.81433e-05 -0.0030782 0.000952425
internal_weight=1865.41 478.753 1386.66
internal_count=58712 18705 40007
cat_boundaries=0 1
cat_threshold=393732
is_linear=0
shrinkage=0.0321881


Tree=1075
num_leaves=4
num_cat=2
split_feature=10 44 44
split_gain=4.9759 24.9877 19.645
threshold=8246.4242763290658 0 1
decision_type=2 9 9
left_child=1 -1 -2
right_child=2 -3 -4
leaf_value=0.01622896441713825 0.0025738460875593381 -0.0048390563871349513 -0.0095712372364638552
leaf_weight=54.751589877414517 1134.7521616939866 520.00040549763935 145.6452955582904
leaf_count=538 31830 17469 8909
internal_value=0 -0.00251737 0.00108645
internal_weight=1855.15 574.752 1280.4
internal_count=58746 18007 40739
cat_boundaries=0 1 2
cat_threshold=68 406531
is_linear=0
shrinkage=0.0321881


Tree=1076
num_leaves=4
num_cat=0
split_feature=31 10 23
split_gain=6.25697 12.6542 26.8424
threshold=-0.50349557039772719 10346.476999863915 89.099796286531841
decision_type=2 2 2
left_child=1 -1 -3
right_child=-2 2 -4
leaf_value=0.0015037950776307671 0.0022007416112122826 -0.0080128680084602111 0.021655811181019446
leaf_weight=577.55888332060749 832.17724072319334 412.30036203698273 33.018323008902371
leaf_count=21387 15777 20857 527
internal_value=9.65194e-05 -0.00155326 -0.00565977
internal_weight=1855.05 1022.88 445.319
internal_count=58548 42771 21384
is_linear=0
shrinkage=0.0321881


Tree=1077
num_leaves=4
num_cat=0
split_feature=5 13 15
split_gain=5.52012 11.4731 7.81749
threshold=0.90238578023861371 18.411567817195039 1.0840912469453852
decision_type=2 10 10
left_child=1 -1 -3
right_child=-2 2 -4
leaf_value=0.0095958738821492612 0.00077588013403645246 -0.012654429947776599 0.00098982796875837276
leaf_weight=43.343391775357304 1645.6413831465193 128.82171019913949 53.198446117839012
leaf_count=905 51438 2861 3728
internal_value=9.54538e-05 -0.0045864 -0.00832109
internal_weight=1871 225.364 182.02
internal_count=58932 7494 6589
is_linear=0
shrinkage=0.0321881


Tree=1078
num_leaves=4
num_cat=0
split_feature=38 38 40
split_gain=5.1427 35.9975 17.3843
threshold=0.9397638200510483 0.10213342004371834 0.94321851743039442
decision_type=2 2 2
left_child=1 -1 -2
right_child=2 -3 -4
leaf_value=-0.00037283823104966249 -0.017987842941761971 0.035782599450654998 0.0011143191290677002
leaf_weight=1614.9886217778981 71.779699857524975 28.782200914203713 139.75805025698719
leaf_count=53327 1620 699 2811
internal_value=-0.00034468 0.000226562 -0.00507961
internal_weight=1855.31 1643.77 211.538
internal_count=58457 54026 4431
is_linear=0
shrinkage=0.0321881


Tree=1079
num_leaves=4
num_cat=0
split_feature=10 30 10
split_gain=5.50705 5.25593 23.8963
threshold=1842.891058164804 -0.62054697903354439 5248.6419965795294
decision_type=2 2 2
left_child=-1 2 -2
right_child=1 -3 -4
leaf_value=-0.020927845785498507 0.01449321514680684 0.0015415817929590339 -0.0047975093995902222
leaf_weight=12.390055671717617 75.505887364080536 1269.6531772045132 499.82603620543114
leaf_count=940 1411 45609 10667
internal_value=0.000176781 0.000355697 -0.00215023
internal_weight=1857.38 1844.99 575.332
internal_count=58627 57687 12078
is_linear=0
shrinkage=0.0321881


Tree=1080
num_leaves=4
num_cat=1
split_feature=30 44 10
split_gain=5.46587 24.1591 37.3526
threshold=-0.70904256094116269 0 6260.4958447190829
decision_type=2 9 2
left_child=1 -1 -3
right_child=-2 2 -4
leaf_value=0.0038756665421489219 0.00096558267714276415 0.010350101658939572 -0.017357710260188407
leaf_weight=257.30814559716964 1340.1105029004436 64.97866052985546 192.72635234594691
leaf_count=3180 48200 1444 5583
internal_value=-8.2033e-05 -0.00293083 -0.0097436
internal_weight=1855.12 515.013 257.705
internal_count=58407 10207 7027
cat_boundaries=0 1
cat_threshold=6
is_linear=0
shrinkage=0.0321881


Tree=1081
num_leaves=4
num_cat=1
split_feature=41 32 25
split_gain=6.01467 17.4108 19.634
threshold=0 -0.35186948493555381 16.901950998879482
decision_type=9 2 2
left_child=1 2 -1
right_child=-2 -3 -4
leaf_value=-0.0026834379027718754 -0.0025321353791559779 0.0058652482406721419 0.031413605081291006
leaf_weight=713.55524167154181 593.84116422569241 526.90584339527686 17.491795375623951
leaf_count=18087 18201 20363 2021
internal_value=7.56087e-05 0.00136678 -0.00177058
internal_weight=1851.79 1257.95 731.047
internal_count=58672 40471 20108
cat_boundaries=0 1
cat_threshold=2568
is_linear=0
shrinkage=0.0321881


Tree=1082
num_leaves=4
num_cat=0
split_feature=38 38 1
split_gain=7.64648 30.3663 13.1797
threshold=0.9397638200510483 0.10213342004371834 7.1052750076982294
decision_type=2 2 2
left_child=1 -1 -2
right_child=2 -3 -4
leaf_value=0 0.0086603490349243285 0.034567913515490357 -0.010358827334282426
leaf_weight=1621.5104322860766 45.295483173860703 26.587586649395234 163.68530510994606
leaf_count=53676 2648 666 1735
internal_value=-0.000101516 0.000599261 -0.00592695
internal_weight=1857.08 1648.1 208.981
internal_count=58725 54342 4383
is_linear=0
shrinkage=0.0321881


Tree=1083
num_leaves=4
num_cat=0
split_feature=34 30 10
split_gain=5.42562 5.33424 18.3217
threshold=0.99754776100467057 0.69345733221688211 9351.0543118067162
decision_type=2 2 2
left_child=1 -1 -3
right_child=-2 2 -4
leaf_value=0.0012369393017977862 -0.011459007336577284 -0.010818046819301624 0.0021077397442200003
leaf_weight=1336.9091110005356 42.251510011502887 181.1570689936616 289.05785431237291
leaf_count=46370 1577 4249 6285
internal_value=-6.58434e-05 0.000166761 -0.00273966
internal_weight=1849.38 1807.12 470.215
internal_count=58481 56904 10534
is_linear=0
shrinkage=0.0321881


Tree=1084
num_leaves=4
num_cat=0
split_feature=12 4 14
split_gain=5.96668 16.7843 21.7639
threshold=39.290681434124757 340.37852815665525 552.67066885815473
decision_type=10 2 10
left_child=-1 2 -2
right_child=1 -3 -4
leaf_value=0.00074265208054746367 -0.010944329128618327 -0.014873590618847311 0.032174588423084079
leaf_weight=1716.0886055173703 23.507458398315976 87.028751493080563 22.076809919148218
leaf_count=51395 1134 5680 370
internal_value=0.000200685 -0.00632205 0.00860685
internal_weight=1848.7 132.613 45.5843
internal_count=58579 7184 1504
is_linear=0
shrinkage=0.0321881


Tree=1085
num_leaves=4
num_cat=1
split_feature=38 30 44
split_gain=5.86856 5.23025 20.9384
threshold=-0.034138360184930279 -0.7302795357504589 0
decision_type=2 2 9
left_child=-1 2 -2
right_child=1 -3 -4
leaf_value=-0.0059952418646728066 0.00064169896460291296 0.0016453273439404371 -0.017459202848258349
leaf_weight=154.57889957560656 378.70470221160213 1255.5836728339732 68.722507688769383
leaf_count=5082 5579 44646 3400
internal_value=0 0.000550272 -0.00237967
internal_weight=1857.59 1703.01 447.427
internal_count=58707 53625 8979
cat_boundaries=0 1
cat_threshold=9479
is_linear=0
shrinkage=0.0321881


Tree=1086
num_leaves=4
num_cat=1
split_feature=31 43 0
split_gain=7.55579 6.01605 14.034
threshold=-0.98906219919929983 0 1675.8461006298005
decision_type=2 9 2
left_child=-1 2 -2
right_child=1 -3 -4
leaf_value=-0.0068406429321887594 0.0096130858002799243 -9.0310376276735106e-05 -0.016807514017446075
leaf_weight=155.60890918975656 165.82477785875471 1513.8082546428711 22.102998384041712
leaf_count=8931 7789 41433 437
internal_value=-2.50487e-05 0.00056162 0.00583955
internal_weight=1857.34 1701.74 187.928
internal_count=58590 49659 8226
cat_boundaries=0 1
cat_threshold=16
is_linear=0
shrinkage=0.0321881


Tree=1087
num_leaves=4
num_cat=0
split_feature=33 10 22
split_gain=6.26014 17.4476 37.0713
threshold=-0.6626658399506733 5248.6419965795294 335.65917478444743
decision_type=2 2 2
left_child=-1 2 -2
right_child=1 -3 -4
leaf_value=-0.0013820664252351988 -0.005682819630660212 0.00043340711568961969 0.02950629435851107
leaf_weight=980.66783252057439 52.038600141625011 743.69719077283798 68.081686993802577
leaf_count=29770 2541 24930 1232
internal_value=0.000337078 0.00236233 0.0137513
internal_weight=1844.49 863.817 120.12
internal_count=58473 28703 3773
is_linear=0
shrinkage=0.0321881


Tree=1088
num_leaves=4
num_cat=0
split_feature=37 30 14
split_gain=5.78425 7.40566 8.3287
threshold=0.0061631265101967318 -0.91712797388717104 421.27492111975806
decision_type=2 2 10
left_child=1 2 -1
right_child=-2 -3 -4
leaf_value=-0.010902969291961096 -0.00280785879104611 0.0020066069414009604 0.0035842794387151247
leaf_weight=104.438213883348 626.66194187609199 1062.5870041804815 58.987438782613026
leaf_count=2095 20662 35034 915
internal_value=-0.000266 0.000981592 -0.0052871
internal_weight=1852.67 1226.01 163.426
internal_count=58706 38044 3010
is_linear=0
shrinkage=0.0321881


Tree=1089
num_leaves=4
num_cat=1
split_feature=15 11 44
split_gain=6.15355 12.0433 13.4216
threshold=0.59029067935921387 17.073550707004042 0
decision_type=8 10 9
left_child=-1 2 -2
right_child=1 -3 -4
leaf_value=0.003935818372188306 0.017231688362306069 0.00022622950801704059 -0.0093808192017455615
leaf_weight=319.83992795999075 11.395820685791476 1289.7812189647743 232.09272287061322
leaf_count=5454 663 45070 7510
internal_value=-8.51415e-05 -0.000965926 -0.0075363
internal_weight=1853.11 1533.27 243.489
internal_count=58697 53243 8173
cat_boundaries=0 1
cat_threshold=131136
is_linear=0
shrinkage=0.0321881


Tree=1090
num_leaves=4
num_cat=0
split_feature=37 37 29
split_gain=4.8523 7.31974 6.93874
threshold=-0.014926333708676508 -0.0064837364034987174 7.8963387275823873
decision_type=2 2 2
left_child=2 -2 -1
right_child=1 -3 -4
leaf_value=0.00062420949092758496 0.0049903306173271324 -0.00035016559559254321 -0.0091529236047475666
leaf_weight=145.10240828442443 332.76648524259281 1239.9068374169951 134.63271123775485
leaf_count=5260 10010 39609 3739
internal_value=1.08594e-05 0.000739933 -0.00385766
internal_weight=1852.41 1572.67 279.735
internal_count=58618 49619 8999
is_linear=0
shrinkage=0.0321881


Tree=1091
num_leaves=4
num_cat=1
split_feature=30 44 10
split_gain=5.77318 23.0897 33.0704
threshold=-0.64986720163346667 0 6260.4958447190829
decision_type=2 9 2
left_child=1 -1 -3
right_child=-2 2 -4
leaf_value=0.0037904503616814837 0.0013548420925244727 0.0095000576716203055 -0.015825492561333362
leaf_weight=280.85851325409021 1304.0022372465053 68.25633944250967 208.57160808842855
leaf_count=3476 47008 1591 6444
internal_value=0.000150546 -0.0025506 -0.00902275
internal_weight=1861.69 557.686 276.828
internal_count=58519 11511 8035
cat_boundaries=0 1
cat_threshold=6
is_linear=0
shrinkage=0.0321881


Tree=1092
num_leaves=4
num_cat=0
split_feature=18 38 38
split_gain=6.7942 11.1684 11.2996
threshold=27.243141759311047 0.9397638200510483 0.10213342004371834
decision_type=2 2 2
left_child=-1 2 -2
right_child=1 -3 -4
leaf_value=-0.0010423597254159631 0.0066333446251557885 0.0013838888911768842 0.033070439547157042
leaf_weight=1470.421535607979 147.93669910044628 205.63584347790311 21.080080472602276
leaf_count=50327 3390 4333 500
internal_value=-2.21539e-05 0.00381014 0.0103486
internal_weight=1845.07 374.653 169.017
internal_count=58550 8223 3890
is_linear=0
shrinkage=0.0321881


Tree=1093
num_leaves=4
num_cat=0
split_feature=38 40 40
split_gain=5.4944 11.2425 19.2753
threshold=0.01307298767053402 0.077229535102233335 0.90139418391849302
decision_type=2 2 2
left_child=-1 -2 -3
right_child=1 2 -4
leaf_value=0.001155356368644831 -0.0058633840652787001 0.024743857052537684 -0.00053127500463119321
leaf_weight=1121.2968383918462 423.79826000182857 34.472302099276021 275.22973033083326
leaf_count=37046 14581 1003 6070
internal_value=-0.000223351 -0.00241747 0.00209331
internal_weight=1854.8 733.5 309.702
internal_count=58700 21654 7073
is_linear=0
shrinkage=0.0321881


Tree=1094
num_leaves=4
num_cat=1
split_feature=10 44 33
split_gain=6.58846 31.4854 26.5342
threshold=10387.160782791672 0 0.30144874714216557
decision_type=2 9 2
left_child=-1 -2 -3
right_child=1 2 -4
leaf_value=0.0020967691828604989 0.00072691717158959984 -0.022804638579219407 0.043532808531008084
leaf_weight=1029.1972743068104 717.72946991938443 103.51389807019495 5.8166268723330168
leaf_count=29923 21033 6342 1279
internal_value=0.000349519 -0.00174776 -0.0170513
internal_weight=1856.26 827.06 109.331
internal_count=58577 28654 7621
cat_boundaries=0 1
cat_threshold=394259
is_linear=0
shrinkage=0.0321881


Tree=1095
num_leaves=4
num_cat=0
split_feature=1 16 4
split_gain=5.76414 5.47152 12.7777
threshold=35.626922585971002 67.08822237831663 1539.3115719219111
decision_type=2 10 2
left_child=1 2 -1
right_child=-2 -3 -4
leaf_value=-0.0093155838847961518 -0.019249440348543513 0.00027721038387398762 0.013055328204266617
leaf_weight=159.60892626161603 16.691972692671698 1637.7564129382426 29.440979647014501
leaf_count=14671 240 39278 4342
internal_value=-0.000493408 -0.000284693 -0.00548326
internal_weight=1843.5 1826.81 189.05
internal_count=58531 58291 19013
is_linear=0
shrinkage=0.0321881


Tree=1096
num_leaves=4
num_cat=0
split_feature=14 1 25
split_gain=5.15041 11.2595 8.74123
threshold=179.07199230799992 26.944515210019407 15.077923895617454
decision_type=8 2 2
left_child=1 2 -1
right_child=-2 -3 -4
leaf_value=-0.0097507970707648058 0.00052779615828331481 0.011565798145456175 0.027397308751165445
leaf_weight=174.35484733568956 1643.8671534033954 33.390844730165554 5.7671144454022842
leaf_count=10932 45683 403 1757
internal_value=-4.85295e-05 -0.00477939 -0.00817381
internal_weight=1857.38 213.513 180.122
internal_count=58775 13092 12689
is_linear=0
shrinkage=0.0321881


Tree=1097
num_leaves=4
num_cat=0
split_feature=8 16 1
split_gain=5.01455 11.0039 12.4204
threshold=1556.0488185013371 59.868804461344617 4.8475256227508687
decision_type=2 8 2
left_child=1 -1 -3
right_child=-2 2 -4
leaf_value=-0.02255243500127882 0.002790793481054613 0.0097966911964335809 -0.0015891721690190176
leaf_weight=24.233571145990027 461.28285168676302 106.8011923522904 1251.8756937428188
leaf_count=10880 7366 19235 21046
internal_value=-7.66487e-05 -0.00107947 -0.000645743
internal_weight=1844.19 1382.91 1358.68
internal_count=58527 51161 40281
is_linear=0
shrinkage=0.0321881


Tree=1098
num_leaves=4
num_cat=0
split_feature=31 36 24
split_gain=5.77735 8.45925 11.0923
threshold=0.45487202894441492 0.81528568745293051 179.25052294094692
decision_type=2 2 2
left_child=-1 -2 -3
right_child=1 2 -4
leaf_value=0.00039954677545734208 0.010710674270084437 -0.018023476808390896 0.0038424267763479125
leaf_weight=1726.13953217774 19.82168375940546 71.266176833116333 29.689995435779565
leaf_count=56308 593 1340 352
internal_value=-4.22558e-05 -0.00687118 -0.0109696
internal_weight=1846.92 120.778 100.956
internal_count=58593 2285 1692
is_linear=0
shrinkage=0.0321881


Tree=1099
num_leaves=4
num_cat=0
split_feature=6 4 10
split_gain=4.75009 26.205 9.51001
threshold=119.33011260309083 564.32797383355137 5177.0736815177579
decision_type=2 2 2
left_child=2 -2 -1
right_child=1 -3 -4
leaf_value=0.0060955945914951976 0.017766319654128844 -0.018703287047925482 -0.0012099423358173382
leaf_weight=208.34542716027181 70.552416127358811 27.106807420795121 1549.5520627601732
leaf_count=7016 1046 1029 49594
internal_value=4.24796e-05 0.00697223 -0.00030716
internal_weight=1855.56 97.6592 1757.9
internal_count=58685 2075 56610
is_linear=0
shrinkage=0.0321881


Tree=1100
num_leaves=4
num_cat=0
split_feature=15 16 2
split_gain=5.80601 19.5385 17.0204
threshold=0.85662098940161591 84.407583376190317 11.177144273856198
decision_type=8 8 2
left_child=-1 -2 -3
right_child=1 2 -4
leaf_value=-0.0023165630182060285 -0.023019811613510636 0.016582998453122739 0.00086846060310179229
leaf_weight=811.87190981714957 32.430560063199209 78.480047816894512 920.49949372502306
leaf_count=14855 19696 8354 15677
internal_value=-0.000252029 0.00131148 0.00217038
internal_weight=1843.28 1031.41 998.98
internal_count=58582 43727 24031
is_linear=0
shrinkage=0.0321881


Tree=1101
num_leaves=4
num_cat=0
split_feature=32 33 0
split_gain=5.12914 6.08326 5.48677
threshold=-1.0125482023562029 0.083783993665815196 1480.3143251157132
decision_type=2 2 2
left_child=1 -1 -2
right_child=2 -3 -4
leaf_value=-0.010228246816697638 0.0010826594909890241 0.0063457691299466925 -0.005961133897005505
leaf_weight=96.272513232328492 1598.2042835283146 24.903533522217913 121.50453395266959
leaf_count=2361 53075 437 2780
internal_value=6.16851e-05 -0.00629169 0.000547201
internal_weight=1840.88 121.176 1719.71
internal_count=58653 2798 55855
is_linear=0
shrinkage=0.0321881


Tree=1102
num_leaves=4
num_cat=0
split_feature=12 14 3
split_gain=5.35597 18.1243 11.0157
threshold=38.941646933058102 401.59442780198077 252.13319627091758
decision_type=8 8 2
left_child=-1 -2 -3
right_child=1 2 -4
leaf_value=0.00095002395348305416 -0.019528458462109675 -0.0025587631533673092 0.021043770195152717
leaf_weight=1659.6803776296144 59.202563687889324 97.707971240375628 24.941215788363479
leaf_count=49099 6298 2577 381
internal_value=0.000343003 -0.00484125 0.00175392
internal_weight=1841.53 181.852 122.649
internal_count=58355 9256 2958
is_linear=0
shrinkage=0.0321881


Tree=1103
num_leaves=4
num_cat=1
split_feature=42 10 24
split_gain=5.44565 15.0862 13.9631
threshold=0 13072.501979882962 106.08044689593588
decision_type=9 2 2
left_child=-1 2 -2
right_child=1 -3 -4
leaf_value=0.00017740547646154939 -0.015762034696965844 -0.031544803612269003 0.0049762141228941962
leaf_weight=1690.8741979719666 50.70398433590708 21.149599207790288 93.606464189699182
leaf_count=54734 1717 726 1387
internal_value=-0.00034747 -0.00575185 -0.0018835
internal_weight=1856.33 165.46 144.31
internal_count=58564 3830 3104
cat_boundaries=0 1
cat_threshold=147550
is_linear=0
shrinkage=0.0321881


Tree=1104
num_leaves=4
num_cat=0
split_feature=5 19 7
split_gain=4.69522 11.777 6.4614
threshold=5.7325148638003229 52.721955405795896 25533.865995892553
decision_type=2 2 2
left_child=2 -2 -1
right_child=1 -3 -4
leaf_value=-0.00015133346741414336 -0.005032706452121955 0.028379254403891913 -0.018134398897742314
leaf_weight=1791.6696015459102 18.039951843784365 20.062770484422799 20.858558892899055
leaf_count=56614 606 306 1184
internal_value=-0.000126057 0.0109655 -0.000395762
internal_weight=1850.63 38.1027 1812.53
internal_count=58710 912 57798
is_linear=0
shrinkage=0.0321881


Tree=1105
num_leaves=4
num_cat=1
split_feature=31 44 4
split_gain=7.30204 16.4669 16.1751
threshold=-0.73930846706387787 0 324.78047187490057
decision_type=2 9 2
left_child=1 2 -1
right_child=-2 -3 -4
leaf_value=0.016448257902680594 0.0015921444462078883 -0.0058204318747730318 -0.0010508810814687916
leaf_weight=77.878730386775715 1108.7162875405938 504.62023761250748 163.47445920204927
leaf_count=3138 23615 15451 16302
internal_value=-2.94126e-05 -0.00252458 0.00417001
internal_weight=1854.69 745.973 241.353
internal_count=58506 34891 19440
cat_boundaries=0 1
cat_threshold=397888
is_linear=0
shrinkage=0.0321881


Tree=1106
num_leaves=4
num_cat=1
split_feature=30 5 44
split_gain=7.85961 19.1256 17.4402
threshold=0.69345733221688211 2.4492873040875227 0
decision_type=2 2 9
left_child=-1 2 -2
right_child=1 -3 -4
leaf_value=0.0011359921908017799 0.014866628826558939 0.0061264733328625269 -0.0098894927747865853
leaf_weight=1382.2323316487698 22.640519230060818 139.06920091964912 314.45137179790891
leaf_count=48054 1424 2676 6728
internal_value=-5.76853e-05 -0.00365531 -0.00788113
internal_weight=1858.39 476.161 337.092
internal_count=58882 10828 8152
cat_boundaries=0 1
cat_threshold=270416
is_linear=0
shrinkage=0.0321881


Tree=1107
num_leaves=4
num_cat=0
split_feature=0 5 10
split_gain=5.01581 25.3339 26.998
threshold=872.07290106087146 1.376135882863998 12540.563014859099
decision_type=2 2 2
left_child=-1 -2 -3
right_child=1 2 -4
leaf_value=-0.00064805547556424806 -0.0020842094322716513 0.01840222093656118 -0.015042485444624719
leaf_weight=1349.6001695019891 325.65152390071307 151.34765549909935 27.657137612011866
leaf_count=49512 5546 2791 700
internal_value=0.000336926 0.00309628 0.0128664
internal_weight=1854.26 504.656 179.005
internal_count=58549 9037 3491
is_linear=0
shrinkage=0.0321881


Tree=1108
num_leaves=4
num_cat=1
split_feature=14 31 42
split_gain=5.63316 6.04265 8.71794
threshold=711.07559972256286 -0.50349557039772719 0
decision_type=10 2 9
left_child=1 2 -1
right_child=-2 -3 -4
leaf_value=0.0098616328295666588 0.01224526482541222 0.0017670984345491321 -0.0027107283863189004
leaf_weight=49.298686098169128 37.991585478914203 820.06322092845312 948.63006032736894
leaf_count=848 690 15661 41467
internal_value=0 -0.000239338 -0.001952
internal_weight=1855.98 1817.99 997.929
internal_count=58666 57976 42315
cat_boundaries=0 1
cat_threshold=548
is_linear=0
shrinkage=0.0321881


Tree=1109
num_leaves=4
num_cat=0
split_feature=16 12 32
split_gain=5.77043 22.0402 19.9922
threshold=172.4514973262462 34.44529265447148 -0.68394086596265169
decision_type=10 10 2
left_child=-1 2 -2
right_child=1 -3 -4
leaf_value=-0.00074978094381015386 0.004527956103747675 0.0099713370824082263 -0.021279767994344185
leaf_weight=1497.9152229792264 63.544268848752836 222.70941817840503 55.459863371113897
leaf_count=52279 947 3829 1568
internal_value=7.59171e-05 0.00387967 -0.00698353
internal_weight=1839.63 341.714 119.004
internal_count=58623 6344 2515
is_linear=0
shrinkage=0.0321881


Tree=1110
num_leaves=4
num_cat=0
split_feature=7 22 4
split_gain=5.0891 22.6376 20.1322
threshold=4818.4830131142226 236.79057700828 513.04081535025523
decision_type=2 2 2
left_child=-1 -2 -3
right_child=1 2 -4
leaf_value=-0.0007885169073665627 -0.009254614061727234 0.016148045326745995 0.00015428424683482431
leaf_weight=1387.1225981356256 111.21367252755317 150.13946417318584 196.16573552108093
leaf_count=44911 5638 2541 5364
internal_value=0.000146083 0.00311772 0.00727842
internal_weight=1844.64 457.519 346.305
internal_count=58454 13543 7905
is_linear=0
shrinkage=0.0321881


Tree=1111
num_leaves=4
num_cat=1
split_feature=39 10 44
split_gain=6.08091 26.7464 25.2307
threshold=0.91925617272353211 6842.7120777071659 0
decision_type=2 2 9
left_child=-1 -2 -3
right_child=1 2 -4
leaf_value=0.0012019080140326546 -0.024991321150514161 0.0078923931410335678 -0.010212975270769939
leaf_weight=1492.5778785141406 50.979661630073679 175.94853634678293 129.19581426643708
leaf_count=51089 1318 3509 2795
internal_value=0.000268255 -0.00346431 0
internal_weight=1848.7 356.124 305.144
internal_count=58711 7622 6304
cat_boundaries=0 1
cat_threshold=267265
is_linear=0
shrinkage=0.0321881


Tree=1112
num_leaves=4
num_cat=0
split_feature=6 30 14
split_gain=6.18042 15.5926 11.2267
threshold=33.701476444079027 0.70285208003036703 367.23273081331638
decision_type=2 2 8
left_child=1 -1 -3
right_child=-2 2 -4
leaf_value=0.0033252419097987091 -0.0029353113750659973 0.00046839568692439712 -0.011047488844375999
leaf_weight=1041.7247623221617 464.40003526280088 181.66967413055954 153.18822395688403
leaf_count=37096 13545 5238 2719
internal_value=0.000232166 0.00134732 -0.00461381
internal_weight=1840.98 1376.58 334.858
internal_count=58598 45053 7957
is_linear=0
shrinkage=0.0321881


Tree=1113
num_leaves=4
num_cat=1
split_feature=26 38 41
split_gain=7.24385 11.2526 10.7115
threshold=0.75435675677407177 0.9397638200510483 0
decision_type=2 2 9
left_child=-1 2 -2
right_child=1 -3 -4
leaf_value=-0.0011357229276054235 0.015926033772512917 0.001411961489920873 0.001411961489920873
leaf_weight=1490.4163438905409 107.29379603932284 208.35193265377166 41.736844298848155
leaf_count=50817 1937 4422 1499
internal_value=-0.000115381 0.00395965 0.0110273
internal_weight=1847.8 357.383 149.031
internal_count=58675 7858 3436
cat_boundaries=0 1
cat_threshold=2304
is_linear=0
shrinkage=0.0321881


Tree=1114
num_leaves=4
num_cat=1
split_feature=26 31 44
split_gain=4.93619 5.36861 13.9704
threshold=-0.076981411734262317 -0.73930846706387787 0
decision_type=2 2 9
left_child=-1 2 -2
right_child=1 -3 -4
leaf_value=-0.012250842762250065 0.0062808220525404418 0.0016685038867152279 -0.0042535922636303168
leaf_weight=33.291289610510375 155.28600233742691 1094.1591295867138 572.44827168141933
leaf_count=1381 6877 23252 27167
internal_value=0 0.000212454 -0.00188907
internal_weight=1855.18 1821.89 727.734
internal_count=58677 57296 34044
cat_boundaries=0 1
cat_threshold=143936
is_linear=0
shrinkage=0.0321881


Tree=1115
num_leaves=4
num_cat=2
split_feature=41 4 44
split_gain=5.43284 19.998 9.67563
threshold=0 1370.3307992120788 1
decision_type=9 2 9
left_child=-1 2 -2
right_child=1 -3 -4
leaf_value=2.6934048329123367e-05 0.007416321953346872 0.015195622597701502 -0.013630713366162374
leaf_weight=1652.8431033835234 19.402992985040328 35.482558123234412 137.06059848645691
leaf_count=54651 348 700 3054
internal_value=-0.000547037 -0.00552857 -0.0110035
internal_weight=1844.79 191.946 156.464
internal_count=58753 4102 3402
cat_boundaries=0 1 2
cat_threshold=2828 4676
is_linear=0
shrinkage=0.0321881


Tree=1116
num_leaves=4
num_cat=0
split_feature=16 22 33
split_gain=5.70426 19.3532 13.6248
threshold=240.28300269830928 604.56229200739074 0.14137766241452024
decision_type=8 2 2
left_child=-1 2 -2
right_child=1 -3 -4
leaf_value=-0.0002314557334251751 -0.028672982357991685 0.026294848399664155 0.0033958835026665318
leaf_weight=1778.6903739104046 39.415890928859881 10.611561248369979 10.365669901919317
leaf_count=56081 1775 214 488
internal_value=-0.000599133 -0.0103342 -0.0195031
internal_weight=1839.08 60.3931 49.7816
internal_count=58558 2477 2263
is_linear=0
shrinkage=0.0321881


Tree=1117
num_leaves=4
num_cat=0
split_feature=22 39 1
split_gain=5.06946 7.87086 24.5118
threshold=869.11161440286025 0.91925617272353211 14.648270627388877
decision_type=2 2 2
left_child=1 -1 -3
right_child=-2 2 -4
leaf_value=0.00058185803444557311 0.011040245795372888 0.0053348756527419883 -0.011892980599726212
leaf_weight=1484.5367178613637 40.921395808123634 120.05453141332691 202.64916925085708
leaf_count=50888 697 5165 1940
internal_value=-8.19999e-05 -0.000370494 -0.00494605
internal_weight=1848.16 1807.24 322.704
internal_count=58690 57993 7105
is_linear=0
shrinkage=0.0321881


Tree=1118
num_leaves=4
num_cat=1
split_feature=33 44 16
split_gain=4.6234 15.7677 21.9833
threshold=-0.64335627813258534 0 102.4330510693453
decision_type=2 9 8
left_child=1 2 -1
right_child=-2 -3 -4
leaf_value=-0.0062054273460787736 0.0013647969419435548 -0.0034549970586203308 0.020267670448202449
leaf_weight=52.317607509698064 839.17526091185891 872.23418545260415 74.594277772706846
leaf_count=9605 27919 18078 2743
internal_value=-0.000353039 -0.00185955 0.00821617
internal_weight=1838.32 999.146 126.912
internal_count=58345 30426 12348
cat_boundaries=0 1
cat_threshold=406544
is_linear=0
shrinkage=0.0321881


Tree=1119
num_leaves=4
num_cat=1
split_feature=2 32 44
split_gain=5.30421 24.2408 28.1337
threshold=27.268910407247503 -0.23884689617406982 0
decision_type=2 2 9
left_child=1 -1 -3
right_child=-2 2 -4
leaf_value=-0.0083217401726838024 0.0011002723361057311 0.013974657866125378 -0.0095681858237441058
leaf_weight=321.77994665241749 1315.2278562796419 134.93161794560046 71.869271101649701
leaf_count=20819 20024 9912 7905
internal_value=0 -0.00271675 0.00569645
internal_weight=1843.81 528.581 206.801
internal_count=58660 38636 17817
cat_boundaries=0 1
cat_threshold=266758
is_linear=0
shrinkage=0.0321881


Tree=1120
num_leaves=4
num_cat=0
split_feature=26 10 38
split_gain=5.19693 12.886 8.68283
threshold=1.4308871045648688 12664.291500671601 0.9397638200510483
decision_type=2 2 2
left_child=2 -2 -1
right_child=1 -3 -4
leaf_value=-0.0002259133541904925 0.0026667755186678792 0.024076260829313311 -0.010047466943167027
leaf_weight=1625.634574127886 84.581975099317788 31.46333510333352 99.910136771297402
leaf_count=54072 1478 653 2422
internal_value=-0.000356436 0.00616635 -0.000832796
internal_weight=1841.59 116.045 1725.54
internal_count=58625 2131 56494
is_linear=0
shrinkage=0.0321881


Tree=1121
num_leaves=4
num_cat=0
split_feature=14 30 25
split_gain=4.66742 12.6375 12.2519
threshold=290.03175749903522 -0.57096246298517672 9.8527411794770696
decision_type=10 2 2
left_child=1 -1 -2
right_child=2 -3 -4
leaf_value=-0.0088559792020888664 0.0017299754566267871 0.00037829270178521139 -0.017501066884336027
leaf_weight=212.22756351057478 1077.9080026010924 511.67740445730306 34.813331355102491
leaf_count=7304 15752 33162 2351
internal_value=-0.000202785 -0.00224298 0.00106747
internal_weight=1836.63 723.905 1112.72
internal_count=58569 40466 18103
is_linear=0
shrinkage=0.0321881


Tree=1122
num_leaves=4
num_cat=0
split_feature=14 1 4
split_gain=5.77856 13.3579 11.0367
threshold=202.19675343074613 26.944515210019407 1507.2727137719476
decision_type=10 2 2
left_child=1 2 -1
right_child=-2 -3 -4
leaf_value=-0.0095828136542569185 0.00066153600223979071 0.011421463921279518 0.0075124940961732306
leaf_weight=240.78045699081008 1525.1710691541807 46.495693792734528 42.297865605387869
leaf_count=18218 34862 575 4957
internal_value=-0.000138079 -0.0040294 -0.00679945
internal_weight=1854.75 329.574 283.078
internal_count=58612 23750 23175
is_linear=0
shrinkage=0.0321881


Tree=1123
num_leaves=4
num_cat=1
split_feature=10 44 4
split_gain=7.10525 36.7264 25.1093
threshold=10190.360574226934 0 1437.8287208841259
decision_type=2 9 2
left_child=-1 2 -2
right_child=1 -3 -4
leaf_value=0.0014498655217400479 -0.0030399008174391449 -0.018910855342843407 0.010891288707873543
leaf_weight=992.55095839646083 586.09360448156895 111.62580044284732 173.42336384025111
leaf_count=28780 16919 7871 5176
internal_value=-0.000371488 -0.0025196 5.8856e-05
internal_weight=1863.69 871.143 759.517
internal_count=58746 29966 22095
cat_boundaries=0 1
cat_threshold=402451
is_linear=0
shrinkage=0.0321881


Tree=1124
num_leaves=4
num_cat=1
split_feature=10 44 5
split_gain=4.89228 21.5309 35.6446
threshold=8246.4242763290658 0 2.1699048549265174
decision_type=2 9 2
left_child=1 2 -1
right_child=-2 -3 -4
leaf_value=0 0.0012039694555411042 -0.0061746321234833219 0.039589247059414572
leaf_weight=126.48481428844389 1272.680514021645 420.46747344743949 29.514738864381798
leaf_count=2112 40899 15400 378
internal_value=5.63109e-05 -0.00236641 0.00740528
internal_weight=1849.15 576.467 156
internal_count=58789 17890 2490
cat_boundaries=0 1
cat_threshold=580
is_linear=0
shrinkage=0.0321881


Tree=1125
num_leaves=4
num_cat=0
split_feature=5 4 10
split_gain=5.12012 38.1619 36.4428
threshold=3.2530132664856355 826.51368061909977 6701.8098713219579
decision_type=2 2 2
left_child=-1 2 -2
right_child=1 -3 -4
leaf_value=-0.0013574695896916256 -0.01844644477787049 -0.020133619584462366 0.014361343818857083
leaf_weight=1536.6806599445606 40.412905514436716 57.338594409037796 209.20577832261552
leaf_count=51499 1057 2658 3468
internal_value=-0.000570095 0.00316231 0.00878243
internal_weight=1843.64 306.957 249.619
internal_count=58682 7183 4525
is_linear=0
shrinkage=0.0321881


Tree=1126
num_leaves=4
num_cat=0
split_feature=32 2 32
split_gain=6.68622 17.4611 16.0066
threshold=-0.37941825886743025 29.439690958675573 -0.92352643320921901
decision_type=2 2 2
left_child=1 2 -1
right_child=-2 -3 -4
leaf_value=0.00015274607337869482 0.0023145033015835054 0.0012008269280440449 -0.013384389444134642
leaf_weight=146.6697667326207 775.65172325251228 712.08751187480084 203.04153813482412
leaf_count=6058 30167 9131 13317
internal_value=9.00562e-06 -0.00161534 -0.00752862
internal_weight=1837.45 1061.8 349.711
internal_count=58673 28506 19375
is_linear=0
shrinkage=0.0321881


Tree=1127
num_leaves=4
num_cat=0
split_feature=2 10 33
split_gain=5.30611 11.6707 19.1989
threshold=39.905433459904529 9914.5160679667733 -0.13766758458426187
decision_type=2 2 2
left_child=-1 2 -2
right_child=1 -3 -4
leaf_value=-0.00061392827267824882 0.01089915384396087 -0.0016992272113099381 -0.016322525467302833
leaf_weight=1319.8287538823747 244.15669256454566 242.91422004657215 28.230859563365811
leaf_count=51477 2921 3509 699
internal_value=0.000427349 0.00321695 0.00783247
internal_weight=1835.13 515.302 272.388
internal_count=58606 7129 3620
is_linear=0
shrinkage=0.0321881


Tree=1128
num_leaves=4
num_cat=0
split_feature=30 5 29
split_gain=6.01088 6.82512 8.42318
threshold=-0.96857431006068173 2.1536791735849632 8.954796905958359
decision_type=2 2 2
left_child=1 2 -1
right_child=-2 -3 -4
leaf_value=0.002186860245845764 0.00034184010577727598 -0.018331627629583121 -0.018616029075394804
leaf_weight=90.243813491007131 1697.9153456883976 37.845989103496322 24.731236060082665
leaf_count=1618 55851 728 458
internal_value=-0.000173353 -0.00630521 -0.00176411
internal_weight=1850.74 152.821 114.975
internal_count=58655 2804 2076
is_linear=0
shrinkage=0.0321881


Tree=1129
num_leaves=4
num_cat=1
split_feature=31 44 16
split_gain=5.98663 17.4464 24.8473
threshold=-0.78813266157992856 0 186.68203027134385
decision_type=2 9 8
left_child=1 2 -1
right_child=-2 -3 -4
leaf_value=0.0036877291196630449 0.0014959569124496106 -0.0050381985053698846 0.059327655117442937
leaf_weight=132.42021150021719 1175.1759768905349 528.41121453801361 8.9937862526858208
leaf_count=6165 26202 26078 242
internal_value=7.86276e-05 -0.0023126 0.00725703
internal_weight=1845 669.825 141.414
internal_count=58687 32485 6407
cat_boundaries=0 1
cat_threshold=135744
is_linear=0
shrinkage=0.0321881


Tree=1130
num_leaves=4
num_cat=0
split_feature=1 14 12
split_gain=5.71413 5.15126 15.1134
threshold=35.626922585971002 424.52139602522186 40.331047989411566
decision_type=2 10 10
left_child=1 2 -1
right_child=-2 -3 -4
leaf_value=-0.00026364814223213883 -0.018808752035321789 0.0030039589303729754 -0.022403220982449196
leaf_weight=1295.7922031082892 16.39870844403049 485.89597035754559 32.745374093497048
leaf_count=46021 235 7951 4487
internal_value=0 0.00013905 -0.000861169
internal_weight=1830.83 1814.43 1328.54
internal_count=58694 58459 50508
is_linear=0
shrinkage=0.0321881


Tree=1131
num_leaves=4
num_cat=0
split_feature=38 1 4
split_gain=5.39993 13.3383 32.4686
threshold=0.025651507825542302 6.5308128095114606 557.1020234292115
decision_type=2 2 2
left_child=-1 2 -2
right_child=1 -3 -4
leaf_value=0.00077063333387629939 0.026871180052581146 -0.0054475945094668975 -0.018112844986241616
leaf_weight=1347.5899107297337 43.739847182561789 415.96989836030116 24.920427131007273
leaf_count=44796 2087 6245 5464
internal_value=-0.000239523 -0.00317879 0.0096135
internal_weight=1832.22 484.63 68.6603
internal_count=58592 13796 7551
is_linear=0
shrinkage=0.0321881


Tree=1132
num_leaves=4
num_cat=0
split_feature=29 3 25
split_gain=5.49612 10.4533 9.84443
threshold=10.50746068591665 275.86402884910837 16.901950998879482
decision_type=2 2 2
left_child=2 -2 -1
right_child=1 -3 -4
leaf_value=0.0001795081095347308 -0.030241787443851767 0.017504973320225006 0.020319382611111107
leaf_weight=1798.5103497514615 15.821152053504649 4.7479971257571369 25.420843309950669
leaf_count=51092 3351 167 4284
internal_value=0.000276229 -0.0160852 0.000497725
internal_weight=1844.5 20.5691 1823.93
internal_count=58894 3518 55376
is_linear=0
shrinkage=0.0321881


Tree=1133
num_leaves=4
num_cat=1
split_feature=39 44 10
split_gain=7.52694 29.5176 20.4138
threshold=0.95091390097265771 0 8917.7989484497684
decision_type=2 9 2
left_child=-1 2 -2
right_child=1 -3 -4
leaf_value=0.00058538102994281239 -0.02255536397597898 -0.0094656986121429906 0.024826770689070014
leaf_weight=1510.3614994218087 9.9761363192519621 264.8190120688887 50.985544749550172
leaf_count=51706 667 4840 1642
internal_value=-0.000334516 -0.00479197 0.0137311
internal_weight=1836.14 325.781 60.9617
internal_count=58855 7149 2309
cat_boundaries=0 1
cat_threshold=263168
is_linear=0
shrinkage=0.0321881


Tree=1134
num_leaves=4
num_cat=1
split_feature=3 3 44
split_gain=4.75222 6.62694 22.5398
threshold=322.26038568626717 278.38163180588089 0
decision_type=2 2 9
left_child=1 -1 -3
right_child=-2 2 -4
leaf_value=-0.00066225549652294152 -0.019547425509271413 0.015019430694404702 -0.0082048141713105018
leaf_weight=1658.3520662095539 12.832227530074304 99.172168577977573 61.238419909997901
leaf_count=55889 224 1292 1255
internal_value=-0.000196935 -2.28637e-05 0.00618203
internal_weight=1831.59 1818.76 160.411
internal_count=58660 58436 2547
cat_boundaries=0 1
cat_threshold=4118
is_linear=0
shrinkage=0.0321881


Tree=1135
num_leaves=4
num_cat=0
split_feature=37 33 15
split_gain=5.96445 7.54081 15.9498
threshold=-0.014926333708676508 -0.62312731716042757 1.334109964486242
decision_type=2 2 8
left_child=-1 -2 -3
right_child=1 2 -4
leaf_value=-0.0041660477116221353 -0.00098222111450318246 0.0042581001848464202 -0.031363101181114197
leaf_weight=276.60304416203212 868.38995833139597 673.24780533810099 12.676249655451555
leaf_count=9057 26511 20005 3156
internal_value=0.000144813 0.000953456 0.00349637
internal_weight=1830.92 1554.31 685.924
internal_count=58729 49672 23161
is_linear=0
shrinkage=0.0321881


Tree=1136
num_leaves=4
num_cat=0
split_feature=35 38 1
split_gain=4.85608 6.82595 13.2821
threshold=-0.00083981447196590714 0.024307492916932977 12.172481916256318
decision_type=2 2 2
left_child=-1 2 -2
right_child=1 -3 -4
leaf_value=-0.0022369206871745546 -0.0065963976056248076 -0.0026816253977964286 0.0045387537745479366
leaf_weight=670.62123235691115 127.27241213245293 321.90348479626982 710.63482474790362
leaf_count=21796 16536 9014 11242
internal_value=-2.34016e-05 0.00120178 0.00277002
internal_weight=1830.43 1159.81 837.907
internal_count=58588 36792 27778
is_linear=0
shrinkage=0.0321881


Tree=1137
num_leaves=4
num_cat=0
split_feature=29 33 10
split_gain=4.60904 8.70259 14.634
threshold=10.50746068591665 0.083783993665815196 9834.0814778529584
decision_type=2 2 2
left_child=1 -1 -3
right_child=-2 2 -4
leaf_value=-0.00035958023307345314 -0.015707086256354256 -0.0040274802667774204 0.016602969006206482
leaf_weight=1683.8410863965012 18.698487890582783 54.615344579605789 83.846362759803924
leaf_count=48045 3454 3251 3999
internal_value=4.40215e-05 0.000242611 0.00801322
internal_weight=1841 1822.3 138.462
internal_count=58749 55295 7250
is_linear=0
shrinkage=0.0321881


Tree=1138
num_leaves=4
num_cat=0
split_feature=11 40 40
split_gain=5.15683 14.0993 46.7844
threshold=26.590149874655577 0.90139418391849302 0.20333364359958961
decision_type=8 2 2
left_child=1 2 -1
right_child=-2 -3 -4
leaf_value=0.001489296612831315 -0.003294416731354154 -0.0044995222135770247 0.044379451243652064
leaf_weight=972.88948474329618 447.01292118415699 385.41916518987273 27.04407454864122
leaf_count=32239 17478 8419 545
internal_value=-0.000264657 0.000667386 0.00272322
internal_weight=1832.37 1385.35 999.934
internal_count=58681 41203 32784
is_linear=0
shrinkage=0.0321881


Tree=1139
num_leaves=4
num_cat=0
split_feature=30 23 33
split_gain=5.90398 15.3092 17.0402
threshold=0.57297293695745832 27.669401622585792 -0.51887186727898393
decision_type=2 2 2
left_child=-1 2 -2
right_child=1 -3 -4
leaf_value=0.0011099544424711368 -0.015076938585320438 0.0031891118026623161 -0.0021684419176346073
leaf_weight=1277.5620121820236 160.01430040196237 233.95452169069904 158.03913173195588
leaf_count=45184 4810 3922 4722
internal_value=-5.62376e-05 -0.00286991 -0.007526
internal_weight=1829.57 552.008 318.053
internal_count=58638 13454 9532
is_linear=0
shrinkage=0.0321881


Tree=1140
num_leaves=4
num_cat=1
split_feature=30 44 0
split_gain=5.21897 18.1557 27.8352
threshold=-0.56134599785551875 0 886.68120782130097
decision_type=2 9 2
left_child=1 2 -1
right_child=-2 -3 -4
leaf_value=-0.002786453519851231 0.0013875255151320485 -0.0076804039148188376 0.01845050112072933
leaf_weight=211.51530927280692 1232.4246401672622 306.29112933040096 89.410012288288272
leaf_count=2677 45063 9742 1206
internal_value=0.000151959 -0.00225049 0.00321472
internal_weight=1839.64 607.216 300.925
internal_count=58688 13625 3883
cat_boundaries=0 1
cat_threshold=8198
is_linear=0
shrinkage=0.0321881


Tree=1141
num_leaves=4
num_cat=1
split_feature=32 10 44
split_gain=4.74538 19.8322 13.0007
threshold=0.69414579585900704 8565.0232648187393 0
decision_type=2 2 9
left_child=-1 2 -2
right_child=1 -3 -4
leaf_value=0.0008408331569974408 0.021228282656997235 -0.032351815538463301 -0.014076427440585749
leaf_weight=1792.6743433621032 15.181883819663197 21.716504818399699 8.8547625073515537
leaf_count=53091 446 3611 1464
internal_value=0.000546302 -0.00955378 0.00853444
internal_weight=1838.43 45.7532 24.0366
internal_count=58612 5521 1910
cat_boundaries=0 1
cat_threshold=5
is_linear=0
shrinkage=0.0321881


Tree=1142
num_leaves=4
num_cat=1
split_feature=10 44 29
split_gain=5.12242 31.9608 24.2274
threshold=7728.4001516052458 0 8.6447658031717882
decision_type=2 9 2
left_child=1 2 -1
right_child=-2 -3 -4
leaf_value=-0.00052729002710442236 0.0010028467831302201 -0.0080978018886779767 0.025907912632266137
leaf_weight=79.594036812457489 1354.8147874873571 345.0417186797531 59.103948579519056
leaf_count=1412 43244 13429 750
internal_value=0 -0.00285483 0.00961233
internal_weight=1838.55 483.74 138.698
internal_count=58835 15591 2162
cat_boundaries=0 1
cat_threshold=580
is_linear=0
shrinkage=0.0321881


Tree=1143
num_leaves=4
num_cat=1
split_feature=41 1 15
split_gain=4.61047 16.0568 6.32933
threshold=0 21.232249151198008 0.85122114753308786
decision_type=9 2 10
left_child=1 -1 -2
right_child=2 -3 -4
leaf_value=-0.010072172798740646 -0.0025169866998424216 0.020142509034038546 0.0013476747333164675
leaf_weight=26.368007103921627 785.15905316010048 46.936227551908814 980.09340760275927
leaf_count=545 15518 479 41992
internal_value=0 0.00740381 -0.000333413
internal_weight=1838.56 73.3042 1765.25
internal_count=58534 1024 57510
cat_boundaries=0 1
cat_threshold=512
is_linear=0
shrinkage=0.0321881


Tree=1144
num_leaves=4
num_cat=0
split_feature=3 23 31
split_gain=6.43859 9.5259 5.95589
threshold=68.27278026214195 26.343775883677484 -0.78813266157992856
decision_type=2 2 2
left_child=1 -1 -2
right_child=2 -3 -4
leaf_value=-0.022510167656982116 -0.0023000304388025856 0.001811163205992284 0.0015503398426567694
leaf_weight=32.41812346945926 663.05062603020929 25.187267865461763 1111.4620004823541
leaf_count=1007 32336 375 24747
internal_value=-0.000233252 -0.0108109 7.56367e-05
internal_weight=1832.12 57.6054 1774.51
internal_count=58465 1382 57083
is_linear=0
shrinkage=0.0321881


Tree=1145
num_leaves=4
num_cat=1
split_feature=8 43 5
split_gain=5.53935 10.9356 11.3597
threshold=193.27856772710047 0 2.7584931222708415
decision_type=2 9 2
left_child=-1 2 -2
right_child=1 -3 -4
leaf_value=-0.0034626894420583115 0.016761826158890023 -0.00014423092975416295 -0.0049288584489275986
leaf_weight=432.15216758482825 85.387344222247521 1295.8071725837976 29.599638211133424
leaf_count=22235 3331 31976 1153
internal_value=-0.000250184 0.000689142 0.00977821
internal_weight=1842.95 1410.79 114.987
internal_count=58695 36460 4484
cat_boundaries=0 1
cat_threshold=16
is_linear=0
shrinkage=0.0321881


Tree=1146
num_leaves=4
num_cat=1
split_feature=12 44 4
split_gain=5.11927 13.0061 8.83828
threshold=38.829900705396106 0 230.91241938615573
decision_type=8 9 2
left_child=-1 -2 -3
right_child=1 2 -4
leaf_value=0.00041054824217479449 -0.015074104423478387 0.015565901750254466 -0.0035614735114689075
leaf_weight=1637.5894505457811 70.293621609175716 34.220753186822549 83.656782439113613
leaf_count=49022 5113 829 3568
internal_value=-0.00013157 -0.00518208 0.00135728
internal_weight=1825.76 188.171 117.878
internal_count=58532 9510 4397
cat_boundaries=0 1
cat_threshold=1843716
is_linear=0
shrinkage=0.0321881


Tree=1147
num_leaves=4
num_cat=1
split_feature=25 36 41
split_gain=5.03075 12.095 11.7066
threshold=4.2840564713091593 0.88315754986673267 0
decision_type=2 2 9
left_child=-1 2 -2
right_child=1 -3 -4
leaf_value=0.00079047758684106808 0.010771463849300429 -0.014924607638412043 -0.0078169199216927589
leaf_weight=1638.523864572554 59.307497206492826 74.304827848478453 59.05837846725035
leaf_count=43950 3089 4899 6794
internal_value=0.000178343 -0.00469182 0.00121183
internal_weight=1831.19 192.671 118.366
internal_count=58732 14782 9883
cat_boundaries=0 1
cat_threshold=2064
is_linear=0
shrinkage=0.0321881


Tree=1148
num_leaves=4
num_cat=0
split_feature=12 32 15
split_gain=4.82957 17.1763 18.4051
threshold=35.541958581264502 0.20058414422637558 1.087536834737896
decision_type=10 2 10
left_child=-1 2 -2
right_child=1 -3 -4
leaf_value=-0.0010779189767188362 -0.0094617982644891047 0.016405712251098277 0.0049064511952535998
leaf_weight=1347.7215872498784 139.90094310603308 78.671721304481252 270.73430890072541
leaf_count=41933 2147 4357 10322
internal_value=-4.96351e-05 0.00265166 0
internal_weight=1837.03 489.307 410.635
internal_count=58759 16826 12469
is_linear=0
shrinkage=0.0321881


Tree=1149
num_leaves=4
num_cat=0
split_feature=22 2 10
split_gain=4.40437 5.26414 19.164
threshold=869.11161440286025 11.177144273856198 8917.7989484497684
decision_type=2 2 2
left_child=1 2 -1
right_child=-2 -3 -4
leaf_value=-0.022662602892976186 0.010335643968461738 -0.00080462401973458374 0.0050149722341842218
leaf_weight=25.187466064755881 40.935479305735498 1671.0741929689102 87.51467869932867
leaf_count=10350 704 27618 19920
internal_value=-3.07597e-05 -0.0003057 0.00501497
internal_weight=1824.71 1783.78 112.702
internal_count=58592 57888 30270
is_linear=0
shrinkage=0.0321881


Tree=1150
num_leaves=4
num_cat=0
split_feature=0 2 4
split_gain=5.80752 12.7309 8.4369
threshold=1439.8242165058505 23.037791496003958 158.22724162397409
decision_type=2 2 2
left_child=-1 -2 -3
right_child=1 2 -4
leaf_value=2.2012652874275735e-05 -0.022840991317503639 0.016029065063804273 -0.0057072390501217325
leaf_weight=1694.3918302617296 37.321551668064785 23.155302252154797 84.134020266239531
leaf_count=55257 1113 498 1628
internal_value=-0.000469458 -0.00665832 -0.000398747
internal_weight=1839 144.611 107.289
internal_count=58496 3239 2126
is_linear=0
shrinkage=0.0321881


Tree=1151
num_leaves=4
num_cat=0
split_feature=15 23 16
split_gain=4.67974 15.6865 13.7151
threshold=1.2291780961395105 103.93452785448572 112.42543909791809
decision_type=8 2 8
left_child=-1 2 -2
right_child=1 -3 -4
leaf_value=0.00056453827746324038 -0.029838595512232186 0.024442608715157636 -0.0032584678292026884
leaf_weight=1665.5364589484507 27.47176230617902 14.876100836030671 101.92884365971804
leaf_count=35318 18468 232 4568
internal_value=4.77383e-05 -0.00546862 -0.00943698
internal_weight=1809.81 144.277 129.401
internal_count=58586 23268 23036
is_linear=0
shrinkage=0.0321881


Tree=1152
num_leaves=4
num_cat=0
split_feature=2 32 23
split_gain=5.4173 23.8968 22.241
threshold=28.004717402896862 -0.12051740134037452 103.93452785448572
decision_type=2 2 2
left_child=1 2 -1
right_child=-2 -3 -4
leaf_value=-0.0093794002962437114 0.0012698260612309439 0.0069179467307530149 0.022039232968300199
leaf_weight=353.31133830810791 1272.4026796411345 180.44563014111895 23.69406304199947
leaf_count=23071 19433 15931 319
internal_value=7.70603e-05 -0.00253064 -0.00722336
internal_weight=1829.85 557.451 377.005
internal_count=58754 39321 23390
is_linear=0
shrinkage=0.0321881


Tree=1153
num_leaves=4
num_cat=0
split_feature=10 21 31
split_gain=4.71967 20.4205 12.0056
threshold=11957.61645914618 35.643922902001144 -0.3917714334331186
decision_type=2 2 2
left_child=1 -1 -2
right_child=2 -3 -4
leaf_value=-0.016366309493543115 -0.0066225825754698377 0.0020868666066790617 0.003316062136760486
leaf_weight=64.650124110122306 305.14195501460654 1256.1361610828662 204.67929537584405
leaf_count=9542 14919 30043 4107
internal_value=8.37567e-05 0.00113263 -0.00250793
internal_weight=1830.61 1320.79 509.821
internal_count=58611 39585 19026
is_linear=0
shrinkage=0.0321881


Tree=1154
num_leaves=4
num_cat=1
split_feature=14 44 10
split_gain=5.1255 19.0933 16.7456
threshold=468.6115946924719 0 13422.852832672826
decision_type=10 9 2
left_child=-1 2 -2
right_child=1 -3 -4
leaf_value=-0.0010829263122149771 0.0021678124179961861 -0.016873191603281931 0.021556888713953202
leaf_weight=1483.7423690969986 242.8363696880042 32.13877280779343 59.962002469357685
leaf_count=52886 3845 939 971
internal_value=-0.00023845 0.0033106 0.00603233
internal_weight=1818.68 334.937 302.798
internal_count=58641 5755 4816
cat_boundaries=0 1
cat_threshold=7
is_linear=0
shrinkage=0.0321881


Tree=1155
num_leaves=4
num_cat=1
split_feature=14 41 17
split_gain=5.12294 12.1681 8.9602
threshold=626.43656455613961 0 6.1946063274752925
decision_type=10 9 10
left_child=2 -2 -1
right_child=1 -3 -4
leaf_value=-0.00037273598191331212 0.015960383935905858 -0.0066699833938191396 -0.022638275791912171
leaf_weight=1712.11818536481 50.252143719000742 31.898741907818476 18.863489531106325
leaf_count=46543 952 667 10344
internal_value=-0.000248138 0.00753378 -0.000655233
internal_weight=1813.13 82.1509 1730.98
internal_count=58506 1619 56887
cat_boundaries=0 1
cat_threshold=778
is_linear=0
shrinkage=0.0321881


Tree=1156
num_leaves=4
num_cat=0
split_feature=25 16 25
split_gain=5.75122 8.93915 9.17086
threshold=4.8609136943998781 220.54484673353474 16.901950998879482
decision_type=2 10 2
left_child=-1 2 -2
right_child=1 -3 -4
leaf_value=0.00032186446565618494 -0.012915991380740035 0.014318813358342286 0.0059954885760963713
leaf_weight=1658.5730580179797 119.28346349364529 17.555178269642056 28.881495854038349
leaf_count=44781 6553 624 6490
internal_value=-0.00021342 -0.0059473 -0.00879673
internal_weight=1824.29 165.72 148.165
internal_count=58448 13667 13043
is_linear=0
shrinkage=0.0321881


Tree=1157
num_leaves=4
num_cat=0
split_feature=14 30 13
split_gain=4.39636 13.0746 13.8366
threshold=314.54350900885157 -0.68032292553613238 17.791102901954506
decision_type=10 2 8
left_child=1 2 -1
right_child=-2 -3 -4
leaf_value=0.0023059020238939735 0.0011991338800682078 0.00022504706956887543 -0.01491753841769991
leaf_weight=65.284359311661319 986.46332272400468 630.75919446530975 137.8205395354239
leaf_count=1012 15987 36519 4895
internal_value=-0.000215385 -0.00196499 -0.00907191
internal_weight=1820.33 833.864 203.105
internal_count=58413 42426 5907
is_linear=0
shrinkage=0.0321881


Tree=1158
num_leaves=4
num_cat=1
split_feature=42 13 14
split_gain=5.61986 12.078 6.37051
threshold=0 30.784843335356673 611.93838648879171
decision_type=9 10 10
left_child=1 -1 -2
right_child=2 -3 -4
leaf_value=0.017483462009172328 -0.0015077590821619346 -0.0081671756130754381 0.0073916149422269938
leaf_weight=52.112764775945834 1662.9707990263842 25.794701047681883 85.627078951132717
leaf_count=752 55754 574 1672
internal_value=-0.000605833 0.00724897 -0.00102872
internal_weight=1826.51 77.9075 1748.6
internal_count=58752 1326 57426
cat_boundaries=0 1
cat_threshold=131652
is_linear=0
shrinkage=0.0321881


Tree=1159
num_leaves=4
num_cat=0
split_feature=40 7 4
split_gain=4.86805 5.65352 18.1463
threshold=1.0413629532271773 18038.316442328625 649.64818858448655
decision_type=2 2 2
left_child=1 -1 -3
right_child=-2 2 -4
leaf_value=0.00066076836109755848 -0.0082280853347156003 0.0060224347095540675 -0.03059119333682727
leaf_weight=1701.1994961317027 71.838470510665502 27.401642635457392 24.422877405320833
leaf_count=54877 1847 714 1084
internal_value=0 0.000305906 -0.0100694
internal_weight=1824.86 1753.02 51.8245
internal_count=58522 56675 1798
is_linear=0
shrinkage=0.0321881


Tree=1160
num_leaves=4
num_cat=0
split_feature=11 4 10
split_gain=5.13931 26.516 20.9728
threshold=31.138857706818786 1456.5562788590867 12886.693217669141
decision_type=10 2 2
left_child=-1 2 -2
right_child=1 -3 -4
leaf_value=-0.00010134879314777058 0.029790705954068519 -0.042443576816060702 -0.026824710549620316
leaf_weight=1771.0584273828708 39.63302334468608 7.5902877989401523 6.8117458920546587
leaf_count=54890 2183 955 637
internal_value=0.000162086 0.00993278 0.0200289
internal_weight=1825.09 54.0351 46.4448
internal_count=58665 3775 2820
is_linear=0
shrinkage=0.0321881


Tree=1161
num_leaves=4
num_cat=0
split_feature=14 17 16
split_gain=4.65594 7.41512 11.223
threshold=79.533063591028949 2.561866667201337 59.868804461344617
decision_type=8 8 8
left_child=-1 -2 -3
right_child=1 2 -4
leaf_value=-0.015495425773935782 0.0061683330382001295 -0.025789664384754992 -9.2462316087587823e-06
leaf_weight=19.055784813574064 203.21728689149131 17.516397298217271 1577.6992637282606
leaf_count=929 3099 10660 43654
internal_value=0.000160916 0.000364238 -0.00033604
internal_weight=1817.49 1798.43 1595.22
internal_count=58342 57413 54314
is_linear=0
shrinkage=0.0321881


Tree=1162
num_leaves=4
num_cat=1
split_feature=10 44 33
split_gain=5.91806 26.7365 32.6355
threshold=10190.360574226934 0 0.30144874714216557
decision_type=2 9 2
left_child=-1 2 -2
right_child=1 -3 -4
leaf_value=0.0016314589848699984 -0.022413143549552011 0.00016394603715416445 0.052207487947468018
leaf_weight=964.65412180408407 102.42921245464254 737.50576372975593 5.7690895923751659
leaf_count=28741 6140 22415 1256
internal_value=-5.50431e-05 -0.00205397 -0.0162436
internal_weight=1810.36 845.704 108.198
internal_count=58552 29811 7396
cat_boundaries=0 1
cat_threshold=1577540
is_linear=0
shrinkage=0.0321881


Tree=1163
num_leaves=4
num_cat=0
split_feature=32 10 33
split_gain=5.67824 15.6792 12.0614
threshold=0.69414579585900704 8194.7033007469381 -0.38019734879124184
decision_type=2 2 2
left_child=-1 2 -2
right_child=1 -3 -4
leaf_value=0.00059816985836674819 -0.02752335353289238 -0.031525759316360348 0.021979381736403517
leaf_weight=1789.0152779706991 6.4571455585210087 20.935555789670161 16.35965332344631
leaf_count=53022 416 3729 1305
internal_value=0.000283492 -0.0110695 0.0050684
internal_weight=1832.77 43.7524 22.8168
internal_count=58472 5450 1721
is_linear=0
shrinkage=0.0321881


Tree=1164
num_leaves=4
num_cat=0
split_feature=11 12 3
split_gain=6.27072 31.1942 14.1958
threshold=28.582700890243373 30.521279168580445 201.72789947349898
decision_type=8 8 2
left_child=-1 2 -2
right_child=1 -3 -4
leaf_value=0.00092608786976607657 0.02690056767222378 -0.012238948260313316 -0.0048642556321390707
leaf_weight=1618.5367808701749 37.611945903893684 162.4704716367728 18.752845326208899
leaf_count=48452 3182 5973 1224
internal_value=0.000201268 -0.00486407 0.0152308
internal_weight=1837.37 218.835 56.3648
internal_count=58831 10379 4406
is_linear=0
shrinkage=0.0321881


Tree=1165
num_leaves=4
num_cat=0
split_feature=11 14 13
split_gain=4.78428 12.4837 14.6381
threshold=27.19066272009805 468.6115946924719 38.419515756817397
decision_type=10 10 10
left_child=-1 -2 -3
right_child=1 2 -4
leaf_value=0.00061984279853365555 -0.009391416395186215 -0.002071905514417177 0.021293017611096459
leaf_weight=1492.2826018341543 182.59782653644606 119.32685154957289 34.773990141227841
leaf_count=45112 11180 1703 731
internal_value=-0.000126006 -0.00361883 0.00281247
internal_weight=1828.98 336.699 154.101
internal_count=58726 13614 2434
is_linear=0
shrinkage=0.0321881


Tree=1166
num_leaves=4
num_cat=1
split_feature=22 41 5
split_gain=4.58702 5.64017 18.0472
threshold=869.11161440286025 0 2.9165913133755699
decision_type=2 9 2
left_child=1 2 -1
right_child=-2 -3 -4
leaf_value=0.0048551156152895972 0.01041867390291927 -0.0017434146090522561 -0.0096080546191081202
leaf_weight=326.70732979287277 38.504873346842942 1357.8169902745844 97.53040926429685
leaf_count=17690 698 35626 4650
internal_value=-0.000436798 -0.000708443 0.00243683
internal_weight=1820.56 1782.05 424.238
internal_count=58664 57966 22340
cat_boundaries=0 1
cat_threshold=520
is_linear=0
shrinkage=0.0321881


Tree=1167
num_leaves=4
num_cat=1
split_feature=3 14 41
split_gain=5.67968 4.88408 4.82237
threshold=302.55776645376608 373.85768219411585 0
decision_type=2 8 9
left_child=2 -2 -1
right_child=1 -3 -4
leaf_value=0.0012853485437381974 -0.021343681816162297 -0.00016058872699497551 -0.0049041433542349553
leaf_weight=1627.4271207631737 22.154052628253339 35.895948295888957 128.7667843306499
leaf_count=54392 390 567 3302
internal_value=0.000412507 -0.00939151 0.000774059
internal_weight=1814.24 58.05 1756.19
internal_count=58651 957 57694
cat_boundaries=0 1
cat_threshold=2826
is_linear=0
shrinkage=0.0321881


Tree=1168
num_leaves=4
num_cat=0
split_feature=35 13 12
split_gain=6.9036 7.72993 23.9011
threshold=-0.0027566802131009549 37.043335040291389 31.183837831650802
decision_type=2 8 8
left_child=-1 -2 -3
right_child=1 2 -4
leaf_value=-0.0045994492711359516 0.0023037260501588986 0.014174137817754139 -0.0087823015464117728
leaf_weight=238.37150614612756 1310.896676849532 58.548094616748131 213.36095459329727
leaf_count=8140 31375 6702 12330
internal_value=0.000448376 0.00124939 -0.00359719
internal_weight=1821.18 1582.81 271.909
internal_count=58547 50407 19032
is_linear=0
shrinkage=0.0321881


Tree=1169
num_leaves=4
num_cat=0
split_feature=11 16 2
split_gain=5.68019 16.7833 23.5741
threshold=19.43112720494247 84.950981215064772 11.177144273856198
decision_type=10 10 2
left_child=-1 -2 -3
right_child=1 2 -4
leaf_value=-0.0020569622060044382 -0.027440388598305825 0.024445974072289527 0.0010882208077438681
leaf_weight=750.09553746585789 19.691205644428464 47.172394430255736 1006.0915330431453
leaf_count=18800 17173 5721 16688
internal_value=5.49227e-05 0.0015908 0.00220006
internal_weight=1823.05 1072.96 1053.26
internal_count=58382 39582 22409
is_linear=0
shrinkage=0.0321881


Tree=1170
num_leaves=4
num_cat=0
split_feature=22 2 4
split_gain=6.18926 5.29461 26.9663
threshold=869.11161440286025 11.177144273856198 491.95738952780965
decision_type=2 2 2
left_child=1 2 -1
right_child=-2 -3 -4
leaf_value=0.0056840562771584809 0.012167301096603075 -0.0012839065991762471 -0.014957198762127364
leaf_weight=47.403217728129903 38.337789164485002 1669.3850467874072 63.669375540244573
leaf_count=5575 653 27562 24665
internal_value=-0.000489308 -0.000799189 0.00568406
internal_weight=1818.8 1780.46 111.073
internal_count=58455 57802 30240
is_linear=0
shrinkage=0.0321881


Tree=1171
num_leaves=4
num_cat=0
split_feature=7 4 33
split_gain=4.58981 17.9739 15.1851
threshold=18038.316442328625 884.25677388813199 -0.58015110559636718
decision_type=2 2 2
left_child=-1 2 -2
right_child=1 -3 -4
leaf_value=0.00045290731134052016 -0.014690502891054355 -0.033762526648947508 0.026906480214974562
leaf_weight=1763.7329409607912 18.231058198991377 19.646035300455424 16.519453358849205
leaf_count=56807 486 900 424
internal_value=0.000133896 -0.00900086 0.00331142
internal_weight=1818.13 54.3965 34.7505
internal_count=58617 1810 910
is_linear=0
shrinkage=0.0321881


Tree=1172
num_leaves=4
num_cat=0
split_feature=34 32 10
split_gain=5.77233 5.37566 14.3005
threshold=-0.014038127410825645 -0.74485116957580033 5177.0736815177579
decision_type=2 2 2
left_child=-1 2 -2
right_child=1 -3 -4
leaf_value=-0.0026691785335610945 0.016315682402886209 -0.0001534809807073211 0.0016218512282798558
leaf_weight=458.50488564164925 82.774061659169092 789.36788439662359 485.50667433515446
leaf_count=14562 1770 30592 11677
internal_value=0.000403459 0.00148834 0.00388005
internal_weight=1816.15 1357.65 568.281
internal_count=58601 44039 13447
is_linear=0
shrinkage=0.0321881


Tree=1173
num_leaves=4
num_cat=0
split_feature=34 12 14
split_gain=5.60904 6.42582 11.8586
threshold=-0.015805754708718034 38.941646933058102 386.09243500727933
decision_type=2 10 10
left_child=-1 -2 -3
right_child=1 2 -4
leaf_value=-0.0031772795499158454 0.0017877890440457164 -0.019822636038113631 0.00062870394319593768
leaf_weight=413.74526218081382 1286.4452138793483 41.609553187861366 80.275364581524627
leaf_count=13220 39212 4763 1371
internal_value=7.81401e-05 0.00108012 -0.00585642
internal_weight=1822.08 1408.33 121.885
internal_count=58566 45346 6134
is_linear=0
shrinkage=0.0321881


Tree=1174
num_leaves=4
num_cat=0
split_feature=3 14 10
split_gain=4.99598 6.52201 5.04773
threshold=302.55776645376608 379.6585124117791 17056.303143072404
decision_type=2 10 2
left_child=2 -2 -1
right_child=1 -3 -4
leaf_value=0.00029135242014812212 -0.022328359106204853 0 0.013408546938658073
leaf_weight=1732.3482000641316 22.759798644563489 36.437369154969929 31.117764618853471
leaf_count=56935 400 548 919
internal_value=0.000217371 -0.00890008 0.0005607
internal_weight=1822.66 59.1972 1763.47
internal_count=58802 948 57854
is_linear=0
shrinkage=0.0321881


Tree=1175
num_leaves=4
num_cat=0
split_feature=30 10 2
split_gain=5.95771 15.475 19.2894
threshold=0.85810055626555137 11296.289122399046 46.86595235043854
decision_type=2 2 2
left_child=-1 2 -2
right_child=1 -3 -4
leaf_value=0.00042576645290305382 -0.013542017313445891 0.004335990351904199 0.019757063538056823
leaf_weight=1498.3095205598149 177.84220730440256 119.6331335533223 18.399350192688871
leaf_count=51864 3791 2620 276
internal_value=-0.000382759 -0.00441683 -0.0100757
internal_weight=1814.18 315.875 196.242
internal_count=58551 6687 4067
is_linear=0
shrinkage=0.0321881


Tree=1176
num_leaves=4
num_cat=1
split_feature=31 44 10
split_gain=5.43911 12.2369 18.4281
threshold=-0.42518850418626469 0 5866.393587171844
decision_type=2 9 2
left_child=-1 -2 -3
right_child=1 2 -4
leaf_value=-0.0014085513878910082 0.0038891984312859314 0.012462410257854724 -0.016830137140839096
leaf_weight=1069.7978854177582 641.73785037665857 28.825682011719437 75.714806194521771
leaf_count=44426 10672 630 2790
internal_value=2.68009e-05 0.00216951 -0.0074265
internal_weight=1816.08 746.278 104.54
internal_count=58518 14092 3420
cat_boundaries=0 1
cat_threshold=263191
is_linear=0
shrinkage=0.0321881


Tree=1177
num_leaves=4
num_cat=0
split_feature=31 11 7
split_gain=5.73457 8.53911 6.88684
threshold=0.51775416086736592 22.885657362415923 3785.776857273579
decision_type=2 8 2
left_child=2 -2 -1
right_child=1 -3 -4
leaf_value=-0.0014417693811325577 -0.020920453805371261 0 0.0029204004594927846
leaf_weight=1174.1969334709013 34.479296989251452 59.467296817921124 550.17047849291771
leaf_count=39922 741 1108 16806
internal_value=-0.000472361 -0.00820908 -1.28489e-05
internal_weight=1818.31 93.9466 1724.37
internal_count=58577 1849 56728
is_linear=0
shrinkage=0.0321881


Tree=1178
num_leaves=4
num_cat=0
split_feature=34 10 5
split_gain=4.18886 5.65146 25.7385
threshold=0.99754776100467057 5015.3630358775272 4.3228404893762571
decision_type=2 2 2
left_child=1 2 -1
right_child=-2 -3 -4
leaf_value=0.0087934654683580766 -0.010175605924981814 -0.00042509645345698845 -0.037555780456459555
leaf_weight=181.20205004156105 41.139744931103678 1566.1469458306408 12.713791382113412
leaf_count=6278 1596 50440 265
internal_value=-2.30309e-05 0.00017943 0.00538446
internal_weight=1801.2 1760.06 193.916
internal_count=58579 56983 6543
is_linear=0
shrinkage=0.0321881


Tree=1179
num_leaves=4
num_cat=0
split_feature=33 5 22
split_gain=4.94971 14.2763 17.1589
threshold=0.083783993665815196 3.2530132664856355 454.28183483764263
decision_type=2 2 2
left_child=-1 2 -2
right_child=1 -3 -4
leaf_value=-0.00065563135733323163 -0.0036239874591248587 0.023102566757765723 0.042126442094237708
leaf_weight=1664.5934449614742 108.67796251396703 35.785977635599011 8.974790579202816
leaf_count=47825 9085 1373 169
internal_value=-0.00011123 0.00537219 0
internal_weight=1818.03 153.439 117.653
internal_count=58452 10627 9254
is_linear=0
shrinkage=0.0321881


Tree=1180
num_leaves=4
num_cat=0
split_feature=22 39 1
split_gain=4.41641 5.92929 20.1442
threshold=869.11161440286025 0.91925617272353211 14.648270627388877
decision_type=2 2 2
left_child=1 -1 -3
right_child=-2 2 -4
leaf_value=0.00041850194294726985 0.010252163893119795 0.0049268821135409341 -0.010917215460143181
leaf_weight=1473.8115824866381 40.865527999310871 119.25448346193662 195.10109591344371
leaf_count=50976 700 5163 1886
internal_value=-0.000124321 -0.0003984 -0.00442822
internal_weight=1829.03 1788.17 314.356
internal_count=58725 58025 7049
is_linear=0
shrinkage=0.0321881


Tree=1181
num_leaves=4
num_cat=1
split_feature=31 44 13
split_gain=6.40287 9.29254 15.227
threshold=-0.89989157334953074 0 34.987892682968429
decision_type=2 9 8
left_child=1 2 -1
right_child=-2 -3 -4
leaf_value=-0.0046055016787737556 0.00093891166582899118 -0.0068273772188141837 0.016092239534502974
leaf_weight=94.801688052803456 1380.9323655801836 288.69892397282706 57.546896713055048
leaf_count=6354 34962 10187 7148
internal_value=-0.000103329 -0.0035097 0.0026354
internal_weight=1821.98 441.048 152.349
internal_count=58651 23689 13502
cat_boundaries=0 1
cat_threshold=397888
is_linear=0
shrinkage=0.0321881


Tree=1182
num_leaves=4
num_cat=0
split_feature=30 32 10
split_gain=6.14299 14.6427 13.929
threshold=-0.64986720163346667 0.20918478864155673 5411.8886189412087
decision_type=2 2 2
left_child=1 2 -1
right_child=-2 -3 -4
leaf_value=0.0081910933652687354 0.0013881825220761891 0.0091087229755247266 -0.0074239544036456707
leaf_weight=65.716125633296542 1276.1940123952686 87.691412780840437 395.62368256263608
leaf_count=1193 46974 2978 7488
internal_value=0.000130326 -0.00267687 -0.0050586
internal_weight=1825.23 549.031 461.34
internal_count=58633 11659 8681
is_linear=0
shrinkage=0.0321881


Tree=1183
num_leaves=4
num_cat=1
split_feature=8 11 44
split_gain=4.31976 13.5073 21.1115
threshold=1468.8064034597828 19.43112720494247 0
decision_type=2 10 9
left_child=1 2 -1
right_child=-2 -3 -4
leaf_value=0.0014901365389819511 0.0026193954553832481 0.00094498276774022233 -0.013876590243753794
leaf_weight=174.73154930061719 484.2350399176139 985.47549122658734 175.30725263003387
leaf_count=6182 7879 38454 6111
internal_value=0 -0.000928485 -0.00638183
internal_weight=1819.75 1335.51 350.039
internal_count=58626 50747 12293
cat_boundaries=0 1
cat_threshold=402514
is_linear=0
shrinkage=0.0321881


Tree=1184
num_leaves=4
num_cat=1
split_feature=32 10 44
split_gain=4.91341 15.4926 11.7245
threshold=0.69414579585900704 8565.0232648187393 0
decision_type=2 2 9
left_child=-1 2 -2
right_child=1 -3 -4
leaf_value=0.00050499027096920029 0.019325580774387886 -0.031955462447916298 -0.014241631681391172
leaf_weight=1774.242382412189 13.489555472304346 19.487271078045751 9.0715000365935339
leaf_count=53273 428 3557 1512
internal_value=0.0002123 -0.0105652 0.00525709
internal_weight=1816.29 42.0483 22.5611
internal_count=58770 5497 1940
cat_boundaries=0 1
cat_threshold=5
is_linear=0
shrinkage=0.0321881


Tree=1185
num_leaves=4
num_cat=1
split_feature=6 41 4
split_gain=5.16289 14.901 21.8572
threshold=33.701476444079027 0 340.37852815665525
decision_type=2 9 2
left_child=-1 2 -2
right_child=1 -3 -4
leaf_value=0.00097265994001479231 0.01029232426338348 -0.012060053941515107 -0.0063305578491472956
leaf_weight=1354.0583958589023 141.80174077326228 123.2155974350103 191.86297089805066
leaf_count=45001 2413 5822 5303
internal_value=0 -0.00298312 0.000529556
internal_weight=1810.94 456.88 333.665
internal_count=58539 13538 7716
cat_boundaries=0 1
cat_threshold=2832
is_linear=0
shrinkage=0.0321881


Tree=1186
num_leaves=4
num_cat=1
split_feature=30 5 44
split_gain=4.84206 10.9614 14.9772
threshold=0.85810055626555137 2.4492873040875227 0
decision_type=2 2 9
left_child=-1 2 -2
right_child=1 -3 -4
leaf_value=0.00085603817241710299 0.0080514993847255467 0.0050272881457623635 -0.011604468648605044
leaf_weight=1502.7084966609175 41.80579102467982 97.694104964502912 175.02346330399678
leaf_count=52178 1500 1671 3453
internal_value=6.14994e-05 -0.00353003 -0.0076803
internal_weight=1817.23 314.523 216.829
internal_count=58802 6624 4953
cat_boundaries=0 1
cat_threshold=270928
is_linear=0
shrinkage=0.0321881


Tree=1187
num_leaves=4
num_cat=0
split_feature=16 36 25
split_gain=5.26001 6.38707 6.19842
threshold=240.28300269830928 0.9136995197381923 4.8609136943998781
decision_type=10 2 2
left_child=2 -2 -1
right_child=1 -3 -4
leaf_value=0.0011300948889522869 0.0034211633750105361 -0.022111990940219383 -0.0056498971436799517
leaf_weight=1639.2994764704126 11.143191059854869 23.399039125943091 150.6949373134189
leaf_count=44319 353 765 13118
internal_value=0.000248076 -0.0120765 0.000523055
internal_weight=1824.54 34.5422 1789.99
internal_count=58555 1118 57437
is_linear=0
shrinkage=0.0321881


Tree=1188
num_leaves=4
num_cat=1
split_feature=30 44 10
split_gain=5.86397 12.8126 18.2562
threshold=-0.91712797388717104 0 6561.9587530366325
decision_type=2 9 2
left_child=1 -1 -3
right_child=-2 2 -4
leaf_value=0.0026367074851707784 0.00089921134958473304 0.0075236457695696552 -0.019617247639148086
leaf_weight=124.89318380970508 1575.1727963661515 31.367754259844332 92.484405577692996
leaf_count=1614 53921 647 2357
internal_value=0.000140045 -0.00440782 -0.0113168
internal_weight=1823.92 248.745 123.852
internal_count=58539 4618 3004
cat_boundaries=0 1
cat_threshold=6
is_linear=0
shrinkage=0.0321881


Tree=1189
num_leaves=4
num_cat=2
split_feature=10 44 44
split_gain=5.89463 22.3198 20.032
threshold=7728.4001516052458 0 1
decision_type=2 9 9
left_child=2 -2 -1
right_child=1 -3 -4
leaf_value=0.0069634321937382653 -0.019908174768216696 0.001944591239237113 -0.0071676412289793275
leaf_weight=134.87895323571865 39.790739715695281 1293.6260554206415 343.87023939928599
leaf_count=2132 4941 38145 13497
internal_value=0 0.0011066 -0.00305628
internal_weight=1812.17 1333.42 478.749
internal_count=58715 43086 15629
cat_boundaries=0 1 2
cat_threshold=524356 580
is_linear=0
shrinkage=0.0321881


Tree=1190
num_leaves=4
num_cat=0
split_feature=30 0 5
split_gain=6.0916 15.0891 18.6046
threshold=0.57297293695745832 515.22425752421088 1.5812476717092865
decision_type=2 2 2
left_child=-1 -2 -3
right_child=1 2 -4
leaf_value=0.00133460711653114 0.0027453676987193912 -0.01443971918332925 0.0018436010730658535
leaf_weight=1269.3567034582798 258.33305514603808 175.46909985180537 113.21459381825116
leaf_count=44878 8257 3246 2012
internal_value=7.70584e-05 -0.00272402 -0.00783708
internal_weight=1816.37 547.017 288.684
internal_count=58393 13515 5258
is_linear=0
shrinkage=0.0321881


Tree=1191
num_leaves=4
num_cat=0
split_feature=30 10 5
split_gain=6.09908 15.7346 24.993
threshold=0.68303932398956679 10309.508966429605 1.8385238765031986
decision_type=2 2 2
left_child=1 -1 -3
right_child=-2 2 -4
leaf_value=0.0042458069298089308 -0.0030973305188650635 0.0022488093654634495 -0.011439194341186803
leaf_weight=758.11559812867745 471.4316175723211 364.57270232223186 217.37610263271313
leaf_count=23918 10977 14415 9131
internal_value=1.45059e-05 0.00115712 -0.00275726
internal_weight=1811.5 1340.06 581.949
internal_count=58441 47464 23546
is_linear=0
shrinkage=0.0321881


Tree=1192
num_leaves=4
num_cat=1
split_feature=32 44 29
split_gain=5.19249 28.8591 26.094
threshold=-0.11156336504764071 0 6.5875420704367817
decision_type=2 9 2
left_child=-1 2 -2
right_child=1 -3 -4
leaf_value=-0.00077554086181820417 0.0058116514236384639 -0.001378606241567832 0.038258704775643179
leaf_weight=1306.973546236821 83.677589331631225 378.44303508648932 41.287261814098201
leaf_count=35800 8290 12949 1405
internal_value=0.000255725 0.00305872 0.0158285
internal_weight=1810.38 503.408 124.965
internal_count=58444 22644 9695
cat_boundaries=0 1
cat_threshold=266756
is_linear=0
shrinkage=0.0321881


Tree=1193
num_leaves=4
num_cat=2
split_feature=10 44 44
split_gain=5.16301 22.1428 21.521
threshold=8246.4242763290658 0 1
decision_type=2 9 9
left_child=2 -2 -1
right_child=1 -3 -4
leaf_value=0.0075836384886768821 -0.019871303247918831 0.0022841975853668877 -0.0061521531906285421
leaf_weight=152.45831069569977 38.036359965632528 1219.3983588963333 408.83102133315833
leaf_count=2405 4699 36094 15372
internal_value=0.000242685 0.00141991 -0.00228067
internal_weight=1818.72 1257.43 561.289
internal_count=58570 40793 17777
cat_boundaries=0 1 2
cat_threshold=524356 580
is_linear=0
shrinkage=0.0321881


Tree=1194
num_leaves=4
num_cat=0
split_feature=26 31 5
split_gain=4.82179 8.13892 6.65951
threshold=-0.0089024170068114378 -0.12411788109542439 3.2530132664856355
decision_type=2 2 2
left_child=1 -1 -2
right_child=2 -3 -4
leaf_value=-0.0013797526457717724 -0.00011206017068689582 -0.012352150444068689 0.0056929576424242061
leaf_weight=240.96640830838328 1247.4635671053047 83.908171769778164 240.37488388748761
leaf_count=11135 39812 2057 5509
internal_value=0 -0.00354326 0.000783752
internal_weight=1812.71 324.875 1487.84
internal_count=58513 13192 45321
is_linear=0
shrinkage=0.0321881


Tree=1195
num_leaves=4
num_cat=0
split_feature=0 32 16
split_gain=4.55957 11.2232 8.38883
threshold=1480.3143251157132 -0.75078522512404289 206.00495177180065
decision_type=2 2 10
left_child=-1 2 -2
right_child=1 -3 -4
leaf_value=0.00022696956733503907 -0.0097721166650590763 -0.015079170486205188 0.013791674227888726
leaf_weight=1680.7305535332575 24.684205267083598 68.812263952233479 36.24461049461388
leaf_count=55520 366 1988 641
internal_value=-0.000185769 -0.00601329 0.00320303
internal_weight=1810.47 129.741 60.9288
internal_count=58515 2995 1007
is_linear=0
shrinkage=0.0321881


Tree=1196
num_leaves=4
num_cat=1
split_feature=14 44 11
split_gain=7.21281 17.3533 12.7243
threshold=479.60947594241321 0 27.885182417418644
decision_type=10 9 10
left_child=2 -2 -1
right_child=1 -3 -4
leaf_value=0.00025818535658193029 0.0073274202531594451 -0.015750395430501014 -0.0097492474677060691
leaf_weight=1358.9721251555602 278.14919049605669 27.632165179358708 144.45367942035659
leaf_count=43829 4459 822 9150
internal_value=0.00021735 0.00474801 -0.000662385
internal_weight=1809.21 305.781 1503.43
internal_count=58260 5281 52979
cat_boundaries=0 1
cat_threshold=7
is_linear=0
shrinkage=0.0321881


Tree=1197
num_leaves=4
num_cat=1
split_feature=32 10 44
split_gain=6.96007 11.207 8.31058
threshold=0.69414579585900704 8194.7033007469381 0
decision_type=2 2 9
left_child=-1 2 -2
right_child=1 -3 -4
leaf_value=0.0003882547980289335 0.014566216192821521 -0.030856159965299772 -0.01402337455094531
leaf_weight=1775.4000342392974 12.722616785249555 19.255365421295892 8.779678436018914
leaf_count=53169 386 3735 1377
internal_value=5.06522e-05 -0.0130188 0.000186912
internal_weight=1816.16 40.7577 21.5023
internal_count=58667 5498 1763
cat_boundaries=0 1
cat_threshold=5
is_linear=0
shrinkage=0.0321881


Tree=1198
num_leaves=4
num_cat=1
split_feature=31 44 32
split_gain=4.5117 13.2156 26.9918
threshold=-0.50349557039772719 0 -0.73351621586389937
decision_type=2 9 2
left_child=1 -1 -3
right_child=-2 2 -4
leaf_value=0.0011719408465681543 0.0017428612430576682 0.0024127628724179406 -0.01519337455120302
leaf_weight=653.17692360823412 818.37873618831463 166.88210672670812 183.39293341103735
leaf_count=30665 15855 3948 8328
internal_value=0 -0.00147642 -0.00644374
internal_weight=1821.83 1003.45 350.275
internal_count=58796 42941 12276
cat_boundaries=0 1
cat_threshold=406081
is_linear=0
shrinkage=0.0321881


end of trees

feature_importances:
cell_dist_m=295
lithology_class=295
doy_sin=196
nearest_river_order=186
soil_soc_0_5cm_dg_kg=154
rain_30d_mm=133
is_monsoon=122
highway=122
distance_to_nearest_river_m=119
soil_cfvo_0_5cm_cm3_dm3=119
doy_cos=110
rain_15d_mm=107
landcover_class=104
upslope_basin_area_km2=91
slope_max_deg=89
id_exceed_1d=88
slope_mean_deg=86
soil_sand_0_5cm_pct=81
aspect_cos=76
id_exceed_7d=75
aspect_sin=74
soil_silt_0_5cm_pct=73
rain_max_1d_in_3d_mm=66
aspect_mean_deg=64
days_since_rain=64
id_exceed_3d=58
surface=52
length_m=51
soil_bdod_0_5cm_cg_cm3=51
month=51
api_mm=49
soil_clay_0_5cm_pct=43
soil_phh2o_0_5cm_ph10=41
rain_7d_mm=38
elevation_mean=32
nearest_river_discharge_cms=26
maxspeed=21
id_ratio_1d=20
soil_is_missing=18
id_ratio_7d=15
tunnel=15
bridge=14
rain_1d_mm=9
rain_3d_mm=3
id_ratio_3d=1

parameters:
[boosting: gbdt]
[objective: binary]
[metric: custom]
[tree_learner: serial]
[device_type: cpu]
[data_sample_strategy: bagging]
[data: ]
[valid: ]
[num_iterations: 1200]
[learning_rate: 0.0321881]
[num_leaves: 4]
[num_threads: 0]
[seed: 42]
[deterministic: 1]
[force_col_wise: 0]
[force_row_wise: 1]
[histogram_pool_size: -1]
[max_depth: 11]
[min_data_in_leaf: 364]
[min_sum_hessian_in_leaf: 0.001]
[bagging_fraction: 0.697131]
[pos_bagging_fraction: 1]
[neg_bagging_fraction: 1]
[bagging_freq: 1]
[bagging_seed: 400]
[bagging_by_query: 0]
[feature_fraction: 0.853148]
[feature_fraction_bynode: 1]
[feature_fraction_seed: 30056]
[extra_trees: 0]
[extra_seed: 12879]
[early_stopping_round: 0]
[early_stopping_min_delta: 0]
[first_metric_only: 0]
[max_delta_step: 0]
[lambda_l1: 1.97878]
[lambda_l2: 0.236966]
[linear_lambda: 0]
[min_gain_to_split: 0.839264]
[drop_rate: 0.1]
[max_drop: 50]
[skip_drop: 0.5]
[xgboost_dart_mode: 0]
[uniform_drop: 0]
[drop_seed: 17869]
[top_rate: 0.2]
[other_rate: 0.1]
[min_data_per_group: 100]
[max_cat_threshold: 32]
[cat_l2: 10]
[cat_smooth: 10]
[max_cat_to_onehot: 4]
[top_k: 20]
[monotone_constraints: 0,0,0,0,0,0,0,0,0,0,0,0,0,0,0,0,0,0,1,1,1,1,1,1,1,0,1,1,1,0,0,0,0,0,0,0,0,0,0,0,0,0,0,0,0]
[monotone_constraints_method: basic]
[monotone_penalty: 0]
[feature_contri: ]
[forcedsplits_filename: ]
[refit_decay_rate: 0.9]
[cegb_tradeoff: 1]
[cegb_penalty_split: 0]
[cegb_penalty_feature_lazy: ]
[cegb_penalty_feature_coupled: ]
[path_smooth: 0]
[interaction_constraints: ]
[verbosity: -1]
[saved_feature_importance_type: 0]
[use_quantized_grad: 0]
[num_grad_quant_bins: 4]
[quant_train_renew_leaf: 0]
[stochastic_rounding: 1]
[linear_tree: 0]
[max_bin: 255]
[max_bin_by_feature: ]
[min_data_in_bin: 3]
[bin_construct_sample_cnt: 200000]
[data_random_seed: 175]
[is_enable_sparse: 1]
[enable_bundle: 1]
[use_missing: 1]
[zero_as_missing: 0]
[feature_pre_filter: 1]
[pre_partition: 0]
[two_round: 0]
[header: 0]
[label_column: ]
[weight_column: ]
[group_column: ]
[ignore_column: ]
[categorical_feature: 41,42,43,44]
[forcedbins_filename: ]
[precise_float_parser: 0]
[parser_config_file: ]
[objective_seed: 16083]
[num_class: 1]
[is_unbalance: 0]
[scale_pos_weight: 1.00037]
[sigmoid: 1]
[boost_from_average: 1]
[reg_sqrt: 0]
[alpha: 0.9]
[fair_c: 1]
[poisson_max_delta_step: 0.7]
[tweedie_variance_power: 1.5]
[lambdarank_truncation_level: 30]
[lambdarank_norm: 1]
[label_gain: ]
[lambdarank_position_bias_regularization: 0]
[eval_at: ]
[multi_error_top_k: 1]
[auc_mu_weights: ]
[num_machines: 1]
[local_listen_port: 12400]
[time_out: 120]
[machine_list_filename: ]
[machines: ]
[gpu_platform_id: -1]
[gpu_device_id: -1]
[gpu_device_id_list: ]
[gpu_use_dp: 0]
[num_gpu: 1]

end of parameters

pandas_categorical:[["motorway", "primary", "primary_link", "residential", "secondary", "secondary_link", "tertiary", "tertiary_link", "track", "trunk", "trunk_link", "unclassified"], ["G", "__missing__", "asphalt", "compacted", "concrete", "dirt", "earth", "fine_gravel", "grass", "gravel", "ground", "metal", "metalled", "mud", "paved", "paving_stones", "sand", "unhewn_cobblestone", "unpaved", "wood", "\u00f9np", "\u05d1\u05dc\u05ea\u05d9_\u05e1\u05dc\u05d5\u05dc"], ["10", "100", "30", "40", "50", "60", "80", "90"], ["mt", "mtpu", "pa", "scshbs", "scshmt", "scssmt", "smmx", "smmxcl", "smmxev", "smmxmt", "smshev", "smshmt", "ssmx", "ssmxcl", "sssh", "ssss", "sssscl", "suad", "sumx", "suss", "wb"]]
