tree
version=v4
num_class=1
num_tree_per_iteration=1
label_index=0
max_feature_idx=44
objective=binary sigmoid:1
feature_names=elevation_mean slope_mean_deg slope_max_deg aspect_mean_deg distance_to_nearest_river_m nearest_river_order nearest_river_discharge_cms upslope_basin_area_km2 length_m maxspeed cell_dist_m soil_clay_0_5cm_pct soil_sand_0_5cm_pct soil_silt_0_5cm_pct soil_soc_0_5cm_dg_kg soil_bdod_0_5cm_cg_cm3 soil_cfvo_0_5cm_cm3_dm3 soil_phh2o_0_5cm_ph10 rain_1d_mm rain_3d_mm rain_7d_mm rain_15d_mm rain_30d_mm rain_max_1d_in_3d_mm api_mm days_since_rain id_ratio_1d id_ratio_3d id_ratio_7d month aspect_sin aspect_cos doy_sin doy_cos bridge tunnel is_monsoon soil_is_missing id_exceed_1d id_exceed_3d id_exceed_7d highway surface landcover_class lithology_class
monotone_constraints=0 0 0 0 0 0 0 0 0 0 0 0 0 0 0 0 0 0 1 1 1 1 1 1 1 0 1 1 1 0 0 0 0 0 0 0 0 0 1 1 1 0 0 0 0
feature_infos=[-203.81891584395964:5049.7321587009319] [-3.2928789511780674:56.035547449217326] [-6.3478365332721243:92.979315052994593] [-11.205070395926356:360.96431049980998] [-233.17199961529832:3484.4131226486911] [0.44360627523002016:8.1386390382374358] [-134.11701856211099:21262.606832002646] [-15948.53201461286:917761.89219863282] [-550.86467944894468:53707.278405377037] [3.9561821959426506:102.07106693668595] [-380.52101097156986:19168.582429895523] [0.20967440371696933:47.340368509696553] [0.2626381065743526:60.162029618987795] [0.0083299287770310926:62.140451409446236] [-6.0465550772387324:1040.8443353178491] [0.0390832528889207:1.475309863335615] [-5.9164032011805183:345.55118577526764] [0.076175245230899247:7.7332498588537781] [-6.7250825595614314:189.88873282776996] [-14.258845895899883:338.41842100493812] [-27.271527788150493:503.69283313205636] [-42.181710101182972:873.33878288113146] [-74.835864456134075:1326.1320436645353] [-8.4566066388376466:193.42810569967062] [-32.784136996312043:603.55851120527609] [-4.6102653950498533:63.362704881254558] [-0.17977682861955419:5.1024056426065592] [-0.19888352033711465:4.8077708387249727] [-0.2438836601674261:4.2476327988384819] [0.25420616627479165:12.758715166034502] [-1.2198728929027296:1.1738861885186251] [-1.186495439956456:1.0726237902116549] [-1.1964414801593908:1.1745136799705282] [-1.1976501625369089:1.2182518097491513] [-0.089137368630230043:1.0872681987688184] [-0.010848193445430435:1.0056503370328214] [-0.19439725231681604:1.200730618812571] [-0.061144917146473653:1.0526740438323905] [-0.12707677990279725:1.0965976387660041] [-0.13896928157251753:1.1266609791075697] [-0.15974233870063018:1.1735588001871058] -1:3:11:8:6:9:1:4:10:2:5:7 -1:1:18:10:2:14:5:9:6:4:3:8:17:7:15:13:16:0:20:12 -1:0:3:4:2:5:6:1 -1:18:0:1:19:9:17:12:14:20:10:6:2:13:4:8:7:3:11:16:15
tree_sizes=563 600 601 602 603 604 602 585 604 602 601 601 603 602 586 602 604 604 605 602 602 606 603 606 584 587 603 588 593 611 606 608 607 600 606 581 580 604 587 591 586 608 604 611 606 602 592 605 589 606 581 595 583 603 586 606 591 602 597 599 586 607 607 608 592 587 592 611 586 594 592 595 605 576 587 599 596 595 602 595 609 592 587 609 608 572 597 589 598 602 611 610 590 602 595 605 589 589 595 593 610 611 599 590 588 591 592 595 611 608 610 594 608 598 591 611 614 592 609 595 579 594 583 605 605 612 595 578 613 590 602 589 596 595 597 592 612 593 595 612 612 586 602 606 607 592 592 613 595 593 611 586 590 612 588 613 594 590 577 594 596 611 599 593 597 615 601 610 610 587 591 591 605 590 579 577 588 609 599 595 593 597 613 617 607 590 590 600 591 589 609 590 595 595 597 593 590 609 588 609 604 597 615 592 609 581 593 594 613 616 590 615 584 591 599 613 590 593 607 617 607 590 594 591 595 599 594 616 592 599 595 589 595 590 608 589 620 588 599 614 588 615 609 596 596 593 613 591 571 587 591 591 597 616 580 597 616 590 591 588 579 592 602 589 588 611 600 593 591 591 593 608 586 611 595 596 574 589 587 597 573 589 597 593 613 609 597 590 592 593 576 593 601 579 592 591 570 589 591 617 589 597 595 589 607 586 610 610 615 586 578 609 599 591 618 590 593 591 594 597 606 594 588 583 612 593 544 564 584 593 595 588 593 595 592 595 582 587 595 594 589 617 586 576 602 595 584 587 608 589 591 613 620 594 589 613 591 617 612 586 603 591 597 589 616 587 608 609 584 597 591 599 600 595 611 614 582 590 595 587 580 584 618 583 593 593 595 588 590 601 605 604 581 596 590 599 588 594 592 614 613 619 618 589 608 596 587 605 606 588 617 592 590 572 594 595 563 597 590 590 584 585 587 611 590 570 590 594 565 604 615 589 591 592 618 605 601 596 575 609 589 589 586 561 583 579 588 612 597 578 592 611 619 615 588 587 615 597 589 611 578 569 608 615 592 593 595 591 610 607 576 576 591 598 579 595 597 591 571 576 592 615 587 608 585 574 578 616 598 619 586 593 585 593 609 593 599 618 597 593 592 618 590 619 594 606 592 599 618 598 598 582 591 589 592 584 586 593 599 585 586 587 604 620 586 610 585 594 596 596 588 588 594 615 620 584 616 592 590 602 590 611 612 612 607 592 584 566 588 593 575 614 623 613 614 570 594 612 594 618 564 582 603 591 600 614 601 593 588 582 583 611 595 593 608 616 593 594 591 600 561 570 589 597 615 612 577 589 620 592 598 574 618 591 587 597 599 593 600 590 616 589 577 608 594 591 589 593 622 615 590 591 582 612 595 613 584 591 596 578 610 586 615 586 584 588 614 574 589 609 613 594 611 572 595 592 592 609 617 591 594 594 593 586 588 607 587 593 597 592 590 610 592 618 615 593 588 603 595 610 582 592 597 586 592 612 591 593 575 592 618 593 594 595 598 591 581 614 616 591 613 596 598 596 590 576 614 596 611 589 596 570 586 573 570 595 596 575 603 598 567 579 597 579 587 589 608 592 605 591 593 596 594 581 607 588 562 591 608 608 589 588 597 583 587 589 588 608 613 607 598 587 593 598 593 620 593 569 582 593 609 594 559 590 586 621 597 595 591 597 588 607 586 604 597 599 601 596 558 610 613 593 623 613 596 592 612 621 591 594 595 604 578 614 583 613 602 600 591 577 613 612 596 599 613 568 611 591 604 582 592 594 596 594 591 575 577 596 593 578 623 587 590 612 611 622 591 591 613 615 620 594 599 590 588 600 592 588 614 595 615 590 588 587 619 590 583 564 587 616 595 593 593 582 598 613 590 591 590 592 613 615 592 592 620 588 594 592 570 599 587 581 587 617 577 591 593 596 614 617 616 600 602 591 589 609 613 616 619 593 591 591 615 597 602 588 590 604 570 590 614 615 595 603 617 595 589 591 588 596 611 580 590 611 590 589 587 593 586 619 597 590 592 596 592 598 593 588 564 594 587 615 587 595 606 595 583 612 566 593 617 591 592 589 604 615 585 608 608 596 610 621 614 592 586 611 591 596 600 611 595 616 593 588 595 599 615 570 620 586 582 581 597 619 600 592 593 617 587 595 593 618 587 599 587 577 613 621 591 592 593 593 588 613 595 595 612 607 594 572 592 595 596 592 592 593 589 587 615 592 579 616 584 610 595 590 594 577 619 593 599 598 586 615 617 619 614 586 611 594 598 589 593 603 601 591 580 589 597 615 597 567 615 581 619 614 596 618 618 590 582 587 595 591 588 594 586 567 597 593 590 618 617 593 593 597 595 590 618 597 587 587 610 586 599 579 610 567 622 608 620 613 594 592 613 619 587 596 606 595 592 615 589 592 597 612 582 591 619 617 587 612 598 590 611 613 591 595 589 592 590 615 615 596 615 616 593 592 596 582 596 608 600 598 594 621 600 593 589 616 588 622 594 593 609 598 580 595 595 598 596 596 613 591 612 586 615 587 598 599 592 570 580 616 613 592 617 595 594 599 613 578 613 595 585 602 594 588 608 595 606 601 570 593 624 616 619 572 597 580 591 616 595 591 595 577 620 592 607 593 593 603 584 593 590 613 581 568 564 595 585 577 602 589 593 619 611 592 592 578 584 559 609 618 618 605 587 595 597

Tree=0
num_leaves=4
num_cat=0
split_feature=1 40 6
split_gain=5924.52 3301.75 1504.39
threshold=7.9232989706282941 0.13074315891776295 71.380806242663851
decision_type=2 2 2
left_child=-1 -2 -3
right_child=1 2 -4
leaf_value=-2.4092684225132586 -2.3476877486721071 -2.2599677984399462 -2.0678759909271243
leaf_weight=2053.054699276574 1066.0917534362525 215.66916398890316 53.347450342029333
leaf_count=30038 20012 4119 1097
internal_value=-2.37496 -2.32217 -2.2214
internal_weight=3388.16 1335.11 269.017
internal_count=55266 25228 5216
is_linear=0
shrinkage=1


Tree=1
num_leaves=4
num_cat=1
split_feature=1 43 21
split_gain=5420.49 3054.11 1927.54
threshold=7.9232989706282941 0 131.75221209233843
decision_type=2 9 2
left_child=-1 -2 -3
right_child=1 2 -4
leaf_value=-0.032592041456922946 0.20371246412910213 -0.0038226809398457821 0.075270422680914231
leaf_weight=2007.386509174481 113.11986522749066 651.0707144998014 623.36363761872053
leaf_count=30185 2021 11879 11172
internal_value=0.0012023 0.050136 0.0345499
internal_weight=3394.94 1387.55 1274.43
internal_count=55257 25072 23051
cat_boundaries=0 1
cat_threshold=16
is_linear=0
shrinkage=0.0321881


Tree=2
num_leaves=4
num_cat=1
split_feature=2 21 43
split_gain=5200.96 2523.31 1501.65
threshold=12.767618462269715 140.74457069504101 0
decision_type=2 2 9
left_child=-1 -2 -3
right_child=1 2 -4
leaf_value=-0.033734257144899603 0.0059599528495676065 0.21787169541214557 0.069286107996389151
leaf_weight=1897.1039052270353 780.31765759550035 78.277647908776999 652.2779352478683
leaf_count=29059 14092 1217 11067
internal_value=0.00173061 0.046302 0.0892888
internal_weight=3407.98 1510.87 730.556
internal_count=55435 26376 12284
cat_boundaries=0 1
cat_threshold=16
is_linear=0
shrinkage=0.0321881


Tree=3
num_leaves=4
num_cat=1
split_feature=1 21 41
split_gain=4799.56 2078.76 1185.38
threshold=5.5096940246709991 127.87512626026513 0
decision_type=2 2 9
left_child=-1 -2 -3
right_child=1 2 -4
leaf_value=-0.033271421508101612 0.003151019181082737 0.05287242125440194 0.14461867513613796
leaf_weight=1856.4703243775293 713.74552538059652 623.94442388787866 206.25452851131558
leaf_count=29297 12856 9985 3110
internal_value=0.00158134 0.0435289 0.0781555
internal_weight=3400.41 1543.94 830.199
internal_count=55248 25951 13095
cat_boundaries=0 1
cat_threshold=2368
is_linear=0
shrinkage=0.0321881


Tree=4
num_leaves=4
num_cat=1
split_feature=44 22 6
split_gain=4443.61 1953.97 899.973
threshold=0 274.79203948475339 82.207284832975333
decision_type=9 2 2
left_child=1 -1 -3
right_child=-2 2 -4
leaf_value=0.0081253638740707654 -0.027980914150565885 0.070084193692251176 0.17370494213377599
leaf_weight=658.34169442392886 2065.3782701911405 564.96344365552068 104.0325981862843
leaf_count=11436 33492 8756 1466
internal_value=0.00149163 0.0472514 0.0863488
internal_weight=3392.72 1327.34 668.996
internal_count=55150 21658 10222
cat_boundaries=0 1
cat_threshold=8263
is_linear=0
shrinkage=0.0321881


Tree=5
num_leaves=4
num_cat=1
split_feature=44 22 36
split_gain=4083.51 1675.48 1039.96
threshold=0 212.17102187665344 0.86415656182753497
decision_type=9 2 2
left_child=1 -1 -3
right_child=-2 2 -4
leaf_value=-0.0002302535426040147 -0.027481968488209566 0.22112408418380844 0.063722489489997411
leaf_weight=533.5862374547869 2021.1640013549477 46.210004899650812 804.43944858014584
leaf_count=9299 33539 718 11754
internal_value=0.00162467 0.0440479 0.0724071
internal_weight=3405.4 1384.24 850.649
internal_count=55310 21771 12472
cat_boundaries=0 1
cat_threshold=8263
is_linear=0
shrinkage=0.0321881


Tree=6
num_leaves=4
num_cat=1
split_feature=1 43 21
split_gain=4051.98 1595.25 1153.26
threshold=5.5096940246709991 0 129.17627522134018
decision_type=2 9 2
left_child=-1 -2 -3
right_child=1 2 -4
leaf_value=-0.033075337379504008 0.12616549073797209 -0.0054480510326570912 0.051432447214940634
leaf_weight=1733.7677506795153 177.09191313199699 670.88336049392819 816.22141706012189
leaf_count=29151 2214 12048 11721
internal_value=0.00134015 0.0372322 0.0255603
internal_weight=3397.96 1664.2 1487.1
internal_count=55134 25983 23769
cat_boundaries=0 1
cat_threshold=16
is_linear=0
shrinkage=0.0321881


Tree=7
num_leaves=4
num_cat=0
split_feature=1 22 36
split_gain=3863.13 1391.82 893.661
threshold=4.9934244870863811 172.71445116897897 0.86415656182753497
decision_type=2 2 2
left_child=-1 -2 -3
right_child=1 2 -4
leaf_value=-0.033030741616874443 -0.0088905313584652541 0.16397412624905508 0.047364985709868017
leaf_weight=1674.8097796076909 508.56307351216674 72.834081493318081 1135.5769208446145
leaf_count=28967 9037 1077 16016
internal_value=0.00172886 0.0356718 0.0544768
internal_weight=3391.78 1716.97 1208.41
internal_count=55097 26130 17093
is_linear=0
shrinkage=0.0321881


Tree=8
num_leaves=4
num_cat=1
split_feature=2 43 21
split_gain=3587.91 1382.38 960.865
threshold=11.729826569686852 0 127.87512626026513
decision_type=2 9 2
left_child=-1 -2 -3
right_child=1 2 -4
leaf_value=-0.033288613787370649 0.11018727306011523 -0.0066473750879821993 0.044023687633468048
leaf_weight=1608.8146114721894 203.31503122672439 675.33346777781844 903.97178526222706
leaf_count=28543 2303 12088 12179
internal_value=0.00153899 0.0330069 0.0221775
internal_weight=3391.43 1782.62 1579.31
internal_count=55113 26570 24267
cat_boundaries=0 1
cat_threshold=16
is_linear=0
shrinkage=0.0321881


Tree=9
num_leaves=4
num_cat=1
split_feature=2 43 40
split_gain=3291.83 1173.08 821.601
threshold=11.729826569686852 0 0.13074315891776295
decision_type=2 9 2
left_child=-1 -2 -3
right_child=1 2 -4
leaf_value=-0.033130143900156506 0.099912210028992282 0.0075457312039626592 0.061474398298779362
leaf_weight=1569.574988511391 213.12135438621044 1216.0477132759988 386.83900352194905
leaf_count=28664 2226 19430 4806
internal_value=0.000987897 0.0305116 0.02048
internal_weight=3385.58 1816.01 1602.89
internal_count=55126 26462 24236
cat_boundaries=0 1
cat_threshold=16
is_linear=0
shrinkage=0.0321881


Tree=10
num_leaves=4
num_cat=1
split_feature=2 21 43
split_gain=3163.43 1028.97 714.644
threshold=11.729826569686852 100.21125009002381 0
decision_type=2 2 9
left_child=-1 -2 -3
right_child=1 2 -4
leaf_value=-0.033056186192517337 -0.0047042183705102861 0.10833855150035269 0.035561440296825342
leaf_weight=1529.7839049426839 608.29918172396719 162.28970167227089 1079.7069266699255
leaf_count=28754 10550 1483 14336
internal_value=0.00116801 0.0294988 0.0462996
internal_weight=3380.08 1850.3 1242
internal_count=55123 26369 15819
cat_boundaries=0 1
cat_threshold=16
is_linear=0
shrinkage=0.0321881


Tree=11
num_leaves=4
num_cat=1
split_feature=2 22 44
split_gain=2922.34 1015.79 800.856
threshold=11.729826569686852 86.77379149953309 0
decision_type=2 2 9
left_child=-1 -2 -3
right_child=1 2 -4
leaf_value=-0.032836826834919945 -0.027264408302610146 0.051369891043148271 0.0052788562214538528
leaf_weight=1477.1572908516973 293.14127857983112 1172.30610329099 416.15709364414215
leaf_count=28591 5244 15096 6086
internal_value=0.00102676 0.0276461 0.0378221
internal_weight=3358.76 1881.6 1588.46
internal_count=55017 26426 21182
cat_boundaries=0 1
cat_threshold=71
is_linear=0
shrinkage=0.0321881


Tree=12
num_leaves=4
num_cat=1
split_feature=1 24 44
split_gain=2815.72 968.42 732.177
threshold=4.6120012628769755 42.195245978474951 0
decision_type=2 2 9
left_child=-1 -2 -3
right_child=1 2 -4
leaf_value=-0.032696467878286097 -0.020703964534865331 0.050815941718281861 0.0085376281552851062
leaf_weight=1442.486755406484 359.51061386615038 1161.6337170340121 400.20832092501223
leaf_count=28690 6500 14090 5760
internal_value=0.00126827 0.0268019 0.0377792
internal_weight=3363.84 1921.35 1561.84
internal_count=55040 26350 19850
cat_boundaries=0 1
cat_threshold=71
is_linear=0
shrinkage=0.0321881


Tree=13
num_leaves=4
num_cat=1
split_feature=1 22 44
split_gain=2650.63 874.1 669.644
threshold=4.9934244870863811 107.67631362332469 0
decision_type=2 2 9
left_child=-1 -2 -3
right_child=1 2 -4
leaf_value=-0.032292448848580402 -0.022089306225502869 0.047250781265807597 0.0066292213654613368
leaf_weight=1419.2863705428317 329.22683974727988 1216.3249118532985 396.18069793097675
leaf_count=29052 6016 14391 5647
internal_value=0.0011192 0.0255748 0.0353477
internal_weight=3361.02 1941.73 1612.51
internal_count=55106 26054 20038
cat_boundaries=0 1
cat_threshold=71
is_linear=0
shrinkage=0.0321881


Tree=14
num_leaves=4
num_cat=0
split_feature=1 22 22
split_gain=2490.69 827.987 514.544
threshold=4.9934244870863811 480.99133792619574 83.136052029890251
decision_type=2 2 2
left_child=-1 2 -2
right_child=1 -3 -4
leaf_value=-0.032195181667416979 -0.027372832274273892 0.063821466214092321 0.021604878706440071
leaf_weight=1380.4774970794097 267.27180448174477 427.23297786526382 1289.5065483022481
leaf_count=29060 5058 4495 16622
internal_value=0.000983139 0.0241018 0.0131525
internal_weight=3364.49 1984.01 1556.78
internal_count=55235 26175 21680
is_linear=0
shrinkage=0.0321881


Tree=15
num_leaves=4
num_cat=1
split_feature=2 43 6
split_gain=2408.37 818.296 649.183
threshold=11.729826569686852 0 95.481928580756545
decision_type=2 9 2
left_child=-1 -2 -3
right_child=1 2 -4
leaf_value=-0.032421615877672984 0.076203036057280252 0.0094371343977279424 0.081006397052306528
leaf_weight=1328.6792746242136 255.09988929703832 1637.999275283888 142.97789758257568
leaf_count=28809 2245 22674 1568
internal_value=0.00126572 0.0232815 0.0151435
internal_weight=3364.76 2036.08 1780.98
internal_count=55296 26487 24242
cat_boundaries=0 1
cat_threshold=16
is_linear=0
shrinkage=0.0321881


Tree=16
num_leaves=4
num_cat=1
split_feature=2 22 41
split_gain=2257.65 767.194 649.693
threshold=13.885079135290571 175.32109993248483 0
decision_type=2 2 9
left_child=-1 -2 -3
right_child=1 2 -4
leaf_value=-0.03185735895740522 -0.01132381640478541 0.068308093030880396 0.020260859003426487
leaf_weight=1321.9685814706609 524.26233175396919 405.78082417882979 1108.9742073882371
leaf_count=29327 9086 3988 13045
internal_value=0.000883178 0.0221425 0.0337673
internal_weight=3360.99 2039.02 1514.76
internal_count=55446 26119 17033
cat_boundaries=0 1
cat_threshold=538
is_linear=0
shrinkage=0.0321881


Tree=17
num_leaves=4
num_cat=1
split_feature=2 43 40
split_gain=2121.59 694.639 544.242
threshold=13.885079135290571 0 0.13074315891776295
decision_type=2 9 2
left_child=-1 -2 -3
right_child=1 2 -4
leaf_value=-0.031695537597311189 0.069993132675717995 0.0032007615731807263 0.043577535508395028
leaf_weight=1281.646629543975 253.81562045589089 1333.5462712813169 468.74124727770686
leaf_count=29235 2113 19183 4742
internal_value=0.000785386 0.0210643 0.0136659
internal_weight=3337.75 2056.1 1802.29
internal_count=55273 26038 23925
cat_boundaries=0 1
cat_threshold=16
is_linear=0
shrinkage=0.0321881


Tree=18
num_leaves=4
num_cat=1
split_feature=44 28 6
split_gain=2034.89 617.015 289.122
threshold=0 0.44735905959133354 69.23206413668639
decision_type=9 2 2
left_child=1 -1 -3
right_child=-2 2 -4
leaf_value=0.00086949152768443381 -0.025573270352466506 0.032223330441763218 0.076513037449655943
leaf_weight=680.82002997398376 1598.461101282388 855.80099021829665 189.81523675471544
leaf_count=10605 33539 9499 1674
internal_value=0.000493833 0.024671 0.0403398
internal_weight=3324.9 1726.44 1045.62
internal_count=55317 21778 11173
cat_boundaries=0 1
cat_threshold=8263
is_linear=0
shrinkage=0.0321881


Tree=19
num_leaves=4
num_cat=1
split_feature=2 22 43
split_gain=1927.35 654.486 542.266
threshold=10.904960059982061 86.77379149953309 0
decision_type=2 2 9
left_child=-1 -2 -3
right_child=1 2 -4
leaf_value=-0.032291468591911822 -0.027369089582652391 0.068410778503118289 0.018231228887378971
leaf_weight=1192.0969319790602 275.14276031032205 257.7793100066483 1595.1385554037988
leaf_count=28676 5309 2007 19400
internal_value=0.000451866 0.0188255 0.025722
internal_weight=3320.16 2128.06 1852.92
internal_count=55392 26716 21407
cat_boundaries=0 1
cat_threshold=16
is_linear=0
shrinkage=0.0321881


Tree=20
num_leaves=4
num_cat=1
split_feature=2 22 44
split_gain=1882.39 609.911 508.552
threshold=11.729826569686852 83.136052029890251 0
decision_type=2 2 9
left_child=-1 -2 -3
right_child=1 2 -4
leaf_value=-0.032071703500419511 -0.027439491285746423 0.034677347084627635 -0.001069657759105462
leaf_weight=1163.4891021475196 257.3947737980634 1416.7463116142899 447.36775287799537
leaf_count=28810 5069 15079 6091
internal_value=0.000806354 0.0188691 0.0253002
internal_weight=3285 2121.51 1864.11
internal_count=55049 26239 21170
cat_boundaries=0 1
cat_threshold=71
is_linear=0
shrinkage=0.0321881


Tree=21
num_leaves=4
num_cat=1
split_feature=44 22 36
split_gain=1766.17 567.759 390.206
threshold=0 247.4036327240666 0.86415656182753497
decision_type=9 2 2
left_child=1 -1 -3
right_child=-2 2 -4
leaf_value=-0.00092272052746995663 -0.025014029088553536 0.113977248159443 0.031610618846943862
leaf_weight=675.03075527399778 1511.6294485158287 63.781565736979246 1044.1801024228334
leaf_count=10549 33668 561 10585
internal_value=0.000472414 0.0221323 0.036433
internal_weight=3294.62 1782.99 1107.96
internal_count=55363 21695 11146
cat_boundaries=0 1
cat_threshold=8263
is_linear=0
shrinkage=0.0321881


Tree=22
num_leaves=4
num_cat=1
split_feature=2 43 40
split_gain=1731.92 540.938 420.626
threshold=12.767618462269715 0 0.13074315891776295
decision_type=2 9 2
left_child=-1 -2 -3
right_child=1 2 -4
leaf_value=-0.031779943634542701 0.058450400203634477 0.001724504845303514 0.036000083879840633
leaf_weight=1122.3210601699539 280.79604921117425 1375.9889166392386 509.886215724051
leaf_count=29042 2158 19320 4826
internal_value=0.000649892 0.0174794 0.0109706
internal_weight=3288.99 2166.67 1885.88
internal_count=55346 26304 24146
cat_boundaries=0 1
cat_threshold=16
is_linear=0
shrinkage=0.0321881


Tree=23
num_leaves=4
num_cat=1
split_feature=44 24 13
split_gain=1630.27 482.844 407.245
threshold=0 27.953641660685477 37.472401709211788
decision_type=9 2 8
left_child=1 -1 -3
right_child=-2 2 -4
leaf_value=-0.024872888466343106 -0.02491282485066541 0.034801487341227851 0.0009698769112007089
leaf_weight=210.48034330457449 1451.6369269634597 1306.95790653117 301.51265981420875
leaf_count=4168 33564 13678 3864
internal_value=0.000411443 0.0206807 0.0268126
internal_weight=3270.59 1818.95 1608.47
internal_count=55274 21710 17542
cat_boundaries=0 1
cat_threshold=8263
is_linear=0
shrinkage=0.0321881


Tree=24
num_leaves=4
num_cat=0
split_feature=2 22 36
split_gain=1605.24 508.081 450.32
threshold=12.767618462269715 83.136052029890251 0.86415656182753497
decision_type=2 2 2
left_child=-1 -2 -3
right_child=1 2 -4
leaf_value=-0.031538078239616164 -0.026871226736459659 0.072133394940633408 0.017223312224911566
leaf_weight=1069.158065432217 246.47952431254089 170.38514741323888 1781.571849565953
leaf_count=29051 5049 2078 19156
internal_value=0.000788373 0.0165403 0.0220572
internal_weight=3267.59 2198.44 1951.96
internal_count=55334 26283 21234
is_linear=0
shrinkage=0.0321881


Tree=25
num_leaves=4
num_cat=0
split_feature=1 22 22
split_gain=1464.82 507.423 323.136
threshold=4.1345437929605398 474.45297268909468 68.979019510860411
decision_type=2 2 2
left_child=-1 2 -2
right_child=1 -3 -4
leaf_value=-0.031487009830579678 -0.029958916798698623 0.042526324739324474 0.011903822302416822
leaf_weight=1016.4947975995019 218.51258641108871 533.38225440308452 1479.2720425464213
leaf_count=28410 4662 4907 17203
internal_value=0.000515299 0.0151255 0.00647496
internal_weight=3247.66 2231.17 1697.78
internal_count=55182 26772 21865
is_linear=0
shrinkage=0.0321881


Tree=26
num_leaves=4
num_cat=1
split_feature=2 22 43
split_gain=1398.88 471.927 423.619
threshold=11.729826569686852 793.05141413984541 0
decision_type=2 2 9
left_child=-1 2 -2
right_child=1 -3 -4
leaf_value=-0.031502850541164855 0.048208792565518646 0.089603263038323999 0.0057523535127981459
leaf_weight=997.28381133172661 271.92861321941018 83.04275581240654 1892.3186099492013
leaf_count=28780 2036 735 23733
internal_value=0.000199739 0.0142986 0.0113703
internal_weight=3244.57 2247.29 2164.25
internal_count=55284 26504 25769
cat_boundaries=0 1
cat_threshold=16
is_linear=0
shrinkage=0.0321881


Tree=27
num_leaves=4
num_cat=0
split_feature=1 21 6
split_gain=1317.98 444.424 333.635
threshold=4.1345437929605398 135.62599098186817 71.380806242663851
decision_type=2 2 2
left_child=-1 -2 -3
right_child=1 2 -4
leaf_value=-0.031591125087807662 -0.0042590884079079204 0.017765996223567948 0.061122041220750746
leaf_weight=967.77435329509899 897.19624409079552 1145.7121845120564 221.30687145702541
leaf_count=28645 13874 11216 1741
internal_value=-0.000135814 0.0132826 0.0248409
internal_weight=3231.99 2264.22 1367.02
internal_count=55476 26831 12957
is_linear=0
shrinkage=0.0321881


Tree=28
num_leaves=4
num_cat=2
split_feature=2 43 41
split_gain=1292.31 428.71 351.491
threshold=10.904960059982061 0 1
decision_type=2 9 9
left_child=-1 -2 -3
right_child=1 2 -4
leaf_value=-0.031531017666887734 0.048498313182261055 0.076203635514304452 0.0049950079899899252
leaf_weight=932.75630314089358 303.01310388557613 64.835451979190111 1912.6788091249764
leaf_count=28514 2266 632 23844
internal_value=0.000362013 0.0134364 0.00774215
internal_weight=3213.28 2280.53 1977.51
internal_count=55256 26742 24476
cat_boundaries=0 1 2
cat_threshold=16 512
is_linear=0
shrinkage=0.0321881


Tree=29
num_leaves=4
num_cat=1
split_feature=44 22 13
split_gain=1258.61 418.326 340.091
threshold=0 90.221841533505014 37.562091135135965
decision_type=9 2 8
left_child=1 -1 -3
right_child=-2 2 -4
leaf_value=-0.024667859982028667 -0.023427347940972079 0.029943389175963019 -0.00079653756197410738
leaf_weight=213.15220120362937 1308.4491787734441 1379.0381227489561 289.39434550330043
leaf_count=4453 33420 13534 3662
internal_value=0.000695749 0.0175369 0.0230748
internal_weight=3190.03 1881.58 1668.43
internal_count=55069 21649 17196
cat_boundaries=0 1
cat_threshold=8263
is_linear=0
shrinkage=0.0321881


Tree=30
num_leaves=4
num_cat=1
split_feature=2 21 41
split_gain=1202.02 410.38 306.544
threshold=10.904960059982061 127.87512626026513 0
decision_type=2 2 9
left_child=-1 -2 -3
right_child=1 2 -4
leaf_value=-0.031276978735102573 -0.005005599556754242 0.013450122496831777 0.046858249381287791
leaf_weight=890.15425168676302 844.15257331542671 1050.2539200782776 401.83639435656369
leaf_count=28558 13161 10248 3274
internal_value=0.000449895 0.0127787 0.0231604
internal_weight=3186.4 2296.24 1452.09
internal_count=55241 26683 13522
cat_boundaries=0 1
cat_threshold=2368
is_linear=0
shrinkage=0.0321881


Tree=31
num_leaves=4
num_cat=1
split_feature=2 39 41
split_gain=1147.89 385.93 267.209
threshold=10.904960059982061 0.10758138876021905 0
decision_type=2 2 9
left_child=-1 2 -2
right_child=1 -3 -4
leaf_value=-0.031323403680078486 0.022554095708533613 0.039393542209078238 -0.0017982610663193925
leaf_weight=867.31540160626173 510.22446820512414 435.89774695597589 1366.6868157014251
leaf_count=28633 5466 3757 17502
internal_value=0.000230616 0.0120931 0.00571465
internal_weight=3180.12 2312.81 1876.91
internal_count=55358 26725 22968
cat_boundaries=0 1
cat_threshold=538
is_linear=0
shrinkage=0.0321881


Tree=32
num_leaves=4
num_cat=1
split_feature=44 22 36
split_gain=1128.02 368.91 330.332
threshold=0 68.979019510860411 0.86415656182753497
decision_type=9 2 2
left_child=1 -1 -3
right_child=-2 2 -4
leaf_value=-0.029366667027064749 -0.023325855951534941 0.06327658302918325 0.015666688612030452
leaf_weight=168.97553574852645 1251.7937813783064 168.07122191973031 1586.8815465103835
leaf_count=3734 33475 1979 16079
internal_value=0.000328723 0.0157927 0.0202705
internal_weight=3175.72 1923.93 1754.95
internal_count=55267 21792 18058
cat_boundaries=0 1
cat_threshold=8263
is_linear=0
shrinkage=0.0321881


Tree=33
num_leaves=4
num_cat=1
split_feature=2 43 6
split_gain=1081.14 380.505 361.124
threshold=9.6306613072689249 0 95.481928580756545
decision_type=2 9 2
left_child=-1 -2 -3
right_child=1 2 -4
leaf_value=-0.031131455702167105 0.044201129249231669 0.0023217894705273279 0.049927110496342755
leaf_weight=813.00151433749124 317.20152506791055 1839.4059096742421 181.59120371937752
leaf_count=28117 2344 23162 1603
internal_value=0.000815173 0.0119524 0.00660343
internal_weight=3151.2 2338.2 2021
internal_count=55226 27109 24765
cat_boundaries=0 1
cat_threshold=16
is_linear=0
shrinkage=0.0321881


Tree=34
num_leaves=4
num_cat=1
split_feature=2 22 41
split_gain=1020.28 374.614 338.946
threshold=9.6306613072689249 822.56184750805403 0
decision_type=2 2 9
left_child=-1 2 -2
right_child=1 -3 -4
leaf_value=-0.031209783124506407 0.028346154018921099 0.078640859142546149 0.00073995916713781378
leaf_weight=787.39868674008176 636.43256413936615 82.134945172816515 1634.710814524442
leaf_count=28019 6505 686 19933
internal_value=0.000479905 0.0111123 0.00863417
internal_weight=3140.68 2353.28 2271.14
internal_count=55143 27124 26438
cat_boundaries=0 1
cat_threshold=538
is_linear=0
shrinkage=0.0321881


Tree=35
num_leaves=4
num_cat=0
split_feature=1 22 36
split_gain=975.135 367.217 307.316
threshold=4.1345437929605398 68.979019510860411 0.86415656182753497
decision_type=2 2 2
left_child=-1 -2 -3
right_child=1 2 -4
leaf_value=-0.030834668358986701 -0.029958821543220902 0.051806953832092204 0.010520082400610154
leaf_weight=786.40760756330565 209.82263461686671 207.86536115780473 1935.9070584159344
leaf_count=28604 4705 2456 19850
internal_value=0.000170938 0.01056 0.0145583
internal_weight=3140 2353.6 2143.77
internal_count=55615 27011 22306
is_linear=0
shrinkage=0.0321881


Tree=36
num_leaves=4
num_cat=0
split_feature=2 22 22
split_gain=938.941 351.07 295.745
threshold=9.168679877693501 822.56184750805403 68.979019510860411
decision_type=2 2 2
left_child=-1 2 -2
right_child=1 -3 -4
leaf_value=-0.03136503101171239 -0.029193683081395819 0.075302231729321642 0.01131822851921893
leaf_weight=740.54485971434042 203.81668710522354 82.560763845220208 2115.8587192613631
leaf_count=27892 4719 677 22189
internal_value=0.00029586 0.0100847 0.0077286
internal_weight=3142.78 2402.24 2319.68
internal_count=55477 27585 26908
is_linear=0
shrinkage=0.0321881


Tree=37
num_leaves=4
num_cat=1
split_feature=44 22 6
split_gain=911.164 333.799 207.065
threshold=0 274.79203948475339 69.23206413668639
decision_type=9 2 2
left_child=1 -1 -3
right_child=-2 2 -4
leaf_value=-0.0019518446034035618 -0.021684754245114096 0.018329235779662535 0.05302573584382772
leaf_weight=785.49016845971346 1184.0827774987556 917.84334278572351 225.20957856066525
leaf_count=11305 33871 8436 1650
internal_value=0.000413233 0.0140545 0.0252306
internal_weight=3112.63 1928.54 1143.05
internal_count=55262 21391 10086
cat_boundaries=0 1
cat_threshold=71
is_linear=0
shrinkage=0.0321881


Tree=38
num_leaves=4
num_cat=0
split_feature=1 22 22
split_gain=880.686 350.678 227.307
threshold=3.9581134246353318 484.24156471294503 62.249208595847101
decision_type=2 2 2
left_child=-1 2 -2
right_child=1 -3 -4
leaf_value=-0.030866722825492011 -0.030815137702484261 0.032288991030955318 0.0067655798918562502
leaf_weight=720.78036276297644 185.01346643269062 549.76558418758214 1643.6827898593619
leaf_count=28232 4430 4712 17962
internal_value=0.000275351 0.0097417 0.00292513
internal_weight=3099.24 2378.46 1828.7
internal_count=55336 27104 22392
is_linear=0
shrinkage=0.0321881


Tree=39
num_leaves=4
num_cat=2
split_feature=2 43 41
split_gain=840.838 340.314 261.356
threshold=9.168679877693501 0 1
decision_type=2 9 9
left_child=-1 -2 -3
right_child=1 2 -4
leaf_value=-0.031140409053770416 0.04001069479931664 0.04218026843466044 0.0009415480083330562
leaf_weight=684.48008646722883 314.11075907200575 164.04166815988719 1911.453995690681
leaf_count=27798 2327 1586 23322
internal_value=0.000285977 0.00931661 0.00442251
internal_weight=3074.09 2389.61 2075.5
internal_count=55033 27235 24908
cat_boundaries=0 1 2
cat_threshold=16 530
is_linear=0
shrinkage=0.0321881


Tree=40
num_leaves=4
num_cat=0
split_feature=1 22 36
split_gain=818.257 313.49 419.545
threshold=4.1345437929605398 196.4574168913291 0.86415656182753497
decision_type=2 2 2
left_child=-1 -2 -3
right_child=1 2 -4
leaf_value=-0.030430746391850845 -0.0099511553671843781 0.076739840839210621 0.01227737422236015
leaf_weight=686.00810564542189 631.96438088268042 112.03539611957967 1650.8860296057537
leaf_count=28396 10529 962 15452
internal_value=0.000535336 0.00943421 0.0164199
internal_weight=3080.89 2394.89 1762.92
internal_count=55339 26943 16414
is_linear=0
shrinkage=0.0321881


Tree=41
num_leaves=4
num_cat=1
split_feature=44 28 6
split_gain=779.755 294.664 136.938
threshold=0 0.4947202887116246 61.476936145977348
decision_type=9 2 2
left_child=1 -1 -3
right_child=-2 2 -4
leaf_value=-0.0026182409407471807 -0.021470905058432934 0.016989784030523356 0.044513633206768856
leaf_weight=792.79569330997765 1089.9740992151201 920.21512587182224 241.20149115473032
leaf_count=11357 33464 8460 1805
internal_value=0.000204641 0.0123746 0.0227686
internal_weight=3044.19 1954.21 1161.42
internal_count=55086 21622 10265
cat_boundaries=0 1
cat_threshold=8263
is_linear=0
shrinkage=0.0321881


Tree=42
num_leaves=4
num_cat=1
split_feature=1 43 6
split_gain=764.545 303.06 246.721
threshold=3.9581134246353318 0 95.481928580756545
decision_type=2 9 2
left_child=-1 -2 -3
right_child=1 2 -4
leaf_value=-0.030233830906528165 0.037673894516745667 0.0008736001714323234 0.038829308695642738
leaf_weight=649.24698518635705 322.62472676020116 1886.7716242820024 196.10128725878894
leaf_count=28189 2415 23037 1626
internal_value=0.000733121 0.00911977 0.00446028
internal_weight=3054.74 2405.5 2082.87
internal_count=55267 27078 24663
cat_boundaries=0 1
cat_threshold=16
is_linear=0
shrinkage=0.0321881


Tree=43
num_leaves=4
num_cat=1
split_feature=44 24 36
split_gain=728.739 279.861 307.446
threshold=0 39.650663915401971 0.86415656182753497
decision_type=9 2 2
left_child=1 -1 -3
right_child=-2 2 -4
leaf_value=-0.020059281502877769 -0.026980491546875505 0.056292752355777603 0.0099496260562176551
leaf_weight=288.78577902540565 749.44841508707032 162.18901730142534 1825.0680755386129
leaf_count=6125 29065 1623 18230
internal_value=0.000312831 0.00940695 0.0137702
internal_weight=3025.49 2276.04 1987.26
internal_count=55043 25978 19853
cat_boundaries=0 1
cat_threshold=8927
is_linear=0
shrinkage=0.0321881


Tree=44
num_leaves=4
num_cat=1
split_feature=2 22 43
split_gain=710.905 270.766 251.112
threshold=12.767618462269715 68.979019510860411 0
decision_type=2 2 9
left_child=-1 -2 -3
right_child=1 2 -4
leaf_value=-0.029523176704157869 -0.028666034807355599 0.039282866085733587 0.0073706741493020844
leaf_weight=640.78808451257646 184.44321464374661 290.21944583207369 1904.1409530937672
leaf_count=28984 4526 1940 19769
internal_value=0.000539834 0.00866694 0.0118367
internal_weight=3019.59 2378.8 2194.36
internal_count=55219 26235 21709
cat_boundaries=0 1
cat_threshold=16
is_linear=0
shrinkage=0.0321881


Tree=45
num_leaves=4
num_cat=1
split_feature=2 22 43
split_gain=669.568 299.059 236.822
threshold=9.168679877693501 822.56184750805403 0
decision_type=2 2 9
left_child=-1 2 -2
right_child=1 -3 -4
leaf_value=-0.030480345917813949 0.031513612852747369 0.064920623777232789 0.001364701944022227
leaf_weight=592.06456348951906 302.414510210976 90.980201428756118 2043.4610879942775
leaf_count=27993 2193 721 24522
internal_value=0.000193941 0.00767502 0.00542138
internal_weight=3028.92 2436.86 2345.88
internal_count=55429 27436 26715
cat_boundaries=0 1
cat_threshold=16
is_linear=0
shrinkage=0.0321881


Tree=46
num_leaves=4
num_cat=2
split_feature=44 13 43
split_gain=652.561 301.788 226.592
threshold=0 38.38232888871439 1
decision_type=9 8 9
left_child=1 2 -1
right_child=-2 -3 -4
leaf_value=0.043681045484533346 -0.020315716786695664 -0.020238874943591896 0.010887148489850906
leaf_weight=255.99122262001038 1038.6869566868991 271.92105869296938 1445.2874025665224
leaf_count=1902 33968 4013 15576
internal_value=0.000197246 0.0110755 0.0161852
internal_weight=3011.89 1973.2 1701.28
internal_count=55459 21491 17478
cat_boundaries=0 1 2
cat_threshold=71 16
is_linear=0
shrinkage=0.0321881


Tree=47
num_leaves=4
num_cat=1
split_feature=2 22 41
split_gain=621.065 269.252 216.406
threshold=9.168679877693501 793.05141413984541 0
decision_type=2 2 9
left_child=-1 2 -2
right_child=1 -3 -4
leaf_value=-0.03034254431296091 0.020495239546891635 0.059069146009278095 -0.001168280302375241
leaf_weight=560.39438467752188 656.33599720150232 99.583344653248787 1672.8352489788085
leaf_count=27773 6513 799 19917
internal_value=0.000172911 0.00724234 0.00499336
internal_weight=2989.15 2428.75 2329.17
internal_count=55002 27229 26430
cat_boundaries=0 1
cat_threshold=538
is_linear=0
shrinkage=0.0321881


Tree=48
num_leaves=4
num_cat=0
split_feature=1 40 24
split_gain=620.549 258.298 163.697
threshold=3.9581134246353318 0.10476199021594761 25.293871401172144
decision_type=2 2 2
left_child=-1 2 -2
right_child=1 -3 -4
leaf_value=-0.030028468142187029 -0.026549670130092053 0.023906173700176964 0.0044758659668734015
leaf_weight=556.6960618912708 199.2795907817781 714.13363070972264 1499.3301438707858
leaf_count=28046 4765 5799 16394
internal_value=0.000574167 0.00766381 0.000795286
internal_weight=2969.44 2412.74 1698.61
internal_count=55004 26958 21159
is_linear=0
shrinkage=0.0321881


Tree=49
num_leaves=4
num_cat=1
split_feature=2 22 41
split_gain=576.809 250.924 215.896
threshold=9.168679877693501 93.815450290601618 0
decision_type=2 2 9
left_child=-1 -2 -3
right_child=1 2 -4
leaf_value=-0.029916292801051257 -0.023956142434370907 0.026201076374907564 0.0038763114224312761
leaf_weight=533.98600190877914 242.63291782699525 631.41396689601243 1564.1540409587324
leaf_count=27998 5744 5495 16108
internal_value=0.000353545 0.00701127 0.0104647
internal_weight=2972.19 2438.2 2195.57
internal_count=55345 27347 21603
cat_boundaries=0 1
cat_threshold=538
is_linear=0
shrinkage=0.0321881


Tree=50
num_leaves=4
num_cat=0
split_feature=2 40 6
split_gain=554.726 244.421 170.018
threshold=9.168679877693501 0.10476199021594761 52.22535626908104
decision_type=2 2 2
left_child=-1 -2 -3
right_child=1 2 -4
leaf_value=-0.029970498198614904 0.0001037934948894981 0.01235902476159439 0.047190221560974945
leaf_weight=516.9668358375784 1725.0134393163025 513.83858688548207 206.89935433678329
leaf_count=27883 21447 4397 1521
internal_value=0.00029369 0.00671906 0.0224584
internal_weight=2962.72 2445.75 720.738
internal_count=55248 27365 5918
is_linear=0
shrinkage=0.0321881


Tree=51
num_leaves=4
num_cat=2
split_feature=44 13 43
split_gain=531.328 233.974 205.008
threshold=0 38.38232888871439 1
decision_type=9 8 9
left_child=1 2 -1
right_child=-2 -3 -4
leaf_value=0.040201390587021033 -0.019527336533301912 -0.018292875432798044 0.0088639695540642764
leaf_weight=251.47871686238796 980.87362344912253 270.87149184569716 1450.5762347858399
leaf_count=1867 33988 4073 15503
internal_value=-0.000263867 0.00933387 0.0138247
internal_weight=2953.8 1972.93 1702.05
internal_count=55431 21443 17370
cat_boundaries=0 1 2
cat_threshold=71 16
is_linear=0
shrinkage=0.0321881


Tree=52
num_leaves=4
num_cat=0
split_feature=1 22 6
split_gain=525.622 238.421 201.577
threshold=4.1345437929605398 860.02152159692434 102.63152803216244
decision_type=2 2 2
left_child=-1 2 -2
right_child=1 -3 -4
leaf_value=-0.029282897286437577 0.0017942619475202963 0.064061350672001013 0.03440572773070992
leaf_weight=513.70292039448395 2143.306412441656 72.401644498109818 205.82108259759843
leaf_count=28519 24643 550 1632
internal_value=0.000260063 0.00655586 0.0047501
internal_weight=2935.23 2421.53 2349.13
internal_count=55344 26825 26275
is_linear=0
shrinkage=0.0321881


Tree=53
num_leaves=4
num_cat=1
split_feature=44 22 22
split_gain=525.365 225.804 179.009
threshold=0 68.979019510860411 768.78079601375737
decision_type=9 2 2
left_child=1 -1 -3
right_child=-2 2 -4
leaf_value=-0.028537249862162588 -0.02592986010338813 0.0080843642121180576 0.052436002489747516
leaf_weight=167.39066725224257 615.71043605380692 2037.5406559985131 99.361155977472663
leaf_count=4528 29072 20832 763
internal_value=0.000211835 0.00730733 0.010182
internal_weight=2920 2304.29 2136.9
internal_count=55195 26123 21595
cat_boundaries=0 1
cat_threshold=8927
is_linear=0
shrinkage=0.0321881


Tree=54
num_leaves=4
num_cat=0
split_feature=2 21 6
split_gain=478.368 226.062 176.159
threshold=9.168679877693501 124.02509785557065 56.404428460790236
decision_type=2 2 2
left_child=-1 -2 -3
right_child=1 2 -4
leaf_value=-0.029700007636495714 -0.0079463017192168712 0.0074396569313988662 0.034483330244813273
leaf_weight=472.26173603511415 828.08852397371083 1303.859333964996 311.83996549528092
leaf_count=27996 12919 11993 2353
internal_value=-3.02319e-05 0.00567971 0.012703
internal_weight=2916.05 2443.79 1615.7
internal_count=55261 27265 14346
is_linear=0
shrinkage=0.0321881


Tree=55
num_leaves=4
num_cat=1
split_feature=44 22 36
split_gain=459.921 202.259 242.273
threshold=0 62.249208595847101 0.86415656182753497
decision_type=9 2 2
left_child=1 -1 -3
right_child=-2 2 -4
leaf_value=-0.02926258485003309 -0.024558976812207787 0.042066432259179054 0.005436150593793712
leaf_weight=152.1549844648689 622.69829799979925 208.0790105368942 1921.9684982392937
leaf_count=4288 29365 2432 19148
internal_value=-0.000250392 0.00643556 0.00904865
internal_weight=2904.9 2282.2 2130.05
internal_count=55233 25868 21580
cat_boundaries=0 1
cat_threshold=719
is_linear=0
shrinkage=0.0321881


Tree=56
num_leaves=4
num_cat=0
split_feature=2 39 32
split_gain=455.814 227.754 158.774
threshold=9.168679877693501 0.087530157158509106 -0.80993370622627825
decision_type=2 2 2
left_child=-1 2 -2
right_child=1 -3 -4
leaf_value=-0.029650420987342645 0.013228692834372112 0.025627201138027255 -0.0053110850716321968
leaf_weight=447.34619313385338 625.43033197708428 477.10422845650464 1362.9237385429442
leaf_count=27849 6603 3959 16894
internal_value=0.00021036 0.00565662 0.000830185
internal_weight=2912.8 2465.46 1988.35
internal_count=55305 27456 23497
is_linear=0
shrinkage=0.0321881


Tree=57
num_leaves=4
num_cat=1
split_feature=2 43 6
split_gain=436.001 234.445 199.299
threshold=9.168679877693501 0 71.380806242663851
decision_type=2 9 2
left_child=-1 -2 -3
right_child=1 2 -4
leaf_value=-0.029203782175248612 0.03055632802739899 -0.0020013871154049463 0.027764216424457436
leaf_weight=435.57599563989788 329.6992888841778 1856.9592977045104 265.94591104611754
leaf_count=27891 2413 22571 2289
internal_value=0.000439519 0.00573237 0.0016922
internal_weight=2888.18 2452.6 2122.91
internal_count=55164 27273 24860
cat_boundaries=0 1
cat_threshold=16
is_linear=0
shrinkage=0.0321881


Tree=58
num_leaves=4
num_cat=2
split_feature=44 13 43
split_gain=415.811 226.893 201.442
threshold=0 38.38232888871439 1
decision_type=9 8 9
left_child=1 2 -1
right_child=-2 -3 -4
leaf_value=0.038590679920618418 -0.018519586756390805 -0.019357844406952738 0.0076420781650679412
leaf_weight=250.31586344353855 856.08722606790252 268.45975531823933 1522.0132070109248
leaf_count=1873 33349 4135 16062
internal_value=0.000157204 0.00807552 0.0123145
internal_weight=2896.88 2040.79 1772.33
internal_count=55419 22070 17935
cat_boundaries=0 1 2
cat_threshold=8415 16
is_linear=0
shrinkage=0.0321881


Tree=59
num_leaves=4
num_cat=2
split_feature=44 22 41
split_gain=415.36 188.803 159.392
threshold=0 68.979019510860411 1
decision_type=9 2 9
left_child=1 -1 -3
right_child=-2 2 -4
leaf_value=-0.027953875920503982 -0.025045272821844385 0.022264939474665721 0.0028103300874284089
leaf_weight=157.14373040571809 545.06027226150036 611.00559915415943 1533.6176824802533
leaf_count=4536 29015 5606 15916
internal_value=-2.5503e-05 0.00595642 0.00850142
internal_weight=2846.83 2301.77 2144.62
internal_count=55073 26058 21522
cat_boundaries=0 1 2
cat_threshold=8919 538
is_linear=0
shrinkage=0.0321881


Tree=60
num_leaves=4
num_cat=0
split_feature=2 21 6
split_gain=400.616 203.701 157.729
threshold=9.168679877693501 140.74457069504101 110.86443063941785
decision_type=2 2 2
left_child=-1 -2 -3
right_child=1 2 -4
leaf_value=-0.029201174907633704 -0.0060508245890531966 0.009043006765447054 0.042637235533802706
leaf_weight=408.36899233330041 980.69999335333705 1288.826837528497 164.78056927025318
leaf_count=27929 14552 11467 1177
internal_value=0.000268021 0.00524017 0.0129014
internal_weight=2842.68 2434.31 1453.61
internal_count=55125 27196 12644
is_linear=0
shrinkage=0.0321881


Tree=61
num_leaves=4
num_cat=1
split_feature=2 22 44
split_gain=376.782 190.507 173.804
threshold=9.168679877693501 860.02152159692434 0
decision_type=2 2 9
left_child=-1 2 -2
right_child=1 -3 -4
leaf_value=-0.029311694261735362 0.013575301380511081 0.055099772936885089 -0.0041211037279246573
leaf_weight=396.33283246261999 940.51787890121341 74.645337656140327 1440.7223328007385
leaf_count=27825 8851 586 17950
internal_value=-0.000177816 0.00450028 0.00288205
internal_weight=2852.22 2455.89 2381.24
internal_count=55212 27387 26801
cat_boundaries=0 1
cat_threshold=70
is_linear=0
shrinkage=0.0321881


Tree=62
num_leaves=4
num_cat=1
split_feature=44 22 22
split_gain=370.779 173.908 147.515
threshold=0 62.249208595847101 822.56184750805403
decision_type=9 2 2
left_child=1 -1 -3
right_child=-2 2 -4
leaf_value=-0.028658966177715826 -0.023931839919522094 0.0063757636936931433 0.050624840327779037
leaf_weight=141.48589464649558 525.26472444995306 2097.2358897989616 81.412139236927032
leaf_count=4249 29164 21242 617
internal_value=0.00019876 0.0057694 0.00806383
internal_weight=2845.4 2320.13 2178.65
internal_count=55272 26108 21859
cat_boundaries=0 1
cat_threshold=8911
is_linear=0
shrinkage=0.0321881


Tree=63
num_leaves=4
num_cat=1
split_feature=1 41 22
split_gain=351.563 278.02 155.069
threshold=10.987284886860582 0 822.56184750805403
decision_type=2 9 2
left_child=-1 -2 -3
right_child=1 2 -4
leaf_value=-0.021138186363359106 0.024772488101556533 -0.0029548375530922986 0.053349528607375386
leaf_weight=648.74433953408152 577.58287677168846 1554.3311797324568 52.10311321169138
leaf_count=31737 5188 17888 381
internal_value=-0.000315571 0.00584208 -0.00107473
internal_weight=2832.76 2184.02 1606.43
internal_count=55194 23457 18269
cat_boundaries=0 1
cat_threshold=538
is_linear=0
shrinkage=0.0321881


Tree=64
num_leaves=4
num_cat=0
split_feature=1 22 32
split_gain=329.045 180.841 152.565
threshold=3.9581134246353318 480.99133792619574 -0.78777909279514102
decision_type=2 2 2
left_child=-1 2 -2
right_child=1 -3 -4
leaf_value=-0.027816493114913458 0.0097662567787655478 0.020058282549393739 -0.0072230376093191028
leaf_weight=382.18388679693453 636.24820754863322 576.05633313627914 1240.6918110623956
leaf_count=28051 6633 4779 15779
internal_value=-2.29647e-05 0.00428365 -0.000525769
internal_weight=2835.18 2453 1876.94
internal_count=55242 27191 22412
is_linear=0
shrinkage=0.0321881


Tree=65
num_leaves=4
num_cat=0
split_feature=2 21 6
split_gain=342.558 183.98 156.882
threshold=9.168679877693501 147.04664973947024 110.86443063941785
decision_type=2 2 2
left_child=-1 -2 -3
right_child=1 2 -4
leaf_value=-0.028950992842318328 -0.0056584719218508847 0.0082984227742253832 0.042277148592645537
leaf_weight=360.23575168917887 1030.7440248019993 1261.4038798883557 159.96780665405095
leaf_count=27805 15047 11146 1134
internal_value=0.000323231 0.00465221 0.0121738
internal_weight=2812.35 2452.12 1421.37
internal_count=55132 27327 12280
is_linear=0
shrinkage=0.0321881


Tree=66
num_leaves=4
num_cat=2
split_feature=44 13 43
split_gain=341.553 199.875 178.706
threshold=0 38.38232888871439 1
decision_type=9 8 9
left_child=1 2 -1
right_child=-2 -3 -4
leaf_value=0.036229609420366751 -0.017220987124667828 -0.01903457951239371 0.0069609315973954908
leaf_weight=249.12524032965302 806.6561306589283 253.82985478732735 1478.9452941128984
leaf_count=1906 33757 4036 15408
internal_value=0.000285153 0.00749277 0.0114716
internal_weight=2788.56 1981.9 1728.07
internal_count=55107 21350 17314
cat_boundaries=0 1 2
cat_threshold=71 16
is_linear=0
shrinkage=0.0321881


Tree=67
num_leaves=4
num_cat=1
split_feature=2 21 41
split_gain=307.856 167.681 163.843
threshold=8.4175343964344567 100.21125009002381 0
decision_type=2 2 9
left_child=-1 -2 -3
right_child=1 2 -4
leaf_value=-0.028510032515342659 -0.0098896059206624119 0.026947472069499337 0.0037799011490043297
leaf_weight=339.89018446416594 642.19710095506161 407.32178853824735 1389.5330999493599
leaf_count=27364 11025 3525 13081
internal_value=0.000154361 0.00417733 0.00924095
internal_weight=2778.94 2439.05 1796.85
internal_count=54995 27631 16606
cat_boundaries=0 1
cat_threshold=520
is_linear=0
shrinkage=0.0321881


Tree=68
num_leaves=4
num_cat=0
split_feature=1 22 36
split_gain=303.394 180.298 273.251
threshold=3.9581134246353318 65.367946860137167 0.86415656182753497
decision_type=2 2 2
left_child=-1 -2 -3
right_child=1 2 -4
leaf_value=-0.027586464468752511 -0.029669286259900566 0.039993327660836887 0.0029282018966213792
leaf_weight=350.86666943295859 149.880908629857 229.64766938891262 2049.3662979137152
leaf_count=28225 4542 2519 19964
internal_value=0.000356911 0.004422 0.00669483
internal_weight=2779.76 2428.89 2279.01
internal_count=55250 27025 22483
is_linear=0
shrinkage=0.0321881


Tree=69
num_leaves=4
num_cat=2
split_feature=1 41 43
split_gain=291.278 206.484 140.081
threshold=10.987284886860582 0 1
decision_type=2 9 9
left_child=-1 -2 -3
right_child=1 2 -4
leaf_value=-0.020089281644465551 -0.00077001294320055524 -0.0215128605761713 0.026977424341889732
leaf_weight=598.65945846098475 1599.9057635795325 63.137375777587295 524.23245665617287
leaf_count=31939 18133 833 4400
internal_value=-0.000177594 0.00524472 0.0213793
internal_weight=2785.94 2187.28 587.37
internal_count=55305 23366 5233
cat_boundaries=0 1 2
cat_threshold=2368 4
is_linear=0
shrinkage=0.0321881


Tree=70
num_leaves=4
num_cat=2
split_feature=44 13 43
split_gain=281.932 173.813 163.237
threshold=0 38.38232888871439 1
decision_type=9 8 9
left_child=1 2 -1
right_child=-2 -3 -4
leaf_value=0.034188006021286743 -0.016229889967202749 -0.018304859514108422 0.0059145668288241478
leaf_weight=241.84596807695925 785.55487085366622 253.81015465361997 1486.1586269596592
leaf_count=1879 33908 4098 15483
internal_value=-1.20945e-05 0.0064348 0.0101447
internal_weight=2767.37 1981.81 1728
internal_count=55368 21460 17362
cat_boundaries=0 1 2
cat_threshold=71 16
is_linear=0
shrinkage=0.0321881


Tree=71
num_leaves=4
num_cat=2
split_feature=44 13 43
split_gain=274.043 165.087 164.5
threshold=0 38.38232888871439 1
decision_type=9 8 9
left_child=1 2 -1
right_child=-2 -3 -4
leaf_value=0.033195383819886452 -0.016643999559541118 -0.018179886134199401 0.0052986420476830842
leaf_weight=250.78944910317659 753.33134730183519 253.6032750881277 1514.4455979401246
leaf_count=1934 33654 4107 15665
internal_value=-0.00018623 0.00597752 0.00952001
internal_weight=2772.17 2018.84 1765.24
internal_count=55360 21706 17599
cat_boundaries=0 1 2
cat_threshold=8263 16
is_linear=0
shrinkage=0.0321881


Tree=72
num_leaves=4
num_cat=1
split_feature=1 41 22
split_gain=269.479 179.174 164.615
threshold=3.9581134246353318 0 860.02152159692434
decision_type=2 9 2
left_child=-1 -2 -3
right_child=1 2 -4
leaf_value=-0.027237278865183862 0.045674780547413175 0.00052272628069047569 0.051471326239188438
leaf_weight=326.64613603707403 91.802487811073661 2276.16483707726 67.525557309389114
leaf_count=28322 760 25894 527
internal_value=0.000180525 0.00388622 0.00201427
internal_weight=2762.14 2435.49 2343.69
internal_count=55503 27181 26421
cat_boundaries=0 1
cat_threshold=512
is_linear=0
shrinkage=0.0321881


Tree=73
num_leaves=4
num_cat=0
split_feature=1 21 5
split_gain=259.37 155.587 161.115
threshold=3.9581134246353318 144.45791244031582 3.2108432958407218
decision_type=2 2 2
left_child=-1 -2 -3
right_child=1 2 -4
leaf_value=-0.027465496083420388 -0.0061079293665822904 0.0051070471306295445 0.032840911483516061
leaf_weight=315.37426409474574 1003.5998447956517 1151.7667071847245 269.83112323284149
leaf_count=28075 14856 10129 2071
internal_value=0 0.00355452 0.0104206
internal_weight=2740.57 2425.2 1421.6
internal_count=55131 27056 12200
is_linear=0
shrinkage=0.0321881


Tree=74
num_leaves=4
num_cat=0
split_feature=1 22 36
split_gain=249.137 153.253 234.063
threshold=3.9581134246353318 62.249208595847101 0.86415656182753497
decision_type=2 2 2
left_child=-1 -2 -3
right_child=1 2 -4
leaf_value=-0.027089382730752131 -0.029010304377016793 0.035781575130960183 0.0021488689765154362
leaf_weight=306.6961815811228 139.19264913443476 239.90724777709693 2056.31123985257
leaf_count=28074 4409 2642 20050
internal_value=0.000214697 0.00368161 0.00569385
internal_weight=2742.11 2435.41 2296.22
internal_count=55175 27101 22692
is_linear=0
shrinkage=0.0321881


Tree=75
num_leaves=4
num_cat=2
split_feature=15 43 41
split_gain=240.462 167.738 158.589
threshold=1.2395408300066812 0 1
decision_type=10 9 9
left_child=1 2 -1
right_child=-2 -3 -4
leaf_value=0.020791225288832836 -0.027303290895793777 -0.015683828062574134 0.0012170330985217029
leaf_weight=608.58990658621769 295.23235259344801 387.58190262923017 1441.5646558224689
leaf_count=8456 20019 9625 17214
internal_value=9.61357e-05 0.00344292 0.00713299
internal_weight=2732.97 2437.74 2050.15
internal_count=55314 35295 25670
cat_boundaries=0 1 2
cat_threshold=81 538
is_linear=0
shrinkage=0.0321881


Tree=76
num_leaves=4
num_cat=2
split_feature=2 41 43
split_gain=231.355 145.131 153.307
threshold=8.7572422539571253 0 1
decision_type=2 9 9
left_child=-1 -2 -3
right_child=1 2 -4
leaf_value=-0.027739195194728433 0.03998893439203606 0.022863318276221584 -0.0017913213444540107
leaf_weight=282.62739992199931 95.124321709387004 288.62697462085634 2055.6133631630801
leaf_count=27692 803 2228 24544
internal_value=-0.000160542 0.00301103 0.00130336
internal_weight=2721.99 2439.36 2344.24
internal_count=55267 27575 26772
cat_boundaries=0 1 2
cat_threshold=512 16
is_linear=0
shrinkage=0.0321881


Tree=77
num_leaves=4
num_cat=2
split_feature=44 13 43
split_gain=243.664 162.293 128.233
threshold=0 38.294942746512014 1
decision_type=9 8 9
left_child=1 2 -1
right_child=-2 -3 -4
leaf_value=0.031727147808689404 -0.015204878682318769 -0.017611070916032211 0.006288053563886448
leaf_weight=234.36318482086062 729.88679843186401 251.14890408841893 1491.2639877246693
leaf_count=1856 33832 4173 15366
internal_value=0.000538485 0.00642915 0.0100041
internal_weight=2706.66 1976.78 1725.63
internal_count=55227 21395 17222
cat_boundaries=0 1 2
cat_threshold=71 16
is_linear=0
shrinkage=0.0321881


Tree=78
num_leaves=4
num_cat=1
split_feature=2 22 41
split_gain=225.367 164.799 134.755
threshold=9.168679877693501 793.05141413984541 0
decision_type=2 2 9
left_child=-1 2 -2
right_child=1 -3 -4
leaf_value=-0.027643615924449905 0.013576648243567521 0.044769357747949191 -0.0034424767725357974
leaf_weight=273.72163825808093 665.50945160118863 94.607237483374774 1665.1586865596473
leaf_count=27936 6613 789 19818
internal_value=5.9554e-06 0.0031552 0.00143428
internal_weight=2699 2425.28 2330.67
internal_count=55156 27220 26431
cat_boundaries=0 1
cat_threshold=538
is_linear=0
shrinkage=0.0321881


Tree=79
num_leaves=4
num_cat=2
split_feature=43 44 4
split_gain=230.377 161.371 152.839
threshold=0 1 1063.1529051797036
decision_type=9 9 2
left_child=1 2 -1
right_child=-2 -3 -4
leaf_value=0.0029531070866984136 -0.019164620637854856 -0.010020329956074337 0.023533967352642213
leaf_weight=1099.709178420715 489.26636483334005 544.84609766723588 573.178781509283
leaf_count=11651 19044 18870 5646
internal_value=0.000570473 0.00501842 0.00998541
internal_weight=2707 2217.73 1672.89
internal_count=55211 36167 17297
cat_boundaries=0 1 2
cat_threshold=81 131143
is_linear=0
shrinkage=0.0321881


Tree=80
num_leaves=4
num_cat=1
split_feature=44 22 36
split_gain=215.098 141.22 189.851
threshold=0 62.249208595847101 0.86415656182753497
decision_type=9 2 2
left_child=1 -1 -3
right_child=-2 2 -4
leaf_value=-0.028392080189250959 -0.021183817900485041 0.034035112740267284 0.0029661318482610425
leaf_weight=128.44773708842695 393.2763824564172 228.22844768688083 1958.9971162322909
leaf_count=4280 28995 2510 19496
internal_value=0.00048794 0.00427083 0.00624051
internal_weight=2708.95 2315.67 2187.23
internal_count=55281 26286 22006
cat_boundaries=0 1
cat_threshold=8927
is_linear=0
shrinkage=0.0321881


Tree=81
num_leaves=4
num_cat=1
split_feature=44 6 7
split_gain=205.048 162.957 138.11
threshold=0 110.86443063941785 18058.933980119033
decision_type=9 2 2
left_child=2 -2 -1
right_child=1 -3 -4
leaf_value=0.015498296723709467 -0.0093823563438650767 0.03251491579310329 -0.026142276647017765
leaf_weight=902.53529468085617 1593.9976702949498 101.56500141648576 89.573174860328436
leaf_count=8275 44098 1823 875
internal_value=0 -0.00679089 0.0115528
internal_weight=2687.67 1695.56 992.108
internal_count=55071 45921 9150
cat_boundaries=0 1
cat_threshold=70
is_linear=0
shrinkage=0.0321881


Tree=82
num_leaves=4
num_cat=0
split_feature=15 22 5
split_gain=207.532 160.428 139.965
threshold=1.2273056410985574 860.02152159692434 1.2765742026219604
decision_type=10 2 2
left_child=1 2 -1
right_child=-2 -3 -4
leaf_value=-0.0051520799081138432 -0.025540314404563051 0.05078816130115979 0.010773731216965914
leaf_weight=1297.2405446413904 289.08891023509204 71.42871482600458 1019.0250309195835
leaf_count=19427 20665 695 14380
internal_value=0.00018048 0.00332351 0.00182726
internal_weight=2676.78 2387.69 2316.27
internal_count=55167 34502 33807
is_linear=0
shrinkage=0.0321881


Tree=83
num_leaves=4
num_cat=1
split_feature=43 33 29
split_gain=200.489 141.799 214.211
threshold=0 0.38460323484912112 9.5060166813519817
decision_type=9 2 2
left_child=1 2 -1
right_child=-2 -3 -4
leaf_value=0.0036901484455117393 -0.018492949055000745 -0.032829909087040914 0.048997953341826966
leaf_weight=1989.6851601441158 474.41551484097727 100.48310359753668 114.52378969569691
leaf_count=30083 19075 4556 1471
internal_value=0.000236316 0.0043611 0.00619158
internal_weight=2679.11 2204.69 2104.21
internal_count=55185 36110 31554
cat_boundaries=0 1
cat_threshold=81
is_linear=0
shrinkage=0.0321881


Tree=84
num_leaves=4
num_cat=1
split_feature=44 2 5
split_gain=211.997 138.88 156.504
threshold=0 26.411321495617265 3.2108432958407218
decision_type=9 2 2
left_child=-1 -2 -3
right_child=1 2 -4
leaf_value=0.011551866819351782 -0.018851859898501008 -0.006582521993399224 0.023259606868066416
leaf_weight=999.43928054068238 645.02635767415632 806.23252835869789 234.90763732790947
leaf_count=9208 33712 10178 2314
internal_value=-0.000102875 -0.00707594 9.32174e-05
internal_weight=2685.61 1686.17 1041.14
internal_count=55412 46204 12492
cat_boundaries=0 1
cat_threshold=70
is_linear=0
shrinkage=0.0321881


Tree=85
num_leaves=4
num_cat=0
split_feature=15 40 33
split_gain=197.204 149.59 105.54
threshold=1.244211260235595 0.095405860666303147 0.38460323484912112
decision_type=10 2 2
left_child=1 2 -1
right_child=-2 -3 -4
leaf_value=0 -0.027096455701041498 0.015400218381745845 -0.033177547538736467
leaf_weight=1601.3997189449146 247.06954275933094 718.75139975838829 105.81378912460059
leaf_count=23206 19462 8296 4409
internal_value=0.000259045 0.00307366 -0.00208004
internal_weight=2673.03 2425.96 1707.21
internal_count=55373 35911 27615
is_linear=0
shrinkage=0.0321881


Tree=86
num_leaves=4
num_cat=2
split_feature=43 22 44
split_gain=185.049 138.411 138.317
threshold=0 860.02152159692434 1
decision_type=9 2 9
left_child=1 2 -1
right_child=-2 -3 -4
leaf_value=0.012907591708645793 -0.01789444720243764 0.048724448282871709 -0.0037703246291960636
leaf_weight=840.85295844636858 461.76020876388066 70.34916564123705 1290.6845941992942
leaf_count=8517 19054 706 26951
internal_value=0.000379173 0.00430351 0.0028225
internal_weight=2663.65 2201.89 2131.54
internal_count=55228 36174 35468
cat_boundaries=0 1 2
cat_threshold=81 131142
is_linear=0
shrinkage=0.0321881


Tree=87
num_leaves=4
num_cat=0
split_feature=15 22 29
split_gain=182.247 141.043 118.108
threshold=1.2395408300066812 62.249208595847101 9.5060166813519817
decision_type=10 2 2
left_child=1 -1 -3
right_child=-2 2 -4
leaf_value=-0.028362572138068334 -0.025831018264266595 0.0031109461994518355 0.033863470864720802
leaf_weight=138.592095435597 249.20710383926053 2135.6502455252921 138.26951309666038
leaf_count=6011 19931 27705 1756
internal_value=0.000334455 0.00306596 0.00501225
internal_weight=2661.72 2412.51 2273.92
internal_count=55403 35472 29461
is_linear=0
shrinkage=0.0321881


Tree=88
num_leaves=4
num_cat=2
split_feature=1 41 44
split_gain=182.204 178.232 120.779
threshold=10.987284886860582 0 1
decision_type=2 9 9
left_child=2 -2 -1
right_child=1 -3 -4
leaf_value=0.022958951669803024 -0.0012550295358118259 0.019514373452966579 -0.023193623315989714
leaf_weight=59.938170998357236 1574.7055043559521 575.51426400616765 428.97826134960633
leaf_count=630 18019 5177 31136
internal_value=0.000303815 0.00436081 -0.0174018
internal_weight=2639.14 2150.22 488.916
internal_count=54962 23196 31766
cat_boundaries=0 1 2
cat_threshold=2368 578
is_linear=0
shrinkage=0.0321881


Tree=89
num_leaves=4
num_cat=1
split_feature=43 22 22
split_gain=170.476 136.302 107.033
threshold=0 860.02152159692434 55.318045189355722
decision_type=9 2 2
left_child=1 2 -1
right_child=-2 -3 -4
leaf_value=-0.028489266740789356 -0.0176064224919045 0.046692987354649558 0.0040104224954333242
leaf_weight=110.21699721273035 456.34789509815164 74.158534516580403 2014.7757811631309
leaf_count=5694 19144 737 29602
internal_value=4.8749e-05 0.0038056 0.0022918
internal_weight=2655.5 2199.15 2124.99
internal_count=55177 36033 35296
cat_boundaries=0 1
cat_threshold=81
is_linear=0
shrinkage=0.0321881


Tree=90
num_leaves=4
num_cat=1
split_feature=2 21 41
split_gain=161.233 122.212 128.667
threshold=8.4175343964344567 98.81100023767543 0
decision_type=2 2 9
left_child=-1 -2 -3
right_child=1 2 -4
leaf_value=-0.026067849458459833 -0.0099189308717320228 0.0016669495613893274 0.021552827904194962
leaf_weight=223.38562067993917 609.49164135893807 1361.8885686988942 444.47943435143679
leaf_count=27430 10936 12866 3899
internal_value=5.56091e-05 0.00249983 0.00672609
internal_weight=2639.25 2415.86 1806.37
internal_count=55131 27701 16765
cat_boundaries=0 1
cat_threshold=2370
is_linear=0
shrinkage=0.0321881


Tree=91
num_leaves=4
num_cat=1
split_feature=43 33 36
split_gain=171.404 122.335 193.137
threshold=0 0.38460323484912112 0.86415656182753497
decision_type=9 2 2
left_child=1 2 -1
right_child=-2 -3 -4
leaf_value=0.032298621610197031 -0.017599121922956758 -0.032420450923540498 0.0020108439950536584
leaf_weight=247.98316576494835 450.25476502324454 90.791916754096746 1854.3125727642328
leaf_count=4609 19222 4606 26841
internal_value=0.000237268 0.00399178 0.00561707
internal_weight=2643.34 2193.09 2102.3
internal_count=55278 36056 31450
cat_boundaries=0 1
cat_threshold=81
is_linear=0
shrinkage=0.0321881


Tree=92
num_leaves=4
num_cat=0
split_feature=15 23 22
split_gain=167.63 143.602 115.798
threshold=1.2395408300066812 3.5107236669671398 860.02152159692434
decision_type=10 2 2
left_child=1 -1 -3
right_child=-2 2 -4
leaf_value=-0.011845392311096574 -0.026078246124526468 0.0051972218698441751 0.048268438311032016
leaf_weight=554.24927003565244 233.09234316006768 1793.7694071548758 67.361526995431632
leaf_count=11338 19907 23544 673
internal_value=-9.47597e-07 0.00249154 0.0067963
internal_weight=2648.47 2415.38 1861.13
internal_count=55462 35555 24217
is_linear=0
shrinkage=0.0321881


Tree=93
num_leaves=4
num_cat=2
split_feature=43 44 5
split_gain=163.582 121.423 159.135
threshold=0 1 1.3084273338524814
decision_type=9 9 2
left_child=1 -1 -3
right_child=-2 2 -4
leaf_value=0.013165799222545526 -0.017319731855000273 -0.012599685041227942 0.0098689550088612646
leaf_weight=880.24514095904306 439.81175229279324 708.48238232627045 603.54257740150206
leaf_count=8809 19194 16081 11184
internal_value=0.000339824 0.00397408 -0.00219871
internal_weight=2632.08 2192.27 1312.02
internal_count=55268 36074 27265
cat_boundaries=0 1 2
cat_threshold=81 132166
is_linear=0
shrinkage=0.0321881


Tree=94
num_leaves=4
num_cat=2
split_feature=1 41 43
split_gain=152.05 116.903 119.217
threshold=3.6183433622452545 0 1
decision_type=2 9 9
left_child=-1 -2 -3
right_child=1 2 -4
leaf_value=-0.025493232256985601 0.036440684345394478 0.020246205371672342 -0.001757517776344314
leaf_weight=219.08117175742518 90.637158018536866 281.19547647074796 2022.9504840343725
leaf_count=27426 755 2421 24476
internal_value=0.000133177 0.00250643 0.000977947
internal_weight=2613.86 2394.78 2304.15
internal_count=55078 27652 26897
cat_boundaries=0 1 2
cat_threshold=512 16
is_linear=0
shrinkage=0.0321881


Tree=95
num_leaves=4
num_cat=1
split_feature=21 5 43
split_gain=160.156 159.614 129.286
threshold=124.02509785557065 3.1722876020223687 0
decision_type=2 2 9
left_child=-1 2 -2
right_child=1 -3 -4
leaf_value=-0.01080822574670705 0.02764711786501944 0.026624807117622433 -0.0021954831466526941
leaf_weight=876.69354219781235 160.51234861207195 319.43395352642983 1241.5596065367572
leaf_count=24882 4093 4128 21967
internal_value=0.000362467 0.00608895 0.00136114
internal_weight=2598.2 1721.51 1402.07
internal_count=55070 30188 26060
cat_boundaries=0 1
cat_threshold=16
is_linear=0
shrinkage=0.0321881


Tree=96
num_leaves=4
num_cat=0
split_feature=15 22 6
split_gain=145.021 137.849 125.184
threshold=1.2466749933441899 860.02152159692434 69.23206413668639
decision_type=10 2 2
left_child=1 2 -1
right_child=-2 -3 -4
leaf_value=-0.0022952788301250191 -0.025988840869442961 0.04594157837859876 0.019888899042566927
leaf_weight=2023.8625524584204 209.06114564440213 71.383099630940706 302.56029635015875
leaf_count=31810 19190 719 3316
internal_value=-0.000271931 0.00194607 0.000564216
internal_weight=2606.87 2397.81 2326.42
internal_count=55035 35845 35126
is_linear=0
shrinkage=0.0321881


Tree=97
num_leaves=4
num_cat=0
split_feature=2 26 6
split_gain=148.283 129.25 93.7542
threshold=8.4175343964344567 0.088950666697966779 60.057814186282215
decision_type=2 2 2
left_child=-1 -2 -3
right_child=1 2 -4
leaf_value=-0.026246675512833113 -0.0051734940295008625 0.0054208611053347729 0.02879981679493367
leaf_weight=204.49204992991872 1196.733290609438 988.15236033312976 219.87490792199969
leaf_count=27648 15831 10129 1843
internal_value=2.58422e-05 0.00228881 0.00973363
internal_weight=2609.25 2404.76 1208.03
internal_count=55451 27803 11972
is_linear=0
shrinkage=0.0321881


Tree=98
num_leaves=4
num_cat=2
split_feature=44 7 41
split_gain=156.915 132.358 109.502
threshold=0 18058.933980119033 1
decision_type=9 2 9
left_child=1 -1 -2
right_child=2 -3 -4
leaf_value=0.013451377585841875 0.022722878859687354 -0.027535444307038862 -0.0088816487353958109
leaf_weight=912.45767206232995 112.64548576017842 88.534074505791068 1495.9660399170825
leaf_count=8355 1301 883 44930
internal_value=-0.000263993 0.00966048 -0.00649945
internal_weight=2609.6 1000.99 1608.61
internal_count=55469 9238 46231
cat_boundaries=0 1 2
cat_threshold=70 514
is_linear=0
shrinkage=0.0321881


Tree=99
num_leaves=4
num_cat=2
split_feature=1 41 44
split_gain=137.55 146.494 105.336
threshold=10.675588669793427 0 1
decision_type=2 9 9
left_child=2 -2 -1
right_child=1 -3 -4
leaf_value=0.024270396984751544 0.017069516453594141 -0.0016880280654057406 -0.02241988640708498
leaf_weight=49.441000973805785 580.1689247880131 1583.5245023658499 371.19231491175015
leaf_count=522 5245 18271 30996
internal_value=8.5408e-05 0.00338455 -0.0167261
internal_weight=2584.33 2163.69 420.633
internal_count=55034 23516 31518
cat_boundaries=0 1 2
cat_threshold=538 578
is_linear=0
shrinkage=0.0321881


Tree=100
num_leaves=4
num_cat=1
split_feature=44 5 22
split_gain=134.688 127.515 175.748
threshold=0 1.2765742026219604 177.96063546487025
decision_type=9 2 2
left_child=-1 -2 -3
right_child=1 2 -4
leaf_value=0.0087000243090511967 -0.015010089096968344 -0.022181608862082185 0.012582838444037917
leaf_weight=999.46831345092505 837.88833629956935 205.62759449612349 557.07140190294012
leaf_count=9176 26336 6793 13120
internal_value=-0.000494586 -0.00629133 0.0031227
internal_weight=2600.06 1600.59 762.699
internal_count=55425 46249 19913
cat_boundaries=0 1
cat_threshold=70
is_linear=0
shrinkage=0.0321881


Tree=101
num_leaves=4
num_cat=1
split_feature=43 33 36
split_gain=126.481 104.663 179.874
threshold=0 0.38460323484912112 0.86415656182753497
decision_type=9 2 2
left_child=1 2 -1
right_child=-2 -3 -4
leaf_value=0.03064077297409553 -0.015774027265646556 -0.032191240077748963 0.0012147886558456725
leaf_weight=244.30858453153633 424.19988983764779 82.317222744692117 1844.4641148595838
leaf_count=4574 19212 4450 26884
internal_value=6.16263e-05 0.00324411 0.00469011
internal_weight=2595.29 2171.09 2088.77
internal_count=55120 35908 31458
cat_boundaries=0 1
cat_threshold=81
is_linear=0
shrinkage=0.0321881


Tree=102
num_leaves=4
num_cat=2
split_feature=41 44 32
split_gain=125.711 122.72 125.108
threshold=0 1 -0.73251491726035567
decision_type=9 9 2
left_child=-1 2 -2
right_child=1 -3 -4
leaf_value=0.03384436461478426 0.020890988660672478 -0.0077790941186719155 -0.0024857194212831771
leaf_weight=95.225736376829445 393.58640077337623 1510.0860451008193 586.27610028069466
leaf_count=955 3286 45488 5730
internal_value=-0.000550888 -0.00202276 0.00677281
internal_weight=2585.17 2489.95 979.863
internal_count=55459 54504 9016
cat_boundaries=0 1 2
cat_threshold=512 70
is_linear=0
shrinkage=0.0321881


Tree=103
num_leaves=4
num_cat=0
split_feature=2 23 36
split_gain=126.553 106.533 113.647
threshold=7.7347990072961395 3.5107236669671398 0.86415656182753497
decision_type=2 2 2
left_child=-1 -2 -3
right_child=1 2 -4
leaf_value=-0.025514216293161425 -0.010429817312265421 0.033577397130518612 0.0035670886622822472
leaf_weight=182.87915382173378 530.17443402088247 142.28749115951359 1713.5554722556844
leaf_count=26800 8934 2076 17349
internal_value=0.000245607 0.00224903 0.00590629
internal_weight=2568.9 2386.02 1855.84
internal_count=55159 28359 19425
is_linear=0
shrinkage=0.0321881


Tree=104
num_leaves=4
num_cat=2
split_feature=13 43 41
split_gain=125.657 130.001 118.13
threshold=38.294942746512014 0 1
decision_type=10 9 9
left_child=1 -1 -3
right_child=-2 2 -4
leaf_value=0.023340850525316644 -0.017224708664083797 0.036273529435290594 -0.0017892822804913397
leaf_weight=271.7499071181519 374.7471910828026 78.250683282036334 1852.5683312112233
leaf_count=5018 17054 661 32386
internal_value=0 0.00293194 -3.07213e-05
internal_weight=2577.32 2202.57 1930.82
internal_count=55119 38065 33047
cat_boundaries=0 1 2
cat_threshold=16 512
is_linear=0
shrinkage=0.0321881


Tree=105
num_leaves=4
num_cat=0
split_feature=15 23 22
split_gain=123.329 111.491 96.3045
threshold=1.2395408300066812 3.5107236669671398 860.02152159692434
decision_type=10 2 2
left_child=1 -1 -3
right_child=-2 2 -4
leaf_value=-0.010675649083671936 -0.023636014194959819 0.0047078508507081432 0.044964369859016924
leaf_weight=522.07702123653144 204.2046829398023 1787.4352156227687 64.051023120991886
leaf_count=11182 19923 23628 664
internal_value=0.000323833 0.00241416 0.00614047
internal_weight=2577.77 2373.56 1851.49
internal_count=55397 35474 24292
is_linear=0
shrinkage=0.0321881


Tree=106
num_leaves=4
num_cat=0
split_feature=22 36 21
split_gain=124.841 163.343 148.667
threshold=62.249208595847101 0.86415656182753497 127.87512626026513
decision_type=2 2 2
left_child=-1 -2 -3
right_child=1 2 -4
leaf_value=-0.02979858670236029 0.025698699005006816 -0.014210258676743481 0.0034338534907918704
leaf_weight=140.54881869861856 255.82708824402653 545.45618253143039 1613.2402469214285
leaf_count=9697 4922 11979 28659
internal_value=-0.000314567 0.00137807 -0.00147717
internal_weight=2555.07 2414.52 2158.7
internal_count=55257 45560 40638
is_linear=0
shrinkage=0.0321881


Tree=107
num_leaves=4
num_cat=0
split_feature=22 36 28
split_gain=123.222 167.036 136.515
threshold=62.249208595847101 0.86415656182753497 0.50658429561466789
decision_type=2 2 2
left_child=-1 -2 -3
right_child=1 2 -4
leaf_value=-0.028635085930230651 0.026957918571215992 -0.012663476435330867 0.0049321582896312303
leaf_weight=138.69556453591213 258.69541127607226 655.21038948209025 1505.6766911229352
leaf_count=9682 4908 14287 26349
internal_value=0.000807266 0.00252392 -0.000374409
internal_weight=2558.28 2419.58 2160.89
internal_count=55226 45544 40636
is_linear=0
shrinkage=0.0321881


Tree=108
num_leaves=4
num_cat=1
split_feature=15 43 4
split_gain=120.69 109.249 107.177
threshold=1.2395408300066812 0 746.74958883512318
decision_type=10 9 2
left_child=1 2 -1
right_child=-2 -3 -4
leaf_value=-0.0037337724667966285 -0.024493233587313038 -0.00077386272470368589 0.035611288226530369
leaf_weight=112.90468662092462 194.46917379682418 2057.8978608291363 184.07112211652566
leaf_count=1575 19773 30767 3198
internal_value=-0.000114578 0.00187387 0.0197821
internal_weight=2549.34 2354.87 296.976
internal_count=55313 35540 4773
cat_boundaries=0 1
cat_threshold=16
is_linear=0
shrinkage=0.0321881


Tree=109
num_leaves=4
num_cat=1
split_feature=1 43 5
split_gain=122.814 119.739 99.9786
threshold=11.320451717568281 0 2.2599968823303187
decision_type=2 9 2
left_child=-1 -2 -3
right_child=1 2 -4
leaf_value=-0.015347771137000013 0.026244767466018303 -0.0035934130066733834 0.013167757033851863
leaf_weight=438.5240726612974 203.03716477192938 1408.0111091779545 498.61470610275865
leaf_count=32277 1575 16210 5321
internal_value=0.000120849 0.00336778 0.000753652
internal_weight=2548.19 2109.66 1906.63
internal_count=55383 23106 21531
cat_boundaries=0 1
cat_threshold=16
is_linear=0
shrinkage=0.0321881


Tree=110
num_leaves=4
num_cat=1
split_feature=22 44 5
split_gain=121.189 137.472 90.2625
threshold=860.02152159692434 0 1.2765742026219604
decision_type=2 9 2
left_child=1 2 -1
right_child=-2 -3 -4
leaf_value=-0.0041946836253871286 0.0417179889282095 -0.020554289099581364 0.0089857484713706439
leaf_weight=1168.2938969214447 70.232636121101677 316.72079149167985 993.27672531572171
leaf_count=14074 876 28992 11428
internal_value=7.12579e-05 -0.00108715 0.00182436
internal_weight=2548.52 2478.29 2161.57
internal_count=55370 54494 25502
cat_boundaries=0 1
cat_threshold=727
is_linear=0
shrinkage=0.0321881


Tree=111
num_leaves=4
num_cat=2
split_feature=44 3 43
split_gain=111.619 102.522 96.7026
threshold=0 98.96965728931373 1
decision_type=9 2 9
left_child=1 -1 -3
right_child=-2 2 -4
leaf_value=-0.01420276214504208 -0.017019705808120858 0.023863434692691737 0.002589617311266067
leaf_weight=316.25847658934072 333.27316801727284 249.01691507315263 1652.5723015516996
leaf_count=3559 29507 2636 19700
internal_value=3.4289e-05 0.00269183 0.00555068
internal_weight=2551.12 2217.85 1901.59
internal_count=55402 25895 22336
cat_boundaries=0 1 2
cat_threshold=719 16
is_linear=0
shrinkage=0.0321881


Tree=112
num_leaves=4
num_cat=1
split_feature=43 22 6
split_gain=109.806 98.5783 93.2786
threshold=0 860.02152159692434 110.86443063941785
decision_type=9 2 2
left_child=1 2 -1
right_child=-2 -3 -4
leaf_value=-0.00028945587416720009 -0.015170852035686343 0.041347061916369596 0.021543583775352176
leaf_weight=1890.4532667768653 399.83382986055221 67.259467037860304 167.68231967417523
leaf_count=33585 19206 706 1720
internal_value=5.99658e-05 0.00301375 0.00174011
internal_weight=2525.23 2125.4 2058.14
internal_count=55217 36011 35305
cat_boundaries=0 1
cat_threshold=81
is_linear=0
shrinkage=0.0321881


Tree=113
num_leaves=4
num_cat=1
split_feature=13 43 5
split_gain=108.088 121.457 101.829
threshold=38.38232888871439 0 2.2599968823303187
decision_type=10 9 2
left_child=1 -1 -3
right_child=-2 2 -4
leaf_value=0.022457726157349065 -0.01672873516131608 -0.0045776550043401818 0.012533883126904065
leaf_weight=269.84338173933793 344.51151859061792 1424.5895992586156 481.8565618339926
leaf_count=5059 16918 25748 7551
internal_value=0 0.00266944 -0.000217129
internal_weight=2520.8 2176.29 1906.45
internal_count=55276 38358 33299
cat_boundaries=0 1
cat_threshold=16
is_linear=0
shrinkage=0.0321881


Tree=114
num_leaves=4
num_cat=0
split_feature=22 36 21
split_gain=110.457 156.784 133.384
threshold=55.318045189355722 0.86415656182753497 120.09926084060132
decision_type=2 2 2
left_child=-1 -2 -3
right_child=1 2 -4
leaf_value=-0.029519759144573891 0.024446167179787457 -0.014033552340893467 0.0028428428244595175
leaf_weight=125.2741196625866 272.49947269528639 469.65504857408814 1664.05795591895
leaf_count=9440 5296 10826 29989
internal_value=-5.75197e-05 0.00145265 -0.00145642
internal_weight=2531.49 2406.21 2133.71
internal_count=55551 46111 40815
is_linear=0
shrinkage=0.0321881


Tree=115
num_leaves=4
num_cat=1
split_feature=22 44 3
split_gain=102.154 99.4561 85.8671
threshold=860.02152159692434 0 98.96965728931373
decision_type=2 9 2
left_child=1 2 -1
right_child=-2 -3 -4
leaf_value=-0.014762620392260331 0.037627216074116877 -0.018561778746262535 0.0036225118535830611
leaf_weight=306.56323940935545 70.939592791255563 298.76296646543778 1833.8174917171709
leaf_count=3514 891 28894 21814
internal_value=-0.000350159 -0.00148434 0.000953687
internal_weight=2510.08 2439.14 2140.38
internal_count=55113 54222 25328
cat_boundaries=0 1
cat_threshold=735
is_linear=0
shrinkage=0.0321881


Tree=116
num_leaves=4
num_cat=1
split_feature=43 33 36
split_gain=108.978 86.7057 175.257
threshold=0 0.38460323484912112 0.86415656182753497
decision_type=9 2 2
left_child=1 2 -1
right_child=-2 -3 -4
leaf_value=0.029127913582205893 -0.015607645211363602 -0.031577634330879775 0.00028877792516743603
leaf_weight=248.93734003754798 397.53824540600181 73.762927770148963 1802.2296953949844
leaf_count=4550 19324 4567 26942
internal_value=-0.000340515 0.00254861 0.00382281
internal_weight=2522.47 2124.93 2051.17
internal_count=55383 36059 31492
cat_boundaries=0 1
cat_threshold=81
is_linear=0
shrinkage=0.0321881


Tree=117
num_leaves=4
num_cat=0
split_feature=33 29 23
split_gain=100.835 127.878 109.434
threshold=0.38460323484912112 9.6164141444641675 3.5107236669671398
decision_type=2 2 2
left_child=1 2 -1
right_child=-2 -3 -4
leaf_value=-0.01609947083697421 -0.032677167582308778 0.032958705955475454 0.0025648835268981458
leaf_weight=392.62140361347701 95.045005332445726 123.5127775950823 1889.5149104404263
leaf_count=9638 7263 1871 36144
internal_value=-0.000179549 0.00108102 -0.000619585
internal_weight=2500.69 2405.65 2282.14
internal_count=54916 47653 45782
is_linear=0
shrinkage=0.0321881


Tree=118
num_leaves=4
num_cat=1
split_feature=21 6 43
split_gain=101.106 104.281 97.2944
threshold=129.17627522134018 82.207284832975333 0
decision_type=2 2 9
left_child=-1 2 -2
right_child=1 -3 -4
leaf_value=-0.0089720391719871253 0.023859056878438877 0.025611021702336128 -0.001655285932114176
leaf_weight=871.89479894388933 165.70711867255159 212.8364975261502 1266.5138168868143
leaf_count=25828 4487 2392 22496
internal_value=-8.72424e-05 0.00458368 0.00141071
internal_weight=2516.95 1645.06 1432.22
internal_count=55203 29375 26983
cat_boundaries=0 1
cat_threshold=48
is_linear=0
shrinkage=0.0321881


Tree=119
num_leaves=4
num_cat=0
split_feature=24 36 21
split_gain=100.35 175.613 105.511
threshold=34.520388904663783 0.86415656182753497 127.87512626026513
decision_type=2 2 2
left_child=-1 -2 -3
right_child=1 2 -4
leaf_value=-0.020795839620019914 0.029668912429152598 -0.0094498877597352232 0.0032748534849771347
leaf_weight=221.22346467268653 213.70657547004521 477.45971981342882 1593.3520289623411
leaf_count=11892 3665 11003 28704
internal_value=-8.36877e-05 0.00189606 -0.00094239
internal_weight=2505.74 2284.52 2070.81
internal_count=55264 43372 39707
is_linear=0
shrinkage=0.0321881


Tree=120
num_leaves=4
num_cat=0
split_feature=15 23 22
split_gain=107.8 97.7621 79.0293
threshold=1.244211260235595 3.5107236669671398 860.02152159692434
decision_type=10 2 2
left_child=1 -1 -3
right_child=-2 2 -4
leaf_value=-0.010735464751881267 -0.024554969769032643 0.0039938197563712486 0.041308540123749495
leaf_weight=501.68607691326179 172.21890255261678 1778.1835849010386 61.099215368274599
leaf_count=11264 19381 24017 659
internal_value=0 0.00181446 0.00527317
internal_weight=2513.19 2340.97 1839.28
internal_count=55321 35940 24676
is_linear=0
shrinkage=0.0321881


Tree=121
num_leaves=4
num_cat=0
split_feature=15 33 29
split_gain=100.379 88.9252 108.082
threshold=1.2395408300066812 0.38460323484912112 9.5060166813519817
decision_type=10 2 2
left_child=1 2 -1
right_child=-2 -3 -4
leaf_value=0.0010549497551217125 -0.023186572342897005 -0.032158472875134805 0.031062559697248797
leaf_weight=2117.1750033106655 181.38120369054377 77.343165936879814 132.33874994609505
leaf_count=29537 19944 4438 1480
internal_value=-0.000115753 0.00165745 0.00285169
internal_weight=2508.24 2326.86 2249.51
internal_count=55399 35455 31017
is_linear=0
shrinkage=0.0321881


Tree=122
num_leaves=4
num_cat=0
split_feature=33 29 21
split_gain=89.4792 118.536 98.7455
threshold=0.38460323484912112 9.6164141444641675 127.87512626026513
decision_type=2 2 2
left_child=1 2 -1
right_child=-2 -3 -4
leaf_value=-0.010974010743477558 -0.031762531848795343 0.031701264241299397 0.0037941258234176554
leaf_weight=659.9228316770168 88.284607422538102 124.87692812271416 1617.2386974071851
leaf_count=16901 7288 1871 29172
internal_value=0 0.00118994 -0.000458418
internal_weight=2490.32 2402.04 2277.16
internal_count=55232 47944 46073
is_linear=0
shrinkage=0.0321881


Tree=123
num_leaves=4
num_cat=1
split_feature=44 7 5
split_gain=103.874 136.793 102.139
threshold=0 18058.933980119033 1.3084273338524814
decision_type=9 2 2
left_child=1 -1 -2
right_child=2 -3 -4
leaf_value=0.011585109925862281 -0.01370784907976531 -0.030299810433808676 0.0030800956672417091
leaf_weight=905.81657900242135 782.56059131713118 87.781814542599022 712.03835858637467
leaf_count=8356 26233 897 19591
internal_value=-0.000258445 0.00773641 -0.00563045
internal_weight=2488.2 993.598 1494.6
internal_count=55077 9253 45824
cat_boundaries=0 1
cat_threshold=70
is_linear=0
shrinkage=0.0321881


Tree=124
num_leaves=4
num_cat=2
split_feature=41 32 44
split_gain=91.8029 94.9152 103.078
threshold=0 -0.73251491726035567 1
decision_type=9 2 9
left_child=-1 2 -2
right_child=1 -3 -4
leaf_value=0.029826920021263813 0.018827984198418659 -0.0063933759463688303 -0.0029010607268467768
leaf_weight=91.377052390947938 397.17863411922008 1496.7637917220127 499.00704899895936
leaf_count=929 3312 37172 13687
internal_value=-0.000113861 -0.00140539 0.00683804
internal_weight=2484.33 2392.95 896.186
internal_count=55100 54171 16999
cat_boundaries=0 1 2
cat_threshold=512 8258
is_linear=0
shrinkage=0.0321881


Tree=125
num_leaves=4
num_cat=1
split_feature=44 13 21
split_gain=101.051 88.9705 85.4411
threshold=0 39.075385928848981 120.09926084060132
decision_type=9 8 2
left_child=1 -1 -2
right_child=2 -3 -4
leaf_value=0.0060366432156073327 -0.032684158399705364 -0.018235254547203931 -0.0042377332332766103
leaf_weight=1730.0806917562149 148.70030898111872 170.79368672147393 439.32884564541746
leaf_count=18006 13874 3414 19851
internal_value=0.000162623 0.00380032 -0.0113567
internal_weight=2488.9 1900.87 588.029
internal_count=55145 21420 33725
cat_boundaries=0 1
cat_threshold=71
is_linear=0
shrinkage=0.0321881


Tree=126
num_leaves=4
num_cat=0
split_feature=2 26 33
split_gain=89.2844 79.2883 78.8268
threshold=9.168679877693501 0.091810524880570524 -0.74096160492246621
decision_type=2 2 2
left_child=-1 -2 -3
right_child=1 2 -4
leaf_value=-0.023743970318253812 -0.0046182951284210929 0.0013200627753011604 0.016726468454256335
leaf_weight=156.31618171825539 1147.9202589839697 658.54778257291764 517.96918844664469
leaf_count=27820 15658 6567 5184
internal_value=-0.000192805 0.00136585 0.00725842
internal_weight=2480.75 2324.44 1176.52
internal_count=55229 27409 11751
is_linear=0
shrinkage=0.0321881


Tree=127
num_leaves=4
num_cat=0
split_feature=22 6 4
split_gain=88.668 86.7197 110.176
threshold=860.02152159692434 61.476936145977348 1158.9696261062411
decision_type=2 2 2
left_child=1 2 -1
right_child=-2 -3 -4
leaf_value=-0.0088280470745626966 0.036219505462170273 0.013517254224436965 0.0070145161267083931
leaf_weight=1382.4804579570191 67.825849722139537 359.16759295447264 673.44784856133629
leaf_count=31732 886 5718 16915
internal_value=0 -0.00103322 -0.00360741
internal_weight=2482.92 2415.1 2055.93
internal_count=55251 54365 48647
is_linear=0
shrinkage=0.0321881


Tree=128
num_leaves=4
num_cat=1
split_feature=43 26 36
split_gain=93.2226 75.0437 63.9919
threshold=0 0.10104536762370116 0.86415656182753497
decision_type=9 2 2
left_child=1 -1 -3
right_child=-2 2 -4
leaf_value=-0.003518546271863608 -0.014642493870235508 0.037329393685747225 0.0063374252237776837
leaf_weight=1045.5115076320944 376.31530875107273 75.32311844592914 985.83110062312335
leaf_count=20386 19215 1181 14496
internal_value=-8.30235e-05 0.00254628 0.00860516
internal_weight=2482.98 2106.67 1061.15
internal_count=55278 36063 15677
cat_boundaries=0 1
cat_threshold=81
is_linear=0
shrinkage=0.0321881


Tree=129
num_leaves=4
num_cat=0
split_feature=15 22 5
split_gain=90.4469 82.4807 76.6667
threshold=1.2487495563358124 860.02152159692434 1.2765742026219604
decision_type=10 2 2
left_child=1 2 -1
right_child=-2 -3 -4
leaf_value=-0.0046896932632017156 -0.023911100064572009 0.038548155750206675 0.0071798858582747625
leaf_weight=1254.3376712371828 152.80236953415442 60.881792698521167 1021.8792259828188
leaf_count=20472 19034 686 15311
internal_value=3.53758e-05 0.00163054 0.00061122
internal_weight=2489.9 2337.1 2276.22
internal_count=55503 36469 35783
is_linear=0
shrinkage=0.0321881


Tree=130
num_leaves=4
num_cat=2
split_feature=22 44 43
split_gain=87.0441 86.4344 75.7499
threshold=822.56184750805403 0 1
decision_type=2 9 9
left_child=1 -1 -3
right_child=-2 2 -4
leaf_value=-0.018991794345698629 0.033634853437311665 0.016288304008253138 -0.0012413987131848351
leaf_weight=239.59021400043275 77.108832869911566 258.96554625418503 1896.834358049091
leaf_count=25085 1102 3275 25816
internal_value=1.07565e-06 -0.00105825 0.000990663
internal_weight=2472.5 2395.39 2155.8
internal_count=55278 54176 29091
cat_boundaries=0 1 2
cat_threshold=1863936 16
is_linear=0
shrinkage=0.0321881


Tree=131
num_leaves=4
num_cat=0
split_feature=22 36 36
split_gain=83.0782 104.735 111.781
threshold=55.318045189355722 0.86415656182753497 0.1178144771612759
decision_type=2 2 2
left_child=-1 2 -2
right_child=1 -3 -4
leaf_value=-0.02860635087638945 0.010332900157679332 -0.0018175265010093792 0.068505700182674628
leaf_weight=105.17112743272446 228.22915058000945 2093.2897875903873 41.064687995705754
leaf_count=9406 4861 40716 395
internal_value=-0.000634756 0.000586196 0.0194924
internal_weight=2467.75 2362.58 269.294
internal_count=55378 45972 5256
is_linear=0
shrinkage=0.0321881


Tree=132
num_leaves=4
num_cat=0
split_feature=24 36 28
split_gain=87.1907 130.948 103.933
threshold=27.953641660685477 0.86415656182753497 0.50658429561466789
decision_type=2 2 2
left_child=-1 -2 -3
right_child=1 2 -4
leaf_value=-0.022704325097513141 0.024418345302680288 -0.010476891561723769 0.0038242859633669519
leaf_weight=161.38825593004003 236.80967356148176 603.80094707955141 1461.9369057170115
leaf_count=10735 4281 13825 26410
internal_value=0.000120866 0.00175054 -0.000819697
internal_weight=2463.94 2302.55 2065.74
internal_count=55251 44516 40235
is_linear=0
shrinkage=0.0321881


Tree=133
num_leaves=4
num_cat=0
split_feature=33 29 28
split_gain=79.2308 113.601 99.7745
threshold=0.35698637873780809 9.5060166813519817 0.42377081272157535
decision_type=2 2 2
left_child=1 2 -1
right_child=-2 -3 -4
leaf_value=-0.012152947043167037 -0.030876078529380707 0.028772545829533754 0.0031324560214999468
leaf_weight=604.15444457542617 84.520114351529628 141.27317697741091 1643.69162999338
leaf_count=15873 7505 2046 30038
internal_value=-0.000273768 0.000785151 -0.000948323
internal_weight=2473.64 2389.12 2247.85
internal_count=55462 47957 45911
is_linear=0
shrinkage=0.0321881


Tree=134
num_leaves=4
num_cat=2
split_feature=41 44 32
split_gain=88.4439 88.4759 76.3466
threshold=0 1 -0.73251491726035567
decision_type=9 9 2
left_child=-1 -2 -3
right_child=1 2 -4
leaf_value=0.029589454156970327 -0.019479280522828595 0.0086715559893346238 -0.0039143661746148441
leaf_weight=90.153438369277865 237.29132987605408 804.67157435021363 1310.4344814204378
leaf_count=924 25334 9432 19527
internal_value=0 -0.00125805 0.000840179
internal_weight=2442.55 2352.4 2115.11
internal_count=55217 54293 28959
cat_boundaries=0 1 2
cat_threshold=512 1863936
is_linear=0
shrinkage=0.0321881


Tree=135
num_leaves=4
num_cat=0
split_feature=33 36 32
split_gain=82.3351 102.285 144.837
threshold=0.35698637873780809 0.86415656182753497 0.56476636605733566
decision_type=2 2 2
left_child=1 2 -1
right_child=-2 -3 -4
leaf_value=0.036890279120932443 -0.031291945854655397 -0.0013863285370456981 -0.010866866762889454
leaf_weight=177.92389003257267 84.368126850575209 2101.5343790467596 101.47988449060358
leaf_count=2391 7625 41180 4294
internal_value=-6.4017e-05 0.00101879 0.0193225
internal_weight=2465.31 2380.94 279.404
internal_count=55490 47865 6685
is_linear=0
shrinkage=0.0321881


Tree=136
num_leaves=4
num_cat=1
split_feature=44 10 21
split_gain=85.3048 97.7452 96.7134
threshold=0 10907.782400402781 116.1639089445019
decision_type=9 2 2
left_child=-1 2 -2
right_child=1 -3 -4
leaf_value=0.0035742605610417596 -0.032532515588949339 -0.028278124882501296 0.0082610461834410828
leaf_weight=1883.7134177866392 76.442138705868274 208.25073246343527 279.4701146207517
leaf_count=21389 7466 14941 11513
internal_value=0.000255808 -0.0105841 -0.000337492
internal_weight=2447.88 564.163 355.912
internal_count=55309 33920 18979
cat_boundaries=0 1
cat_threshold=71
is_linear=0
shrinkage=0.0321881


Tree=137
num_leaves=4
num_cat=0
split_feature=33 29 23
split_gain=79.8879 81.8589 93.7339
threshold=0.35698637873780809 9.4264982496910488 5.7961398612580526
decision_type=2 2 2
left_child=1 2 -1
right_child=-2 -3 -4
leaf_value=-0.013487559194775373 -0.031429635466406862 0.023717306132999025 0.0028951669351426367
leaf_weight=454.60905443807133 80.543245534412563 155.08339253999293 1764.2634627571097
leaf_count=11634 7585 2234 34130
internal_value=2.23874e-05 0.00111935 -0.000433753
internal_weight=2454.5 2373.96 2218.87
internal_count=55583 47998 45764
is_linear=0
shrinkage=0.0321881


Tree=138
num_leaves=4
num_cat=2
split_feature=41 44 7
split_gain=77.1511 85.8329 105.938
threshold=0 1 18058.933980119033
decision_type=9 9 2
left_child=-1 2 -2
right_child=1 -3 -4
leaf_value=0.027499120907810485 0.009421843026414075 -0.0065131793066125401 -0.027997833913952167
leaf_weight=89.48341490374878 870.78367598028854 1389.1381658661412 85.245422300882638
leaf_count=932 8081 45447 895
internal_value=-0.000203363 -0.00140149 0.00595033
internal_weight=2434.65 2345.17 956.029
internal_count=55355 54423 8976
cat_boundaries=0 1 2
cat_threshold=512 70
is_linear=0
shrinkage=0.0321881


Tree=139
num_leaves=4
num_cat=1
split_feature=13 41 1
split_gain=71.3881 89.9736 83.2276
threshold=36.997541478182292 0 11.940090514973893
decision_type=10 9 2
left_child=1 2 -1
right_child=-2 -3 -4
leaf_value=-0.0080541234069218641 -0.01158101223058061 -0.0015533736769266847 0.023167293905609301
leaf_weight=116.38881737843622 483.11100768425968 1503.7830287452089 335.37821400538087
leaf_count=7954 20085 24116 3145
internal_value=-0.000482683 0.00222762 0.0146585
internal_weight=2438.66 1955.55 451.767
internal_count=55300 35215 11099
cat_boundaries=0 1
cat_threshold=520
is_linear=0
shrinkage=0.0321881


Tree=140
num_leaves=4
num_cat=1
split_feature=15 43 4
split_gain=75.8982 76.7915 89.3949
threshold=1.2487495563358124 0 642.47440749822238
decision_type=10 9 2
left_child=1 2 -1
right_child=-2 -3 -4
leaf_value=-0.0075121235965259015 -0.022768040857450676 -0.00081915803684693474 0.030487246015511674
leaf_weight=94.227785325376317 142.96603011433035 2011.4738182486035 185.72358434752095
leaf_count=1334 19128 31391 3527
internal_value=-8.40027e-06 0.00138603 0.0168721
internal_weight=2434.39 2291.43 279.951
internal_count=55380 36252 4861
cat_boundaries=0 1
cat_threshold=16
is_linear=0
shrinkage=0.0321881


Tree=141
num_leaves=4
num_cat=0
split_feature=22 32 28
split_gain=78.087 74.4285 90.0559
threshold=860.02152159692434 -0.83020251942004497 0.16985139505363556
decision_type=2 2 2
left_child=1 -1 -3
right_child=-2 2 -4
leaf_value=0.0078646757534247408 0.034302386194442189 -0.024159203410464458 -0.001743833005096214
leaf_weight=694.69903250900097 66.697070644237101 214.19338129833341 1454.7391048639547
leaf_count=13189 889 12314 28858
internal_value=0 -0.000952784 -0.00466184
internal_weight=2430.33 2363.63 1668.93
internal_count=55250 54361 41172
is_linear=0
shrinkage=0.0321881


Tree=142
num_leaves=4
num_cat=2
split_feature=13 43 41
split_gain=74.8967 91.6947 70.2818
threshold=37.472401709211788 0 1
decision_type=10 9 9
left_child=1 -1 -3
right_child=-2 2 -4
leaf_value=0.020949138687305961 -0.012480018651776998 0.029029509233068483 -0.0014886420061446337
leaf_weight=234.77970485936385 417.60344806697685 71.724232654320076 1682.4119538551895
leaf_count=4800 19032 621 30780
internal_value=-6.58685e-05 0.00250983 -4.35064e-05
internal_weight=2406.52 1988.92 1754.14
internal_count=55233 36201 31401
cat_boundaries=0 1 2
cat_threshold=16 512
is_linear=0
shrinkage=0.0321881


Tree=143
num_leaves=4
num_cat=1
split_feature=44 7 5
split_gain=74.4743 98.8473 89.5136
threshold=0 18058.933980119033 1.2547486284163036
decision_type=9 2 2
left_child=1 -1 -2
right_child=2 -3 -4
leaf_value=0.010209422685668769 -0.012385446270275081 -0.026472117874065282 0.0035570878319302873
leaf_weight=900.98052158206701 732.23137595877051 82.10635154414922 718.11880641849712
leaf_count=8312 26043 871 20121
internal_value=0.000181093 0.00700418 -0.00441809
internal_weight=2433.44 983.087 1450.35
internal_count=55347 9183 46164
cat_boundaries=0 1
cat_threshold=70
is_linear=0
shrinkage=0.0321881


Tree=144
num_leaves=4
num_cat=1
split_feature=1 41 1
split_gain=69.5665 62.4644 88.6454
threshold=3.9581134246353318 0 16.303397347494364
decision_type=2 9 2
left_child=-1 -2 -3
right_child=1 2 -4
leaf_value=-0.021662667018206492 -0.0022374315670490117 -0.00469301514195222 0.019673948849892965
leaf_weight=148.14537857542746 1626.0810100324452 255.73184361262247 377.7780541703105
leaf_count=28209 20100 3314 3630
internal_value=-0.00029212 0.00108293 0.00958776
internal_weight=2407.74 2259.59 633.51
internal_count=55253 27044 6944
cat_boundaries=0 1
cat_threshold=3392
is_linear=0
shrinkage=0.0321881


Tree=145
num_leaves=4
num_cat=0
split_feature=33 36 32
split_gain=74.9141 88.123 123.675
threshold=0.38460323484912112 0.86415656182753497 0.56476636605733566
decision_type=2 2 2
left_child=1 2 -1
right_child=-2 -3 -4
leaf_value=0.034171169000031129 -0.032061901965792741 -0.00092326821204960616 -0.0098390564698573046
leaf_weight=181.39357151510194 71.418437727726996 2083.5085534660611 100.96896463935263
leaf_count=2488 7390 41370 4378
internal_value=0.00032755 0.00133532 0.0182133
internal_weight=2437.29 2365.87 282.363
internal_count=55626 48236 6866
is_linear=0
shrinkage=0.0321881


Tree=146
num_leaves=4
num_cat=0
split_feature=32 22 36
split_gain=71.985 91.5512 95.3658
threshold=-0.73251491726035567 270.14659040591351 0.86415656182753497
decision_type=2 2 2
left_child=1 -1 -3
right_child=-2 2 -4
leaf_value=-0.0096744140233130643 -0.0045950936026364778 0.04885597346445205 0.0088461373058949487
leaf_weight=246.01277824724093 1496.1654279167997 70.101271722931415 585.62101551610976
leaf_count=5514 37949 963 10759
internal_value=-0.000240067 0.00691452 0.0132367
internal_weight=2397.9 901.735 655.722
internal_count=55185 17236 11722
is_linear=0
shrinkage=0.0321881


Tree=147
num_leaves=4
num_cat=1
split_feature=43 21 4
split_gain=71.2854 62.0443 73.2498
threshold=0 269.59631354446009 1055.089479042525
decision_type=9 2 2
left_child=1 2 -1
right_child=-2 -3 -4
leaf_value=-0.0061553024600704111 -0.013693938474338065 0.012712025273970711 0.0059033576188648193
leaf_weight=1047.2387617325876 343.29625598411076 437.75570713065099 584.65110919787548
leaf_count=17632 18790 6369 12455
internal_value=-0.000311236 0.00193593 -0.00090531
internal_weight=2412.94 2069.65 1631.89
internal_count=55246 36456 30087
cat_boundaries=0 1
cat_threshold=113
is_linear=0
shrinkage=0.0321881


Tree=148
num_leaves=4
num_cat=1
split_feature=1 44 7
split_gain=72.7517 84.7125 80.6573
threshold=10.987284886860582 0 18058.933980119033
decision_type=2 9 2
left_child=1 -1 -2
right_child=2 -3 -4
leaf_value=0.02077839281239641 0.003796439780357241 -0.020142509182403342 -0.025923486394134693
leaf_weight=54.657053668051958 1949.9279593541287 295.42680639901664 98.826001953333616
leaf_count=603 22159 31351 1182
internal_value=0 -0.013544 0.00232892
internal_weight=2398.84 350.084 2048.75
internal_count=55295 31954 23341
cat_boundaries=0 1
cat_threshold=578
is_linear=0
shrinkage=0.0321881


Tree=149
num_leaves=4
num_cat=0
split_feature=33 29 23
split_gain=65.0564 80.899 77.2203
threshold=0.38460323484912112 9.5060166813519817 3.6404526854931816
decision_type=2 2 2
left_child=1 2 -1
right_child=-2 -3 -4
leaf_value=-0.014227064525227026 -0.031370876632016702 0.023953826611764626 0.0019171850512313862
leaf_weight=368.39675651432481 66.963863647193648 145.84621810656972 1821.0468762042001
leaf_count=9884 7333 2085 35712
internal_value=-0.000124055 0.00074776 -0.000771411
internal_weight=2402.25 2335.29 2189.44
internal_count=55014 47681 45596
is_linear=0
shrinkage=0.0321881


Tree=150
num_leaves=4
num_cat=1
split_feature=13 43 4
split_gain=69.1671 80.0089 66.4393
threshold=38.38232888871439 0 669.82989630635382
decision_type=10 9 2
left_child=1 2 -1
right_child=-2 -3 -4
leaf_value=-0.0034581673506514374 -0.014474824876840152 -0.00031526989096270576 0.031333060554568873
leaf_weight=81.834067659103312 302.10401011724025 1859.6895118842367 165.34892199817114
leaf_count=1344 16711 33551 3709
internal_value=-5.19092e-05 0.00198736 0.0188051
internal_weight=2408.98 2106.87 247.183
internal_count=55315 38604 5053
cat_boundaries=0 1
cat_threshold=16
is_linear=0
shrinkage=0.0321881


Tree=151
num_leaves=4
num_cat=0
split_feature=14 5 3
split_gain=75.2428 82.635 80.5046
threshold=281.0811329800776 3.0095168298742618 91.155056852088379
decision_type=8 2 2
left_child=1 -1 -2
right_child=2 -3 -4
leaf_value=-0.012600085789311835 -0.015301480511431681 0.010867061153671701 0.0074107720794530695
leaf_weight=682.42209832830122 182.57517687301151 198.29926654300652 1318.9023991329595
leaf_count=30114 2317 5829 16792
internal_value=0.00019761 -0.00724253 0.00460464
internal_weight=2382.2 880.721 1501.48
internal_count=55052 35943 19109
is_linear=0
shrinkage=0.0321881


Tree=152
num_leaves=4
num_cat=0
split_feature=23 14 5
split_gain=65.7007 65.0291 64.8836
threshold=2.178957161276089 281.0811329800776 3.1722876020223687
decision_type=2 8 2
left_child=-1 2 -2
right_child=1 -3 -4
leaf_value=-0.011775787781275297 -0.0046469425893212639 0.0069643625699100774 0.016939694346143504
leaf_weight=402.29357296461239 592.87472979555605 1254.1645705067785 143.05052348412573
leaf_count=14506 23418 14188 3202
internal_value=5.68371e-05 0.0024819 -0.00464694
internal_weight=2392.38 1990.09 735.925
internal_count=55314 40808 26620
is_linear=0
shrinkage=0.0321881


Tree=153
num_leaves=4
num_cat=1
split_feature=43 22 4
split_gain=66.0085 63.2688 64.3935
threshold=0 793.05141413984541 1158.9696261062411
decision_type=9 2 2
left_child=1 2 -1
right_child=-2 -3 -4
leaf_value=-0.0030197524246923938 -0.012934477095965978 0.029914545584655106 0.0095845112690406114
leaf_weight=1341.9246208104305 346.61002627864946 81.115850148722529 609.42329939221963
leaf_count=22239 19220 1024 12727
internal_value=-0.000137856 0.00206782 0.00088472
internal_weight=2379.07 2032.46 1951.35
internal_count=55210 35990 34966
cat_boundaries=0 1
cat_threshold=81
is_linear=0
shrinkage=0.0321881


Tree=154
num_leaves=4
num_cat=0
split_feature=6 22 7
split_gain=66.7796 88.1967 72.0094
threshold=102.63152803216244 313.81848825839944 18058.933980119033
decision_type=2 2 2
left_child=2 -2 -1
right_child=1 -3 -4
leaf_value=-0.00070205375951531241 -0.018271312557581621 0.029970764744410898 -0.032835827732934142
leaf_weight=2113.9077598204021 51.06747959763743 151.34109608805738 74.814345608232543
leaf_count=51070 966 1832 1355
internal_value=-0.000170111 0.0174779 -0.00183298
internal_weight=2391.13 202.409 2188.72
internal_count=55223 2798 52425
is_linear=0
shrinkage=0.0321881


Tree=155
num_leaves=4
num_cat=1
split_feature=2 41 30
split_gain=60.8129 56.3688 57.1267
threshold=7.7347990072961395 0 0.70782043976016518
decision_type=2 9 2
left_child=-1 -2 -3
right_child=1 2 -4
leaf_value=-0.022230299260907992 0.024859986958585781 0.0030661087844791233 -0.0087367143107187264
leaf_weight=122.78867487236857 87.938197953393683 1594.0141030399827 578.89693749975413
leaf_count=26758 798 20471 7188
internal_value=-0.000168696 0.00100352 -4.9418e-05
internal_weight=2383.64 2260.85 2172.91
internal_count=55215 28457 27659
cat_boundaries=0 1
cat_threshold=512
is_linear=0
shrinkage=0.0321881


Tree=156
num_leaves=4
num_cat=2
split_feature=1 41 44
split_gain=61.9003 85.12 70.4254
threshold=11.320451717568281 0 1
decision_type=2 9 9
left_child=2 -2 -1
right_child=1 -3 -4
leaf_value=0.016137027258661577 0.012933969705888927 -0.0019860490072270377 -0.01885139874986726
leaf_weight=65.425604376010597 526.62811267841607 1490.3959321463481 299.30196165147936
leaf_count=724 5151 17994 31401
internal_value=-0.00024648 0.0019332 -0.0124686
internal_weight=2381.75 2017.02 364.728
internal_count=55270 23145 32125
cat_boundaries=0 1 2
cat_threshold=538 578
is_linear=0
shrinkage=0.0321881


Tree=157
num_leaves=4
num_cat=0
split_feature=26 22 22
split_gain=62.7922 61.9365 59.2363
threshold=0.078925654429168213 127.3433233515956 860.02152159692434
decision_type=2 2 2
left_child=1 -1 -2
right_child=2 -3 -4
leaf_value=-0.022601651859130004 0.0030615932861684783 -0.0023786646279465133 0.037960730405838
leaf_weight=191.19215292984154 1200.811878007662 929.83793921960751 52.885382918873802
leaf_count=11742 24675 18101 719
internal_value=-0.000329087 -0.00588856 0.00459145
internal_weight=2374.73 1121.03 1253.7
internal_count=55237 29843 25394
is_linear=0
shrinkage=0.0321881


Tree=158
num_leaves=4
num_cat=0
split_feature=6 10 4
split_gain=65.7367 90.342 78.4886
threshold=102.63152803216244 7088.9824841493837 1150.7042175573936
decision_type=2 2 2
left_child=2 -2 -1
right_child=1 -3 -4
leaf_value=-0.0059090293899719468 -0.035975555559301882 0.026235735660388525 0.0070769986617730141
leaf_weight=1462.0512812358793 27.059706958010793 175.18365038139746 716.53186264901888
leaf_count=33881 357 2418 18529
internal_value=0 0.0175651 -0.00160841
internal_weight=2380.83 202.243 2178.58
internal_count=55185 2775 52410
is_linear=0
shrinkage=0.0321881


Tree=159
num_leaves=4
num_cat=0
split_feature=40 7 38
split_gain=62.9029 59.5486 57.7924
threshold=0.13074315891776295 18058.933980119033 0.088273130244090878
decision_type=2 2 2
left_child=1 -1 -2
right_child=2 -3 -4
leaf_value=-0.0024518019625532866 0.0019118851294716527 -0.031456899239429931 0.020623640347125889
leaf_weight=1595.9829330228386 461.57414113846608 77.269381664227694 237.3970477769617
leaf_count=41162 9137 1403 3653
internal_value=-0.000420516 -0.00383356 0.00765733
internal_weight=2372.22 1673.25 698.971
internal_count=55355 42565 12790
is_linear=0
shrinkage=0.0321881


Tree=160
num_leaves=4
num_cat=0
split_feature=33 33 23
split_gain=61.6449 79.6349 106.56
threshold=0.38460323484912112 -0.58490782681436249 30.704088585252133
decision_type=2 2 2
left_child=1 2 -1
right_child=-2 -3 -4
leaf_value=-0.010582924914828264 -0.030972092863293495 0.0095104907868248257 0.0066698093718806934
leaf_weight=836.99775721965125 62.010476958355866 825.58992959139869 661.66989564255346
leaf_count=19512 7291 17250 11355
internal_value=0.000593668 0.00146631 -0.00292341
internal_weight=2386.27 2324.26 1498.67
internal_count=55408 48117 30867
is_linear=0
shrinkage=0.0321881


Tree=161
num_leaves=4
num_cat=1
split_feature=5 5 44
split_gain=65.2301 80.789 80.0182
threshold=1.3084273338524814 1.7610103609431051 0
decision_type=2 2 9
left_child=2 -2 -1
right_child=1 -3 -4
leaf_value=0.0035940811479919978 0.050025202471392333 0.0038779842693150582 -0.012164449665583211
leaf_weight=603.43228259729221 41.044013432459906 1004.538009023061 719.35531629726756
leaf_count=7157 642 22674 24857
internal_value=-0.000218204 0.00576131 -0.00499297
internal_weight=2368.37 1045.58 1322.79
internal_count=55330 23316 32014
cat_boundaries=0 1
cat_threshold=131142
is_linear=0
shrinkage=0.0321881


Tree=162
num_leaves=4
num_cat=2
split_feature=43 41 1
split_gain=69.1433 64.8278 118.204
threshold=0 1 12.504859956219493
decision_type=9 9 2
left_child=1 -1 -3
right_child=-2 2 -4
leaf_value=-0.0013633556356979623 -0.01332869074094304 -0.01149934561964998 0.019963504524947596
leaf_weight=1424.0622646984411 327.93443683627993 168.32431581825949 445.32663662964478
leaf_count=20394 18767 12233 4044
internal_value=0.000127962 0.00237985 0.0110484
internal_weight=2365.65 2037.71 613.651
internal_count=55438 36671 16277
cat_boundaries=0 1 2
cat_threshold=113 3392
is_linear=0
shrinkage=0.0321881


Tree=163
num_leaves=4
num_cat=0
split_feature=33 36 32
split_gain=58.8341 83.3198 104.713
threshold=0.38460323484912112 0.86415656182753497 0.60848914669535159
decision_type=2 2 2
left_child=1 2 -1
right_child=-2 -3 -4
leaf_value=0.031140089908022535 -0.031470962555053834 -0.0015081348324456885 -0.010543163830088437
leaf_weight=186.77198565425351 60.06730929564219 2021.4319027034799 90.750055737560615
leaf_count=2648 7338 41011 4212
internal_value=-6.20075e-05 0.000734105 0.0172829
internal_weight=2359.02 2298.95 277.522
internal_count=55209 47871 6860
is_linear=0
shrinkage=0.0321881


Tree=164
num_leaves=4
num_cat=2
split_feature=43 41 1
split_gain=58.6126 57.5194 111.195
threshold=0 1 12.751734522431539
decision_type=9 9 2
left_child=1 -1 -3
right_child=-2 2 -4
leaf_value=-0.0013161060861415733 -0.012066945063438885 -0.011144873770278202 0.01932425952402925
leaf_weight=1408.1225996748544 338.2635278176167 170.65996154461754 434.33705515740439
leaf_count=19950 19221 12022 3935
internal_value=9.7834e-05 0.00222358 0.0104505
internal_weight=2351.38 2013.12 604.997
internal_count=55128 35907 15957
cat_boundaries=0 1 2
cat_threshold=81 3392
is_linear=0
shrinkage=0.0321881


Tree=165
num_leaves=4
num_cat=1
split_feature=22 5 44
split_gain=61.8234 61.9388 92.2235
threshold=860.02152159692434 1.2281615895464035 0
decision_type=2 2 9
left_child=1 2 -1
right_child=-2 -3 -4
leaf_value=0.0038074878404428156 0.032244501620108577 0.0048905541407469897 -0.013802016202277967
leaf_weight=562.02167609205935 60.249484346015379 1071.8489064342575 656.31688755378127
leaf_count=6713 866 23828 23923
internal_value=0.000100492 -0.000720582 -0.00570931
internal_weight=2350.44 2290.19 1218.34
internal_count=55330 54464 30636
cat_boundaries=0 1
cat_threshold=131142
is_linear=0
shrinkage=0.0321881


Tree=166
num_leaves=4
num_cat=1
split_feature=41 26 22
split_gain=64.1904 60.5081 59.0283
threshold=0 0.076699446755335063 860.02152159692434
decision_type=9 2 2
left_child=-1 -2 -3
right_child=1 2 -4
leaf_value=0.025387583582722598 -0.0067181555432095294 0.0022578043254467589 0.037979211468129055
leaf_weight=88.828875464852899 1060.8178330371156 1162.126979017572 50.165313984267414
leaf_count=947 29285 24464 682
internal_value=0 -0.00107838 0.00379564
internal_weight=2361.94 2273.11 1212.29
internal_count=55378 54431 25146
cat_boundaries=0 1
cat_threshold=512
is_linear=0
shrinkage=0.0321881


Tree=167
num_leaves=4
num_cat=1
split_feature=21 5 43
split_gain=57.116 70.9796 103.014
threshold=100.21125009002381 2.2599968823303187 0
decision_type=2 2 9
left_child=-1 2 -2
right_child=1 -3 -4
leaf_value=-0.0091440264619741685 0.024013980919828221 0.013292368169978129 -0.0032759425954622897
leaf_weight=564.20646052097436 140.4920235859463 473.57701160875149 1181.2764434408746
leaf_count=21143 4127 8150 22098
internal_value=-0.000187809 0.00259214 -0.00119516
internal_weight=2359.55 1795.35 1321.77
internal_count=55518 34375 26225
cat_boundaries=0 1
cat_threshold=16
is_linear=0
shrinkage=0.0321881


Tree=168
num_leaves=4
num_cat=1
split_feature=15 43 4
split_gain=55.5512 58.8673 78.5938
threshold=1.2670539650513659 0 607.79348288993322
decision_type=10 9 2
left_child=1 2 -1
right_child=-2 -3 -4
leaf_value=-0.0076920924681403513 -0.023540476259442732 -0.00085672316329006581 0.028257321744658972
leaf_weight=94.452875351649709 98.990104019758292 1978.3739526064019 175.37957120162901
leaf_count=1377 16811 33360 3716
internal_value=1.47747e-06 0.00106875 0.0148906
internal_weight=2347.2 2248.21 269.832
internal_count=55264 38453 5093
cat_boundaries=0 1
cat_threshold=16
is_linear=0
shrinkage=0.0321881


Tree=169
num_leaves=4
num_cat=0
split_feature=33 36 36
split_gain=53.7869 74.7454 99.6692
threshold=0.38460323484912112 0.86415656182753497 0.1178144771612759
decision_type=2 2 2
left_child=1 2 -1
right_child=-2 -3 -4
leaf_value=0.008148594945767142 -0.030540250103692067 -0.0012433911637238632 0.062758173276740895
leaf_weight=235.14505325735081 57.549239870044403 1993.4940446363762 41.363204583525658
leaf_count=6470 7319 40978 415
internal_value=9.50676e-05 0.000902899 0.0165946
internal_weight=2327.55 2270 276.508
internal_count=55182 47863 6885
is_linear=0
shrinkage=0.0321881


Tree=170
num_leaves=4
num_cat=0
split_feature=33 36 36
split_gain=54.0226 72.036 79.3107
threshold=0.38460323484912112 0.86415656182753497 0.1178144771612759
decision_type=2 2 2
left_child=1 2 -1
right_child=-2 -3 -4
leaf_value=0.0084406170527687036 -0.031328937794820863 -0.0016578624874742929 0.058160481609012132
leaf_weight=231.38147074205335 56.643562664161436 2007.9548353673308 39.726427075918764
leaf_count=6447 7388 41051 401
internal_value=-0.000328915 0.000416789 0.0160054
internal_weight=2335.71 2279.06 271.108
internal_count=55287 47899 6848
is_linear=0
shrinkage=0.0321881


Tree=171
num_leaves=4
num_cat=0
split_feature=16 16 12
split_gain=55.1587 79.5175 123.621
threshold=239.27160430374002 169.3872464554814 34.412474641247947
decision_type=10 8 10
left_child=1 -1 -3
right_child=-2 2 -4
leaf_value=-0.0019568803025023234 -0.030999172949401656 -0.0082630853743377777 0.026321395098773424
leaf_weight=1820.8404261877877 56.931621678639203 169.47591288795229 280.07610093825497
leaf_count=47388 1092 3326 3361
internal_value=0.000192901 0.00100627 0.0131444
internal_weight=2327.32 2270.39 449.552
internal_count=55167 54075 6687
is_linear=0
shrinkage=0.0321881


Tree=172
num_leaves=4
num_cat=1
split_feature=6 22 44
split_gain=52.4658 85.1898 57.2918
threshold=110.86443063941785 304.91731341606891 0
decision_type=2 2 9
left_child=2 -2 -1
right_child=1 -3 -4
leaf_value=0.0044139996290165516 -0.023576969847984582 0.027576588943548159 -0.0062387038653271562
leaf_weight=858.6464905445464 42.345584158902057 146.0229236127343 1294.4935116623528
leaf_count=8355 843 1767 44200
internal_value=-0.00051735 0.0157243 -0.00196941
internal_weight=2341.51 188.369 2153.14
internal_count=55165 2610 52555
cat_boundaries=0 1
cat_threshold=70
is_linear=0
shrinkage=0.0321881


Tree=173
num_leaves=4
num_cat=0
split_feature=33 36 32
split_gain=51.8761 62.4473 90.9709
threshold=0.35698637873780809 0.86415656182753497 0.60848914669535159
decision_type=2 2 2
left_child=1 2 -1
right_child=-2 -3 -4
leaf_value=0.029230271038726007 -0.029311767865332659 -0.0010739206707845517 -0.010210583189213281
leaf_weight=173.95756898308173 60.4857582077384 2005.2312719348702 89.76933098922018
leaf_count=2451 7617 41080 4193
internal_value=2.06261e-05 0.000833615 0.0155667
internal_weight=2329.44 2268.96 263.727
internal_count=55341 47724 6644
is_linear=0
shrinkage=0.0321881


Tree=174
num_leaves=4
num_cat=0
split_feature=14 3 5
split_gain=71.1075 74.1777 60.1642
threshold=281.0811329800776 100.91732873398568 3.031591570059061
decision_type=8 2 2
left_child=2 -2 -1
right_child=1 -3 -4
leaf_value=-0.012129395702912125 -0.012344873558115567 0.0073489209763827482 0.0085036387730366841
leaf_weight=654.04482507542707 233.21106573625002 1252.4008133555762 184.72025461634621
leaf_count=30449 3033 16269 5469
internal_value=0 0.00421305 -0.00750837
internal_weight=2324.38 1485.61 838.765
internal_count=55220 19302 35918
is_linear=0
shrinkage=0.0321881


Tree=175
num_leaves=4
num_cat=0
split_feature=23 5 21
split_gain=52.9571 55.0073 71.0167
threshold=2.7272280905981288 3.1722876020223687 121.39111048342735
decision_type=2 2 2
left_child=-1 -2 -3
right_child=1 2 -4
leaf_value=-0.010255513501705416 -0.00025680066995994246 -0.0039630427852861963 0.02180334455314337
leaf_weight=423.76356287812814 1540.1958401290467 73.798665218870156 279.00555155519396
leaf_count=15928 33673 1649 3783
internal_value=0 0.00232943 0.0137928
internal_weight=2316.76 1893 352.804
internal_count=55033 39105 5432
is_linear=0
shrinkage=0.0321881


Tree=176
num_leaves=4
num_cat=2
split_feature=13 44 43
split_gain=56.4703 79.0778 71.271
threshold=38.38232888871439 0 1
decision_type=10 9 9
left_child=2 -2 -1
right_child=1 -3 -4
leaf_value=0.018112328605597618 0.024724074836484047 -0.019835105896395474 -0.00032988974332327759
leaf_weight=235.99090548884124 40.032459824346006 250.49270482285647 1790.9179391431389
leaf_count=5072 638 16170 33291
internal_value=0 -0.0132928 0.00187549
internal_weight=2317.43 290.525 2026.91
internal_count=55171 16808 38363
cat_boundaries=0 1 2
cat_threshold=596 16
is_linear=0
shrinkage=0.0321881


Tree=177
num_leaves=4
num_cat=1
split_feature=43 4 5
split_gain=50.4606 48.3137 100.35
threshold=0 1150.7042175573936 3.1263823914360449
decision_type=9 2 2
left_child=1 2 -1
right_child=-2 -3 -4
leaf_value=-0.0066592581831811911 -0.011598749218153124 0.0092991612983632337 0.013417016802218393
leaf_weight=1017.2883350066841 330.60437759687193 616.78018635814078 344.43852311454248
leaf_count=18837 19179 13187 4055
internal_value=-0.000131355 0.0018033 -0.0015329
internal_weight=2309.11 1978.51 1361.73
internal_count=55258 36079 22892
cat_boundaries=0 1
cat_threshold=81
is_linear=0
shrinkage=0.0321881


Tree=178
num_leaves=4
num_cat=2
split_feature=41 32 44
split_gain=57.14 58.7462 69.7737
threshold=0 -0.73251491726035567 1
decision_type=9 2 9
left_child=-1 2 -2
right_child=1 -3 -4
leaf_value=0.024234037725325071 0.014998538160939405 -0.005319759539575441 -0.0030954033984414843
leaf_weight=85.646707179956138 402.4330759937875 1367.32053109142 463.26254318992142
leaf_count=936 3477 37380 13539
internal_value=-7.07058e-05 -0.00113732 0.00538158
internal_weight=2318.66 2233.02 865.696
internal_count=55332 54396 17016
cat_boundaries=0 1 2
cat_threshold=512 9282
is_linear=0
shrinkage=0.0321881


Tree=179
num_leaves=4
num_cat=0
split_feature=15 21 16
split_gain=54.2785 51.2919 49.5516
threshold=1.2466749933441899 269.59631354446009 239.27160430374002
decision_type=10 2 8
left_child=1 2 -1
right_child=-2 -3 -4
leaf_value=-0.00028891225884548145 -0.021162652653107926 0.011124498124583177 -0.029254692378326116
leaf_weight=1705.6064994453918 120.50878316612216 420.20303370198235 63.450405466952361
leaf_count=28134 19124 5877 2049
internal_value=-0.000128919 0.00100197 -0.0013676
internal_weight=2309.77 2189.26 1769.06
internal_count=55184 36060 30183
is_linear=0
shrinkage=0.0321881


Tree=180
num_leaves=4
num_cat=0
split_feature=14 24 36
split_gain=53.5571 57.3067 57.2102
threshold=281.0811329800776 26.607876776488876 0.86415656182753497
decision_type=8 2 2
left_child=-1 -2 -3
right_child=1 2 -4
leaf_value=-0.0066227183321552292 -0.024356749972074754 0.024439140594206162 0.0027767536431600832
leaf_weight=843.79307336185593 71.540701615391299 141.85283388360403 1259.0792792218272
leaf_count=36131 3523 1575 14120
internal_value=-0.000131658 0.00354523 0.00501942
internal_weight=2316.27 1472.47 1400.93
internal_count=55349 19218 15695
is_linear=0
shrinkage=0.0321881


Tree=181
num_leaves=4
num_cat=0
split_feature=15 23 33
split_gain=48.5527 52.5028 63.1984
threshold=1.2487495563358124 3.3850671992851971 -0.50857178501565647
decision_type=10 2 2
left_child=1 -1 -3
right_child=-2 2 -4
leaf_value=-0.0090606054343900528 -0.020338409133061446 -0.00017696789960310581 0.013482474990585969
leaf_weight=427.4514813470887 115.92995117633836 1283.3322161023971 478.25311832956504
leaf_count=11180 18984 17861 7186
internal_value=-3.35675e-05 0.00101476 0.0034966
internal_weight=2304.97 2189.04 1761.59
internal_count=55211 36227 25047
is_linear=0
shrinkage=0.0321881


Tree=182
num_leaves=4
num_cat=1
split_feature=17 43 5
split_gain=50.998 73.7998 71.1065
threshold=5.7147712898133163 0 2.2599968823303187
decision_type=10 9 2
left_child=1 -1 -3
right_child=-2 2 -4
leaf_value=0.018564858124251959 -0.014227600860504284 -0.0045763458408443064 0.0096830071675149502
leaf_weight=219.57873557216953 242.79073546896689 1361.7804966279073 492.51789341517724
leaf_count=4872 18708 24417 7378
internal_value=-0.000254316 0.00135228 -0.000749796
internal_weight=2316.67 2073.88 1854.3
internal_count=55375 36667 31795
cat_boundaries=0 1
cat_threshold=112
is_linear=0
shrinkage=0.0321881


Tree=183
num_leaves=4
num_cat=1
split_feature=22 44 30
split_gain=55.3419 53.5269 61.5912
threshold=860.02152159692434 0 0.72629492028092735
decision_type=2 9 2
left_child=1 2 -1
right_child=-2 -3 -4
leaf_value=0.0039121951082503855 0.030770909274263621 -0.015725843894036765 -0.0089187054904584558
leaf_weight=1507.7180433786707 57.773309843614697 221.46910783014027 520.63532331609167
leaf_count=21836 865 25933 6664
internal_value=-0.000234481 -0.00106213 0.000583842
internal_weight=2307.6 2249.82 2028.35
internal_count=55298 54433 28500
cat_boundaries=0 1
cat_threshold=131791
is_linear=0
shrinkage=0.0321881


Tree=184
num_leaves=4
num_cat=1
split_feature=13 44 10
split_gain=47.3744 67.5976 122.715
threshold=36.997541478182292 0 6798.3997516080062
decision_type=10 9 2
left_child=-1 2 -2
right_child=1 -3 -4
leaf_value=0.0021214786551835628 0.07434343156877013 -0.015006591297075468 -0.014197909027398965
leaf_weight=1866.2673394309822 26.768321316689253 366.39923573879059 38.295017642900348
leaf_count=35251 333 19181 618
internal_value=-7.31042e-05 -0.00970914 0.018551
internal_weight=2297.73 431.463 65.0633
internal_count=55383 20132 951
cat_boundaries=0 1
cat_threshold=580
is_linear=0
shrinkage=0.0321881


Tree=185
num_leaves=4
num_cat=0
split_feature=21 5 3
split_gain=51.7598 55.9279 82.0758
threshold=93.58438577301564 2.2171135793474805 258.93097658032542
decision_type=2 2 2
left_child=-1 2 -2
right_child=1 -3 -4
leaf_value=-0.0089505563883951096 -0.0030563484971766878 0.012173033003904618 0.01689821061357076
leaf_weight=490.58934746345039 1080.4657048674417 485.72824228229001 232.77692934952211
leaf_count=19921 24503 8534 2223
internal_value=0.000283447 0.00283786 -0.000568017
internal_weight=2289.56 1798.97 1313.24
internal_count=55181 35260 26726
is_linear=0
shrinkage=0.0321881


Tree=186
num_leaves=4
num_cat=0
split_feature=33 36 32
split_gain=47.1761 79.1379 97.7699
threshold=0.35698637873780809 0.86415656182753497 0.60848914669535159
decision_type=2 2 2
left_child=1 2 -1
right_child=-2 -3 -4
leaf_value=0.030480113302816164 -0.02972435636965574 -0.0017891877777560482 -0.01059911039461864
leaf_weight=180.1685636905022 54.841164094978012 1962.408099053835 86.964567119255662
leaf_count=2523 7588 40816 4213
internal_value=-0.000279203 0.000419591 0.0168711
internal_weight=2284.38 2229.54 267.133
internal_count=55140 47552 6736
is_linear=0
shrinkage=0.0321881


Tree=187
num_leaves=4
num_cat=2
split_feature=41 32 44
split_gain=48.3342 51.3239 74.7076
threshold=0 -0.72679797909206612 1
decision_type=9 2 9
left_child=-1 2 -2
right_child=1 -3 -4
leaf_value=0.022776719893338002 0.015215506114590048 -0.0048200072205553529 -0.003511982360627562
leaf_weight=83.085025912965648 400.27803827496246 1349.2139758829144 465.51283166755456
leaf_count=904 3486 37216 13650
internal_value=5.78163e-05 -0.00086687 0.00520962
internal_weight=2298.09 2215 865.791
internal_count=55256 54352 17136
cat_boundaries=0 1 2
cat_threshold=512 9282
is_linear=0
shrinkage=0.0321881


Tree=188
num_leaves=4
num_cat=0
split_feature=7 16 14
split_gain=48.01 48.3882 69.2039
threshold=29169.022129817862 239.27160430374002 477.08672232997924
decision_type=2 10 10
left_child=1 2 -1
right_child=-2 -3 -4
leaf_value=-0.00065111273914551587 -0.033381624795576957 -0.029542627301007846 0.015344443093824966
leaf_weight=1875.9497256235918 42.742441462236457 52.211210735957138 328.02962013054639
leaf_count=49464 848 1086 4032
internal_value=0.000278448 0.000947788 0.00170209
internal_weight=2298.93 2256.19 2203.98
internal_count=55430 54582 53496
is_linear=0
shrinkage=0.0321881


Tree=189
num_leaves=4
num_cat=0
split_feature=14 3 6
split_gain=45.5421 71.4729 48.2519
threshold=290.89995949003657 98.96965728931373 67.389889238349738
decision_type=8 2 2
left_child=2 -2 -1
right_child=1 -3 -4
leaf_value=-0.009092759289825926 -0.013904961783014305 0.0064607375969849079 0.011786658266256354
leaf_weight=756.51233301463071 208.13350933475886 1197.6598658593139 132.54101151367649
leaf_count=33745 2775 15665 3056
internal_value=-0.000178784 0.00339838 -0.0059061
internal_weight=2294.85 1405.79 889.053
internal_count=55241 18440 36801
is_linear=0
shrinkage=0.0321881


Tree=190
num_leaves=4
num_cat=1
split_feature=7 44 5
split_gain=52.4717 49.553 64.714
threshold=27284.216455418657 0 1.2547486284163036
decision_type=2 9 2
left_child=1 -1 -3
right_child=-2 2 -4
leaf_value=0.0064691493985084636 -0.029434298074301566 -0.01040880720907553 0.0037755217557462646
leaf_weight=903.85889866482466 61.359380121459253 662.77505205478519 661.45429488678928
leaf_count=8593 1079 25587 19767
internal_value=-0.000104322 0.000677858 -0.00325167
internal_weight=2289.45 2228.09 1324.23
internal_count=55026 53947 45354
cat_boundaries=0 1
cat_threshold=70
is_linear=0
shrinkage=0.0321881


Tree=191
num_leaves=4
num_cat=0
split_feature=14 17 5
split_gain=53.8169 75.6437 51.2047
threshold=625.6022057944333 5.7205076377487547 1.2765742026219604
decision_type=10 10 2
left_child=1 2 -1
right_child=-2 -3 -4
leaf_value=-0.00390672066019332 0.023078251845229877 -0.019930348888579082 0.0064770459947818045
leaf_weight=1091.1073600274976 99.0948416441679 201.58039886521874 892.81374596408568
leaf_count=20685 1502 18008 15122
internal_value=-6.36543e-05 -0.00114448 0.000734347
internal_weight=2284.6 2185.5 1983.92
internal_count=55317 53815 35807
is_linear=0
shrinkage=0.0321881


Tree=192
num_leaves=4
num_cat=0
split_feature=26 22 33
split_gain=50.8208 50.0549 56.1989
threshold=0.072688490443256121 860.02152159692434 -0.51717772942214146
decision_type=2 2 2
left_child=-1 2 -2
right_child=1 -3 -4
leaf_value=-0.0050056457160851083 -0.00019090001670780455 0.035668931415212761 0.014681535546673128
leaf_weight=1037.9293728204793 873.37605104525574 51.751437382306904 326.41658422118053
leaf_count=29196 18382 745 6987
internal_value=0.000230447 0.00462385 0.0032249
internal_weight=2289.47 1251.54 1199.79
internal_count=55310 26114 25369
is_linear=0
shrinkage=0.0321881


Tree=193
num_leaves=4
num_cat=2
split_feature=41 44 10
split_gain=47.3998 45.8854 100.807
threshold=0 1 6508.6705140798795
decision_type=9 9 2
left_child=-1 2 -2
right_child=1 -3 -4
leaf_value=0.021529174531456519 0.058057724515612544 -0.0022218281904813468 -0.0078348409187688154
leaf_weight=89.241978956386447 42.990373923443258 2113.6496545589762 50.948480109684169
leaf_count=987 320 53412 469
internal_value=-0.000176254 -0.00117695 0.0196299
internal_weight=2296.83 2207.59 93.9389
internal_count=55188 54201 789
cat_boundaries=0 1 2
cat_threshold=512 68
is_linear=0
shrinkage=0.0321881


Tree=194
num_leaves=4
num_cat=0
split_feature=33 29 28
split_gain=46.2242 51.9982 54.9063
threshold=0.38460323484912112 9.5060166813519817 0.42377081272157535
decision_type=2 2 2
left_child=1 2 -1
right_child=-2 -3 -4
leaf_value=-0.0094457913087460446 -0.031398128151316332 0.019525173577493362 0.0024162615240127987
leaf_weight=546.08962336427066 47.544193058914971 140.83523292466998 1545.9716233159998
leaf_count=16090 7314 2082 29784
internal_value=-4.67094e-05 0.000595583 -0.000650361
internal_weight=2280.44 2232.9 2092.06
internal_count=55270 47956 45874
is_linear=0
shrinkage=0.0321881


Tree=195
num_leaves=4
num_cat=0
split_feature=22 36 36
split_gain=43.4534 46.8785 87.4212
threshold=36.597790025664175 0.86415656182753497 0.091121485114440043
decision_type=2 2 2
left_child=-1 2 -2
right_child=1 -3 -4
leaf_value=-0.030382183942196099 0.0044424366331006979 -0.0012189533314779909 0.053436332292247375
leaf_weight=47.991068539093249 224.90111523354426 1950.7507753778482 46.111745874863118
leaf_count=7735 6070 40710 523
internal_value=-0.000133426 0.000494466 0.0130528
internal_weight=2269.75 2221.76 271.013
internal_count=55038 47303 6593
is_linear=0
shrinkage=0.0321881


Tree=196
num_leaves=4
num_cat=0
split_feature=15 21 5
split_gain=42.924 42.1226 55.632
threshold=1.244211260235595 269.59631354446009 2.2599968823303187
decision_type=10 2 2
left_child=1 -1 -3
right_child=-2 2 -4
leaf_value=-0.0015032717565210774 -0.019515340103596533 0.0041318770512616572 0.028338382002670172
leaf_weight=1743.2434347777162 114.41632051352644 304.42665107210632 122.16726623894647
leaf_count=30086 19392 4362 1583
internal_value=-0.000301842 0.000683963 0.00976703
internal_weight=2284.25 2169.84 426.594
internal_count=55423 36031 5945
is_linear=0
shrinkage=0.0321881


Tree=197
num_leaves=4
num_cat=1
split_feature=1 41 16
split_gain=42.599 83.3769 68.5363
threshold=10.987284886860582 0 96.371356798198278
decision_type=2 9 8
left_child=2 -2 -1
right_child=1 -3 -4
leaf_value=-0.02991049498743718 0.012920157015413457 -0.0020550021026949244 0.00084485976822280037
leaf_weight=120.6905490962672 511.22766346018761 1453.0875822436064 187.87161967752036
leaf_count=24267 5251 18167 7505
internal_value=9.17244e-05 0.00186637 -0.0109922
internal_weight=2272.88 1964.32 308.562
internal_count=55190 23418 31772
cat_boundaries=0 1
cat_threshold=538
is_linear=0
shrinkage=0.0321881


Tree=198
num_leaves=4
num_cat=0
split_feature=14 3 2
split_gain=44.3636 61.6169 58.4495
threshold=290.89995949003657 91.155056852088379 40.451480128998561
decision_type=8 2 2
left_child=2 -2 -1
right_child=1 -3 -4
leaf_value=-0.01188077096547681 -0.01455470047506738 0.0063485637711193036 0.0051223212413474984
leaf_weight=550.08725916716503 164.29468632978387 1220.6595758573385 331.80560015095398
leaf_count=33451 2236 16000 3644
internal_value=0.000200738 0.0038208 -0.00541162
internal_weight=2266.85 1384.95 881.893
internal_count=55331 18236 37095
is_linear=0
shrinkage=0.0321881


Tree=199
num_leaves=4
num_cat=1
split_feature=13 14 44
split_gain=44.3787 61.9345 55.3197
threshold=36.997541478182292 625.6022057944333 0
decision_type=10 10 9
left_child=1 -1 -2
right_child=2 -3 -4
leaf_value=0.00051032990828879055 0.015170456437609196 0.031418531818803469 -0.014656606438458293
leaf_weight=1764.815109460731 68.700161616783589 69.837577424943447 362.56162873411085
leaf_count=34146 987 903 19191
internal_value=-0.00042935 0.00172549 -0.0097399
internal_weight=2265.91 1834.65 431.262
internal_count=55227 35049 20178
cat_boundaries=0 1
cat_threshold=580
is_linear=0
shrinkage=0.0321881


Tree=200
num_leaves=4
num_cat=2
split_feature=22 44 43
split_gain=48.7992 47.0276 51.7601
threshold=860.02152159692434 0 1
decision_type=2 9 9
left_child=1 2 -1
right_child=-2 -3 -4
leaf_value=0.014530643547420678 0.030144423004564054 -0.015303324124300891 -0.0011096727352507274
leaf_weight=239.34055755264126 54.256289462558925 196.92840941337636 1768.1716979049961
leaf_count=3561 848 25848 25076
internal_value=2.73252e-05 -0.000688195 0.000787698
internal_weight=2258.7 2204.44 2007.51
internal_count=55333 54485 28637
cat_boundaries=0 1 2
cat_threshold=131807 112
is_linear=0
shrinkage=0.0321881


Tree=201
num_leaves=4
num_cat=0
split_feature=22 33 32
split_gain=44.0048 48.3052 93.7398
threshold=822.56184750805403 -0.56935403399890683 -0.40447031256035565
decision_type=2 2 2
left_child=1 2 -1
right_child=-2 -3 -4
leaf_value=-0.015603807081692444 0.025915930348554553 0.0055340655439849217 0.0018706045855835301
leaf_weight=492.13359467335977 66.419463096419349 817.84249035263201 883.9510684684501
leaf_count=9891 1103 23829 20332
internal_value=0.000128097 -0.000626296 -0.00433416
internal_weight=2260.35 2193.93 1376.08
internal_count=55155 54052 30223
is_linear=0
shrinkage=0.0321881


Tree=202
num_leaves=4
num_cat=1
split_feature=14 17 43
split_gain=41.9227 65.9406 75.6014
threshold=625.6022057944333 5.8767081998893902 0
decision_type=10 10 9
left_child=1 2 -1
right_child=-2 -3 -4
leaf_value=0.017579789214114513 0.020097930171995269 -0.025787259874817677 -0.0019687176883220669
leaf_weight=220.13716926332563 101.08352352934889 106.23280962812714 1843.9716102782986
leaf_count=5120 1530 14015 34529
internal_value=-0.000108301 -0.00108084 0.000162677
internal_weight=2271.43 2170.34 2064.11
internal_count=55194 53664 39649
cat_boundaries=0 1
cat_threshold=112
is_linear=0
shrinkage=0.0321881


Tree=203
num_leaves=4
num_cat=0
split_feature=22 36 36
split_gain=41.0939 69.4447 72.7156
threshold=55.318045189355722 0.86415656182753497 0.091121485114440043
decision_type=2 2 2
left_child=-1 2 -2
right_child=1 -3 -4
leaf_value=-0.025308520622687718 0.0082101400469869884 -0.0011727599694256747 0.053211251845217251
leaf_weight=63.531083940819371 213.22665622492786 1930.9065260676434 46.387186071602628
leaf_count=9188 4784 40645 508
internal_value=0.000129158 0.000898652 0.0165371
internal_weight=2254.05 2190.52 259.614
internal_count=55125 45937 5292
is_linear=0
shrinkage=0.0321881


Tree=204
num_leaves=4
num_cat=1
split_feature=7 44 25
split_gain=39.5481 55.5345 52.9726
threshold=18058.933980119033 0 5.7349365267202268
decision_type=2 9 2
left_child=1 -1 -3
right_child=-2 2 -4
leaf_value=0.0070737074937372727 -0.019460668556366328 -0.001682044432867283 -0.028783934625374041
leaf_weight=868.31780840130523 104.38426009210525 1217.441282394575 80.039640499395318
leaf_count=8340 1748 37493 7723
internal_value=-0.000107433 0.00079795 -0.00338189
internal_weight=2270.18 2165.8 1297.48
internal_count=55304 53556 45216
cat_boundaries=0 1
cat_threshold=70
is_linear=0
shrinkage=0.0321881


Tree=205
num_leaves=4
num_cat=0
split_feature=39 7 1
split_gain=43.6853 62.764 54.1239
threshold=0.087530157158509106 18058.933980119033 12.504859956219493
decision_type=2 2 2
left_child=1 2 -1
right_child=-2 -3 -4
leaf_value=-0.013507288731505937 0.0092405735293813237 -0.030159954799461156 0.0016381174274842896
leaf_weight=292.84993339399807 428.73039856849937 79.309551253682002 1455.8382561183535
leaf_count=27437 8178 1493 18149
internal_value=0 -0.00217297 -0.000863327
internal_weight=2256.73 1828 1748.69
internal_count=55257 47079 45586
is_linear=0
shrinkage=0.0321881


Tree=206
num_leaves=4
num_cat=0
split_feature=33 36 21
split_gain=38.7379 59.8329 72.7403
threshold=0.35698637873780809 0.86415656182753497 96.111007240002763
decision_type=2 2 2
left_child=1 -1 -3
right_child=-2 2 -4
leaf_value=0.015298883378999003 -0.028063027875406089 -0.016627088246239131 0.0013042171122873026
leaf_weight=258.9507480802713 49.179601557145361 271.23464730393607 1691.5751346445177
leaf_count=6693 7623 7750 33398
internal_value=9.13705e-05 0.000746171 -0.00114292
internal_weight=2270.94 2221.76 1962.81
internal_count=55464 47841 41148
is_linear=0
shrinkage=0.0321881


Tree=207
num_leaves=4
num_cat=0
split_feature=22 33 29
split_gain=43.4327 50.6459 82.2511
threshold=860.02152159692434 -0.58490782681436249 7.6775428323939225
decision_type=2 2 2
left_child=1 2 -1
right_child=-2 -3 -4
leaf_value=0.00017450196401405996 0.028085247395618636 0.0053613416305473335 -0.017484244432999303
leaf_weight=972.60925216955366 54.969301723176613 837.51034607057227 376.11284910351969
leaf_count=22081 860 24273 7770
internal_value=-7.91533e-05 -0.0008194 -0.00470491
internal_weight=2241.2 2186.23 1348.72
internal_count=54984 54124 29851
is_linear=0
shrinkage=0.0321881


Tree=208
num_leaves=4
num_cat=1
split_feature=21 5 43
split_gain=41.3657 63.5367 75.8328
threshold=124.02509785557065 3.1094430513884137 0
decision_type=2 2 9
left_child=-1 2 -2
right_child=1 -3 -4
leaf_value=-0.0067213186962178807 0.022771334179664805 0.015962483555294046 -0.0019614496120859948
leaf_weight=677.53067418548744 123.25483265914954 305.56590500450693 1134.5916760734399
leaf_count=24900 4148 4469 21769
internal_value=-5.17817e-05 0.00279842 -0.000351275
internal_weight=2240.94 1563.41 1257.85
internal_count=55286 30386 25917
cat_boundaries=0 1
cat_threshold=16
is_linear=0
shrinkage=0.0321881


Tree=209
num_leaves=4
num_cat=1
split_feature=33 33 44
split_gain=39.2906 46.0708 62.0856
threshold=0.38460323484912112 -0.58490782681436249 0
decision_type=2 2 9
left_child=1 -1 -3
right_child=-2 2 -4
leaf_value=-0.0025649007345689284 -0.030226176876291009 0.016566979096132268 -0.0012310477285457293
leaf_weight=1414.8401169566205 42.583331984293181 368.07845447584987 429.71049752936233
leaf_count=31011 7341 3287 13812
internal_value=0.000270918 0.000889809 0.00709533
internal_weight=2255.21 2212.63 797.789
internal_count=55451 48110 17099
cat_boundaries=0 1
cat_threshold=70
is_linear=0
shrinkage=0.0321881


Tree=210
num_leaves=4
num_cat=0
split_feature=16 12 15
split_gain=42.7341 103.15 63.3367
threshold=164.6116912506337 34.412474641247947 1.0895395401504588
decision_type=8 8 10
left_child=2 -2 -1
right_child=1 -3 -4
leaf_value=0.00053124682035358788 -0.01050341093379213 0.017837100614918531 -0.015893515071476322
leaf_weight=1382.9189220374683 202.39229629072361 377.04142066731583 293.31022362870863
leaf_count=22641 3031 5899 23674
internal_value=0.000269011 0.00782783 -0.00230664
internal_weight=2255.66 579.434 1676.23
internal_count=55245 8930 46315
is_linear=0
shrinkage=0.0321881


Tree=211
num_leaves=4
num_cat=1
split_feature=14 17 43
split_gain=44.6412 57.6391 68.2121
threshold=625.6022057944333 5.8980865809378082 0
decision_type=10 10 9
left_child=1 2 -1
right_child=-2 -3 -4
leaf_value=0.016441026065669339 0.021384672464983684 -0.025222457584479697 -0.0020571660511571857
leaf_weight=222.58834519243101 95.062397228321061 97.899634937755764 1818.3776283758925
leaf_count=5175 1447 13676 34906
internal_value=-0.000137628 -0.00112623 1.19035e-06
internal_weight=2233.93 2138.87 2040.97
internal_count=55204 53757 40081
cat_boundaries=0 1
cat_threshold=112
is_linear=0
shrinkage=0.0321881


Tree=212
num_leaves=4
num_cat=0
split_feature=21 10 30
split_gain=39.7471 49.4178 52.3892
threshold=90.94147227569853 10375.612113214591 0.8024333197399095
decision_type=2 2 2
left_child=-1 2 -2
right_child=1 -3 -4
leaf_value=-0.0084858314910846357 0.010907740755634204 -0.0031481334273140977 -0.0031481334273140977
leaf_weight=453.02191349980421 794.68627625505906 800.56332925055176 186.28168016119162
leaf_count=19512 15713 17684 2364
internal_value=0 0.00218956 0.00706604
internal_weight=2234.55 1781.53 980.968
internal_count=55273 35761 18077
is_linear=0
shrinkage=0.0321881


Tree=213
num_leaves=4
num_cat=0
split_feature=22 36 36
split_gain=42.3037 52.9785 64.8889
threshold=68.979019510860411 0.86415656182753497 0.091121485114440043
decision_type=2 2 2
left_child=-1 2 -2
right_child=1 -3 -4
leaf_value=-0.02373507469373377 0.0067615852711001229 -0.00083777925271526037 0.050187482837357224
leaf_weight=74.411505219177343 197.08968346880283 1937.8691654675058 44.833381827571429
leaf_count=10268 4094 40587 475
internal_value=6.0779e-05 0.000904806 0.0151136
internal_weight=2254.2 2179.79 241.923
internal_count=55424 45156 4569
is_linear=0
shrinkage=0.0321881


Tree=214
num_leaves=4
num_cat=0
split_feature=33 33 23
split_gain=39.1568 50.2397 63.0288
threshold=0.35698637873780809 -0.58490782681436249 30.372557370598027
decision_type=2 2 2
left_child=1 2 -1
right_child=-2 -3 -4
leaf_value=-0.0089389641879441418 -0.029188674574652154 0.0074129765078102408 0.0048005091716888278
leaf_weight=764.49695633148076 45.312759274151176 796.87948162248358 625.34224129281938
leaf_count=19250 7624 16909 11404
internal_value=0.000305942 0.000949345 -0.00271146
internal_weight=2232.03 2186.72 1389.84
internal_count=55187 47563 30654
is_linear=0
shrinkage=0.0321881


Tree=215
num_leaves=4
num_cat=1
split_feature=44 10 21
split_gain=40.7155 107.826 77.7039
threshold=0 10724.468802961337 116.1639089445019
decision_type=9 2 2
left_child=-1 2 -2
right_child=1 -3 -4
leaf_value=0.0023906806546178496 -0.032074496220920602 -0.028736181619716684 0.010567300389360275
leaf_weight=1766.0919183691731 53.069316766574048 171.4053010555217 253.83215130190365
leaf_count=24588 6797 13466 10303
internal_value=0.000100529 -0.00810018 0.00296726
internal_weight=2244.4 478.307 306.901
internal_count=55154 30566 17100
cat_boundaries=0 1
cat_threshold=131143
is_linear=0
shrinkage=0.0321881


Tree=216
num_leaves=4
num_cat=0
split_feature=14 3 2
split_gain=40.4378 49.0359 47.6566
threshold=260.66551492295844 73.794624413481046 40.694158136057062
decision_type=8 2 2
left_child=2 -2 -1
right_child=1 -3 -4
leaf_value=-0.013816709131575063 -0.018743470247773238 0.0041189479209039091 0.0035030727951360732
leaf_weight=407.23330819938565 103.16377112094779 1461.8678539890097 267.87441032635979
leaf_count=31365 1408 19528 2955
internal_value=-0.000242257 0.0025686 -0.0068513
internal_weight=2240.14 1565.03 675.108
internal_count=55256 20936 34320
is_linear=0
shrinkage=0.0321881


Tree=217
num_leaves=4
num_cat=0
split_feature=14 3 13
split_gain=43.4167 52.0572 45.2123
threshold=214.65326728546248 88.918917539971787 36.997541478182292
decision_type=8 2 8
left_child=-1 -2 -3
right_child=1 2 -4
leaf_value=-0.0092287480412641624 -0.013907571631534211 0.0068378984330030902 -0.0062464228700905384
leaf_weight=431.27807657886297 185.91234448802425 1274.4569930880098 343.34548441658262
leaf_count=25884 2629 16928 9751
internal_value=-2.90151e-05 0.00213631 0.00402115
internal_weight=2234.99 1803.71 1617.8
internal_count=55192 29308 26679
is_linear=0
shrinkage=0.0321881


Tree=218
num_leaves=4
num_cat=1
split_feature=13 44 10
split_gain=39.3259 62.9882 138.306
threshold=36.997541478182292 0 6798.3997516080062
decision_type=10 9 2
left_child=-1 2 -2
right_child=1 -3 -4
leaf_value=0.001883740836311341 0.07113940333226576 -0.014581472348108119 -0.020498929768101807
leaf_weight=1823.0539214246091 30.435092147672549 345.57138932310045 36.728966284310445
leaf_count=35245 347 19055 627
internal_value=-0.000118817 -0.00911436 0.0175778
internal_weight=2235.79 412.735 67.1641
internal_count=55274 20029 974
cat_boundaries=0 1
cat_threshold=580
is_linear=0
shrinkage=0.0321881


Tree=219
num_leaves=4
num_cat=1
split_feature=7 44 26
split_gain=41.9207 47.3221 58.524
threshold=22949.323804558877 0 0.12292688564087363
decision_type=2 9 2
left_child=1 -1 -3
right_child=-2 2 -4
leaf_value=0.0061407200647368779 -0.022158164907748329 -0.010504545239194526 0.0032923090611963425
leaf_weight=879.52917581470683 88.350073252164293 632.00680538674351 632.16486239130609
leaf_count=11480 1511 24833 17576
internal_value=-0.000445641 0.000421856 -0.00352766
internal_weight=2232.05 2143.7 1264.17
internal_count=55400 53889 42409
cat_boundaries=0 1
cat_threshold=131142
is_linear=0
shrinkage=0.0321881


Tree=220
num_leaves=4
num_cat=1
split_feature=0 43 4
split_gain=39.2086 40.3291 74.2364
threshold=68.673034092646091 0 656.15344667416446
decision_type=2 9 2
left_child=-1 2 -2
right_child=1 -3 -4
leaf_value=-0.015971918408243434 -0.009507261583730579 -0.00031459181048585874 0.027348822552105016
leaf_weight=145.20166866749059 85.714973021880724 1835.167427146167 155.11058023961959
leaf_count=19958 1491 30473 3204
internal_value=0.000151633 0.00131174 0.0134138
internal_weight=2221.19 2075.99 240.826
internal_count=55126 35168 4695
cat_boundaries=0 1
cat_threshold=16
is_linear=0
shrinkage=0.0321881


Tree=221
num_leaves=4
num_cat=0
split_feature=5 3 22
split_gain=37.3639 60.8314 62.4718
threshold=1.2281615895464035 251.97411827015534 860.02152159692434
decision_type=2 2 2
left_child=1 2 -1
right_child=-2 -3 -4
leaf_value=-0.0093199669365947937 0.0045058130888702697 0.010107811684665074 0.035623714948973421
leaf_weight=899.85625468363287 1040.9093538001762 250.64364992995979 32.474255111534148
leaf_count=27373 24292 3163 488
internal_value=3.02206e-05 -0.00385418 -0.00767757
internal_weight=2223.88 1182.97 932.331
internal_count=55316 31024 27861
is_linear=0
shrinkage=0.0321881


Tree=222
num_leaves=4
num_cat=0
split_feature=14 27 5
split_gain=48.1616 62.2274 72.0855
threshold=477.08672232997924 0.39213248965806424 3.1722876020223687
decision_type=10 2 2
left_child=1 -1 -3
right_child=-2 2 -4
leaf_value=-0.0088650667490920137 0.010332111325637676 -0.0014822527332056931 0.01937277334785116
leaf_weight=842.26121362840058 369.50150331249461 791.41911088401685 217.63016733282711
leaf_count=28907 4912 18074 3167
internal_value=-0.000242081 -0.00238803 0.00295611
internal_weight=2220.81 1851.31 1009.05
internal_count=55060 50148 21241
is_linear=0
shrinkage=0.0321881


Tree=223
num_leaves=4
num_cat=2
split_feature=41 43 4
split_gain=36.6007 34.2936 35.5461
threshold=0 1 1410.2666841248156
decision_type=9 9 2
left_child=-1 2 -2
right_child=1 -3 -4
leaf_value=0.019815344470722557 -0.0015331428793863599 -0.010750062480947719 0.0093171239056966618
leaf_weight=82.376657517452259 1433.0313512631692 300.81937858072342 398.49732243944891
leaf_count=944 26336 19181 8818
internal_value=0 -0.000852346 0.000789437
internal_weight=2214.72 2132.35 1831.53
internal_count=55279 54335 35154
cat_boundaries=0 1 2
cat_threshold=512 81
is_linear=0
shrinkage=0.0321881


Tree=224
num_leaves=4
num_cat=0
split_feature=14 24 30
split_gain=39.8162 45.9057 40.5308
threshold=209.24949485018095 27.953641660685477 0.83948000263870559
decision_type=8 2 2
left_child=-1 -2 -3
right_child=1 2 -4
leaf_value=-0.0095340493136190866 -0.021357835403993539 0.0054387592673203235 -0.0069536062605812417
leaf_weight=384.95734190783696 83.312086980848107 1401.6189468147932 335.62712483253563
leaf_count=23863 5962 21129 4075
internal_value=-0.00010504 0.00185473 0.00300734
internal_weight=2205.52 1820.56 1737.25
internal_count=55029 31166 25204
is_linear=0
shrinkage=0.0321881


Tree=225
num_leaves=4
num_cat=2
split_feature=43 41 1
split_gain=37.744 46.4303 75.0346
threshold=0 1 12.751734522431539
decision_type=9 9 2
left_child=1 2 -1
right_child=-2 -3 -4
leaf_value=-0.0099494812383116894 -0.01037042090801263 -0.0015140399438092753 0.016738452560544334
leaf_weight=145.54475789156277 304.18694438174134 1358.9589030450443 408.44476992683485
leaf_count=12086 19306 20000 3989
internal_value=-3.23428e-06 0.00165862 0.00944045
internal_weight=2217.14 1912.95 553.99
internal_count=55381 36075 16075
cat_boundaries=0 1 2
cat_threshold=81 538
is_linear=0
shrinkage=0.0321881


Tree=226
num_leaves=4
num_cat=2
split_feature=41 43 5
split_gain=39.668 41.5024 64.4098
threshold=0 1 2.749334418013635
decision_type=9 9 2
left_child=-1 2 -2
right_child=1 -3 -4
leaf_value=0.01546562328977379 0.023287679050832694 -0.0030760893145850518 -0.011782326042559526
leaf_weight=145.11785635870183 159.29928232321981 1833.7206979792099 79.341861435212195
leaf_count=1700 6235 44824 2551
internal_value=-0.000193091 -0.00138989 0.0109046
internal_weight=2217.48 2072.36 238.641
internal_count=55310 53610 8786
cat_boundaries=0 1 2
cat_threshold=514 16
is_linear=0
shrinkage=0.0321881


Tree=227
num_leaves=4
num_cat=1
split_feature=22 5 44
split_gain=37.2658 40.8278 63.3412
threshold=901.12307251692062 1.2281615895464035 0
decision_type=2 2 9
left_child=1 2 -1
right_child=-2 -3 -4
leaf_value=-0.020068080433786859 0.029639946253164635 0.0037097147625737765 -0.0011607012420583236
leaf_weight=223.45262703567278 41.966778883477673 1036.0176511182217 920.66012827045051
leaf_count=8885 630 24137 21819
internal_value=-0.000275105 -0.000883331 -0.00509799
internal_weight=2222.1 2180.13 1144.11
internal_count=55471 54841 30704
cat_boundaries=0 1
cat_threshold=538384
is_linear=0
shrinkage=0.0321881


Tree=228
num_leaves=4
num_cat=0
split_feature=33 36 32
split_gain=36.6519 55.052 57.3977
threshold=0.38460323484912112 0.86415656182753497 0.56476636605733566
decision_type=2 2 2
left_child=1 2 -1
right_child=-2 -3 -4
leaf_value=0.025598573701905949 -0.030901259998158726 -0.0010651622161563657 -0.0056834623759473768
leaf_weight=171.94590641208924 38.192285622295458 1912.1061054244055 89.286259707179852
leaf_count=2423 7349 40977 4417
internal_value=0.000218507 0.00079799 0.0146677
internal_weight=2211.53 2173.34 261.232
internal_count=55166 47817 6840
is_linear=0
shrinkage=0.0321881


Tree=229
num_leaves=4
num_cat=0
split_feature=33 32 40
split_gain=41.1562 56.8589 98.0947
threshold=-0.58490782681436249 -0.32028511796077225 0.10476199021594761
decision_type=2 2 2
left_child=1 2 -1
right_child=-2 -3 -4
leaf_value=-0.022841626622809336 0.0052527008373805389 0.0019142550484671889 0.0030125216945082198
leaf_weight=335.31784413789865 836.33065520192031 775.64139388600597 270.85721398494206
leaf_count=7459 24475 18613 4763
internal_value=-0.000350432 -0.00378808 -0.0111875
internal_weight=2218.15 1381.82 606.175
internal_count=55310 30835 12222
is_linear=0
shrinkage=0.0321881


Tree=230
num_leaves=4
num_cat=0
split_feature=16 14 5
split_gain=33.8497 48.3102 47.6863
threshold=239.27160430374002 515.39818577676044 2.2599968823303187
decision_type=10 10 2
left_child=1 2 -1
right_child=-2 -3 -4
leaf_value=-0.0041697676330575582 -0.026533967939918447 0.014900782029388592 0.0070583233480343913
leaf_weight=1380.4069780154969 48.292914617224596 221.31073325604666 545.07988302689046
leaf_count=39123 1078 2855 12282
internal_value=1.90899e-05 0.000648938 -0.000957691
internal_weight=2195.09 2146.8 1925.49
internal_count=55338 54260 51405
is_linear=0
shrinkage=0.0321881


Tree=231
num_leaves=4
num_cat=0
split_feature=6 28 7
split_gain=34.3436 62.8975 47.4314
threshold=110.86443063941785 0.77799701463433524 18058.933980119033
decision_type=2 2 2
left_child=2 -2 -1
right_child=1 -3 -4
leaf_value=-0.0005209132363032849 -0.011035254371638109 0.028483325570874796 -0.029231775988166047
leaf_weight=1961.6200691007543 64.385916808387265 109.28942176210694 61.480522465019021
leaf_count=51111 1236 1344 1352
internal_value=-0.000219943 0.0134715 -0.00142822
internal_weight=2196.78 173.675 2023.1
internal_count=55043 2580 52463
is_linear=0
shrinkage=0.0321881


Tree=232
num_leaves=4
num_cat=2
split_feature=41 43 5
split_gain=38.6249 40.4674 56.1761
threshold=0 1 2.749334418013635
decision_type=9 9 2
left_child=-1 2 -2
right_child=1 -3 -4
leaf_value=0.013944032872932293 0.023313195260789201 -0.0026649693932537235 -0.010490984088626906
leaf_weight=186.77681931393454 151.93565943674184 1772.1375091145164 73.366740690660663
leaf_count=2239 6197 44096 2501
internal_value=0.000324546 -0.000983484 0.011513
internal_weight=2184.22 1997.44 225.302
internal_count=55033 52794 8698
cat_boundaries=0 1 2
cat_threshold=530 16
is_linear=0
shrinkage=0.0321881


Tree=233
num_leaves=4
num_cat=0
split_feature=24 36 36
split_gain=33.3599 52.9027 59.9264
threshold=17.163661222387962 0.86415656182753497 0.1178144771612759
decision_type=2 2 2
left_child=-1 2 -2
right_child=1 -3 -4
leaf_value=-0.023649417652273672 0.0070441908102862622 -0.0015142247090878945 0.05096051744297319
leaf_weight=61.722321741981432 207.25230643968098 1879.3551426532213 39.223881579353474
leaf_count=8829 5257 40431 411
internal_value=-0.000354327 0.000294635 0.0143334
internal_weight=2187.55 2125.83 246.476
internal_count=54928 46099 5668
is_linear=0
shrinkage=0.0321881


Tree=234
num_leaves=4
num_cat=2
split_feature=21 44 43
split_gain=33.4976 56.1331 39.5265
threshold=124.02509785557065 0 1
decision_type=2 9 9
left_child=1 -1 -2
right_child=2 -3 -4
leaf_value=-0.0019980546255463669 0.017501022670548892 -0.028271093898280274 0.00062876824137265595
leaf_weight=567.30768918868853 152.1184767074883 91.436759053380229 1378.9102256886545
leaf_count=11456 5117 13412 25228
internal_value=-0.000114092 -0.00620971 0.00246759
internal_weight=2189.77 658.744 1531.03
internal_count=55213 24868 30345
cat_boundaries=0 1 2
cat_threshold=1065303 112
is_linear=0
shrinkage=0.0321881


Tree=235
num_leaves=4
num_cat=0
split_feature=16 16 11
split_gain=31.028 49.9367 52.5995
threshold=239.27160430374002 173.53395826599319 22.630754168841744
decision_type=10 10 10
left_child=1 -1 -3
right_child=-2 2 -4
leaf_value=-0.0020753515963438953 -0.026196623666949307 -0.017569487890611874 0.016454417306996302
leaf_weight=1790.0941605471889 47.247917021624744 53.837018593912944 302.06502336263657
leaf_count=49681 1069 956 3746
internal_value=-0.000455464 8.44258e-05 0.0111205
internal_weight=2193.24 2146 355.902
internal_count=55452 54383 4702
is_linear=0
shrinkage=0.0321881


Tree=236
num_leaves=4
num_cat=1
split_feature=21 44 5
split_gain=32.1835 52.9813 49.7166
threshold=127.87512626026513 0 3.1263823914360449
decision_type=2 9 2
left_child=1 -1 -2
right_child=2 -3 -4
leaf_value=-0.0019203200053125693 -0.00032866165254931314 -0.026967373252852159 0.014438833278279568
leaf_weight=590.06517317978432 1212.8283919241512 95.301611500210129 290.82939885288943
leaf_count=11731 25341 13764 4296
internal_value=-0.000118119 -0.00592553 0.00248706
internal_weight=2189.02 685.367 1503.66
internal_count=55132 25495 29637
cat_boundaries=0 1
cat_threshold=1065287
is_linear=0
shrinkage=0.0321881


Tree=237
num_leaves=4
num_cat=0
split_feature=31 3 2
split_gain=35.8616 44.0698 46.7201
threshold=-0.95757238309926529 98.96965728931373 46.187640368927141
decision_type=2 2 2
left_child=-1 2 -2
right_child=1 -3 -4
leaf_value=-0.010421487338027651 -0.014835185170097291 0.003639609940752513 0.026007258492569442
leaf_weight=299.85837044904474 253.02073656540597 1614.0976696870639 31.567838426213712
leaf_count=13923 3842 37164 346
internal_value=-5.37421e-05 0.00155118 -0.0100633
internal_weight=2198.54 1898.69 284.589
internal_count=55275 41352 4188
is_linear=0
shrinkage=0.0321881


Tree=238
num_leaves=4
num_cat=2
split_feature=41 13 44
split_gain=35.4002 36.866 53.2425
threshold=0 38.988307281615327 1
decision_type=9 10 9
left_child=-1 -2 -3
right_child=1 2 -4
leaf_value=0.014853868801262101 0.00019250867690950469 0.021053777880649403 -0.020713558927701558
leaf_weight=142.50995680555934 1834.0983091273229 29.7244903431274 172.90429339138791
leaf_count=1686 38243 470 14645
internal_value=-6.38132e-05 -0.00120747 -0.0142384
internal_weight=2179.24 2036.73 202.629
internal_count=55044 53358 15115
cat_boundaries=0 1 2
cat_threshold=514 576
is_linear=0
shrinkage=0.0321881


Tree=239
num_leaves=4
num_cat=1
split_feature=31 3 41
split_gain=36.4235 39.4756 41.5921
threshold=-0.91055667098116355 100.91732873398568 0
decision_type=2 2 9
left_child=-1 -2 -3
right_child=1 2 -4
leaf_value=-0.0075949159647085334 -0.0082568237290107267 0.013254525204691078 0.0010761306527221903
leaf_weight=471.36628373607527 288.89039297291311 409.94570383056998 1009.516302340955
leaf_count=21006 4358 11432 18363
internal_value=0.000290811 0.00250466 0.00474073
internal_weight=2179.72 1708.35 1419.46
internal_count=55159 34153 29795
cat_boundaries=0 1
cat_threshold=538
is_linear=0
shrinkage=0.0321881


Tree=240
num_leaves=4
num_cat=0
split_feature=14 25 33
split_gain=34.3931 61.8756 56.3502
threshold=260.66551492295844 15.4234992976257 0.23495285824683482
decision_type=8 2 2
left_child=1 -1 -3
right_child=-2 2 -4
leaf_value=-0.0078257820933930206 0.0028174015869611062 0.087353289218502772 -0.020881752636075269
leaf_weight=636.33222157461569 1531.7184807480662 13.407112152839547 6.4470066708163349
leaf_count=31250 20948 381 2839
internal_value=0.000147646 -0.00598603 0.0492053
internal_weight=2187.9 656.186 19.8541
internal_count=55418 34470 3220
is_linear=0
shrinkage=0.0321881


Tree=241
num_leaves=4
num_cat=1
split_feature=22 44 4
split_gain=33.9442 37.8627 39.9492
threshold=860.02152159692434 0 1150.7042175573936
decision_type=2 9 2
left_child=1 -1 -3
right_child=-2 2 -4
leaf_value=-0.014994067102520934 0.02507985087135535 -0.0023231939370577607 0.0076023602949971915
leaf_weight=162.30264951655408 54.786478920839727 1351.5310202887631 607.36313433287432
leaf_count=25257 893 21021 8035
internal_value=9.55747e-05 -0.000522427 0.000718633
internal_weight=2175.98 2121.2 1958.89
internal_count=55206 54313 29056
cat_boundaries=0 1
cat_threshold=1863936
is_linear=0
shrinkage=0.0321881


Tree=242
num_leaves=4
num_cat=1
split_feature=7 44 14
split_gain=38.2033 47.1868 54.2552
threshold=18058.933980119033 0 625.6022057944333
decision_type=2 9 8
left_child=1 2 -1
right_child=-2 -3 -4
leaf_value=0.0057422593798532031 -0.019266343974321535 -0.00240443893293899 0.048264428525174929
leaf_weight=831.18772278749384 94.397632214910118 1227.0185452221776 32.629903402761556
leaf_count=11016 1736 42220 416
internal_value=0.000685754 0.0016191 0.00734994
internal_weight=2185.23 2090.84 863.818
internal_count=55388 53652 11432
cat_boundaries=0 1
cat_threshold=131142
is_linear=0
shrinkage=0.0321881


Tree=243
num_leaves=4
num_cat=0
split_feature=33 22 32
split_gain=36.288 57.7925 55.3156
threshold=-0.58490782681436249 274.79203948475339 -0.32028511796077225
decision_type=2 2 2
left_child=2 -2 -1
right_child=1 -3 -4
leaf_value=-0.010418270490969805 -0.0050642651353654958 0.012333981633342919 0.0025915883468393191
leaf_weight=594.6448150666547 318.52170730632497 505.29639095754828 773.60182095033815
leaf_count=12292 15000 9511 18613
internal_value=0.000166537 0.00553029 -0.00301682
internal_weight=2192.06 823.818 1368.25
internal_count=55416 24511 30905
is_linear=0
shrinkage=0.0321881


Tree=244
num_leaves=4
num_cat=0
split_feature=22 33 32
split_gain=30.0394 33.5312 91.8265
threshold=793.05141413984541 -0.58490782681436249 -0.44347521516621685
decision_type=2 2 2
left_child=1 2 -1
right_child=-2 -3 -4
leaf_value=-0.01658967859328685 0.020540313061640322 0.0043139593690714392 0.0017960071733749512
leaf_weight=410.41469068988226 70.726745281019248 817.02973389683757 879.25196230848087
leaf_count=8807 1288 24358 20781
internal_value=-2.69363e-05 -0.00074989 -0.00400752
internal_weight=2177.42 2106.7 1289.67
internal_count=55234 53946 29588
is_linear=0
shrinkage=0.0321881


Tree=245
num_leaves=4
num_cat=0
split_feature=14 17 5
split_gain=32.1264 49.6121 37.2704
threshold=625.6022057944333 5.8875736995119352 2.2599968823303187
decision_type=10 10 2
left_child=1 2 -1
right_child=-2 -3 -4
leaf_value=-0.0030102064955393041 0.017799793052801754 -0.024544382061588994 0.0068088241978106331
leaf_weight=1428.5621821520035 94.73372135986574 90.9874669922865 555.65555259305984
leaf_count=30276 1478 13796 9619
internal_value=-0.000461208 -0.00132745 -0.000227928
internal_weight=2169.94 2075.21 1984.22
internal_count=55169 53691 39895
is_linear=0
shrinkage=0.0321881


Tree=246
num_leaves=4
num_cat=1
split_feature=10 5 44
split_gain=33.3516 34.9078 52.4099
threshold=1852.0097197816112 1.2765742026219604 0
decision_type=2 2 9
left_child=-1 2 -2
right_child=1 -3 -4
leaf_value=-0.03571353093234815 -0.017001373140533748 0.005300641116208136 0.00030650854197111088
leaf_weight=25.967729791067541 211.92345159559045 979.52052665455267 955.17221489199437
leaf_count=871 8752 22964 22484
internal_value=0.000327989 0.000797547 -0.00292756
internal_weight=2172.58 2146.62 1167.1
internal_count=55071 54200 31236
cat_boundaries=0 1
cat_threshold=530192
is_linear=0
shrinkage=0.0321881


Tree=247
num_leaves=4
num_cat=0
split_feature=16 16 11
split_gain=33.5779 45.3982 43.8166
threshold=239.27160430374002 169.3872464554814 21.825727939149996
decision_type=10 10 10
left_child=1 -1 -3
right_child=-2 2 -4
leaf_value=-0.0014907154693499743 -0.027250311318311113 -0.017122791010257845 0.014138649085424695
leaf_weight=1702.8235818303074 44.781612709164619 51.063438800396398 375.30325548746623
leaf_count=48589 1054 915 4660
internal_value=0.000218285 0.000828889 0.0102379
internal_weight=2173.97 2129.19 426.367
internal_count=55218 54164 5575
is_linear=0
shrinkage=0.0321881


Tree=248
num_leaves=4
num_cat=0
split_feature=14 10 17
split_gain=33.7119 70.8484 46.8429
threshold=477.08672232997924 13351.909525382785 5.5739758189163053
decision_type=8 2 10
left_child=2 -2 -1
right_child=1 -3 -4
leaf_value=0 0.0012240967835016362 0.036099298944610184 -0.0152918712362349
leaf_weight=1557.5834755850374 299.65428587148199 76.731531396741048 240.10950493707787
leaf_count=27908 4818 1324 21152
internal_value=-0.000202612 0.00852125 -0.00206545
internal_weight=2174.08 376.386 1797.69
internal_count=55202 6142 49060
is_linear=0
shrinkage=0.0321881


Tree=249
num_leaves=4
num_cat=0
split_feature=10 6 10
split_gain=31.0714 31.2154 72.8682
threshold=1852.0097197816112 102.63152803216244 6940.3108144270882
decision_type=2 2 2
left_child=-1 -2 -3
right_child=1 2 -4
leaf_value=-0.034154963287583176 -0.00083369118134466271 -0.038516398069821545 0.021334608896696926
leaf_weight=27.192457011726219 1960.8512854238797 23.491860833426472 156.8179288757965
leaf_count=891 51349 321 2471
internal_value=-9.16404e-05 0.000314947 0.0131438
internal_weight=2168.35 2141.16 180.31
internal_count=55032 54141 2792
is_linear=0
shrinkage=0.0321881


Tree=250
num_leaves=4
num_cat=0
split_feature=7 10 10
split_gain=31.571 30.1901 31.9296
threshold=29169.022129817862 1852.0097197816112 5148.1322057545576
decision_type=2 2 2
left_child=1 -1 -3
right_child=-2 2 -4
leaf_value=-0.033581347778924062 -0.029360950927139778 0.011203489020629905 -0.00096217152691680354
leaf_weight=27.079089688922977 38.295744293718599 253.46647777449107 1849.0816450314014
leaf_count=901 863 5839 47674
internal_value=-0.000483986 8.59457e-06 0.000475231
internal_weight=2167.92 2129.63 2102.55
internal_count=55277 54414 53513
is_linear=0
shrinkage=0.0321881


Tree=251
num_leaves=4
num_cat=0
split_feature=16 16 12
split_gain=35.7916 46.0912 65.592
threshold=239.27160430374002 162.79230519105528 34.153738377598394
decision_type=10 8 8
left_child=1 -1 -3
right_child=-2 2 -4
leaf_value=-0.0021102426608015858 -0.02828783787056648 -0.0068906526096802244 0.016337986676375309
leaf_weight=1573.0873556894658 44.863673273590393 184.10655805678107 377.96514372521779
leaf_count=46003 1089 2543 5802
internal_value=5.58823e-05 0.000684337 0.00861648
internal_weight=2180.02 2135.16 562.072
internal_count=55437 54348 8345
is_linear=0
shrinkage=0.0321881


Tree=252
num_leaves=4
num_cat=0
split_feature=22 33 32
split_gain=31.7687 34.4042 76.2212
threshold=860.02152159692434 -0.56935403399890683 -0.44347521516621685
decision_type=2 2 2
left_child=1 2 -1
right_child=-2 -3 -4
leaf_value=-0.015410190413776014 0.023947179645957984 0.0040735476540379482 0.00098274374468618414
leaf_weight=435.41385248838924 53.138866835972294 795.58948075474473 883.45484545122599
leaf_count=9394 884 23951 21073
internal_value=-0.000523057 -0.00117076 -0.00438276
internal_weight=2167.6 2114.46 1318.87
internal_count=55302 54418 30467
is_linear=0
shrinkage=0.0321881


Tree=253
num_leaves=4
num_cat=1
split_feature=27 1 41
split_gain=35.2115 32.6822 60.1671
threshold=0.0061632641799278425 12.218464411804009 0
decision_type=2 2 9
left_child=-1 -2 -3
right_child=1 2 -4
leaf_value=-0.012407948430110357 -0.0056288662278822553 -0.00050442986703514814 0.01355806417830567
leaf_weight=220.63941566876019 299.02917530451668 1231.1299944107886 410.46902263374068
leaf_count=9452 27027 14538 4206
internal_value=-0.000205651 0.00115022 0.00305395
internal_weight=2161.27 1940.63 1641.6
internal_count=55223 45771 18744
cat_boundaries=0 1
cat_threshold=2368
is_linear=0
shrinkage=0.0321881


Tree=254
num_leaves=4
num_cat=0
split_feature=33 36 22
split_gain=31.0703 42.529 73.7508
threshold=0.44731114000110844 0.86415656182753497 237.96514344038667
decision_type=2 2 2
left_child=1 2 -1
right_child=-2 -3 -4
leaf_value=0.00017811797258316639 -0.031259528199099954 -0.0011964843629731678 0.036443687894332499
leaf_weight=177.481305135414 32.195380577730248 1874.4787898352952 88.823531687492505
leaf_count=5920 6966 41043 1389
internal_value=0 0.000483078 0.0125348
internal_weight=2172.98 2140.78 266.305
internal_count=55318 48352 7309
is_linear=0
shrinkage=0.0321881


Tree=255
num_leaves=4
num_cat=0
split_feature=19 33 22
split_gain=30.7039 40.5009 41.2274
threshold=4.7418116126108778 -0.49839735902023335 474.45297268909468
decision_type=2 2 2
left_child=-1 2 -2
right_child=1 -3 -4
leaf_value=-0.0073105439380648949 -0.0025067126285534319 0.010264877428003192 0.0081036688926791056
leaf_weight=428.62628875096561 847.53085092140827 479.59469259579782 413.58588529308327
leaf_count=17357 18450 10718 8829
internal_value=0.00036885 0.00229712 -0.000683833
internal_weight=2169.34 1740.71 1261.12
internal_count=55354 37997 27279
is_linear=0
shrinkage=0.0321881


Tree=256
num_leaves=4
num_cat=1
split_feature=7 44 5
split_gain=30.1521 38.8475 52.0306
threshold=18058.933980119033 0 1.2547486284163036
decision_type=2 9 2
left_child=1 -1 -3
right_child=-2 2 -4
leaf_value=0.0060257686356403562 -0.017792719504804343 -0.0096036536844141783 0.003704175842734028
leaf_weight=871.06703218008624 93.572474728978705 600.80307978406199 608.09128232189687
leaf_count=11978 1741 24006 17692
internal_value=2.70911e-05 0.000861316 -0.00283409
internal_weight=2173.53 2079.96 1208.89
internal_count=55417 53676 41698
cat_boundaries=0 1
cat_threshold=132166
is_linear=0
shrinkage=0.0321881


Tree=257
num_leaves=4
num_cat=0
split_feature=7 1 16
split_gain=32.2928 32.4036 53.7195
threshold=22949.323804558877 11.320451717568281 95.09104018983254
decision_type=2 2 8
left_child=1 2 -1
right_child=-2 -3 -4
leaf_value=-0.028695588241834841 -0.019130753739568948 0.0029005916293031492 0.0010225840343872001
leaf_weight=93.803395472903503 82.949474303371971 1797.5191520962398 179.45884869073052
leaf_count=23790 1546 22044 7789
internal_value=0.000484991 0.00130359 -0.00896199
internal_weight=2153.73 2070.78 273.262
internal_count=55169 53623 31579
is_linear=0
shrinkage=0.0321881


Tree=258
num_leaves=4
num_cat=0
split_feature=16 14 21
split_gain=29.12 39.207 42.4976
threshold=252.2395949047214 477.08672232997924 135.62599098186817
decision_type=10 10 2
left_child=1 2 -1
right_child=-2 -3 -4
leaf_value=-0.0089044394731491155 -0.034666328213391766 0.010339899946547298 0.0017532654821211698
leaf_weight=560.39413820498157 24.668063073884696 342.44844190619187 1238.0028950516717
leaf_count=23519 641 4378 26789
internal_value=-3.57761e-05 0.000337301 -0.00153308
internal_weight=2165.51 2140.85 1798.4
internal_count=55327 54686 50308
is_linear=0
shrinkage=0.0321881


Tree=259
num_leaves=4
num_cat=0
split_feature=5 3 22
split_gain=33.4482 55.9813 49.5475
threshold=1.2765742026219604 269.01945732545664 860.02152159692434
decision_type=2 2 2
left_child=1 2 -1
right_child=-2 -3 -4
leaf_value=-0.0083440377487629756 0.0040396286692182025 0.01266188934994443 0.032379191807437105
leaf_weight=958.17173039601767 1001.6522584236809 175.0268144661095 31.183099039131775
leaf_count=29150 23617 2097 485
internal_value=-0.000241027 -0.0039782 -0.00698869
internal_weight=2166.03 1164.38 989.355
internal_count=55349 31732 29635
is_linear=0
shrinkage=0.0321881


Tree=260
num_leaves=4
num_cat=0
split_feature=22 36 36
split_gain=30.0131 46.8486 54.6948
threshold=55.318045189355722 0.86415656182753497 0.1178144771612759
decision_type=2 2 2
left_child=-1 2 -2
right_child=1 -3 -4
leaf_value=-0.024652849902680091 0.006866528347851281 -0.0011158648325438492 0.048996607951671274
leaf_weight=49.667081770312507 209.79101832251763 1866.1365186414623 38.813087563612498
leaf_count=9268 4893 40838 426
internal_value=0 0.000601833 0.0137404
internal_weight=2164.41 2114.74 248.604
internal_count=55425 46157 5319
is_linear=0
shrinkage=0.0321881


Tree=261
num_leaves=4
num_cat=0
split_feature=22 36 21
split_gain=29.2649 38.1372 54.1149
threshold=49.279103679472094 0.9066013681922277 100.21125009002381
decision_type=2 2 2
left_child=-1 -2 -3
right_child=1 2 -4
leaf_value=-0.025619544697629941 0.011708884706152656 -0.012481921019095163 0.0012422885349766338
leaf_weight=44.590915882203262 281.20159578311723 262.83783087629126 1577.3280867877766
leaf_count=8941 6282 7880 32232
internal_value=8.26234e-05 0.000655703 -0.00100005
internal_weight=2165.96 2121.37 1840.17
internal_count=55335 46394 40112
is_linear=0
shrinkage=0.0321881


Tree=262
num_leaves=4
num_cat=1
split_feature=7 22 44
split_gain=30.6382 28.7037 30.2936
threshold=29169.022129817862 860.02152159692434 0
decision_type=2 2 9
left_child=1 2 -1
right_child=-2 -3 -4
leaf_value=0.0019238607778790532 -0.02923971787351182 0.024234465693298055 -0.0078054208788705306
leaf_weight=1680.2055407972657 35.992233433760703 51.73115991987288 402.23597145956592
leaf_count=23857 886 868 29684
internal_value=7.78869e-05 0.000605353 0
internal_weight=2170.16 2134.17 2082.44
internal_count=55295 54409 53541
cat_boundaries=0 1
cat_threshold=131159
is_linear=0
shrinkage=0.0321881


Tree=263
num_leaves=4
num_cat=0
split_feature=10 14 16
split_gain=35.9671 69.4431 34.001
threshold=17028.649055687976 377.62883853312661 239.27160430374002
decision_type=2 10 10
left_child=2 -2 -1
right_child=1 -3 -4
leaf_value=-0.00015472856037559583 -0.014558592515295586 0.073469780599121515 -0.02926233014703385
leaf_weight=2068.6975298248581 15.805194843007483 19.149702823255211 42.313039462373126
leaf_count=53276 656 219 1054
internal_value=-0.000204149 0.032027 -0.000771548
internal_weight=2145.97 34.9549 2111.01
internal_count=55205 875 54330
is_linear=0
shrinkage=0.0321881


Tree=264
num_leaves=4
num_cat=0
split_feature=3 14 25
split_gain=29.6375 36.169 41.7926
threshold=91.155056852088379 214.65326728546248 15.4234992976257
decision_type=2 8 2
left_child=-1 2 -2
right_child=1 -3 -4
leaf_value=-0.011760709130183504 -0.01028764269696488 0.0029651071166050392 0.047399188750845818
leaf_weight=215.89263775816653 364.30221337339026 1574.0478782197461 12.924540823209098
leaf_count=3290 22980 26623 2410
internal_value=-0.000432141 0.00078991 -0.00811392
internal_weight=2167.17 1951.27 377.227
internal_count=55303 52013 25390
is_linear=0
shrinkage=0.0321881


Tree=265
num_leaves=4
num_cat=1
split_feature=2 4 41
split_gain=28.4527 48.0491 46.5549
threshold=26.411321495617265 1428.6443317743144 0
decision_type=2 2 9
left_child=1 -1 -2
right_child=2 -3 -4
leaf_value=-0.01305786385334823 -0.00088644993061198611 0.0080191979095924799 0.01255091615141685
leaf_weight=374.1794909799064 1290.2971285976237 155.79825790767791 324.49004590231925
leaf_count=26476 16414 8777 3450
internal_value=-0.000245145 -0.00674087 0.00184801
internal_weight=2144.76 529.978 1614.79
internal_count=55117 35253 19864
cat_boundaries=0 1
cat_threshold=2370
is_linear=0
shrinkage=0.0321881


Tree=266
num_leaves=4
num_cat=2
split_feature=43 4 44
split_gain=30.5742 36.0759 54.9895
threshold=0 1392.0913207897131 1
decision_type=9 2 9
left_child=1 -1 -3
right_child=-2 2 -4
leaf_value=-0.00039688918126166148 -0.009413102258791323 0.016423392397500791 -0.011541331273322283
leaf_weight=1464.7473375960544 274.62555224006064 316.6855870585423 85.266093904414447
leaf_count=27280 18697 3391 5809
internal_value=0.000379624 0.00189571 0.0104509
internal_weight=2141.32 1866.7 401.952
internal_count=55177 36480 9200
cat_boundaries=0 1 2
cat_threshold=113 131143
is_linear=0
shrinkage=0.0321881


Tree=267
num_leaves=4
num_cat=0
split_feature=33 36 32
split_gain=30.6081 38.2407 59.273
threshold=0.38460323484912112 0.86415656182753497 0.56476636605733566
decision_type=2 2 2
left_child=1 2 -1
right_child=-2 -3 -4
leaf_value=0.023268161863170659 -0.030521266086671325 -0.00070161342458106043 -0.0090650532700281526
leaf_weight=174.78475075925235 32.372736194025492 1865.8139438461803 84.833449639845639
leaf_count=2530 7342 41127 4427
internal_value=0.000373324 0.000877198 0.0124591
internal_weight=2157.8 2125.43 259.618
internal_count=55426 48084 6957
is_linear=0
shrinkage=0.0321881


Tree=268
num_leaves=4
num_cat=0
split_feature=33 29 23
split_gain=29.2098 37.4325 43.9702
threshold=0.33006599651090129 9.6164141444641675 0.98745658659457081
decision_type=2 2 2
left_child=1 2 -1
right_child=-2 -3 -4
leaf_value=-0.015655014546992949 -0.025593646508744721 0.018338455456430515 0.0011850090319795237
leaf_weight=175.83012461318867 44.28179232365801 118.11313392268494 1817.0580455518211
leaf_count=5845 7758 1707 40017
internal_value=0.000169075 0.000742472 -0.000270494
internal_weight=2155.28 2111 1992.89
internal_count=55327 47569 45862
is_linear=0
shrinkage=0.0321881


Tree=269
num_leaves=4
num_cat=0
split_feature=10 31 31
split_gain=31.463 30.8761 28.6106
threshold=1852.0097197816112 0.48293586773733516 -0.93014605181474497
decision_type=2 2 2
left_child=-1 2 -2
right_child=1 -3 -4
leaf_value=-0.035027436115796791 -0.0062158255832163662 -0.013819191136865137 0.0035118788553539981
leaf_weight=25.898636829108 386.4059701533115 144.22189418139169 1592.3805101390753
leaf_count=898 18067 1908 34352
internal_value=4.04471e-05 0.000502101 0.00157961
internal_weight=2148.91 2123.01 1978.79
internal_count=55225 54327 52419
is_linear=0
shrinkage=0.0321881


Tree=270
num_leaves=4
num_cat=0
split_feature=33 36 21
split_gain=28.3197 36.9697 60.4825
threshold=0.38460323484912112 0.86415656182753497 120.09926084060132
decision_type=2 2 2
left_child=1 -1 -3
right_child=-2 2 -4
leaf_value=0.011626195983689564 -0.03003024146106742 -0.012758079832688745 0.0016209940895544688
leaf_weight=261.88824283570284 32.156512852205196 379.5411414373084 1481.2091407439439
leaf_count=6899 7314 11158 29984
internal_value=-0.000141713 0.000284376 -0.00127896
internal_weight=2154.8 2122.64 1860.75
internal_count=55355 48041 41142
is_linear=0
shrinkage=0.0321881


Tree=271
num_leaves=4
num_cat=1
split_feature=7 4 44
split_gain=29.2158 27.6673 57.7026
threshold=29169.022129817862 1150.7042175573936 0
decision_type=2 2 9
left_child=1 -1 -3
right_child=-2 2 -4
leaf_value=-0.0016321517438795631 -0.028571669416215334 0.01127374831805281 -0.011409450174571
leaf_weight=1460.9629424479499 35.414627889782423 512.51232391549274 139.15691186281038
leaf_count=35877 874 6342 12269
internal_value=0.00027661 0.000793497 0.00632783
internal_weight=2148.05 2112.63 651.669
internal_count=55362 54488 18611
cat_boundaries=0 1
cat_threshold=131143
is_linear=0
shrinkage=0.0321881


Tree=272
num_leaves=4
num_cat=0
split_feature=10 0 21
split_gain=27.0969 50.8991 34.8976
threshold=17028.649055687976 869.4522804115951 124.02509785557065
decision_type=2 2 2
left_child=2 -2 -1
right_child=1 -3 -4
leaf_value=-0.0072208986760404483 -0.007878140572002772 0.066957451784151467 0.0018593586952242815
leaf_weight=617.71179126694915 17.426129226194462 17.30244354554452 1495.8667869519559
leaf_count=24398 708 203 29992
internal_value=-0.00027061 0.0277859 -0.000764806
internal_weight=2148.31 34.7286 2113.58
internal_count=55301 911 54390
is_linear=0
shrinkage=0.0321881


Tree=273
num_leaves=4
num_cat=1
split_feature=41 3 0
split_gain=34.2817 31.5918 36.9309
threshold=0 91.155056852088379 84.792410160337297
decision_type=9 2 2
left_child=-1 -2 -3
right_child=1 2 -4
leaf_value=0.01469658546750228 -0.013522449712794721 -0.016865591499936571 0.0012892609414279354
leaf_weight=138.83546622749418 197.33287384622963 124.45833068719367 1680.6023167695384
leaf_count=1673 3118 22081 28528
internal_value=-0.000164886 -0.00129564 1.59035e-07
internal_weight=2141.23 2002.39 1805.06
internal_count=55400 53727 50609
cat_boundaries=0 1
cat_threshold=514
is_linear=0
shrinkage=0.0321881


Tree=274
num_leaves=4
num_cat=2
split_feature=41 43 5
split_gain=27.8485 28.9957 55.9548
threshold=0 1 2.749334418013635
decision_type=9 9 2
left_child=-1 2 -2
right_child=1 -3 -4
leaf_value=0.017422616002975403 0.020840271523856511 -0.0024327822661741197 -0.012104438272711083
leaf_weight=78.199919182690792 158.15755636736867 1818.2288479882118 77.802275549067417
leaf_count=919 6385 45103 2599
internal_value=-0.000228545 -0.00101331 0.00931235
internal_weight=2132.39 2054.19 235.96
internal_count=55006 54087 8984
cat_boundaries=0 1 2
cat_threshold=512 16
is_linear=0
shrinkage=0.0321881


Tree=275
num_leaves=4
num_cat=0
split_feature=16 14 18
split_gain=30.5806 31.8349 32.1368
threshold=239.27160430374002 625.6022057944333 3.3761883385915641
decision_type=10 10 2
left_child=1 2 -1
right_child=-2 -3 -4
leaf_value=-0.0047359696183929025 -0.027435911742380668 0.020798172186070982 0.0034239903656164434
leaf_weight=942.79109815219999 41.562697815417778 75.95934308716096 1060.8558583653357
leaf_count=29176 1073 1098 23742
internal_value=-0.000156196 0.000361452 -0.000383898
internal_weight=2121.17 2079.61 2003.65
internal_count=55089 54016 52918
is_linear=0
shrinkage=0.0321881


Tree=276
num_leaves=4
num_cat=0
split_feature=7 4 32
split_gain=24.7748 35.9445 42.9794
threshold=18058.933980119033 851.58924074061713 -0.79921805120272671
decision_type=2 2 2
left_child=-1 2 -2
right_child=1 -3 -4
leaf_value=4.430846454300487e-05 0.034551340680998459 -0.039799389705380862 -0.023976292095058756
leaf_weight=2038.6240665272635 22.131680541671813 40.074449963285588 30.772860984929139
leaf_count=53517 300 890 578
internal_value=-0.000666547 -0.0168963 0
internal_weight=2131.6 92.979 52.9045
internal_count=55285 1768 878
is_linear=0
shrinkage=0.0321881


Tree=277
num_leaves=4
num_cat=0
split_feature=22 5 4
split_gain=27.586 29.194 56.3929
threshold=860.02152159692434 1.1933804447768981 991.72579145473298
decision_type=2 2 2
left_child=1 2 -1
right_child=-2 -3 -4
leaf_value=-0.011699323756513219 0.022840296773166065 0.0031259842164821959 0.0030878821729284009
leaf_weight=546.8633227966202 52.530664313584566 1021.352785680705 512.17760623962386
leaf_count=15474 881 24752 14339
internal_value=-0.000107186 -0.000719766 -0.00448866
internal_weight=2132.92 2080.39 1059.04
internal_count=55446 54565 29813
is_linear=0
shrinkage=0.0321881


Tree=278
num_leaves=4
num_cat=0
split_feature=6 22 10
split_gain=25.6614 59.389 38.4601
threshold=120.74919192556575 302.67641302844464 5148.1322057545576
decision_type=2 2 2
left_child=2 -2 -1
right_child=1 -3 -4
leaf_value=0.010071761147341951 -0.026194414389767159 0.023285234679338501 -0.0030736116491819256
leaf_weight=265.08545330830384 30.669955327903153 117.55669956014026 1707.8239056924649
leaf_count=6515 754 1600 46221
internal_value=-0.000273735 0.0125928 -0.00127409
internal_weight=2121.14 148.227 1972.91
internal_count=55090 2354 52736
is_linear=0
shrinkage=0.0321881


Tree=279
num_leaves=4
num_cat=0
split_feature=26 5 30
split_gain=27.9879 28.4203 53.1408
threshold=0.053547843923390473 3.2108432958407218 -0.27471786112115798
decision_type=2 2 2
left_child=-1 -2 -3
right_child=1 2 -4
leaf_value=-0.0045820946308657929 0.00049806111946877835 -0.00083422062591936798 0.024033641228642801
leaf_weight=870.50168182939524 1022.6247292894404 80.348376284149708 162.21707005152712
leaf_count=26602 24674 1216 2737
internal_value=-0.000111941 0.00291365 0.0128247
internal_weight=2135.69 1265.19 242.565
internal_count=55229 28627 3953
is_linear=0
shrinkage=0.0321881


Tree=280
num_leaves=4
num_cat=0
split_feature=20 5 30
split_gain=28.6198 25.3151 58.9545
threshold=42.828335457909041 3.1094430513884137 -0.26599447516430064
decision_type=2 2 2
left_child=-1 -2 -3
right_child=1 2 -4
leaf_value=-0.0064826302191297869 0 -0.0022153781658601872 0.020927984875677701
leaf_weight=546.32031011671643 1272.7020145582501 113.91543856111821 205.59125052945456
leaf_count=22773 27618 1551 3335
internal_value=-9.90934e-05 0.00205187 0.0101488
internal_weight=2138.53 1592.21 319.507
internal_count=55277 32504 4886
is_linear=0
shrinkage=0.0321881


Tree=281
num_leaves=4
num_cat=0
split_feature=7 3 4
split_gain=31.2049 27.7641 32.5904
threshold=27284.216455418657 73.794624413481046 1284.4477110031942
decision_type=2 2 2
left_child=1 -1 -3
right_child=-2 2 -4
leaf_value=-0.014312363179038504 -0.023866496946003356 -0.00029781937240889534 0.0092099550488723547
leaf_weight=112.39948265242856 52.604201310954522 1462.4161473911663 496.1075351900945
leaf_count=1742 1133 37870 14632
internal_value=0.00050448 0.00115695 0.00207887
internal_weight=2123.53 2070.92 1958.52
internal_count=55377 54244 52502
is_linear=0
shrinkage=0.0321881


Tree=282
num_leaves=4
num_cat=0
split_feature=33 32 21
split_gain=26.5082 52.8227 88.3322
threshold=-0.58490782681436249 -0.40447031256035565 258.12565732101922
decision_type=2 2 2
left_child=1 2 -1
right_child=-2 -3 -4
leaf_value=-0.02366326384794722 0.0038960531971017798 0.0013213376075127011 0.0040133974475864706
leaf_weight=281.39796854642918 806.17162434387137 837.62623331841314 201.42984901217278
leaf_count=6472 24528 20523 3711
internal_value=-0.000665319 -0.00349858 -0.0119887
internal_weight=2126.63 1320.45 482.828
internal_count=55234 30706 10183
is_linear=0
shrinkage=0.0321881


Tree=283
num_leaves=4
num_cat=0
split_feature=33 36 32
split_gain=26.7188 44.2519 54.4147
threshold=0.33006599651090129 0.86415656182753497 0.6535453831768987
decision_type=2 2 2
left_child=1 2 -1
right_child=-2 -3 -4
leaf_value=0.023377220679148179 -0.024813049638900162 -0.00061026504695521719 -0.0093742279535482653
leaf_weight=178.64298487117048 41.744068888918264 1831.4439267190755 71.000161275675055
leaf_count=2640 7786 41166 3801
internal_value=0.000547959 0.00109004 0.0138075
internal_weight=2122.83 2081.09 249.643
internal_count=55393 47607 6441
is_linear=0
shrinkage=0.0321881


Tree=284
num_leaves=4
num_cat=1
split_feature=10 13 44
split_gain=29.2303 27.9056 53.3375
threshold=17232.405951515368 39.075385928848981 0
decision_type=2 10 9
left_child=1 -1 -3
right_child=-2 2 -4
leaf_value=0.00056030994247872445 0.034470116892447569 0.021388226761029534 -0.019459852704543694
leaf_weight=1915.1224732169358 24.681953531078761 32.025135988602415 161.30754020126187
leaf_count=39602 644 494 14517
internal_value=-0.000145819 -0.000585072 -0.0122469
internal_weight=2133.14 2108.46 193.333
internal_count=55257 54613 15011
cat_boundaries=0 1
cat_threshold=576
is_linear=0
shrinkage=0.0321881


Tree=285
num_leaves=4
num_cat=1
split_feature=10 10 44
split_gain=25.5799 27.034 83.9979
threshold=1852.0097197816112 5305.4882687268982 0
decision_type=2 2 9
left_child=-1 2 -2
right_child=1 -3 -4
leaf_value=-0.03231313098198043 0.035946063721491936 -0.0012169786359115995 -0.0017987797092257174
leaf_weight=25.127859386295313 76.251617548754439 1804.8056602549914 202.47550176532241
leaf_count=885 939 48046 5379
internal_value=-0.000167721 0.000193023 0.00954463
internal_weight=2108.66 2083.53 278.727
internal_count=55249 54364 6318
cat_boundaries=0 1
cat_threshold=580
is_linear=0
shrinkage=0.0321881


Tree=286
num_leaves=4
num_cat=2
split_feature=41 43 17
split_gain=27.6027 31.9743 42.5584
threshold=0 1 5.8980865809378082
decision_type=9 9 10
left_child=-1 2 -2
right_child=1 -3 -4
leaf_value=0.013193893528114885 0.01686410540662071 -0.0026092000409722758 -0.021682304700655151
leaf_weight=139.67866927478462 185.19746047104127 1764.323293458001 33.821388676267816
leaf_count=1693 4685 44792 4071
internal_value=-9.40989e-05 -0.00112434 0.0101416
internal_weight=2123.02 1983.34 219.019
internal_count=55241 53548 8756
cat_boundaries=0 1 2
cat_threshold=514 16
is_linear=0
shrinkage=0.0321881


Tree=287
num_leaves=4
num_cat=0
split_feature=33 22 7
split_gain=26.2003 44.0408 54.2175
threshold=-0.58490782681436249 274.79203948475339 4288.1658257764875
decision_type=2 2 2
left_child=-1 -2 -3
right_child=1 2 -4
leaf_value=-0.0025973101458010585 -0.0047663285769114841 0.0029664410405831096 0.025182391618414297
leaf_weight=1312.667266034463 302.02129625121597 323.8889913232415 174.79499040584778
leaf_count=30723 14968 6666 2799
internal_value=0.000170321 0.00478649 0.0106992
internal_weight=2113.37 800.705 498.684
internal_count=55156 24433 9465
is_linear=0
shrinkage=0.0321881


Tree=288
num_leaves=4
num_cat=0
split_feature=15 10 21
split_gain=25.081 27.7159 28.5901
threshold=1.2765736017164584 17232.405951515368 269.59631354446009
decision_type=10 2 2
left_child=1 2 -1
right_child=-2 -3 -4
leaf_value=-0.001740162211807082 -0.021030288398786155 0.036253938225692346 0.0078813451342175586
leaf_weight=1631.1305976367439 57.176442291529384 22.042752226494486 397.53968269668985
leaf_count=32589 15703 456 6520
internal_value=-1.8893e-05 0.000538238 0.000114583
internal_weight=2107.89 2050.71 2028.67
internal_count=55268 39565 39109
is_linear=0
shrinkage=0.0321881


Tree=289
num_leaves=4
num_cat=0
split_feature=16 14 10
split_gain=25.2277 33.7662 47.3671
threshold=245.76312220911777 477.08672232997924 12268.483927934414
decision_type=10 8 2
left_child=1 2 -1
right_child=-2 -3 -4
leaf_value=0.0016700257133723572 -0.028625983347933204 0.0097185117352072969 -0.010411563605184394
leaf_weight=1290.5880547862616 31.379303701512981 335.02754768799059 452.0993714935903
leaf_count=34574 858 5412 14325
internal_value=-6.49015e-05 0.000339014 -0.0014287
internal_weight=2109.09 2077.71 1742.69
internal_count=55169 54311 48899
is_linear=0
shrinkage=0.0321881


Tree=290
num_leaves=4
num_cat=0
split_feature=10 10 5
split_gain=24.9982 40.1895 79.8634
threshold=2341.890354427087 5228.5455051193921 4.5965564026476526
decision_type=2 2 2
left_child=-1 2 -2
right_child=1 -3 -4
leaf_value=-0.025544345161346377 0.01764476361150312 -0.0011952093563796769 -0.051781685105610376
leaf_weight=38.804351229366148 236.14582819843781 1812.9358580725675 17.897250203764997
leaf_count=1292 5453 48167 217
internal_value=0 0.000453455 0.0124595
internal_weight=2105.78 2066.98 254.043
internal_count=55129 53837 5670
is_linear=0
shrinkage=0.0321881


Tree=291
num_leaves=4
num_cat=0
split_feature=13 16 12
split_gain=31.2545 42.8848 52.2448
threshold=36.997541478182292 173.53395826599319 30.793644264740621
decision_type=10 10 10
left_child=1 -1 -3
right_child=-2 2 -4
leaf_value=-0.00028190046672950332 -0.0084295441991102896 -0.025219393961224801 0.020178479599918538
leaf_weight=1486.9251761673077 385.31702996676904 28.66522238845937 208.70581068808679
leaf_count=32104 20104 498 2505
internal_value=-0.000116462 0.00170518 0.0144084
internal_weight=2109.61 1724.3 237.371
internal_count=55211 35107 3003
is_linear=0
shrinkage=0.0321881


Tree=292
num_leaves=4
num_cat=1
split_feature=43 5 22
split_gain=24.5696 54.9787 50.2029
threshold=0 2.749334418013635 237.96514344038667
decision_type=9 2 2
left_child=1 -1 -3
right_child=-2 2 -4
leaf_value=0.020838477018419038 -0.0012083229183646751 -0.0360845152891811 0.014567113302517816
leaf_weight=160.95707108365605 1882.4842531752074 41.818409890373005 36.794936381222215
leaf_count=6597 46214 1280 1374
internal_value=1.42424e-05 0.0095311 -0.0115967
internal_weight=2122.05 239.57 78.6133
internal_count=55465 9251 2654
cat_boundaries=0 1
cat_threshold=16
is_linear=0
shrinkage=0.0321881


Tree=293
num_leaves=4
num_cat=0
split_feature=5 3 22
split_gain=30.5809 51.6564 42.561
threshold=1.2281615895464035 275.73631405835721 860.02152159692434
decision_type=2 2 2
left_child=1 2 -1
right_child=-2 -3 -4
leaf_value=-0.0076498040182598655 0.0041164568903220905 0.014400426934717265 0.029137772956769569
leaf_weight=941.57480343364296 989.86175552391796 141.02005176839884 32.879358257632703
leaf_count=28895 24177 1681 506
internal_value=0 -0.00365524 -0.00633641
internal_weight=2105.34 1115.47 974.454
internal_count=55259 31082 29401
is_linear=0
shrinkage=0.0321881


Tree=294
num_leaves=4
num_cat=0
split_feature=31 7 5
split_gain=25.5624 28.4469 31.9237
threshold=-0.94819013869093083 18058.933980119033 5.3371275850235866
decision_type=2 2 2
left_child=-1 2 -2
right_child=1 -3 -4
leaf_value=-0.0088750652606725353 0.0012645972001394654 -0.018889147194928495 0.036664239416708051
leaf_weight=318.72927429410629 1700.9628431632009 70.756110093876487 26.766370091354474
leaf_count=15499 38018 1372 548
internal_value=-0.000456569 0.00100093 0.00185483
internal_weight=2117.21 1798.49 1727.73
internal_count=55437 39938 38566
is_linear=0
shrinkage=0.0321881


Tree=295
num_leaves=4
num_cat=0
split_feature=15 23 36
split_gain=25.2815 26.2566 28.4782
threshold=1.2735365734213813 0.21908085336708158 0.86415656182753497
decision_type=10 2 2
left_child=1 -1 -3
right_child=-2 2 -4
leaf_value=-0.010611840381981274 -0.020268738892285768 0.013674258806839949 0.00084760582845088859
leaf_weight=178.5041302187019 58.52270746222348 202.69545911581372 1681.878238827514
leaf_count=6175 15958 6073 27161
internal_value=0.000494511 0.00111663 0.00226252
internal_weight=2121.6 2063.08 1884.57
internal_count=55367 39409 33234
is_linear=0
shrinkage=0.0321881


Tree=296
num_leaves=4
num_cat=0
split_feature=14 17 15
split_gain=24.2733 44.1164 34.5488
threshold=625.6022057944333 5.8875736995119352 1.033181445573051
decision_type=10 10 10
left_child=1 -1 -2
right_child=2 -3 -4
leaf_value=0.00038022404688111566 0 -0.023886362408515778 0.041556719190799382
leaf_weight=1930.4277850909566 56.439018615172245 80.498959997465136 34.710169063648209
leaf_count=39904 955 13798 542
internal_value=0.00014444 -0.000562216 0.0163926
internal_weight=2102.08 2010.93 91.1492
internal_count=55199 53702 1497
is_linear=0
shrinkage=0.0321881


Tree=297
num_leaves=4
num_cat=0
split_feature=3 0 16
split_gain=25.0466 31.3645 24.5364
threshold=73.794624413481046 78.339922872495478 252.2395949047214
decision_type=2 2 8
left_child=-1 -2 -3
right_child=1 2 -4
leaf_value=-0.014731388647034528 -0.014010756469149104 0.0023571091850599318 -0.029645959197792403
leaf_weight=114.10292788504739 137.4041321229015 1824.7598118390306 24.683152560843155
leaf_count=1784 21447 31047 921
internal_value=-5.40641e-05 0.000758445 0.00189181
internal_weight=2100.95 1986.85 1849.44
internal_count=55199 53415 31968
is_linear=0
shrinkage=0.0321881


Tree=298
num_leaves=4
num_cat=0
split_feature=10 21 10
split_gain=27.6246 31.599 38.3636
threshold=17232.405951515368 137.09648120930279 10724.468802961337
decision_type=2 2 2
left_child=1 -1 -3
right_child=-2 2 -4
leaf_value=-0.005802656464542452 0.034058996611133104 0.0072682277131872397 -0.0016132879356756055
leaf_weight=704.7876103654562 24.37042897020001 811.88158269290579 561.44822274602484
leaf_count=26731 634 15136 12602
internal_value=0.000135779 -0.000235236 0.00257608
internal_weight=2102.49 2078.12 1373.33
internal_count=55103 54469 27738
is_linear=0
shrinkage=0.0321881


Tree=299
num_leaves=4
num_cat=1
split_feature=2 4 44
split_gain=27.3772 43.4217 52.6787
threshold=26.411321495617265 1348.5476928190751 0
decision_type=2 2 9
left_child=1 2 -1
right_child=-2 -3 -4
leaf_value=-0.025813259766483923 0.0021101181305913769 0.0067993887403522257 -0.00015724782753788187
leaf_weight=159.5951010682038 1593.6172068119049 165.61458490608493 182.41164307939471
leaf_count=11708 20016 10080 13342
internal_value=6.18781e-06 -0.00647134 -0.013084
internal_weight=2101.24 507.621 342.007
internal_count=55146 35130 25050
cat_boundaries=0 1
cat_threshold=1704961
is_linear=0
shrinkage=0.0321881


Tree=300
num_leaves=4
num_cat=2
split_feature=15 43 42
split_gain=23.8408 27.16 47.8652
threshold=1.2619787131071349 0 1
decision_type=10 9 9
left_child=1 2 -1
right_child=-2 -3 -4
leaf_value=0.018012111051220994 -0.018655340959076578 -0.00062860824304728456 -0.019174651930595959
leaf_weight=182.47891288832761 68.231015683093574 1810.6162954083411 35.07553071458824
leaf_count=4437 17551 32683 501
internal_value=0 0.000655873 0.0111447
internal_weight=2096.4 2028.17 217.554
internal_count=55172 37621 4938
cat_boundaries=0 1 2
cat_threshold=16 262658
is_linear=0
shrinkage=0.0321881


Tree=301
num_leaves=4
num_cat=0
split_feature=31 10 30
split_gain=24.9292 30.7484 29.7675
threshold=-0.8801218606185669 9751.827212544993 0.70782043976016518
decision_type=2 2 2
left_child=1 -1 -2
right_child=2 -3 -4
leaf_value=0.00075681574096539438 0.0048895915960325441 -0.014565111212225385 -0.0043940656614010337
leaf_weight=280.30409990405315 1048.5230431650125 250.01636733300984 537.11498088901863
leaf_count=10658 21220 13478 9808
internal_value=-0.000284524 -0.00634984 0.00170452
internal_weight=2115.96 530.32 1585.64
internal_count=55164 24136 31028
is_linear=0
shrinkage=0.0321881


Tree=302
num_leaves=4
num_cat=0
split_feature=33 32 21
split_gain=23.966 51.2054 91.6674
threshold=-0.58490782681436249 -0.40447031256035565 256.10438141077287
decision_type=2 2 2
left_child=1 2 -1
right_child=-2 -3 -4
leaf_value=-0.023160622458401659 0.004693106710616254 0.0024036795287239576 0.0052540925088879744
leaf_weight=269.84749706543516 807.57641889972729 827.95938869245583 202.92597644164925
leaf_count=6471 24626 20410 3841
internal_value=0.000311911 -0.00235961 -0.0108332
internal_weight=2108.31 1300.73 472.773
internal_count=55348 30722 10312
is_linear=0
shrinkage=0.0321881


Tree=303
num_leaves=4
num_cat=0
split_feature=10 10 5
split_gain=25.2638 25.8768 71.0455
threshold=1852.0097197816112 5148.1322057545576 4.5965564026476526
decision_type=2 2 2
left_child=-1 2 -2
right_child=1 -3 -4
leaf_value=-0.033812454634854709 0.014262119945706905 -0.0015977333355028877 -0.050620275906041824
leaf_weight=23.291194888937753 237.45823405944975 1819.3390608754416 18.310029020358343
leaf_count=875 5665 48537 231
internal_value=-0.000626718 -0.000219729 0.00932594
internal_weight=2098.4 2075.11 255.768
internal_count=55308 54433 5896
is_linear=0
shrinkage=0.0321881


Tree=304
num_leaves=4
num_cat=1
split_feature=14 1 41
split_gain=24.4553 27.2505 26.3122
threshold=158.76879771733442 26.546474758131481 0
decision_type=8 2 9
left_child=1 -1 -2
right_child=2 -3 -4
leaf_value=-0.019328221820654624 0.015193271045087485 0.01404624298052547 -0.00021364834324326092
leaf_weight=125.18491075496422 111.8114869222336 29.323517940472811 1841.4810978952446
leaf_count=7170 1313 315 46480
internal_value=-0.000230819 -0.0125708 0.000714095
internal_weight=2107.8 154.508 1953.29
internal_count=55278 7485 47793
cat_boundaries=0 1
cat_threshold=514
is_linear=0
shrinkage=0.0321881


Tree=305
num_leaves=4
num_cat=0
split_feature=7 4 32
split_gain=23.6984 38.5259 35.0941
threshold=18058.933980119033 851.58924074061713 -0.82536368391043158
decision_type=2 2 2
left_child=-1 2 -2
right_child=1 -3 -4
leaf_value=0.00053829534759316578 0.034225046329754656 -0.040204200969313382 -0.021047180717252187
leaf_weight=2028.1400409781199 20.620318477536784 39.231457491550827 26.974495912116254
leaf_count=53530 262 911 568
internal_value=-0.000137159 -0.0166049 0.00161866
internal_weight=2114.97 86.8263 47.5948
internal_count=55271 1741 830
is_linear=0
shrinkage=0.0321881


Tree=306
num_leaves=4
num_cat=1
split_feature=5 44 4
split_gain=28.0408 40.3545 47.5205
threshold=1.0785478940601203 0 2147.2063652574311
decision_type=2 9 2
left_child=1 -1 -3
right_child=-2 2 -4
leaf_value=0.0016614125425235143 0.0025666238313511928 -0.0148006996899604 0.045899107987688439
leaf_weight=438.53781569589046 1252.8760592546896 384.93320898630191 13.14705854267231
leaf_count=12143 31414 11375 281
internal_value=-0.000446719 -0.00503491 -0.0123012
internal_weight=2089.49 836.618 398.08
internal_count=55213 23799 11656
cat_boundaries=0 1
cat_threshold=402502
is_linear=0
shrinkage=0.0321881


Tree=307
num_leaves=4
num_cat=1
split_feature=5 5 44
split_gain=24.3009 58.771 55.4748
threshold=1.2765742026219604 1.7610103609431051 0
decision_type=2 2 9
left_child=2 -2 -1
right_child=1 -3 -4
leaf_value=-0.01834322616511664 0.037692479998663563 0.0017277593784555448 2.541941561727688e-05
leaf_weight=197.06866246068967 49.767083423386794 922.69311162360827 926.89120536406699
leaf_count=8741 866 22711 22937
internal_value=-5.16894e-05 0.00364252 -0.00330471
internal_weight=2096.42 972.46 1123.96
internal_count=55255 23577 31678
cat_boundaries=0 1
cat_threshold=529168
is_linear=0
shrinkage=0.0321881


Tree=308
num_leaves=4
num_cat=1
split_feature=41 33 21
split_gain=27.4072 29.3572 40.6728
threshold=0 -0.50857178501565647 100.21125009002381
decision_type=9 2 2
left_child=-1 2 -2
right_child=1 -3 -4
leaf_value=0.016957374963661904 -0.017761271525059741 0.0041208388018040979 -0.0016856957726120703
leaf_weight=79.047878056764603 192.61843470850727 684.88871930603636 1145.268496203149
leaf_count=955 6907 22448 25192
internal_value=-0.000454463 -0.00124595 -0.00405047
internal_weight=2101.82 2022.78 1337.89
internal_count=55502 54547 32099
cat_boundaries=0 1
cat_threshold=512
is_linear=0
shrinkage=0.0321881


Tree=309
num_leaves=4
num_cat=0
split_feature=33 25 12
split_gain=21.8333 33.948 39.5802
threshold=0.44731114000110844 15.4234992976257 20.055879550307036
decision_type=2 2 8
left_child=1 -1 -3
right_child=-2 2 -4
leaf_value=-0.00024991845588639332 -0.02957454697493999 0.07628508369621434 -0.0034163050551221218
leaf_weight=2039.3849064545066 25.645464342902415 12.820363704813646 9.9059863963630033
leaf_count=47413 6954 188 723
internal_value=-0.000180779 0.000157249 0.0390943
internal_weight=2087.76 2062.11 22.7264
internal_count=55278 48324 911
is_linear=0
shrinkage=0.0321881


Tree=310
num_leaves=4
num_cat=0
split_feature=14 10 10
split_gain=24.7441 63.6805 46.8958
threshold=477.08672232997924 13248.34120414236 9870.3486186253213
decision_type=8 2 2
left_child=-1 2 -2
right_child=1 -3 -4
leaf_value=-0.0016380773033051197 0.0098087561286130578 0.033550292166282067 -0.017565604591730934
leaf_weight=1728.3127227089717 193.14336840523174 76.986230614013039 97.103752493363572
leaf_count=49157 2945 1409 1834
internal_value=0 0.00755934 0.00042439
internal_weight=2095.55 367.233 290.247
internal_count=55345 6188 4779
is_linear=0
shrinkage=0.0321881


Tree=311
num_leaves=4
num_cat=1
split_feature=10 10 44
split_gain=25.1082 32.5488 85.6673
threshold=2700.9472781792688 5228.5455051193921 0
decision_type=2 2 9
left_child=-1 2 -2
right_child=1 -3 -4
leaf_value=-0.021336360717244141 0.038437544473844204 -0.00051101196957876842 -0.0013169106228558478
leaf_weight=53.425882297422504 73.379221010254696 1794.7968482942233 168.51936776327784
leaf_count=1787 830 48116 4439
internal_value=0.000346955 0.00094943 0.0120383
internal_weight=2090.12 2036.7 241.899
internal_count=55172 53385 5269
cat_boundaries=0 1
cat_threshold=580
is_linear=0
shrinkage=0.0321881


Tree=312
num_leaves=4
num_cat=1
split_feature=10 10 44
split_gain=24.6136 26.4004 67.3601
threshold=2864.271796874139 5062.0128595555425 0
decision_type=2 2 9
left_child=-1 2 -2
right_child=1 -3 -4
leaf_value=-0.020070980386975884 0.035937971931738116 -0.00058803622405153471 -0.0013827339300247537
leaf_weight=61.042065531190019 64.890030294191092 1816.5538399737852 147.25048330021673
leaf_count=1993 735 48625 3887
internal_value=0 0.00063404 0.0113875
internal_weight=2089.74 2028.69 212.141
internal_count=55240 53247 4622
cat_boundaries=0 1
cat_threshold=580
is_linear=0
shrinkage=0.0321881


Tree=313
num_leaves=4
num_cat=0
split_feature=26 6 22
split_gain=25.7782 29.5837 27.3684
threshold=0.078925654429168213 110.86443063941785 860.02152159692434
decision_type=2 2 2
left_child=-1 2 -2
right_child=1 -3 -4
leaf_value=-0.0038432460339193602 0.00053129783568611375 0.020527264997839276 0.026801411753586947
leaf_weight=952.32367287480156 989.31552585191093 95.48348888347391 42.966231857892126
leaf_count=29786 23150 1432 686
internal_value=2.46603e-05 0.00334744 0.00169232
internal_weight=2080.09 1127.77 1032.28
internal_count=55054 25268 23836
is_linear=0
shrinkage=0.0321881


Tree=314
num_leaves=4
num_cat=1
split_feature=33 23 44
split_gain=23.2474 42.2242 35.9797
threshold=-0.58490782681436249 30.704088585252133 0
decision_type=2 2 9
left_child=1 -1 -2
right_child=2 -3 -4
leaf_value=-0.0081098627781611282 0.010862216564895971 0.0034780421924011074 -0.0026309420860977334
leaf_weight=710.37044320051791 400.2593143839913 592.38319625041913 394.37255651653686
leaf_count=19530 5679 11319 18701
internal_value=-0.000116171 -0.0027921 0.00419025
internal_weight=2097.39 1302.75 794.632
internal_count=55229 30849 24380
cat_boundaries=0 1
cat_threshold=12358
is_linear=0
shrinkage=0.0321881


Tree=315
num_leaves=4
num_cat=0
split_feature=13 16 15
split_gain=25.716 39.2897 40.9207
threshold=36.997541478182292 173.53395826599319 1.033181445573051
decision_type=10 10 10
left_child=1 -1 -3
right_child=-2 2 -4
leaf_value=-0.00044927703028353614 -0.0078584902303353282 -0.0013320576284660184 0.025328458960598894
leaf_weight=1476.876944292424 374.19037917561946 99.433378087356687 134.1695026679663
leaf_count=32340 20059 1377 1627
internal_value=-0.000191 0.00144999 0.0137181
internal_weight=2084.67 1710.48 233.603
internal_count=55403 35344 3004
is_linear=0
shrinkage=0.0321881


Tree=316
num_leaves=4
num_cat=0
split_feature=16 16 12
split_gain=22.5643 26.1223 68.1788
threshold=252.2395949047214 173.53395826599319 33.632366827881171
decision_type=10 10 10
left_child=1 -1 -3
right_child=-2 2 -4
leaf_value=-0.00098917883099982912 -0.032674376303907175 -0.011647890319906188 0.017888801316654591
leaf_weight=1711.2439655576891 20.990126713353675 116.09979234018829 253.29828829038888
leaf_count=49581 639 1859 3324
internal_value=0.000286764 0.000653578 0.00843175
internal_weight=2101.63 2080.64 369.398
internal_count=55403 54764 5183
is_linear=0
shrinkage=0.0321881


Tree=317
num_leaves=4
num_cat=0
split_feature=7 32 22
split_gain=24.7897 28.4862 24.4285
threshold=18058.933980119033 -0.82536368391043158 43.832722246845755
decision_type=2 2 2
left_child=2 -2 -1
right_child=1 -3 -4
leaf_value=-0.026330336311599853 0.0049575531121941957 -0.031597241367297926 0.0010539855734898764
leaf_weight=34.000323634521919 32.810202818393009 53.657017862948123 1974.7114277113869
leaf_count=8131 476 1267 45425
internal_value=-0.00014092 -0.0170162 0.000555711
internal_weight=2095.18 86.4672 2008.71
internal_count=55299 1743 53556
is_linear=0
shrinkage=0.0321881


Tree=318
num_leaves=4
num_cat=0
split_feature=26 5 30
split_gain=24.346 30.1856 46.5157
threshold=0.091810524880570524 3.2108432958407218 -0.26599447516430064
decision_type=2 2 2
left_child=-1 -2 -3
right_child=1 2 -4
leaf_value=-0.0032816507365185828 0.00096714433122955547 0.00021536063000507331 0.025441646729474361
leaf_weight=987.36897938868788 864.04298377616215 66.312681733717909 144.53478017193265
leaf_count=30889 20861 1015 2404
internal_value=0.000332898 0.00371237 0.0146467
internal_weight=2062.26 1074.89 210.847
internal_count=55169 24280 3419
is_linear=0
shrinkage=0.0321881


Tree=319
num_leaves=4
num_cat=0
split_feature=23 33 32
split_gain=21.6464 26.071 27.9466
threshold=3.6404526854931816 -0.45420332222707954 -0.13292918145108887
decision_type=2 2 2
left_child=-1 2 -2
right_child=1 -3 -4
leaf_value=-0.00686285619517585 -0.0026921102790780998 0.0085294324252203329 0.0059125031882395606
leaf_weight=399.30846664929413 803.2939769771765 410.39682257652748 447.71515644143801
leaf_count=17567 16511 9349 11383
internal_value=-0.000107409 0.00147864 -0.00078467
internal_weight=2060.71 1661.41 1251.01
internal_count=54810 37243 27894
is_linear=0
shrinkage=0.0321881


Tree=320
num_leaves=4
num_cat=2
split_feature=9 42 43
split_gain=21.9044 22.6817 27.2098
threshold=20.820060876130992 0 1
decision_type=10 9 9
left_child=1 -1 -3
right_child=-2 2 -4
leaf_value=0.012895885117042953 -0.029994080381778213 0.0097766062366865941 -0.0019861825306441466
leaf_weight=128.47568957024487 24.779235956259072 220.26835391223722 1709.5988638456911
leaf_count=2551 468 9207 43257
internal_value=-2.88814e-05 0.000304324 -0.000566286
internal_weight=2083.12 2058.34 1929.87
internal_count=55483 55015 52464
cat_boundaries=0 1 2
cat_threshold=393804 112
is_linear=0
shrinkage=0.0321881


Tree=321
num_leaves=4
num_cat=0
split_feature=22 25 16
split_gain=23.2888 36.8877 23.3142
threshold=41.283544454084073 17.39875745826777 74.662266856827344
decision_type=2 2 8
left_child=-1 2 -2
right_child=1 -3 -4
leaf_value=-0.027352151409175598 -0.0093201364534327407 0.048269185113287948 0.0012211676837689609
leaf_weight=31.706762251138571 246.84159251008532 16.267654240014963 1805.9116214772512
leaf_count=8236 17150 599 29368
internal_value=-5.26269e-05 0.000338029 -1.63187e-05
internal_weight=2100.73 2069.02 2052.75
internal_count=55353 47117 46518
is_linear=0
shrinkage=0.0321881


Tree=322
num_leaves=4
num_cat=0
split_feature=36 36 21
split_gain=22.41 60.6049 39.168
threshold=0.86415656182753497 0.1178144771612759 93.58438577301564
decision_type=2 2 2
left_child=1 -1 -2
right_child=2 -3 -4
leaf_value=0.0018686355000843661 -0.014348669871471511 0.045666574056954692 9.3159999475901816e-05
leaf_weight=240.75173663876194 220.30843264237046 38.368509796040598 1581.8776828192931
leaf_count=13669 7354 457 33605
internal_value=-0.000294379 0.00815083 -0.0016386
internal_weight=2081.31 279.12 1802.19
internal_count=55085 14126 40959
is_linear=0
shrinkage=0.0321881


Tree=323
num_leaves=4
num_cat=0
split_feature=6 10 22
split_gain=22.3035 59.0918 46.8265
threshold=110.86443063941785 7156.3509772076313 298.27595072913863
decision_type=2 2 2
left_child=-1 -2 -3
right_child=1 2 -4
leaf_value=-0.00065608029685404793 -0.035397920788578188 -0.019312217650298492 0.029325051493253818
leaf_weight=1926.9113722309121 22.186973307980224 23.34593896206934 110.54405465663876
leaf_count=52751 327 646 1580
internal_value=0.000261141 0.0119764 0.0203503
internal_weight=2082.99 156.077 133.89
internal_count=55304 2553 2226
is_linear=0
shrinkage=0.0321881


Tree=324
num_leaves=4
num_cat=1
split_feature=10 10 44
split_gain=23.6046 21.7872 64.0458
threshold=1852.0097197816112 5228.5455051193921 0
decision_type=2 2 9
left_child=-1 2 -2
right_child=1 -3 -4
leaf_value=-0.031972767921847216 0.031177956484172237 -0.0014506788027843602 -0.0020408713636314506
leaf_weight=24.248223588379915 76.585940213641152 1777.8755749155243 188.52773215042544
leaf_count=908 892 48311 5183
internal_value=-0.000544004 -0.000136139 0.00843267
internal_weight=2067.24 2042.99 265.114
internal_count=55294 54386 6075
cat_boundaries=0 1
cat_threshold=580
is_linear=0
shrinkage=0.0321881


Tree=325
num_leaves=4
num_cat=3
split_feature=42 43 41
split_gain=24.0878 26.1567 35.3572
threshold=0 1 2
decision_type=9 9 9
left_child=-1 -2 -3
right_child=1 2 -4
leaf_value=-0.011398838542704837 0.011246536091106023 0.015763872108139815 -0.0018297366512311376
leaf_weight=172.35366111362237 211.27247032336891 117.39566973719047 1581.0582725586282
leaf_count=2435 8948 1313 42517
internal_value=-0.000204618 0.000828947 -0.000489248
internal_weight=2082.08 1909.73 1698.45
internal_count=55213 52778 43830
cat_boundaries=0 1 2 3
cat_threshold=83040 16 514
is_linear=0
shrinkage=0.0321881


Tree=326
num_leaves=4
num_cat=0
split_feature=14 15 0
split_gain=25.7394 31.8387 28.8066
threshold=625.6022057944333 1.012167009856193 1725.2644726033075
decision_type=8 10 2
left_child=2 -2 -1
right_child=1 -3 -4
leaf_value=0 0 0.034291726867865052 -0.026233201225944573
leaf_weight=1916.3706362421362 55.38611815078184 50.031632716418244 44.076472845394164
leaf_count=51353 1989 758 918
internal_value=0.000226978 0.0157246 -0.00057568
internal_weight=2065.86 105.418 1960.45
internal_count=55018 2747 52271
is_linear=0
shrinkage=0.0321881


Tree=327
num_leaves=4
num_cat=0
split_feature=7 4 32
split_gain=24.6796 30.2764 33.3594
threshold=18058.933980119033 851.58924074061713 -0.79921805120272671
decision_type=2 2 2
left_child=-1 2 -2
right_child=1 -3 -4
leaf_value=0.00074228066824109115 0.03116740744670337 -0.038835066787878139 -0.023282949070131113
leaf_weight=1994.7033016760979 20.168645086698234 36.787829692068044 26.955211753462208
leaf_count=53360 286 885 573
internal_value=0 -0.017053 0
internal_weight=2078.61 83.9117 47.1239
internal_count=55104 1744 859
is_linear=0
shrinkage=0.0321881


Tree=328
num_leaves=4
num_cat=0
split_feature=33 25 14
split_gain=22.5783 34.7022 25.3325
threshold=0.38460323484912112 17.39875745826777 299.09397811734965
decision_type=2 2 8
left_child=1 2 -1
right_child=-2 -3 -4
leaf_value=-0.0048331421787369665 -0.029352427354579758 0.046447226422680531 0.0025336003280831032
leaf_weight=801.30406565486919 27.25210279415478 16.304619159753202 1213.5061399279512
leaf_count=31773 7310 609 15384
internal_value=-0.000375832 0 -0.000364819
internal_weight=2058.37 2031.11 2014.81
internal_count=55076 47766 47157
is_linear=0
shrinkage=0.0321881


Tree=329
num_leaves=4
num_cat=0
split_feature=7 33 29
split_gain=20.6073 20.7794 28.9954
threshold=29169.022129817862 0.44731114000110844 9.6164141444641675
decision_type=2 2 2
left_child=1 2 -1
right_child=-2 -3 -4
leaf_value=-6.9606421388319499e-05 -0.025415902515323142 -0.030214106198658535 0.015771625559257905
leaf_weight=1891.3248683972633 31.971956812078133 22.180292208344326 127.03759641220677
leaf_count=45588 858 6819 2030
internal_value=9.10121e-05 0.000524779 0.000897636
internal_weight=2072.51 2040.54 2018.36
internal_count=55295 54437 47618
is_linear=0
shrinkage=0.0321881


Tree=330
num_leaves=4
num_cat=0
split_feature=26 5 30
split_gain=22.8605 32.7861 56.6622
threshold=0.1180001002646759 3.1094430513884137 -0.27471786112115798
decision_type=2 2 2
left_child=-1 -2 -3
right_child=1 2 -4
leaf_value=-0.0034355319583180216 0.00029690694608091971 -4.9033213274642097e-05 0.026737043752200387
leaf_weight=1036.6054871018423 812.47863903723191 69.985419902397553 145.22299567842856
leaf_count=32291 19180 1099 2511
internal_value=-3.28167e-05 0.00333747 0.0145079
internal_weight=2064.29 1027.69 215.208
internal_count=55081 22790 3610
is_linear=0
shrinkage=0.0321881


Tree=331
num_leaves=4
num_cat=0
split_feature=10 6 30
split_gain=22.3522 23.276 53.4911
threshold=1852.0097197816112 110.86443063941785 -0.53554186408412063
decision_type=2 2 2
left_child=-1 -2 -3
right_child=1 2 -4
leaf_value=-0.032792090591194908 -0.0008982232024160521 -0.01652708946366975 0.024104121601464003
leaf_weight=21.413396105970605 1894.3539956801687 45.746761355985655 112.42167460315977
leaf_count=891 51619 543 2039
internal_value=-0.000250634 6.15796e-05 0.0119432
internal_weight=2073.94 2052.52 158.168
internal_count=55092 54201 2582
is_linear=0
shrinkage=0.0321881


Tree=332
num_leaves=4
num_cat=0
split_feature=16 16 12
split_gain=20.5791 25.4614 62.3426
threshold=239.27160430374002 160.92441352496181 33.169481792695571
decision_type=10 8 10
left_child=1 2 -1
right_child=-2 -3 -4
leaf_value=0.0014128601785121659 -0.024163349660951988 0.0063163578785048061 -0.01551484770409926
leaf_weight=1197.3277090475021 35.506550777645316 563.08757953904569 276.27423408374307
leaf_count=30071 1048 8709 15491
internal_value=1.58004e-05 0.000471358 -0.00171955
internal_weight=2072.2 2036.69 1473.6
internal_count=55319 54271 45562
is_linear=0
shrinkage=0.0321881


Tree=333
num_leaves=4
num_cat=0
split_feature=31 30 5
split_gain=20.6888 25.6621 55.8419
threshold=-0.95880987548668395 0.71704307393945788 2.2599968823303187
decision_type=2 2 2
left_child=-1 -2 -3
right_child=1 2 -4
leaf_value=-0.009124294033297297 0.0028482804596249274 -0.012598778283910978 0.010424748628637627
leaf_weight=271.59939762107388 1283.6788128686894 362.80455422932573 153.07209074127604
leaf_count=13771 31902 7057 2474
internal_value=-0.000837765 0.000378533 -0.00564213
internal_weight=2071.15 1799.56 515.877
internal_count=55204 41433 9531
is_linear=0
shrinkage=0.0321881


Tree=334
num_leaves=4
num_cat=0
split_feature=14 17 15
split_gain=23.7801 42.3517 28.0697
threshold=625.6022057944333 5.7729940148899219 1.033181445573051
decision_type=10 10 10
left_child=1 -1 -2
right_child=2 -3 -4
leaf_value=0.00038994573046861701 8.9002280455270904e-05 -0.019196719399538643 0.03797969770639345
leaf_weight=1846.9576570426725 53.484393683145754 121.38783685803355 36.158505125669762
leaf_count=37210 917 16495 559
internal_value=-1.76565e-05 -0.000787774 0.0161411
internal_weight=2057.99 1968.35 89.6429
internal_count=55181 53705 1476
is_linear=0
shrinkage=0.0321881


Tree=335
num_leaves=4
num_cat=0
split_feature=16 17 30
split_gain=23.7756 46.0326 37.4444
threshold=164.6116912506337 5.0832921439756893 0.63778306553448061
decision_type=8 10 2
left_child=1 -1 -2
right_child=2 -3 -4
leaf_value=0.00078252957849974053 0.011076521598275175 -0.012571559347370526 -0.0073939819314787752
leaf_weight=1179.1069821120182 387.75207346648676 343.01818343733612 156.44058204759494
leaf_count=21189 6545 25011 2415
internal_value=-9.17418e-05 -0.00218653 0.00564886
internal_weight=2066.32 1522.13 544.193
internal_count=55160 46200 8960
is_linear=0
shrinkage=0.0321881


Tree=336
num_leaves=4
num_cat=0
split_feature=14 3 5
split_gain=25.2054 28.611 27.72
threshold=197.734122460576 98.96965728931373 1.3931687899062928
decision_type=8 2 2
left_child=-1 2 -2
right_child=1 -3 -4
leaf_value=-0.008934230528106506 -0.019424738685365466 0.0028186716309525684 0.0021765087386522489
leaf_weight=297.46998693804198 127.25674103479832 1536.4828190291446 109.78559420982492
leaf_count=19320 2156 32317 1570
internal_value=-0.000242198 0.00118079 -0.00915956
internal_weight=2071 1773.53 237.042
internal_count=55363 36043 3726
is_linear=0
shrinkage=0.0321881


Tree=337
num_leaves=4
num_cat=0
split_feature=14 10 12
split_gain=21.9855 52.2449 39.603
threshold=477.08672232997924 13303.411122680578 41.64893062074902
decision_type=8 2 10
left_child=-1 2 -2
right_child=1 -3 -4
leaf_value=-0.001426375618597977 -0.0031356170464090032 0.031093861313057379 0.035487800543645219
leaf_weight=1703.4957081346074 255.65200306952465 75.554745617322624 30.485482832649723
leaf_count=49177 4361 1365 468
internal_value=7.29647e-05 0.00730684 0.000782922
internal_weight=2065.19 361.692 286.137
internal_count=55371 6194 4829
is_linear=0
shrinkage=0.0321881


Tree=338
num_leaves=4
num_cat=0
split_feature=10 21 32
split_gain=22.4364 48.5808 46.1539
threshold=10685.801208771538 43.1090704658126 -0.18489403244617203
decision_type=2 2 2
left_child=1 -1 -3
right_child=-2 2 -4
leaf_value=-0.022010688882259388 -0.0045009303904700679 -0.00026248882921129036 0.013682687771604508
leaf_weight=78.764731869043317 864.98993525959668 782.12312003341503 352.80331610463327
leaf_count=6757 25286 14975 8256
internal_value=-0.000515519 0.00227271 0.00401835
internal_weight=2078.68 1213.69 1134.93
internal_count=55274 29988 23231
is_linear=0
shrinkage=0.0321881


Tree=339
num_leaves=4
num_cat=0
split_feature=33 32 22
split_gain=22.429 63.3447 79.6563
threshold=-0.67058950410137164 -0.40447031256035565 493.86898641357237
decision_type=2 2 2
left_child=1 2 -1
right_child=-2 -3 -4
leaf_value=-0.02857380540066724 0.0039421240048563193 0.0020608376265002348 0.0023509054341088222
leaf_weight=186.99823745363392 921.82207764968916 803.63815362428431 153.47656287119025
leaf_count=4534 27229 20041 3360
internal_value=0.000177412 -0.00280038 -0.0144549
internal_weight=2065.94 1144.11 340.475
internal_count=55164 27935 7894
is_linear=0
shrinkage=0.0321881


Tree=340
num_leaves=4
num_cat=0
split_feature=22 14 3
split_gain=22.6361 24.7342 23.732
threshold=860.02152159692434 159.96338123185549 64.589036356953741
decision_type=2 8 2
left_child=1 -1 -3
right_child=-2 2 -4
leaf_value=-0.012886743539924826 0.021839856828403292 -0.018366153934844288 0.001305822491860009
leaf_weight=152.24320362115395 48.278918385971338 65.407828364055604 1804.4414998743741
leaf_count=7718 876 1058 45828
internal_value=8.78298e-05 -0.000402519 0.000581392
internal_weight=2070.37 2022.09 1869.85
internal_count=55480 54604 46886
is_linear=0
shrinkage=0.0321881


Tree=341
num_leaves=4
num_cat=1
split_feature=31 5 44
split_gain=21.7319 23.3322 40.1822
threshold=0.48293586773733516 1.1301619397703162 0
decision_type=2 2 9
left_child=1 2 -1
right_child=-2 -3 -4
leaf_value=-0.017096981695130329 -0.012131069162574941 0.0043577791507936944 0.00043884965894688105
leaf_weight=154.36067355611885 138.46087985541089 1036.8076769615727 732.69677537726238
leaf_count=7288 1925 26785 19114
internal_value=0.000138119 0.00105562 -0.00273234
internal_weight=2062.33 1923.87 887.057
internal_count=55112 53187 26402
cat_boundaries=0 1
cat_threshold=528896
is_linear=0
shrinkage=0.0321881


Tree=342
num_leaves=4
num_cat=0
split_feature=10 10 5
split_gain=19.6956 22.6474 62.4363
threshold=2341.890354427087 5148.1322057545576 4.5965564026476526
decision_type=2 2 2
left_child=-1 2 -2
right_child=1 -3 -4
leaf_value=-0.023661331122104317 0.014126259836784732 -0.0007824718689822493 -0.049576908345184342
leaf_weight=35.471683099429356 231.51866790745407 1784.9823767701018 16.536712046479806
leaf_count=1302 5309 48393 216
internal_value=4.5317e-06 0.00045148 0.00957967
internal_weight=2068.51 2033.04 248.055
internal_count=55220 53918 5525
is_linear=0
shrinkage=0.0321881


Tree=343
num_leaves=4
num_cat=0
split_feature=22 5 3
split_gain=23.586 25.6748 35.73
threshold=901.12307251692062 1.1933804447768981 273.55299991045126
decision_type=2 2 2
left_child=1 2 -1
right_child=-2 -3 -4
leaf_value=-0.0064512347944338131 0.02503047620558525 0.0031793202234705023 0.011411441180910588
leaf_weight=886.65057414212788 38.071148223243654 993.39273210728425 131.09034531968064
leaf_count=28045 663 24638 1618
internal_value=0 -0.000465569 -0.00408574
internal_weight=2049.2 2011.13 1017.74
internal_count=54964 54301 29663
is_linear=0
shrinkage=0.0321881


Tree=344
num_leaves=4
num_cat=2
split_feature=31 43 41
split_gain=23.421 27.2116 33.1989
threshold=-0.8801218606185669 0 1
decision_type=2 9 9
left_child=-1 2 -2
right_child=1 -3 -4
leaf_value=-0.0057625059609289955 0.011634134662434053 -0.0093090334140417709 0.00045446024263319854
leaf_weight=521.71933747974981 382.71551987851853 177.74234318784147 978.04965189470386
leaf_count=24128 8483 8829 13853
internal_value=9.67858e-05 0.00212569 0.0037086
internal_weight=2060.23 1538.51 1360.77
internal_count=55293 31165 22336
cat_boundaries=0 1 2
cat_threshold=113 538
is_linear=0
shrinkage=0.0321881


Tree=345
num_leaves=4
num_cat=0
split_feature=18 22 5
split_gain=21.1045 19.7721 18.6387
threshold=-0.44977544774891559 860.02152159692434 1.1376019748501982
decision_type=2 2 2
left_child=-1 2 -2
right_child=1 -3 -4
leaf_value=-0.007263152933542163 -0.0028235797064289718 0.022322288191719365 0.0039979880997523254
leaf_weight=348.65354543128342 766.87053325019951 45.644278183113784 893.17704256167053
leaf_count=11471 21542 833 21470
internal_value=-1.96186e-05 0.00142447 0.000808401
internal_weight=2054.35 1705.69 1660.05
internal_count=55316 43845 43012
is_linear=0
shrinkage=0.0321881


Tree=346
num_leaves=4
num_cat=0
split_feature=10 10 5
split_gain=19.3348 27.4416 64.619
threshold=3017.8778959562333 5148.1322057545576 4.1247688822828552
decision_type=2 2 2
left_child=-1 2 -2
right_child=1 -3 -4
leaf_value=-0.017296427801833842 0.017221712625581899 -0.00059144519621203567 -0.046285380171385677
leaf_weight=63.69956310132693 194.42076297545282 1777.3037724042515 17.476503614976536
leaf_count=2171 4327 48642 256
internal_value=8.9713e-05 0.000680474 0.0116378
internal_weight=2052.9 1989.2 211.897
internal_count=55396 53225 4583
is_linear=0
shrinkage=0.0321881


Tree=347
num_leaves=4
num_cat=0
split_feature=6 32 4
split_gain=21.0534 47.0171 38.1978
threshold=110.86443063941785 -0.097105270184525236 1055.089479042525
decision_type=2 2 2
left_child=2 -2 -1
right_child=1 -3 -4
leaf_value=-0.00419479741430283 0.019606439199982069 -0.029318863145720686 0.0052605602488305092
leaf_weight=1210.2775838684611 128.79979528771946 23.054576836264459 695.04998804097704
leaf_count=31720 1847 721 20949
internal_value=0.000176489 0.0117257 -0.0007119
internal_weight=2057.18 151.854 1905.33
internal_count=55237 2568 52669
is_linear=0
shrinkage=0.0321881


Tree=348
num_leaves=4
num_cat=1
split_feature=31 33 44
split_gain=25.4958 23.2995 41.7586
threshold=0.48293586773733516 -0.58490782681436249 0
decision_type=2 2 9
left_child=1 -1 -3
right_child=-2 2 -4
leaf_value=-0.0017836944276880258 -0.013232354396691362 0.012814762338450943 -0.0022244095588972784
leaf_weight=1183.4079202561115 140.03793041894096 377.24924089193519 365.9318525249837
leaf_count=29722 1959 5421 18300
internal_value=0 0.000980962 0.00546812
internal_weight=2066.63 1926.59 743.181
internal_count=55402 53443 23721
cat_boundaries=0 1
cat_threshold=12358
is_linear=0
shrinkage=0.0321881


Tree=349
num_leaves=4
num_cat=0
split_feature=0 3 5
split_gain=19.3312 27.4625 24.3727
threshold=68.673034092646091 98.96965728931373 1.3931687899062928
decision_type=2 2 2
left_child=-1 2 -2
right_child=1 -3 -4
leaf_value=-0.01285625738482736 -0.018919443500183788 0.0019967274375100662 0.0010499846440567555
leaf_weight=118.65819354663836 132.08065870418795 1683.9796209199412 110.49157544961781
leaf_count=19828 2201 31470 1548
internal_value=-0.000239089 0.000506443 -0.00956891
internal_weight=2045.21 1926.55 242.572
internal_count=55047 35219 3749
is_linear=0
shrinkage=0.0321881


Tree=350
num_leaves=4
num_cat=0
split_feature=22 36 22
split_gain=19.0872 22.8387 50.366
threshold=36.597790025664175 0.9066013681922277 233.18290997575983
decision_type=2 2 2
left_child=-1 2 -2
right_child=1 -3 -4
leaf_value=-0.027271819276237504 -0.0022955370666331472 -0.0015550809419304227 0.025909049214488906
leaf_weight=27.146048801747384 163.90070888803166 1730.7430551649886 105.30859129276359
leaf_count=7880 5290 39994 1931
internal_value=-0.00056453 -0.000166991 0.00851416
internal_weight=2027.1 1999.95 269.209
internal_count=55095 47215 7221
is_linear=0
shrinkage=0.0321881


Tree=351
num_leaves=4
num_cat=1
split_feature=14 17 43
split_gain=19.222 36.4319 33.1543
threshold=625.6022057944333 5.8401670903868013 0
decision_type=10 10 9
left_child=1 2 -1
right_child=-2 -3 -4
leaf_value=0.012529593995516472 0.014367411908797032 -0.02090796777670087 -0.0012516994696124182
leaf_weight=191.99911080909078 91.104783892165869 88.399757225939538 1689.783382509384
leaf_count=5101 1486 14854 33878
internal_value=-3.45155e-05 -0.000734459 0.000181894
internal_weight=2061.29 1970.18 1881.78
internal_count=55319 53833 38979
cat_boundaries=0 1
cat_threshold=112
is_linear=0
shrinkage=0.0321881


Tree=352
num_leaves=4
num_cat=1
split_feature=26 44 7
split_gain=19.8877 24.5406 23.2665
threshold=0.078925654429168213 0 14656.536892384009
decision_type=2 9 2
left_child=1 2 -1
right_child=-2 -3 -4
leaf_value=-0.00015283865859200071 0.0030267882556708325 -0.0085054035564557599 -0.029404240746309568
leaf_weight=417.99367345351493 1111.4464870804659 490.10356868086092 31.274883093894459
leaf_count=7648 25367 21612 725
internal_value=8.28462e-05 -0.00333247 -0.000152839
internal_weight=2050.82 939.372 449.269
internal_count=55352 29985 8373
cat_boundaries=0 1
cat_threshold=135238
is_linear=0
shrinkage=0.0321881


Tree=353
num_leaves=4
num_cat=0
split_feature=10 16 10
split_gain=22.4598 23.8488 26.6157
threshold=17232.405951515368 239.27160430374002 12379.759153211231
decision_type=2 10 2
left_child=1 2 -1
right_child=-2 -3 -4
leaf_value=0.0023321004421031442 0.029634537081522656 -0.026454372067154494 -0.0063845802195637803
leaf_weight=1513.0856734909175 26.187353164335946 35.085040924604982 476.53758304219809
leaf_count=38747 656 1039 14758
internal_value=0.000131719 -0.000221836 0.000211835
internal_weight=2050.9 2024.71 1989.62
internal_count=55200 54544 53505
is_linear=0
shrinkage=0.0321881


Tree=354
num_leaves=4
num_cat=1
split_feature=10 10 44
split_gain=18.1318 32.6871 52.2465
threshold=3017.8778959562333 5148.1322057545576 0
decision_type=2 2 9
left_child=-1 2 -2
right_child=1 -3 -4
leaf_value=-0.017016083498767678 0.033200922952597495 -0.0012093611859454233 0
leaf_weight=65.12387487491651 67.328963894862682 1758.7398532449151 144.25600710818253
leaf_count=2200 742 48340 3847
internal_value=-0.000325038 0.000196298 0.0121694
internal_weight=2035.45 1970.32 211.585
internal_count=55129 52929 4589
cat_boundaries=0 1
cat_threshold=580
is_linear=0
shrinkage=0.0321881


Tree=355
num_leaves=4
num_cat=1
split_feature=44 36 24
split_gain=19.6091 24.9756 29.8935
threshold=0 0.86415656182753497 104.45135168980903
decision_type=9 2 2
left_child=-1 2 -2
right_child=1 -3 -4
leaf_value=0.00055083832085987946 -0.021699232341436999 -0.022696857729516799 0.055984368581065189
leaf_weight=1948.8815893196879 8.6299275192432123 81.782213742117165 10.024969452817457
leaf_count=44285 2789 8128 298
internal_value=-0.000164242 -0.0133679 0.0168543
internal_weight=2049.32 100.437 18.6549
internal_count=55500 11215 3087
cat_boundaries=0 1
cat_threshold=394951
is_linear=0
shrinkage=0.0321881


Tree=356
num_leaves=4
num_cat=0
split_feature=31 22 36
split_gain=20.4622 20.3912 24.0997
threshold=0.48293586773733516 36.597790025664175 0.9066013681922277
decision_type=2 2 2
left_child=1 -1 -3
right_child=-2 2 -4
leaf_value=-0.027706905736368286 -0.012025860222566499 0.010642996457379626 5.6059975472056527e-06
leaf_weight=24.691636224306421 131.48491034517065 257.48974573152373 1619.0450528977963
leaf_count=7537 1900 6999 38802
internal_value=0.000203451 0.0010841 0.00150032
internal_weight=2032.71 1901.23 1876.53
internal_count=55238 53338 45801
is_linear=0
shrinkage=0.0321881


Tree=357
num_leaves=4
num_cat=1
split_feature=15 16 43
split_gain=21.5942 21.2763 30.6805
threshold=1.2735365734213813 239.27160430374002 0
decision_type=10 10 9
left_child=1 2 -1
right_child=-2 -3 -4
leaf_value=0.012505999403499212 -0.020431396813435337 -0.024359844559983301 -0.00054574759603142893
leaf_weight=197.48676251427969 53.059129442903213 35.170810633746441 1775.5263673276932
leaf_count=4942 16040 1062 33390
internal_value=-0.000190115 0.000315323 0.000790332
internal_weight=2061.24 2008.18 1973.01
internal_count=55434 39394 38332
cat_boundaries=0 1
cat_threshold=16
is_linear=0
shrinkage=0.0321881


Tree=358
num_leaves=4
num_cat=1
split_feature=7 32 41
split_gain=20.7199 24.1118 23.1641
threshold=18058.933980119033 -0.83020251942004497 0
decision_type=2 2 9
left_child=2 -2 -1
right_child=1 -3 -4
leaf_value=0.012849248436302673 0.0038406485962408578 -0.030416167146241443 -0.00069022106861870499
leaf_weight=130.52005591287161 31.871025995293166 49.665304927460966 1828.455148990106
leaf_count=1646 489 1266 51968
internal_value=-0.000387754 -0.0162746 0.000242865
internal_weight=2040.51 81.5363 1958.98
internal_count=55369 1755 53614
cat_boundaries=0 1
cat_threshold=514
is_linear=0
shrinkage=0.0321881


Tree=359
num_leaves=4
num_cat=0
split_feature=0 3 5
split_gain=19.8597 24.8125 28.0067
threshold=59.565486246613858 98.96965728931373 1.3931687899062928
decision_type=2 2 2
left_child=-1 2 -2
right_child=1 -3 -4
leaf_value=-0.013592063288603431 -0.019031380452210797 0.0024234901784839103 0.002294494490197235
leaf_weight=101.12148313400394 127.07938971769181 1697.4088493382442 118.46048290873296
leaf_count=18181 2214 33224 1649
internal_value=0.000255445 0.00101049 -0.00849129
internal_weight=2044.07 1942.95 245.54
internal_count=55268 37087 3863
is_linear=0
shrinkage=0.0321881


Tree=360
num_leaves=4
num_cat=2
split_feature=31 43 41
split_gain=21.3869 22.9174 27.4687
threshold=-0.90867096246004919 0 1
decision_type=2 9 9
left_child=-1 2 -2
right_child=1 -3 -4
leaf_value=-0.0061618939680230054 0.010375329042934591 -0.0083004127696033776 0.00040029688857362816
leaf_weight=437.87294070627831 397.82764230339671 189.6168174927152 1021.2583995683526
leaf_count=21139 9307 9953 14751
internal_value=0.000109712 0.00185702 0.00329555
internal_weight=2046.58 1608.7 1419.09
internal_count=55150 34011 24058
cat_boundaries=0 1 2
cat_threshold=113 538
is_linear=0
shrinkage=0.0321881


Tree=361
num_leaves=4
num_cat=0
split_feature=7 16 16
split_gain=21.5036 17.9004 26.0773
threshold=29169.022129817862 252.2395949047214 173.53395826599319
decision_type=2 10 10
left_child=1 2 -1
right_child=-2 -3 -4
leaf_value=-0.00062063319152218385 -0.026538313220873872 -0.030468695619887919 0.008944503983554215
leaf_weight=1631.7123855681129 30.091588736890117 18.486220309103373 358.06603645940777
leaf_count=48655 865 647 5030
internal_value=0.000306869 0.000743909 0.00106949
internal_weight=2038.36 2008.26 1989.78
internal_count=55197 54332 53685
is_linear=0
shrinkage=0.0321881


Tree=362
num_leaves=4
num_cat=0
split_feature=14 32 33
split_gain=19.5689 33.4214 49.0344
threshold=290.89995949003657 -0.39510866821072627 -0.68275284553645721
decision_type=10 2 2
left_child=-1 2 -2
right_child=1 -3 -4
leaf_value=-0.0039759745075745381 -0.015605577550445542 0.0083823135345358225 0.0032167531631527497
leaf_weight=769.17797760300164 200.06051617820049 563.92680573053076 495.12003368369187
leaf_count=38029 2356 8675 6044
internal_value=3.63877e-05 0.00253837 -0.00211186
internal_weight=2028.29 1259.11 695.181
internal_count=55104 17075 8400
is_linear=0
shrinkage=0.0321881


Tree=363
num_leaves=4
num_cat=0
split_feature=33 25 14
split_gain=18.6646 26.9143 24.8207
threshold=0.38460323484912112 15.4234992976257 159.96338123185549
decision_type=2 2 8
left_child=1 2 -1
right_child=-2 -3 -4
leaf_value=-0.012854593257218593 -0.027748843078138422 0.036477394296137236 0.001219460738851667
leaf_weight=139.24001953063998 24.040626048401464 21.239469508378534 1847.7972307225573
leaf_count=6456 7294 785 40660
internal_value=0.000249303 0.000619408 0.000199767
internal_weight=2032.32 2008.28 1987.04
internal_count=55195 47901 47116
is_linear=0
shrinkage=0.0321881


Tree=364
num_leaves=4
num_cat=1
split_feature=41 13 16
split_gain=19.3039 21.2801 29.4688
threshold=0 39.075385928848981 173.53395826599319
decision_type=9 10 10
left_child=-1 2 -2
right_child=1 -3 -4
leaf_value=0.010766755727059764 -0.002255681200337679 -0.012380567479757515 0.0091760614975540822
leaf_weight=132.6142328340793 1450.6089404814411 169.34085232377402 277.68307273866958
leaf_count=1660 34609 14893 3738
internal_value=-0.000600924 -0.00147909 -0.000381099
internal_weight=2030.25 1897.63 1728.29
internal_count=54900 53240 38347
cat_boundaries=0 1
cat_threshold=514
is_linear=0
shrinkage=0.0321881


Tree=365
num_leaves=4
num_cat=0
split_feature=6 10 32
split_gain=18.3967 58.3354 31.5292
threshold=110.86443063941785 6798.3997516080062 -0.13292918145108887
decision_type=2 2 2
left_child=-1 -2 -3
right_child=1 2 -4
leaf_value=-0.00079252928339131187 -0.036407455727330222 0.025911962437869057 -0.014376492834070546
leaf_weight=1871.7914457232982 22.302726116962731 113.70763735059882 22.106415767557337
leaf_count=52600 318 1660 653
internal_value=6.69797e-05 0.0106301 0.0188724
internal_weight=2029.91 158.117 135.814
internal_count=55231 2631 2313
is_linear=0
shrinkage=0.0321881


Tree=366
num_leaves=4
num_cat=1
split_feature=9 43 5
split_gain=18.8632 21.6931 37.3294
threshold=29.153456557974806 0 2.749334418013635
decision_type=10 9 2
left_child=1 2 -1
right_child=-2 -3 -4
leaf_value=0.019168686090922187 -0.032864990498624909 -0.0010340482670308589 -0.0093452332874785406
leaf_weight=147.72275128953333 17.882741205597995 1800.0472972103598 66.532952553490759
leaf_count=6464 404 45823 2587
internal_value=-0.000156909 0.000105684 0.00957056
internal_weight=2032.19 2014.3 214.256
internal_count=55278 54874 9051
cat_boundaries=0 1
cat_threshold=16
is_linear=0
shrinkage=0.0321881


Tree=367
num_leaves=4
num_cat=1
split_feature=41 1 32
split_gain=17.8105 22.9131 18.7364
threshold=0 24.417824036130838 0.6535453831768987
decision_type=9 2 2
left_child=1 -1 -2
right_child=2 -3 -4
leaf_value=-0.0028742975263011828 -0.00029108739843179161 0.031360805179251758 -0.017376001477149614
leaf_weight=32.140922088758089 1882.5002878638479 43.111445524031296 69.132830654329155
leaf_count=523 48547 417 5518
internal_value=-0.000271679 0.0140682 -0.00092621
internal_weight=2026.89 75.2524 1951.63
internal_count=55005 940 54065
cat_boundaries=0 1
cat_threshold=512
is_linear=0
shrinkage=0.0321881


Tree=368
num_leaves=4
num_cat=0
split_feature=30 5 10
split_gain=18.9535 38.2643 41.7823
threshold=0.81179995890154666 2.2599968823303187 8097.3903537265496
decision_type=2 2 2
left_child=-1 -2 -3
right_child=1 2 -4
leaf_value=0.0016405825447091407 -0.012829456653544357 -0.023424950227301702 0.01950144846618556
leaf_weight=1639.990377461334 279.33603747352026 30.10617657120747 93.113175371283432
leaf_count=47925 5397 534 1371
internal_value=7.34986e-05 -0.0061498 0.00847249
internal_weight=2042.55 402.555 123.219
internal_count=55227 7302 1905
is_linear=0
shrinkage=0.0321881


Tree=369
num_leaves=4
num_cat=0
split_feature=31 2 16
split_gain=20.2945 20.9613 39.8038
threshold=0.48293586773733516 26.160507274588173 92.639773115720047
decision_type=2 2 8
left_child=1 2 -1
right_child=-2 -3 -4
leaf_value=-0.026617343799548186 -0.012051076399649988 0.0025456644516925332 -0.00081087417602809049
leaf_weight=76.163441731754574 139.32270214345772 1453.2740427752724 358.02257942243887
leaf_count=23474 1969 18794 10956
internal_value=-0.00018227 0.000661486 -0.00549642
internal_weight=2026.78 1887.46 434.186
internal_count=55193 53224 34430
is_linear=0
shrinkage=0.0321881


Tree=370
num_leaves=4
num_cat=0
split_feature=2 16 1
split_gain=18.8631 31.4605 37.2531
threshold=37.071754035786945 95.732881230986152 5.5096940246709991
decision_type=2 8 2
left_child=1 -1 -3
right_child=-2 2 -4
leaf_value=-0.01543618823928767 0.0039896951679915336 0.032656353197207465 -0.0014332718382394504
leaf_weight=165.15377481651376 795.07641576026799 34.035256163129816 1039.4630443223286
leaf_count=25289 9711 5396 14768
internal_value=9.11495e-05 -0.00236015 -0.000286173
internal_weight=2033.73 1238.65 1073.5
internal_count=55164 45453 20164
is_linear=0
shrinkage=0.0321881


Tree=371
num_leaves=4
num_cat=0
split_feature=33 23 32
split_gain=20.0191 37.7519 36.1637
threshold=-0.56935403399890683 31.060027935241251 -0.14232756440200617
decision_type=2 2 2
left_child=1 -1 -3
right_child=-2 2 -4
leaf_value=-0.0077226356296873286 0.0039384910163298165 -0.0021772744417972601 0.013885173862077323
leaf_weight=696.02336856868351 763.15364738466451 361.06421488471096 214.72292982332874
leaf_count=19909 23990 6778 4599
internal_value=-0.000148817 -0.00265177 0.00336809
internal_weight=2034.96 1271.81 575.787
internal_count=55276 31286 11377
is_linear=0
shrinkage=0.0321881


Tree=372
num_leaves=4
num_cat=1
split_feature=5 44 3
split_gain=18.3691 48.02 45.8036
threshold=1.3084273338524814 0 251.97411827015534
decision_type=2 9 2
left_child=1 -1 -3
right_child=-2 2 -4
leaf_value=-0.016789136619387995 0.0033384144810226328 -0.0035812453625446061 0.0136744558513238
leaf_weight=196.63751936456538 927.83998904068721 680.65858097026648 207.54192633240018
leaf_count=9092 23391 20339 2473
internal_value=0 -0.0028297 0.000377451
internal_weight=2012.68 1084.84 888.201
internal_count=55295 31904 22812
cat_boundaries=0 1
cat_threshold=530192
is_linear=0
shrinkage=0.0321881


Tree=373
num_leaves=4
num_cat=0
split_feature=14 17 5
split_gain=19.5148 34.1443 24.6883
threshold=642.15180769922551 5.7497113166485443 2.2171135793474805
decision_type=8 10 2
left_child=1 2 -1
right_child=-2 -3 -4
leaf_value=-0.0016554357214961909 0.014927328093641256 -0.016580919751873265 0.0067230863436167753
leaf_weight=1295.8104474443098 89.133049313095398 127.01935854931071 504.28082988398091
leaf_count=27020 2473 17051 8573
internal_value=0.000201702 -0.000448094 0.000656936
internal_weight=2016.24 1927.11 1800.09
internal_count=55117 52644 35593
is_linear=0
shrinkage=0.0321881


Tree=374
num_leaves=4
num_cat=1
split_feature=43 7 4
split_gain=18.6664 22.6177 29.72
threshold=0 22949.323804558877 923.22492166424729
decision_type=9 2 2
left_child=1 2 -1
right_child=-2 -3 -4
leaf_value=-0.0015797766962608677 -0.0078813491888201342 -0.018455589002321124 0.0070780712126744874
leaf_weight=1007.9130408505152 262.76383168854227 57.984315050649457 683.92283700022381
leaf_count=18192 19266 1114 16548
internal_value=-1.98409e-05 0.00116359 0.00188301
internal_weight=2012.58 1749.82 1691.84
internal_count=55120 35854 34740
cat_boundaries=0 1
cat_threshold=81
is_linear=0
shrinkage=0.0321881


Tree=375
num_leaves=4
num_cat=1
split_feature=41 16 5
split_gain=18.6528 20.2835 19.8371
threshold=0 245.76312220911777 1.1301619397703162
decision_type=9 10 2
left_child=-1 2 -2
right_child=1 -3 -4
leaf_value=0.010906312257441582 -0.0041143863771546975 -0.030245898438272044 0.0025194325720682364
leaf_weight=137.82364108314505 872.33306786567846 24.028018854965921 997.17131146838074
leaf_count=1724 26480 840 26323
internal_value=-6.52764e-05 -0.000951325 -0.00054205
internal_weight=2031.36 1893.53 1869.5
internal_count=55367 53643 52803
cat_boundaries=0 1
cat_threshold=514
is_linear=0
shrinkage=0.0321881


Tree=376
num_leaves=4
num_cat=0
split_feature=31 30 2
split_gain=18.3188 28.5579 48.3039
threshold=-0.85649109736900686 0.81179995890154666 47.687101226567968
decision_type=2 2 2
left_child=-1 -2 -3
right_child=1 2 -4
leaf_value=-0.004974741775155533 0.0047171946438184552 -0.0090103056053993952 0.02718497086963783
leaf_weight=558.64713154816127 1054.8213570681692 373.28287056807312 41.685468919575214
leaf_count=26177 21752 6989 470
internal_value=0 0.00187143 -0.00520748
internal_weight=2028.44 1469.79 414.968
internal_count=55388 29211 7459
is_linear=0
shrinkage=0.0321881


Tree=377
num_leaves=4
num_cat=0
split_feature=33 36 22
split_gain=18.3828 31.8814 55.5528
threshold=0.38460323484912112 0.86415656182753497 230.79711714022469
decision_type=2 2 2
left_child=1 2 -1
right_child=-2 -3 -4
leaf_value=0.00010581965243331997 -0.027705836297413328 -0.0010731052229914137 0.033225777586654626
leaf_weight=161.89697392069502 24.15053973312024 1754.4861773664015 80.286664409562945
leaf_count=5479 7348 41095 1365
internal_value=3.47565e-05 0.000405434 0.01137
internal_weight=2020.82 1996.67 242.184
internal_count=55287 47939 6844
is_linear=0
shrinkage=0.0321881


Tree=378
num_leaves=4
num_cat=0
split_feature=10 24 32
split_gain=18.5847 17.0463 27.8832
threshold=17232.405951515368 39.650663915401971 -0.13292918145108887
decision_type=2 2 2
left_child=1 -1 -3
right_child=-2 2 -4
leaf_value=-0.011309382034852343 0.027580637010636282 -0.0020324998330884972 0.006788468608622489
leaf_weight=138.93208364502061 24.600569196452852 1352.623190848768 510.33737773713074
leaf_count=12587 646 28739 13314
internal_value=-5.3711e-05 -0.000428337 0.000350278
internal_weight=2026.49 2001.89 1862.96
internal_count=55286 54640 42053
is_linear=0
shrinkage=0.0321881


Tree=379
num_leaves=4
num_cat=0
split_feature=10 10 5
split_gain=18.5626 26.0488 69.0987
threshold=2341.890354427087 5148.1322057545576 4.1247688822828552
decision_type=2 2 2
left_child=-1 2 -2
right_child=1 -3 -4
leaf_value=-0.023096015315268243 0.015750681736937337 -0.00078312172908528673 -0.047155372833540703
leaf_weight=34.747284200435388 222.21136050877976 1757.5224082855711 19.060474355559563
leaf_count=1274 5170 48506 286
internal_value=0.000107248 0.000545168 0.010476
internal_weight=2033.54 1998.79 241.272
internal_count=55236 53962 5456
is_linear=0
shrinkage=0.0321881


Tree=380
num_leaves=4
num_cat=0
split_feature=31 23 22
split_gain=20.6587 22.4198 19.984
threshold=-0.95757238309926529 1.2046476684253591 860.02152159692434
decision_type=2 2 2
left_child=-1 -2 -3
right_child=1 2 -4
leaf_value=-0.0082576026538814969 -0.00860206614856515 0.0019841714025443653 0.024903908171113806
leaf_weight=272.3586782628845 206.86854578340717 1499.0425355705083 40.914480602368712
leaf_count=14044 8787 31777 726
internal_value=0 0.00126963 0.00263821
internal_weight=2019.18 1746.83 1539.96
internal_count=55334 41290 32503
is_linear=0
shrinkage=0.0321881


Tree=381
num_leaves=4
num_cat=0
split_feature=10 4 16
split_gain=21.6347 52.8647 25.4501
threshold=17028.649055687976 1573.6628426963957 227.93435788546
decision_type=2 2 10
left_child=2 -2 -1
right_child=1 -3 -4
leaf_value=0.00017152778718275519 -0.005715611586432601 0.07280300764301964 -0.022445950495097792
leaf_weight=1948.2509543430206 19.774305846658535 14.144011309283085 52.601798063114984
leaf_count=53064 664 228 1435
internal_value=8.40875e-06 0.0254399 -0.000393837
internal_weight=2034.77 33.9183 2000.85
internal_count=55391 892 54499
is_linear=0
shrinkage=0.0321881


Tree=382
num_leaves=4
num_cat=1
split_feature=23 31 44
split_gain=21.0107 22.028 22.6388
threshold=2.178957161276089 -0.80719562366727826 0
decision_type=2 2 9
left_child=-1 -2 -3
right_child=1 2 -4
leaf_value=-0.0075717912351980551 -0.0030191595568917857 0.0061563769621703441 -0.0030191595568917857
leaf_weight=309.48566505356575 556.58320258279855 973.36003011942375 186.24408963849419
leaf_count=14732 21626 13660 5411
internal_value=0.000110193 0.00153347 0.00410008
internal_weight=2025.67 1716.19 1159.6
internal_count=55429 40697 19071
cat_boundaries=0 1
cat_threshold=271383
is_linear=0
shrinkage=0.0321881


Tree=383
num_leaves=4
num_cat=0
split_feature=3 4 0
split_gain=19.0583 28.7704 23.4999
threshold=84.646712832800759 208.07533044766845 68.673034092646091
decision_type=2 2 2
left_child=1 -1 -2
right_child=2 -3 -4
leaf_value=0.014961441180584352 -0.013370467550941451 -0.01796209696215207 0.0020034246702426623
leaf_weight=33.084374578698771 108.49236929889594 123.6171087037801 1765.8195490515354
leaf_count=533 19790 2098 33113
internal_value=0.000145015 -0.010593 0.00107797
internal_weight=2031.01 156.701 1874.31
internal_count=55534 2631 52903
is_linear=0
shrinkage=0.0321881


Tree=384
num_leaves=4
num_cat=0
split_feature=38 5 5
split_gain=17.3641 15.2399 45.3431
threshold=-0.025398781093297854 1.3084273338524814 1.7610103609431051
decision_type=2 2 2
left_child=-1 -2 -3
right_child=1 2 -4
leaf_value=-0.0074609244481070721 -0.0017473324414821341 0.039388066929247886 0.0025261288107503097
leaf_weight=291.71232465709909 924.38008344149421 36.411444596087676 765.86844898112759
leaf_count=8564 26907 591 19100
internal_value=-0.000174051 0.00102101 0.00428961
internal_weight=2018.37 1726.66 802.28
internal_count=55162 46598 19691
is_linear=0
shrinkage=0.0321881


Tree=385
num_leaves=4
num_cat=0
split_feature=31 31 13
split_gain=21.1047 21.3079 25.1578
threshold=-0.8801218606185669 0.48293586773733516 36.142901506133164
decision_type=2 2 8
left_child=-1 2 -2
right_child=1 -3 -4
leaf_value=-0.005363832853999672 0.0057427452509300047 -0.009921875391073566 -0.0046845173265876814
leaf_weight=504.06368677903083 1088.8982796875061 133.54873154268716 300.55681314022513
leaf_count=24114 17706 1931 11406
internal_value=0.000306852 0.00222602 0.00344095
internal_weight=2027.07 1523 1389.46
internal_count=55157 31043 29112
is_linear=0
shrinkage=0.0321881


Tree=386
num_leaves=4
num_cat=0
split_feature=35 10 10
split_gain=18.9277 16.741 17.7548
threshold=0.0026851394990238912 1852.0097197816112 10375.612113214591
decision_type=2 2 2
left_child=1 -1 -3
right_child=-2 2 -4
leaf_value=-0.030100480624260406 -0.0079994833119111826 0.0046155604294931055 -0.0018969845367423769
leaf_weight=16.961404678542749 259.46682584618975 955.65147714823252 777.06220338917046
leaf_count=756 7653 23550 23236
internal_value=7.52376e-05 0.00130999 0.00165829
internal_weight=2009.14 1749.68 1732.71
internal_count=55195 47542 46786
is_linear=0
shrinkage=0.0321881


Tree=387
num_leaves=4
num_cat=0
split_feature=14 10 32
split_gain=19.2318 35.902 34.2357
threshold=477.08672232997924 13656.653939422811 0.32651641308230955
decision_type=10 2 2
left_child=-1 2 -2
right_child=1 -3 -4
leaf_value=-0.00087224204239591844 -0.002291834979250978 0.029215617652128538 0.029429595335616548
leaf_weight=1687.1586994104728 234.95121778157772 64.222970838018227 40.826386087341234
leaf_count=50294 3136 883 871
internal_value=0.000501723 0.00750271 0.00219471
internal_weight=2027.16 340.001 275.778
internal_count=55184 4890 4007
is_linear=0
shrinkage=0.0321881


Tree=388
num_leaves=4
num_cat=0
split_feature=10 22 26
split_gain=17.6378 17.1978 17.8671
threshold=1852.0097197816112 822.56184750805403 0.85970640277398191
decision_type=2 2 2
left_child=-1 -2 -3
right_child=1 2 -4
leaf_value=-0.030444545570209647 -0.00027116022681562601 0.0088450626861712664 0.033907078930765305
leaf_weight=19.402078214785433 1936.3328512585576 20.048970167990774 34.753277342184447
leaf_count=883 53255 528 557
internal_value=-6.68635e-05 0.000200746 0.0179613
internal_weight=2010.54 1991.14 54.8022
internal_count=55223 54340 1085
is_linear=0
shrinkage=0.0321881


Tree=389
num_leaves=4
num_cat=0
split_feature=33 21 32
split_gain=20.2965 41.7096 48.0546
threshold=-0.58490782681436249 93.58438577301564 -0.13292918145108887
decision_type=2 2 2
left_child=1 -1 -3
right_child=-2 2 -4
leaf_value=-0.018816160795181947 0.0033684988924728102 -0.0063557785332794183 0.0075247185512644877
leaf_weight=155.99708495262894 779.38651592477981 668.37117729760939 419.26608326056157
leaf_count=5960 24516 14414 10385
internal_value=-0.000663659 -0.00324198 -0.000946056
internal_weight=2023.02 1243.63 1087.64
internal_count=55275 30759 24799
is_linear=0
shrinkage=0.0321881


Tree=390
num_leaves=4
num_cat=2
split_feature=9 42 43
split_gain=17.7565 22.2202 25.6898
threshold=20.820060876130992 0 1
decision_type=10 9 9
left_child=1 -1 -3
right_child=-2 2 -4
leaf_value=0.017062735535099034 -0.028440536462905428 0.0097345654208969585 -0.0018083702800345261
leaf_weight=67.914555105933687 22.404262382682646 215.39298069567303 1702.4301656614552
leaf_count=905 471 9374 44393
internal_value=-7.34341e-05 0.000217904 -0.000434132
internal_weight=2008.14 1985.74 1917.82
internal_count=55143 54672 53767
cat_boundaries=0 1 2
cat_threshold=131652 112
is_linear=0
shrinkage=0.0321881


Tree=391
num_leaves=4
num_cat=1
split_feature=14 44 32
split_gain=21.1576 42.709 36.9929
threshold=477.08672232997924 0 0.3427997240424499
decision_type=10 9 2
left_child=-1 2 -2
right_child=1 -3 -4
leaf_value=-0.0015669320614640416 0.0067163772835118624 -0.020854809886695084 0.038779093247813777
leaf_weight=1672.6724870534745 257.99627484421944 39.214389165339526 45.36301393044414
leaf_count=50401 3289 781 838
internal_value=-4.27803e-05 0.00720928 0.0113726
internal_weight=2015.25 342.574 303.359
internal_count=55309 4908 4127
cat_boundaries=0 1
cat_threshold=7
is_linear=0
shrinkage=0.0321881


Tree=392
num_leaves=4
num_cat=0
split_feature=10 21 10
split_gain=17.3825 21.106 36.7591
threshold=17232.405951515368 92.241925991541464 10375.612113214591
decision_type=2 2 2
left_child=1 -1 -3
right_child=-2 2 -4
leaf_value=-0.0072605920328371607 0.027886098525569218 0.005626627315971632 -0.0030080558853861606
leaf_weight=370.39092984065064 22.68489118560683 909.49476421260624 713.62895535520511
leaf_count=19392 639 17933 17266
internal_value=0 -0.000304473 0.00124448
internal_weight=2016.2 1993.51 1623.12
internal_count=55230 54591 35199
is_linear=0
shrinkage=0.0321881


Tree=393
num_leaves=4
num_cat=0
split_feature=7 21 10
split_gain=20.8206 26.1921 31.7366
threshold=-1791.0870341609314 120.09926084060132 10375.612113214591
decision_type=2 2 2
left_child=-1 -2 -3
right_child=1 2 -4
leaf_value=-0.0060872251004180662 -0.004643144243228303 0.0094401927153456196 -4.0311823003088504e-05
leaf_weight=416.7244635099778 437.56657780579553 637.13012733188225 514.32632772592478
leaf_count=12400 18715 11936 12007
internal_value=0.000277328 0.00198718 0.00456252
internal_weight=2005.75 1589.02 1151.46
internal_count=55058 42658 23943
is_linear=0
shrinkage=0.0321881


Tree=394
num_leaves=4
num_cat=0
split_feature=33 36 22
split_gain=18.6341 24.1317 42.1318
threshold=0.33006599651090129 0.86415656182753497 452.74043756043778
decision_type=2 2 2
left_child=1 2 -1
right_child=-2 -3 -4
leaf_value=0.0062120600626158371 -0.024117988022309779 -0.00067046350473637633 0.060233343938331164
leaf_weight=217.52215403311129 31.8454544223423 1747.0072857437481 16.347223924007267
leaf_count=6170 7787 40985 323
internal_value=0.000170264 0.000595721 0.0103173
internal_weight=2012.72 1980.88 233.869
internal_count=55265 47478 6493
is_linear=0
shrinkage=0.0321881


Tree=395
num_leaves=4
num_cat=0
split_feature=38 36 36
split_gain=17.5608 17.254 39.0593
threshold=-0.026796903168363327 0.86415656182753497 0.091121485114440043
decision_type=2 2 2
left_child=-1 2 -2
right_child=1 -3 -4
leaf_value=-0.0080065729229140854 0.0030849859363404103 -0.00026782868541541096 0.040212797496423786
leaf_weight=261.25773447915708 192.75909197101282 1523.4697362176375 35.574975134717533
leaf_count=7914 11598 35171 584
internal_value=-0.000199964 0.000928857 0.00918394
internal_weight=2013.06 1751.8 228.334
internal_count=55267 47353 12182
is_linear=0
shrinkage=0.0321881


Tree=396
num_leaves=4
num_cat=0
split_feature=17 14 21
split_gain=17.422 31.5728 33.7134
threshold=5.6568942605737398 569.59582550474545 93.58438577301564
decision_type=10 10 2
left_child=-1 -2 -3
right_child=1 2 -4
leaf_value=0.00055344470057009049 -0.015542623780124082 -0.017358066939288996 0.037408044509964468
leaf_weight=1788.6670216663188 172.20538300134649 18.251452708558645 27.16130055510439
leaf_count=34743 19465 573 340
internal_value=-0.000459731 -0.00907123 0.0140264
internal_weight=2006.29 217.618 45.4128
internal_count=55121 20378 913
is_linear=0
shrinkage=0.0321881


Tree=397
num_leaves=4
num_cat=0
split_feature=33 21 29
split_gain=19.3129 38.4249 34.8321
threshold=-0.52758782829773643 93.58438577301564 7.6775428323939225
decision_type=2 2 2
left_child=1 -1 -3
right_child=-2 2 -4
leaf_value=-0.017441343441227598 0.00405174159911481 0.003437517014956214 -0.0083074436394073269
leaf_weight=158.71419387852075 690.00654960740212 768.0649617172603 395.34697773095104
leaf_count=6250 23094 17510 8538
internal_value=-0.000276878 -0.00258444 -0.000499762
internal_weight=2012.13 1322.13 1163.41
internal_count=55392 32298 26048
is_linear=0
shrinkage=0.0321881


Tree=398
num_leaves=4
num_cat=0
split_feature=31 10 31
split_gain=17.7839 20.9698 19.8078
threshold=0.5164288074897504 6583.5991928583207 -0.8801218606185669
decision_type=2 2 2
left_child=2 -2 -1
right_child=1 -3 -4
leaf_value=-0.0047634029660729828 0.011811465706121715 -0.019747574380763844 0.0027040998696672759
leaf_weight=496.91123498653906 25.797855978162261 90.995786563667934 1392.5978846975777
leaf_count=24215 363 1370 29312
internal_value=-1.60353e-05 -0.0122226 0.000706208
internal_weight=2006.3 116.794 1889.51
internal_count=55260 1733 53527
is_linear=0
shrinkage=0.0321881


Tree=399
num_leaves=4
num_cat=1
split_feature=9 42 32
split_gain=19.4138 22.1976 29.1468
threshold=20.820060876130992 0 -0.42425174821610306
decision_type=10 9 2
left_child=1 2 -1
right_child=-2 -3 -4
leaf_value=-0.0001620593340740486 -0.030187634863647506 -0.00075397589660597007 0.030019559981447088
leaf_weight=65.124110506090801 21.863171725257416 1846.1672279529812 59.60969056635804
leaf_count=1210 474 52102 1337
internal_value=-0.00017288 0.000131349 0.0127604
internal_weight=1992.76 1970.9 124.734
internal_count=55123 54649 2547
cat_boundaries=0 1
cat_threshold=393812
is_linear=0
shrinkage=0.0321881


Tree=400
num_leaves=4
num_cat=1
split_feature=7 10 44
split_gain=19.9648 18.5953 104.92
threshold=29169.022129817862 10685.801208771538 0
decision_type=2 2 9
left_child=1 -1 -3
right_child=-2 2 -4
leaf_value=0.0032560262958597798 -0.025979768229372913 0.002373358471237921 -0.026901625766511211
leaf_weight=1156.7128837800847 29.433860532415565 669.38956092698209 145.3544286446122
leaf_count=29528 874 11377 13500
internal_value=0.000179829 0.000605771 -0.00307856
internal_weight=2000.89 1971.46 814.744
internal_count=55279 54405 24877
cat_boundaries=0 1
cat_threshold=132099
is_linear=0
shrinkage=0.0321881


Tree=401
num_leaves=4
num_cat=1
split_feature=22 33 44
split_gain=18.7145 19.1331 42.3521
threshold=901.12307251692062 -0.51717772942214146 0
decision_type=2 2 9
left_child=1 2 -1
right_child=-2 -3 -4
leaf_value=-0.0017819694747563527 0.021747663154923665 0.0033142818692964899 -0.026877115831002048
leaf_weight=1208.5577384156495 37.89100472512655 683.66562469086057 64.804620875103865
leaf_count=25466 640 22696 6361
internal_value=-0.000515861 -0.000982039 -0.00333892
internal_weight=1994.92 1957.03 1273.36
internal_count=55163 54523 31827
cat_boundaries=0 1
cat_threshold=394775
is_linear=0
shrinkage=0.0321881


Tree=402
num_leaves=4
num_cat=1
split_feature=27 33 44
split_gain=19.1788 21.4171 26.7459
threshold=0.023806158213111127 -0.58490782681436249 0
decision_type=2 2 9
left_child=-1 -2 -3
right_child=1 2 -4
leaf_value=-0.0077365771571070909 -0.0008702844652478791 0.0099249573659531635 -0.0030114472004573885
leaf_weight=253.68218740251905 1132.2002146477898 496.40077987164841 123.50799793017359
leaf_count=12036 27276 6218 9613
internal_value=0.000485939 0.00171368 0.00653427
internal_weight=2005.79 1752.11 619.909
internal_count=55143 43107 15831
cat_boundaries=0 1
cat_threshold=71
is_linear=0
shrinkage=0.0321881


Tree=403
num_leaves=4
num_cat=0
split_feature=22 36 5
split_gain=19.2054 42.4255 35.3009
threshold=484.24156471294503 0.88853647084974352 3.1263823914360449
decision_type=2 2 2
left_child=-1 -2 -3
right_child=1 2 -4
leaf_value=-0.0018638430692074653 0.055638910037832591 0.0018876874104711745 0.021687688354898996
leaf_weight=1554.5890976603114 16.866343560512178 344.26198354328517 95.53889852098655
leaf_count=44332 349 9069 1710
internal_value=-0.000128102 0.00563922 0.00354806
internal_weight=2011.26 456.667 439.801
internal_count=55460 11128 10779
is_linear=0
shrinkage=0.0321881


Tree=404
num_leaves=4
num_cat=1
split_feature=35 1 44
split_gain=17.9559 18.4242 36.4281
threshold=0.0028185364446792148 12.218464411804009 0
decision_type=2 2 9
left_child=1 2 -1
right_child=-2 -3 -4
leaf_value=0.010807052330276994 -0.0085244554839950734 0.0024747848370097266 -0.014632767073203429
leaf_weight=75.010783561898279 225.38121345190302 1525.2161441082135 175.36699257250439
leaf_count=3669 6871 19948 24703
internal_value=0 0.00111528 -0.00690673
internal_weight=2000.98 1775.59 250.378
internal_count=55191 48320 28372
cat_boundaries=0 1
cat_threshold=131650
is_linear=0
shrinkage=0.0321881


Tree=405
num_leaves=4
num_cat=0
split_feature=31 16 30
split_gain=15.7384 18.5042 18.2187
threshold=-0.95757238309926529 160.92441352496181 0.72629492028092735
decision_type=2 8 2
left_child=1 -1 -2
right_child=2 -3 -4
leaf_value=-0.01304549497849589 0.0030907589570027538 0.0053508680014254613 -0.0042488751884080939
leaf_weight=185.50334706482681 1241.1424569231312 75.562486690643709 483.32511317453464
leaf_count=12221 31704 1608 9300
internal_value=-8.6404e-05 -0.0074771 0.000996412
internal_weight=1985.53 261.066 1724.47
internal_count=54833 13829 41004
is_linear=0
shrinkage=0.0321881


Tree=406
num_leaves=4
num_cat=0
split_feature=29 22 25
split_gain=18.0479 47.7756 33.8839
threshold=9.6164141444641675 233.18290997575983 15.4234992976257
decision_type=2 2 2
left_child=-1 2 -2
right_child=1 -3 -4
leaf_value=-0.00091214932755095458 -0.021895886739041224 0.030799349596135898 0.012163552562148667
leaf_weight=1865.7753589891872 52.792954562559316 66.868143990141107 18.455231164974975
leaf_count=49702 1801 1092 2561
internal_value=-4.88779e-05 0.011134 -0.00647224
internal_weight=2003.89 138.116 71.2482
internal_count=55156 5454 4362
is_linear=0
shrinkage=0.0321881


Tree=407
num_leaves=4
num_cat=1
split_feature=41 6 22
split_gain=17.6644 18.0055 45.6835
threshold=0 110.86443063941785 311.77994801474
decision_type=9 2 2
left_child=-1 -2 -3
right_child=1 2 -4
leaf_value=-0.012442393467451933 -0.00030356791030931195 -0.022299484935865588 0.021470846029303086
leaf_weight=104.67998942927807 1769.5739802854514 30.272290681677987 110.86765849142103
leaf_count=2504 50439 817 1699
internal_value=-0.000161549 0.000541672 0.0116106
internal_weight=2015.39 1910.71 141.14
internal_count=55459 52955 2516
cat_boundaries=0 1
cat_threshold=64
is_linear=0
shrinkage=0.0321881


Tree=408
num_leaves=4
num_cat=1
split_feature=14 44 32
split_gain=16.8138 47.4692 39.7894
threshold=477.08672232997924 0 0.22575806136661736
decision_type=10 9 2
left_child=-1 2 -2
right_child=1 -3 -4
leaf_value=-0.001254779849892777 0.0050694773193381308 -0.023685214953047078 0.034410675773412745
leaf_weight=1639.7927784174608 243.60005848869332 37.078652650146978 61.979011562070809
leaf_count=50029 3065 782 1063
internal_value=6.79733e-05 0.00658027 0.0108947
internal_weight=1982.45 342.658 305.579
internal_count=54939 4910 4128
cat_boundaries=0 1
cat_threshold=7
is_linear=0
shrinkage=0.0321881


Tree=409
num_leaves=4
num_cat=0
split_feature=22 36 5
split_gain=16.9413 42.0856 37.187
threshold=474.45297268909468 0.86415656182753497 2.2599968823303187
decision_type=2 2 2
left_child=-1 -2 -3
right_child=1 2 -4
leaf_value=-0.0023239025441501838 0.056961617796371433 0.0011310416015284357 0.01809975347896426
leaf_weight=1501.8416860491634 15.274390371865591 331.17101207596716 137.14959741651546
leaf_count=43492 320 8595 2772
internal_value=-0.000608431 0.00458599 0.00271386
internal_weight=1985.44 483.595 468.321
internal_count=55179 11687 11367
is_linear=0
shrinkage=0.0321881


Tree=410
num_leaves=4
num_cat=1
split_feature=22 5 44
split_gain=17.5519 19.1478 47.7326
threshold=860.02152159692434 1.2413023666270815 0
decision_type=2 2 9
left_child=1 2 -1
right_child=-2 -3 -4
leaf_value=-0.018382122338267939 0.018934786774617695 0.002532173812104751 -0.00039868626578210865
leaf_weight=180.15244494452782 47.693849923205562 929.01840592366352 832.48081423704571
leaf_count=8642 883 23731 22074
internal_value=-0.000257065 -0.000763538 -0.00384989
internal_weight=1989.35 1941.65 1012.63
internal_count=55330 54447 30716
cat_boundaries=0 1
cat_threshold=537360
is_linear=0
shrinkage=0.0321881


Tree=411
num_leaves=4
num_cat=0
split_feature=22 5 4
split_gain=16.8444 17.2368 37.2055
threshold=860.02152159692434 1.1933804447768981 991.72579145473298
decision_type=2 2 2
left_child=1 2 -1
right_child=-2 -3 -4
leaf_value=-0.0094494088986412737 0.019709654479700883 0.0028110723923991348 0.0030324474467622086
leaf_weight=497.39380183054891 44.703762354212813 964.80910392577061 481.42982985213166
leaf_count=15433 875 24580 14376
internal_value=0.000211502 -0.00020654 -0.00324596
internal_weight=1988.34 1943.63 978.824
internal_count=55264 54389 29809
is_linear=0
shrinkage=0.0321881


Tree=412
num_leaves=4
num_cat=0
split_feature=31 10 10
split_gain=18.9351 17.0756 20.999
threshold=0.48293586773733516 2700.9472781792688 5148.1322057545576
decision_type=2 2 2
left_child=1 -1 -3
right_child=-2 2 -4
leaf_value=-0.018303646660507454 -0.011525035281718728 0.011021556904644517 0.00032430186142859429
leaf_weight=44.970467151608318 130.76528171048267 217.81929690639663 1602.3732142798763
leaf_count=1721 1969 4869 46553
internal_value=0.000261546 0.0011234 0.00164068
internal_weight=1995.93 1865.16 1820.19
internal_count=55112 53143 51422
is_linear=0
shrinkage=0.0321881


Tree=413
num_leaves=4
num_cat=0
split_feature=31 14 6
split_gain=17.5873 23.4648 18.8478
threshold=0.48293586773733516 384.21283792731026 110.86443063941785
decision_type=2 8 2
left_child=2 -2 -1
right_child=1 -3 -4
leaf_value=-0.00032158639939754532 -0.026834802075631208 0 0.011833879501023855
leaf_weight=1716.5699171070664 58.080779103736859 74.613400079513667 142.34923300435185
leaf_count=50793 883 1076 2532
internal_value=-0.000199793 -0.0115338 0.000576365
internal_weight=1991.61 132.694 1858.92
internal_count=55284 1959 53325
is_linear=0
shrinkage=0.0321881


Tree=414
num_leaves=4
num_cat=0
split_feature=38 22 5
split_gain=18.8594 12.9567 18.1358
threshold=-0.024968594951970114 860.02152159692434 1.2413023666270815
decision_type=2 2 2
left_child=-1 2 -2
right_child=1 -3 -4
leaf_value=-0.0074948020157546424 -0.0023071271357834114 0.01915108932554023 0.0043828001948671659
leaf_weight=289.74638620972837 860.89563169753092 41.590419201063924 809.19415388270863
leaf_count=8772 25921 793 19970
internal_value=6.23538e-05 0.00137967 0.000896315
internal_weight=2001.43 1711.68 1670.09
internal_count=55456 46684 45891
is_linear=0
shrinkage=0.0321881


Tree=415
num_leaves=4
num_cat=0
split_feature=27 5 30
split_gain=16.8305 19.2792 64.106
threshold=0.023806158213111127 2.2599968823303187 -0.46527306028331278
decision_type=2 2 2
left_child=-1 -2 -3
right_child=1 2 -4
leaf_value=-0.0077256776779627053 -0.0009357496192690573 -0.0032757386750890839 0.015055496019204421
leaf_weight=251.67090644891869 1240.3134619491029 160.43166484773974 341.84669848035264
leaf_count=12008 32721 2728 8003
internal_value=1.83393e-05 0.0011742 0.00650919
internal_weight=1994.26 1742.59 502.278
internal_count=55460 43452 10731
is_linear=0
shrinkage=0.0321881


Tree=416
num_leaves=4
num_cat=0
split_feature=33 25 12
split_gain=15.6277 34.9916 22.166
threshold=0.41469550171106867 15.4234992976257 18.672746769708549
decision_type=2 2 8
left_child=1 -1 -3
right_child=-2 2 -4
leaf_value=-0.00024028410744206282 -0.028084999181214449 0.071242070135414254 0
leaf_weight=1943.6399111301289 20.227649278305762 11.4211628267949 9.8118198312440636
leaf_count=47232 7130 153 665
internal_value=-8.06824e-05 0.000178552 0.0410644
internal_weight=1985.1 1964.87 21.233
internal_count=55180 48050 818
is_linear=0
shrinkage=0.0321881


Tree=417
num_leaves=4
num_cat=0
split_feature=23 29 14
split_gain=17.2416 16.7458 16.3484
threshold=-0.21664668746463331 9.6164141444641675 477.08672232997924
decision_type=2 2 10
left_child=1 -1 -2
right_child=2 -3 -4
leaf_value=-0.019656760265880046 -0.00094118203277716709 -0.0054193240082295469 0.0071090378044716693
leaf_weight=105.6330529128245 1542.0066078215605 36.434761640928627 313.31940893200226
leaf_count=5405 43375 2129 4233
internal_value=-0.000410279 -0.0112234 0.000384713
internal_weight=1997.39 142.068 1855.33
internal_count=55142 7534 47608
is_linear=0
shrinkage=0.0321881


Tree=418
num_leaves=4
num_cat=0
split_feature=7 4 5
split_gain=17.6497 16.8065 47.3137
threshold=29169.022129817862 999.89743287797069 4.5965564026476526
decision_type=2 2 2
left_child=1 -1 -3
right_child=-2 2 -4
leaf_value=-0.0019957728413185589 -0.024816496434807281 0.0056995219495286605 -0.044380992876923986
leaf_weight=1224.7544532061656 29.274808675450913 692.80815199200151 19.648361081504845
leaf_count=31701 869 21873 554
internal_value=-8.81576e-05 0.000255648 0.00421472
internal_weight=1966.49 1937.21 712.457
internal_count=54997 54128 22427
is_linear=0
shrinkage=0.0321881


Tree=419
num_leaves=4
num_cat=0
split_feature=29 22 28
split_gain=20.5516 42.4364 25.7877
threshold=9.6164141444641675 458.30987702403235 0.44165644479710858
decision_type=2 2 2
left_child=2 -2 -1
right_child=1 -3 -4
leaf_value=-0.007536033014923383 0.0054653175315352298 0.069258101329252322 0.0010373002363734667
leaf_weight=493.36818130223401 120.24740212783945 12.081804849905891 1348.4306767357339
leaf_count=20608 5211 231 29055
internal_value=-0.000313068 0.0118835 -0.00122536
internal_weight=1974.13 132.329 1841.8
internal_count=55105 5442 49663
is_linear=0
shrinkage=0.0321881


Tree=420
num_leaves=4
num_cat=0
split_feature=33 25 32
split_gain=16.2352 25.0879 18.6055
threshold=0.38460323484912112 16.351899303176292 -0.13292918145108887
decision_type=2 2 2
left_child=1 2 -1
right_child=-2 -3 -4
leaf_value=-0.002045219308511181 -0.028060849629809731 0.037004468428485579 0.004853728462184243
leaf_weight=1375.7148999642523 20.827065692428732 18.916998896194855 573.70198428195727
leaf_count=29958 7324 711 17337
internal_value=1.28857e-05 0.000345633 0
internal_weight=1989.16 1968.33 1949.42
internal_count=55330 48006 47295
is_linear=0
shrinkage=0.0321881


Tree=421
num_leaves=4
num_cat=0
split_feature=30 2 4
split_gain=16.3242 32.1943 33.7336
threshold=0.81179995890154666 47.687101226567968 2028.7364970068591
decision_type=2 2 2
left_child=-1 2 -2
right_child=1 -3 -4
leaf_value=0.001297307803746718 -0.011590223042660282 0.021659686544248578 0.031707798109856349
leaf_weight=1587.9538039354011 339.07193295194884 37.823568596038967 18.80308260761376
leaf_count=47716 6632 459 294
internal_value=-0.000127586 -0.00600396 -0.00911797
internal_weight=1983.65 395.699 357.875
internal_count=55101 7385 6926
is_linear=0
shrinkage=0.0321881


Tree=422
num_leaves=4
num_cat=0
split_feature=14 1 13
split_gain=18.1109 23.3361 18.8254
threshold=158.76879771733442 26.546474758131481 36.997541478182292
decision_type=8 2 10
left_child=1 -1 -2
right_child=2 -3 -4
leaf_value=-0.017852217358215381 0.0026146764276134956 0.014083624094775499 -0.0056629413464404452
leaf_weight=111.27436686775036 1495.7413864393748 27.687372310436331 348.39754519360577
leaf_count=7217 27863 312 19697
internal_value=0.00013919 -0.0110185 0.0010158
internal_weight=1983.1 138.962 1844.14
internal_count=55089 7529 47560
is_linear=0
shrinkage=0.0321881


Tree=423
num_leaves=4
num_cat=1
split_feature=10 10 44
split_gain=23.0689 21.2053 57.1753
threshold=2700.9472781792688 5228.5455051193921 0
decision_type=2 2 9
left_child=-1 2 -2
right_child=1 -3 -4
leaf_value=-0.022203529358105375 0.030997541254823114 -0.00050289227617505029 -0.0015619206090260393
leaf_weight=46.345830004342133 74.415182361844927 1704.5063239902374 159.37628999358276
leaf_count=1775 816 48273 4409
internal_value=0.000139253 0.000708988 0.00980818
internal_weight=1984.64 1938.3 233.791
internal_count=55273 53498 5225
cat_boundaries=0 1
cat_threshold=580
is_linear=0
shrinkage=0.0321881


Tree=424
num_leaves=4
num_cat=0
split_feature=10 10 5
split_gain=15.3112 14.9419 63.1901
threshold=1852.0097197816112 5148.1322057545576 4.1247688822828552
decision_type=2 2 2
left_child=-1 2 -2
right_child=1 -3 -4
leaf_value=-0.028793387086482446 0.011800394752915295 -0.0012868384349976651 -0.048422959447453048
leaf_weight=19.390566974259855 237.07259936348419 1709.3852679925985 19.010213334899163
leaf_count=894 5571 48407 293
internal_value=-0.000483857 -0.000168726 0.00704061
internal_weight=1984.86 1965.47 256.083
internal_count=55165 54271 5864
is_linear=0
shrinkage=0.0321881


Tree=425
num_leaves=4
num_cat=2
split_feature=41 30 44
split_gain=15.7022 22.624 18.8345
threshold=0 0.098961128048522778 1
decision_type=9 2 9
left_child=1 -1 -2
right_child=2 -3 -4
leaf_value=0 0.002766363927307306 0.026289524464014613 -0.0036805764909557466
leaf_weight=71.89617613235896 835.59255249140551 57.313216530543286 1034.457501183555
leaf_count=933 12045 755 41701
internal_value=0 0.0104279 -0.000766645
internal_weight=1999.26 129.209 1870.05
internal_count=55434 1688 53746
cat_boundaries=0 1 2
cat_threshold=514 131142
is_linear=0
shrinkage=0.0321881


Tree=426
num_leaves=4
num_cat=0
split_feature=16 14 10
split_gain=17.1204 18.4702 38.3204
threshold=252.2395949047214 477.08672232997924 13303.411122680578
decision_type=10 8 2
left_child=1 -1 -3
right_child=-2 2 -4
leaf_value=-0.0011458040364807824 -0.031925370282076385 0.0012036246688828908 0.028087872732892479
leaf_weight=1628.8596753737074 17.062053524394287 261.92719187465264 71.28744811337674
leaf_count=49141 641 4255 1291
internal_value=-1.55068e-05 0.000233342 0.00716209
internal_weight=1979.14 1962.07 333.215
internal_count=55328 54687 5546
is_linear=0
shrinkage=0.0321881


Tree=427
num_leaves=4
num_cat=0
split_feature=9 31 11
split_gain=16.1807 15.1487 16.683
threshold=20.672779521077739 -0.95880987548668395 26.884467138654916
decision_type=10 2 10
left_child=1 -1 -3
right_child=-2 2 -4
leaf_value=-0.0070357397888663907 -0.0280799270708375 0.0031157404286627968 -0.0046478872047271951
leaf_weight=248.97285611346888 20.746030160735245 1349.6611964618933 358.92478984604531
leaf_count=13650 468 30584 10292
internal_value=1.48205e-06 0.000334982 0.00144713
internal_weight=1978.3 1957.56 1708.59
internal_count=54994 54526 40876
is_linear=0
shrinkage=0.0321881


Tree=428
num_leaves=4
num_cat=0
split_feature=22 25 12
split_gain=15.9958 25.5506 28.1282
threshold=30.365412962840889 15.4234992976257 20.055879550307036
decision_type=2 2 8
left_child=-1 -2 -3
right_child=1 2 -4
leaf_value=-0.028195065341266513 0 0.06369869856712107 -0.0010850282611476159
leaf_weight=20.239540324262634 1935.7214648475929 13.541463647590719 10.277417283650719
leaf_count=7128 47040 223 878
internal_value=6.56505e-05 0.000393422 0.0333626
internal_weight=1979.78 1959.54 23.8189
internal_count=55269 48141 1101
is_linear=0
shrinkage=0.0321881


Tree=429
num_leaves=4
num_cat=2
split_feature=9 42 41
split_gain=17.4917 25.9283 16.9587
threshold=20.820060876130992 0 1
decision_type=10 9 9
left_child=1 -1 -3
right_child=-2 2 -4
leaf_value=0.018485386551290964 -0.028466103579238209 0.012011898875707685 -0.0013190477373147651
leaf_weight=66.695057670309325 22.135560035312665 93.895301939657656 1807.5648687989233
leaf_count=896 475 1185 52812
internal_value=-0.000149703 0.000139798 -0.000566642
internal_weight=1990.29 1968.16 1901.46
internal_count=55368 54893 53997
cat_boundaries=0 1 2
cat_threshold=131652 528
is_linear=0
shrinkage=0.0321881


Tree=430
num_leaves=4
num_cat=1
split_feature=38 2 41
split_gain=18.9778 14.5813 20.8776
threshold=-0.024968594951970114 26.411321495617265 0
decision_type=2 2 9
left_child=-1 -2 -3
right_child=1 2 -4
leaf_value=-0.0081013793515167572 -0.0035872376940521032 0.010693637413582204 0.00047793916176155357
leaf_weight=280.43404192146409 394.39769538320979 254.91197118454147 1040.2535193121003
leaf_count=8706 29555 3044 13922
internal_value=-0.000326787 0.000926904 0.00262557
internal_weight=1970 1689.56 1295.17
internal_count=55227 46521 16966
cat_boundaries=0 1
cat_threshold=536
is_linear=0
shrinkage=0.0321881


Tree=431
num_leaves=4
num_cat=0
split_feature=14 25 25
split_gain=16.0544 34.6306 31.885
threshold=281.0811329800776 5.9315423440761057 15.4234992976257
decision_type=8 2 2
left_child=2 -2 -1
right_child=1 -3 -4
leaf_value=-0.0057318303708317432 0.0028310571031462265 -0.021134773204963118 0.03835572104396251
leaf_weight=654.88565071560879 1248.5518841050507 65.126337674228125 16.899436061867164
leaf_count=32841 16467 2878 3312
internal_value=-0.000443232 0.00159086 -0.00451485
internal_weight=1985.46 1313.68 671.785
internal_count=55498 19345 36153
is_linear=0
shrinkage=0.0321881


Tree=432
num_leaves=4
num_cat=0
split_feature=7 11 0
split_gain=15.3269 15.5635 28.7012
threshold=27284.216455418657 26.884467138654916 852.37954857800287
decision_type=2 8 2
left_child=1 -1 -3
right_child=-2 2 -4
leaf_value=0.0019168698685064314 -0.019350176749791115 -0.015238714528756671 0.0016853397621030206
leaf_weight=1530.3887473046561 41.421248918995843 171.20323746485519 248.90535295690643
leaf_count=39292 1083 11454 3530
internal_value=-5.1651e-07 0.000380047 -0.00506475
internal_weight=1991.92 1950.5 420.109
internal_count=55359 54276 14984
is_linear=0
shrinkage=0.0321881


Tree=433
num_leaves=4
num_cat=0
split_feature=36 22 33
split_gain=15.7505 43.4386 33.7474
threshold=0.9066013681922277 233.18290997575983 0.23495285824683482
decision_type=2 2 2
left_child=1 2 -1
right_child=-2 -3 -4
leaf_value=0.0045201411809358454 -0.0014923559483350011 0.02288461852827928 -0.028068157925625819
leaf_weight=142.24342313082889 1703.133644969188 107.54076209204504 42.024733081234444
leaf_count=4786 40648 1987 8214
internal_value=-0.000277702 0.00658895 -0.00259333
internal_weight=1994.94 291.809 184.268
internal_count=55635 14987 13000
is_linear=0
shrinkage=0.0321881


Tree=434
num_leaves=4
num_cat=1
split_feature=41 32 32
split_gain=16.0471 35.952 25.706
threshold=0 -0.78777909279514102 -0.11403987505030383
decision_type=9 2 2
left_child=1 -1 -2
right_child=2 -3 -4
leaf_value=0.0053420950720670067 -0.0010257606073111299 -0.011001501724077245 0.0085556054715540484
leaf_weight=220.78905413250322 992.64886410417239 361.55875261987967 404.88999060189963
leaf_count=4545 24237 11464 15206
internal_value=-0.000145555 -0.00461683 0.00169342
internal_weight=1979.89 582.348 1397.54
internal_count=55452 16009 39443
cat_boundaries=0 1
cat_threshold=320
is_linear=0
shrinkage=0.0321881


Tree=435
num_leaves=4
num_cat=1
split_feature=9 43 5
split_gain=17.2952 17.705 29.6169
threshold=24.78617688536983 0 2.749334418013635
decision_type=10 9 2
left_child=1 2 -1
right_child=-2 -3 -4
leaf_value=0.017930637062700337 -0.0309902783889715 -0.00050552596174353816 -0.0081802896203980839
leaf_weight=142.47765696905117 17.938546310353559 1750.4399736302294 61.708232922057505
leaf_count=6550 428 45821 2558
internal_value=0.000206722 0.000529336 0.00927392
internal_weight=1972.56 1954.63 204.186
internal_count=55357 54929 9108
cat_boundaries=0 1
cat_threshold=16
is_linear=0
shrinkage=0.0321881


Tree=436
num_leaves=4
num_cat=0
split_feature=38 31 30
split_gain=14.5017 13.5322 20.6551
threshold=-0.026340193810014144 -0.85649109736900686 0.70782043976016518
decision_type=2 2 2
left_child=-1 -2 -3
right_child=1 2 -4
leaf_value=-0.0071012287600596838 -0.0030334314015517359 0.0057943549602991543 -0.0028753444577278319
leaf_weight=261.23922598036734 467.50911141106189 829.16042338858824 422.28877360699698
leaf_count=8063 22381 16711 8174
internal_value=-7.48916e-06 0.00103437 0.00281798
internal_weight=1980.2 1718.96 1251.45
internal_count=55329 47266 24885
is_linear=0
shrinkage=0.0321881


Tree=437
num_leaves=4
num_cat=1
split_feature=15 42 33
split_gain=15.6639 15.3901 20.4236
threshold=1.2735365734213813 0 -0.73566344650327198
decision_type=10 9 2
left_child=1 2 -1
right_child=-2 -3 -4
leaf_value=-0.024051607986390212 -0.01903070777340167 0.00045050086663669773 0
leaf_weight=65.639872524130624 47.625738590068067 1798.9099971378964 70.660418372819549
leaf_count=886 16008 37315 1122
internal_value=-0.000815418 -0.000331954 -0.0103809
internal_weight=1982.84 1935.21 136.3
internal_count=55331 39323 2008
cat_boundaries=0 1
cat_threshold=17408
is_linear=0
shrinkage=0.0321881


Tree=438
num_leaves=4
num_cat=0
split_feature=3 4 0
split_gain=14.9997 29.6636 18.9206
threshold=84.646712832800759 218.12058797901543 66.387568859501869
decision_type=2 2 2
left_child=1 -1 -2
right_child=2 -3 -4
leaf_value=0.01453168076082112 -0.012834433748026352 -0.017931258339890229 0.0016486479664941556
leaf_weight=36.679105309711304 98.017730583749653 115.54056311216846 1718.4835012838448
leaf_count=583 19302 2065 33361
internal_value=0 -0.00968073 0.000830515
internal_weight=1968.72 152.22 1816.5
internal_count=55311 2648 52663
is_linear=0
shrinkage=0.0321881


Tree=439
num_leaves=4
num_cat=2
split_feature=10 44 44
split_gain=18.1653 99.2395 56.0633
threshold=10375.612113214591 0 1
decision_type=2 9 9
left_child=2 -2 -1
right_child=1 -3 -4
leaf_value=0.01534077198469745 0.0015468028283427175 -0.026139648222618501 -0.001355970525048172
leaf_weight=264.39207931342389 727.19947195117129 153.33479159590206 841.19490442279493
leaf_count=10452 12374 14761 17897
internal_value=-6.46459e-06 -0.00348711 0.00270822
internal_weight=1986.12 880.534 1105.59
internal_count=55484 27135 28349
cat_boundaries=0 1 2
cat_threshold=132099 262724
is_linear=0
shrinkage=0.0321881


Tree=440
num_leaves=4
num_cat=0
split_feature=10 21 4
split_gain=14.8049 51.7651 44.2484
threshold=10724.468802961337 43.1090704658126 1428.6443317743144
decision_type=2 2 2
left_child=1 -1 -2
right_child=2 -3 -4
leaf_value=-0.024216248395819245 -0.006690192974063129 0.0045951487545907166 0.012126266285919878
leaf_weight=67.940085847301816 639.23667723593098 1091.9244682721474 160.50922111005639
leaf_count=6855 19532 23250 5521
internal_value=0.000497491 0.00284799 -0.00283163
internal_weight=1959.61 1159.86 799.746
internal_count=55158 30105 25053
is_linear=0
shrinkage=0.0321881


Tree=441
num_leaves=4
num_cat=1
split_feature=9 10 42
split_gain=15.3207 15.1574 15.1476
threshold=24.78617688536983 1852.0097197816112 0
decision_type=10 2 9
left_child=1 -1 -3
right_child=-2 2 -4
leaf_value=-0.02920515327875713 -0.030004343083096602 0.014452763700427031 0
leaf_weight=17.547263978762203 17.192423420652631 68.333060985969496 1875.8517360958213
leaf_count=879 423 920 53045
internal_value=5.90668e-06 0.00030497 0.000607597
internal_weight=1978.92 1961.73 1944.18
internal_count=55267 54844 53965
cat_boundaries=0 1
cat_threshold=131652
is_linear=0
shrinkage=0.0321881


Tree=442
num_leaves=4
num_cat=0
split_feature=6 10 22
split_gain=15.8538 45.7895 40.4735
threshold=52.22535626908104 6363.5821711259132 279.60194685674765
decision_type=2 2 2
left_child=-1 -2 -3
right_child=1 2 -4
leaf_value=-0.0015276022386815781 -0.021174634587807269 -0.009308888936287495 0.017430097904049566
leaf_weight=1617.2746334157418 53.353175828800886 74.527769636173616 235.2855418070103
leaf_count=47734 1210 2528 3952
internal_value=-0.000131347 0.00590821 0.0107902
internal_weight=1980.44 363.166 309.813
internal_count=55424 7690 6480
is_linear=0
shrinkage=0.0321881


Tree=443
num_leaves=4
num_cat=0
split_feature=22 25 16
split_gain=14.1276 19.769 18.873
threshold=41.283544454084073 15.4234992976257 97.66716698631798
decision_type=2 2 8
left_child=-1 -2 -3
right_child=1 2 -4
leaf_value=-0.02441906664836295 -0.00011353499357855442 0.056530875620648069 0
leaf_weight=24.188814073429967 1923.2089601488115 12.308747369810588 9.9942687363509339
leaf_count=8221 46155 498 302
internal_value=-6.82412e-05 0.000204718 0.0301865
internal_weight=1969.7 1945.51 22.303
internal_count=55176 46955 800
is_linear=0
shrinkage=0.0321881


Tree=444
num_leaves=4
num_cat=0
split_feature=15 33 25
split_gain=16.0361 15.5046 19.2908
threshold=1.2670539650513659 0.30389733462793395 14.663747581042514
decision_type=10 2 2
left_child=1 2 -1
right_child=-2 -3 -4
leaf_value=0.00051777044431874637 -0.017807704657375273 -0.020596725868325144 0.030922381384554731
leaf_weight=1851.516998391191 50.778555720062286 35.011153575731441 21.764830845873803
leaf_count=32526 16905 5255 519
internal_value=0 0.00047845 0.000908891
internal_weight=1959.07 1908.29 1873.28
internal_count=55205 38300 33045
is_linear=0
shrinkage=0.0321881


Tree=445
num_leaves=4
num_cat=0
split_feature=16 16 12
split_gain=14.0579 18.4337 52.5441
threshold=252.2395949047214 161.91982273058065 33.169481792695571
decision_type=10 8 10
left_child=1 2 -1
right_child=-2 -3 -4
leaf_value=0.0012689825102358365 -0.029380029808792778 0.005259827391467544 -0.014758244782306256
leaf_weight=1134.5188371641852 16.466516674729064 555.3766703883739 259.10645045355341
leaf_count=30089 645 8995 15467
internal_value=0 0.000274447 -0.00166715
internal_weight=1965.47 1949 1393.63
internal_count=55196 54551 45556
is_linear=0
shrinkage=0.0321881


Tree=446
num_leaves=4
num_cat=0
split_feature=10 4 13
split_gain=15.5796 37.3659 19.7754
threshold=17028.649055687976 1573.6628426963957 39.075385928848981
decision_type=2 2 10
left_child=2 -2 -1
right_child=1 -3 -4
leaf_value=0.00089679004934334263 -0.0045865239569266112 0.062186617486442559 -0.010886738392838427
leaf_weight=1772.555128563974 18.466370197071228 13.887246211350428 160.64668103063013
leaf_count=39435 642 219 15010
internal_value=0.000288527 0.0223641 -5.06778e-05
internal_weight=1965.56 32.3536 1933.2
internal_count=55306 861 54445
is_linear=0
shrinkage=0.0321881


Tree=447
num_leaves=4
num_cat=1
split_feature=29 36 44
split_gain=12.7562 17.3175 32.1186
threshold=3.6175030580883196 0.9066013681922277 0
decision_type=2 2 9
left_child=-1 2 -2
right_child=1 -3 -4
leaf_value=-0.028608800967163665 0.012523606748920989 -0.0008659539621116804 -0.015870336893994242
leaf_weight=15.680429555926819 228.74990255900775 1678.7720563477633 40.070277374405123
leaf_count=4953 4455 40403 5400
internal_value=4.79663e-05 0.000314839 0.00791985
internal_weight=1963.27 1947.59 268.82
internal_count=55211 50258 9855
cat_boundaries=0 1
cat_threshold=12359
is_linear=0
shrinkage=0.0321881


Tree=448
num_leaves=4
num_cat=0
split_feature=33 21 29
split_gain=15.4236 32.0388 82.6259
threshold=-0.55316791933557219 269.59631354446009 7.5596929410349718
decision_type=2 2 2
left_child=1 2 -1
right_child=-2 -3 -4
leaf_value=0.00085001689686018311 0.0040589857639665586 0.0068336797681033228 -0.020558092497037286
leaf_weight=679.64287403415074 709.69542998600809 319.91835240810178 254.72323553057504
leaf_count=17332 23619 7639 6511
internal_value=0.000239053 -0.00187192 -0.00492176
internal_weight=1963.98 1254.28 934.366
internal_count=55101 31482 23843
is_linear=0
shrinkage=0.0321881


Tree=449
num_leaves=4
num_cat=0
split_feature=10 4 16
split_gain=19.0131 47.2761 19.2733
threshold=17028.649055687976 1595.7137793801569 233.13867668544614
decision_type=2 2 10
left_child=2 -2 -1
right_child=1 -3 -4
leaf_value=0.00042542698839861476 -0.0053039277871237949 0.069362294265966878 -0.022560609577238822
leaf_weight=1894.8451872728474 19.330369642950245 13.984306097670922 38.321646600379609
leaf_count=53260 667 216 1246
internal_value=0.000384018 0.0244084 0
internal_weight=1966.48 33.3147 1933.17
internal_count=55389 883 54506
is_linear=0
shrinkage=0.0321881


Tree=450
num_leaves=4
num_cat=0
split_feature=16 12 12
split_gain=15.2474 64.3116 28.3592
threshold=173.53395826599319 33.458776531292003 33.169481792695571
decision_type=8 8 10
left_child=2 -2 -1
right_child=1 -3 -4
leaf_value=0.00093334519533768031 -0.015062296504484866 0.014164740507035013 -0.0089822805649394325
leaf_weight=1188.5501851391091 107.60269366815919 270.88950582887628 395.4579112547508
leaf_count=30746 2066 4951 17565
internal_value=-8.40036e-05 0.0056833 -0.00150292
internal_weight=1962.5 378.492 1584.01
internal_count=55328 7017 48311
is_linear=0
shrinkage=0.0321881


Tree=451
num_leaves=4
num_cat=1
split_feature=5 44 7
split_gain=14.8689 35.187 34.0364
threshold=1.1301619397703162 0 18058.933980119033
decision_type=2 9 2
left_child=1 -1 -3
right_child=-2 2 -4
leaf_value=-0.016514218483854554 0.0028367644703916175 0.0014754035340505383 -0.035708277203028153
leaf_weight=148.69468482522643 1072.3106271862634 727.47830104487366 26.181864976671932
leaf_count=7549 27963 19166 691
internal_value=0.00024535 -0.00276352 8.71967e-05
internal_weight=1974.67 902.355 753.66
internal_count=55369 27406 19857
cat_boundaries=0 1
cat_threshold=529168
is_linear=0
shrinkage=0.0321881


Tree=452
num_leaves=4
num_cat=1
split_feature=30 10 44
split_gain=14.222 32.982 75.8391
threshold=0.84731837916837005 10375.612113214591 0
decision_type=2 2 9
left_child=1 -1 -3
right_child=-2 2 -4
leaf_value=0.0052252345833643686 -0.0059614152465059271 -0.028013167500262656 0.00051492338477797286
leaf_weight=917.66999678155116 351.58513968101033 104.14999790865841 599.55278445404838
leaf_count=24797 6545 11531 12354
internal_value=-6.47332e-05 0.00117533 -0.00401548
internal_weight=1972.96 1621.37 703.703
internal_count=55227 48682 23885
cat_boundaries=0 1
cat_threshold=796228
is_linear=0
shrinkage=0.0321881


Tree=453
num_leaves=4
num_cat=1
split_feature=7 10 44
split_gain=15.9361 16.3989 94.8053
threshold=29169.022129817862 10375.612113214591 0
decision_type=2 2 9
left_child=1 -1 -3
right_child=-2 2 -4
leaf_value=0.0029485924786689785 -0.024414111673717629 0.0019515971688415503 -0.02562759222914842
leaf_weight=1078.9244963016245 27.206638723910146 704.36970072182885 146.99676501133945
leaf_count=27550 867 12013 14559
internal_value=-3.02431e-05 0.000283399 -0.00301925
internal_weight=1957.5 1930.29 851.366
internal_count=54989 54122 26572
cat_boundaries=0 1
cat_threshold=132099
is_linear=0
shrinkage=0.0321881


Tree=454
num_leaves=4
num_cat=0
split_feature=14 10 5
split_gain=14.1614 39.8055 33.6501
threshold=477.08672232997924 13201.898220196095 1.2547486284163036
decision_type=8 2 2
left_child=-1 2 -2
right_child=1 -3 -4
leaf_value=-0.0010029334071182097 -0.010157098036907591 0.027022692372955542 0.012336642879803222
leaf_weight=1612.2301520005203 145.21217188741139 74.239349001378287 130.36356872550095
leaf_count=49088 2511 1417 2293
internal_value=0.000237219 0.00613161 0.000254294
internal_weight=1962.05 349.815 275.576
internal_count=55309 6221 4804
is_linear=0
shrinkage=0.0321881


Tree=455
num_leaves=4
num_cat=0
split_feature=16 12 10
split_gain=15.2042 61.3424 41.8592
threshold=173.53395826599319 34.153738377598394 13934.660330128479
decision_type=10 10 2
left_child=-1 2 -2
right_child=1 -3 -4
leaf_value=-0.0017827866736555879 -0.020825991121113951 0.015196965142617487 0.028831111839836911
leaf_weight=1597.611678338515 105.82414866544423 238.52505592971283 19.937163275899366
leaf_count=49568 1986 3437 315
internal_value=-0.00039939 0.00549011 -0.0124088
internal_weight=1961.9 364.286 125.761
internal_count=55306 5738 2301
is_linear=0
shrinkage=0.0321881


Tree=456
num_leaves=4
num_cat=1
split_feature=10 16 43
split_gain=20.4111 19.1816 17.1963
threshold=17232.405951515368 245.76312220911777 0
decision_type=2 10 9
left_child=1 2 -1
right_child=-2 -3 -4
leaf_value=0.0081900184465598207 0.028608357636873593 -0.030412709927374212 -0.0014404344934641192
leaf_weight=205.36827900275239 24.614393091847887 22.095313425728818 1714.0534023429282
leaf_count=9299 662 822 44593
internal_value=-0.000316549 -0.000719505 -0.000340802
internal_weight=1966.13 1941.52 1919.42
internal_count=55376 54714 53892
cat_boundaries=0 1
cat_threshold=112
is_linear=0
shrinkage=0.0321881


Tree=457
num_leaves=4
num_cat=0
split_feature=35 10 18
split_gain=16.3478 13.4978 13.1034
threshold=0.0027734918357567718 1852.0097197816112 -0.48062137658105125
decision_type=2 2 2
left_child=1 -1 -3
right_child=-2 2 -4
leaf_value=-0.028846665768880096 -0.0075907674721909279 -0.0045151927818128162 0.0030471593023563858
leaf_weight=14.599700721431871 232.90029337380838 278.61953880673536 1431.6594961752999
leaf_count=741 7185 9538 37764
internal_value=0.000365353 0.00147744 0.00177749
internal_weight=1957.78 1724.88 1710.28
internal_count=55228 48043 47302
is_linear=0
shrinkage=0.0321881


Tree=458
num_leaves=4
num_cat=0
split_feature=14 3 5
split_gain=14.6779 33.5966 42.0234
threshold=281.0811329800776 157.85354566053886 2.9260995043128948
decision_type=8 2 2
left_child=1 2 -1
right_child=-2 -3 -4
leaf_value=-0.0029094430736084425 0.0023397914209194182 -0.0089126640561100739 0.025965374786796395
leaf_weight=158.9851872271538 1312.1679611348227 430.98251820307632 75.39604403188423
leaf_count=7987 19365 26042 2118
internal_value=0.000335903 -0.00351971 0.00612441
internal_weight=1977.53 665.364 234.381
internal_count=55512 36147 10105
is_linear=0
shrinkage=0.0321881


Tree=459
num_leaves=4
num_cat=1
split_feature=31 11 41
split_gain=16.4366 16.4382 16.0695
threshold=0.48293586773733516 23.674725977622408 0
decision_type=2 8 9
left_child=2 -2 -1
right_child=1 -3 -4
leaf_value=0.0049728497172628469 -0.024166806587371335 -0.00021701112458268911 -0.0017292091999824
leaf_weight=502.8630732074962 59.461888475590968 70.108390051143942 1320.6872725613794
leaf_count=21636 897 1054 31549
internal_value=-0.000650965 -0.0117227 0.000102221
internal_weight=1953.12 129.57 1823.55
internal_count=55136 1951 53185
cat_boundaries=0 1
cat_threshold=538
is_linear=0
shrinkage=0.0321881


Tree=460
num_leaves=4
num_cat=0
split_feature=22 14 1
split_gain=14.7255 15.1424 23.1736
threshold=901.12307251692062 162.41167258956352 23.479417890422003
decision_type=2 8 2
left_child=1 2 -1
right_child=-2 -3 -4
leaf_value=-0.020220253858513112 0.019902301062181299 0.00036914833241591242 0.0059523495515624684
leaf_weight=92.587717858310498 37.47263363446109 1782.7305715367911 51.218823610804975
leaf_count=7477 658 46574 635
internal_value=0 -0.000407463 -0.0104619
internal_weight=1964.01 1926.54 143.807
internal_count=55344 54686 8112
is_linear=0
shrinkage=0.0321881


Tree=461
num_leaves=4
num_cat=0
split_feature=14 17 29
split_gain=15.1684 25.5368 24.4416
threshold=625.6022057944333 5.8875736995119352 8.6240238719344635
decision_type=10 10 2
left_child=1 -1 -2
right_child=2 -3 -4
leaf_value=0 0.0009662843391466709 -0.020884737866812528 0.03894420640124413
leaf_weight=1788.616894370447 63.860448300663847 62.74822630386916 26.121885595377535
leaf_count=39742 1072 13844 456
internal_value=-7.96101e-05 -0.000740125 0.0127706
internal_weight=1941.35 1851.37 89.9823
internal_count=55114 53586 1528
is_linear=0
shrinkage=0.0321881


Tree=462
num_leaves=4
num_cat=1
split_feature=16 14 44
split_gain=14.5901 15.6002 37.2022
threshold=252.2395949047214 477.08672232997924 0
decision_type=10 10 9
left_child=1 -1 -3
right_child=-2 2 -4
leaf_value=-0.0008971970512357901 -0.030621495289548724 0.010755945284975702 -0.021096566410702663
leaf_weight=1617.5152106748064 15.638866009685442 285.42689101849101 33.438193068228429
leaf_count=50491 654 3642 664
internal_value=6.66326e-05 0.000351086 0.00687885
internal_weight=1952.02 1936.38 318.865
internal_count=55451 54797 4306
cat_boundaries=0 1
cat_threshold=7
is_linear=0
shrinkage=0.0321881


Tree=463
num_leaves=4
num_cat=1
split_feature=23 5 44
split_gain=13.1534 14.4332 38.043
threshold=-0.21664668746463331 1.2765742026219604 0
decision_type=2 2 9
left_child=-1 -2 -3
right_child=1 2 -4
leaf_value=-0.0094002277776009131 -0.0015402537579148404 0.019171510340343607 0.00095968378468269503
leaf_weight=132.11035268886917 973.70951885385148 135.48775359301362 717.86807121165475
leaf_count=7391 27527 1838 18477
internal_value=0.000349391 0.00109034 0.00416616
internal_weight=1959.18 1827.07 853.356
internal_count=55233 47842 20315
cat_boundaries=0 1
cat_threshold=1604
is_linear=0
shrinkage=0.0321881


Tree=464
num_leaves=4
num_cat=0
split_feature=17 14 21
split_gain=15.1914 28.0978 18.2882
threshold=5.6568942605737398 593.95612129041172 109.37573474436975
decision_type=10 10 2
left_child=-1 -2 -3
right_child=1 2 -4
leaf_value=0.00080792694460534006 -0.014428909333098051 -0.0044019093645210504 0.037514361898907937
leaf_weight=1748.5502212239735 165.15090173057979 18.509685081604403 19.582975943572819
leaf_count=34936 19588 534 229
internal_value=-0.000127441 -0.00847921 0.0155837
internal_weight=1951.79 203.244 38.0927
internal_count=55287 20351 763
is_linear=0
shrinkage=0.0321881


Tree=465
num_leaves=4
num_cat=0
split_feature=22 2 14
split_gain=14.7406 17.4998 28.0277
threshold=822.56184750805403 38.619142593982041 209.24949485018095
decision_type=2 2 10
left_child=1 2 -1
right_child=-2 -3 -4
leaf_value=-0.01625271727833838 0.016765256868917271 0.003657996446631403 -0.0010315028720680453
leaf_weight=143.38303270538745 51.925349916506093 649.51834809375578 1089.9019835557847
leaf_count=22585 1073 8087 23468
internal_value=-7.42577e-05 -0.000574546 -0.00285556
internal_weight=1934.73 1882.8 1233.29
internal_count=55213 54140 46053
is_linear=0
shrinkage=0.0321881


Tree=466
num_leaves=4
num_cat=0
split_feature=2 14 32
split_gain=15.2092 29.3123 30.8172
threshold=37.071754035786945 209.24949485018095 -0.10646858789764417
decision_type=2 8 2
left_child=1 -1 -3
right_child=-2 2 -4
leaf_value=-0.016555797844580711 0.0036414725729665811 -0.0039187833822227408 0.008123401900110544
leaf_weight=130.14480063752853 777.6704326022882 745.52973382297205 311.58031246060273
leaf_count=21651 9701 14875 9204
internal_value=0.000112449 -0.00214575 -0.000308118
internal_weight=1964.93 1187.25 1057.11
internal_count=55431 45730 24079
is_linear=0
shrinkage=0.0321881


Tree=467
num_leaves=4
num_cat=0
split_feature=33 25 25
split_gain=13.4816 17.3094 23.8292
threshold=0.41469550171106867 15.4234992976257 5.7349365267202268
decision_type=2 2 2
left_child=1 2 -1
right_child=-2 -3 -4
leaf_value=0.00051913217901611275 -0.028627516688692959 0.027924699697037234 -0.017404983791438521
leaf_weight=1843.7434675260156 16.811140958176111 22.695846325557795 79.860798463298124
leaf_count=44045 7083 853 3142
internal_value=-0.000112456 0.000104576 -0.000193954
internal_weight=1963.11 1946.3 1923.6
internal_count=55123 48040 47187
is_linear=0
shrinkage=0.0321881


Tree=468
num_leaves=4
num_cat=1
split_feature=29 22 44
split_gain=12.7409 38.8537 23.5
threshold=9.6164141444641675 233.18290997575983 0
decision_type=2 2 9
left_child=2 -2 -1
right_child=1 -3 -4
leaf_value=-1.416689346697372e-05 -0.007310225413183242 0.027156645865690544 -0.017428219003457899
leaf_weight=1754.6242536873469 65.225636630311783 65.737466677324846 74.314169379380473
leaf_count=40031 4365 1087 9979
internal_value=-0.00012712 0.0095229 -0.000854085
internal_weight=1959.9 130.963 1828.94
internal_count=55462 5452 50010
cat_boundaries=0 1
cat_threshold=394951
is_linear=0
shrinkage=0.0321881


Tree=469
num_leaves=4
num_cat=1
split_feature=13 44 10
split_gain=14.7664 33.4193 74.8073
threshold=36.997541478182292 0 6798.3997516080062
decision_type=10 9 2
left_child=-1 2 -2
right_child=1 -3 -4
leaf_value=0.0010495477817943223 0.051050441139394241 -0.011211186604057732 -0.017406340549238158
leaf_weight=1618.2179171536336 31.264001301198732 272.80372836321476 32.814030309207737
leaf_count=35089 331 18970 664
internal_value=-0.000193338 -0.00634904 0.0130411
internal_weight=1955.1 336.882 64.078
internal_count=55054 19965 995
cat_boundaries=0 1
cat_threshold=580
is_linear=0
shrinkage=0.0321881


Tree=470
num_leaves=4
num_cat=0
split_feature=10 0 16
split_gain=12.7471 33.1003 18.1619
threshold=16847.074621194264 852.37954857800287 227.93435788546
decision_type=2 2 10
left_child=2 -2 -1
right_child=1 -3 -4
leaf_value=0.00011422808896400223 -0.0069612621950857099 0.051737502783394181 -0.019949762207946312
leaf_weight=1873.157937254502 19.682098496719846 17.059285116731189 47.579673657091917
leaf_count=52955 835 214 1440
internal_value=0 0.0187274 -0.000352031
internal_weight=1957.48 36.7414 1920.74
internal_count=55444 1049 54395
is_linear=0
shrinkage=0.0321881


Tree=471
num_leaves=4
num_cat=0
split_feature=10 30 32
split_gain=14.5183 45.909 43.6979
threshold=10375.612113214591 0.86426673655850739 -0.18489403244617203
decision_type=2 2 2
left_child=1 2 -1
right_child=-2 -3 -4
leaf_value=0 -0.0034156799747931039 -0.013126471789076222 0.014954830939654133
leaf_weight=605.54365734987368 860.93475450584083 168.81584379219566 307.59419377750601
leaf_count=14299 27071 3068 10617
internal_value=-0.000267913 0.00217818 0.00508002
internal_weight=1942.89 1081.95 913.138
internal_count=55055 27984 24916
is_linear=0
shrinkage=0.0321881


Tree=472
num_leaves=4
num_cat=0
split_feature=2 16 3
split_gain=13.6288 38.8403 25.4628
threshold=39.508399589154031 85.684954433832374 84.646712832800759
decision_type=2 8 2
left_child=1 -1 -3
right_child=-2 2 -4
leaf_value=-0.018006865143189592 0.0045119475634951131 -0.015028076050535414 0.0018658807942810145
leaf_weight=130.33696845571831 598.60942078597145 100.26477851752134 1120.9729522279158
leaf_count=23000 7388 1891 23059
internal_value=0.000445411 -0.00130901 0.00042408
internal_weight=1950.18 1351.57 1221.24
internal_count=55338 47950 24950
is_linear=0
shrinkage=0.0321881


Tree=473
num_leaves=4
num_cat=0
split_feature=11 31 31
split_gain=14.1824 22.8734 22.7344
threshold=26.884467138654916 0.48293586773733516 -0.93014605181474497
decision_type=10 2 2
left_child=1 2 -1
right_child=-2 -3 -4
leaf_value=-0.005576362846426877 -0.0049548298429225512 -0.013902507578108051 0.0047370835116189759
leaf_weight=266.41718829708407 402.10744265161338 88.839708343162783 1196.5589551403682
leaf_count=13518 13887 1376 26585
internal_value=0.000388578 0.00181475 0.00281481
internal_weight=1953.92 1551.82 1462.98
internal_count=55366 41479 40103
is_linear=0
shrinkage=0.0321881


Tree=474
num_leaves=4
num_cat=0
split_feature=33 29 21
split_gain=14.506 41.2166 73.141
threshold=-0.58490782681436249 7.7278816205406722 256.10438141077287
decision_type=2 2 2
left_child=1 -1 -3
right_child=-2 2 -4
leaf_value=0.0013576757870734904 0.003519192026314772 -0.025471262167891438 0.0052437113783406477
leaf_weight=877.59370546332502 750.56881474680995 182.8735129126726 137.8420328401844
leaf_count=22708 24512 5081 2839
internal_value=0 -0.00218666 -0.0120775
internal_weight=1948.88 1198.31 320.716
internal_count=55140 30628 7920
is_linear=0
shrinkage=0.0321881


Tree=475
num_leaves=4
num_cat=0
split_feature=22 33 29
split_gain=14.9108 15.4615 47.7431
threshold=860.02152159692434 -0.56935403399890683 7.6775428323939225
decision_type=2 2 2
left_child=1 2 -1
right_child=-2 -3 -4
leaf_value=0.00069055696595577158 0.01798064994949377 0.0027668441894059615 -0.013792905196456162
leaf_weight=858.68921126365603 43.903452271129936 718.57759443445684 321.11855986078444
leaf_count=22378 862 23946 8093
internal_value=-0.00044565 -0.000907529 -0.00319954
internal_weight=1942.29 1898.39 1179.81
internal_count=55279 54417 30471
is_linear=0
shrinkage=0.0321881


Tree=476
num_leaves=4
num_cat=0
split_feature=31 33 32
split_gain=14.986 16.0367 33.4227
threshold=0.48293586773733516 -0.56935403399890683 -0.1232622387441243
decision_type=2 2 2
left_child=1 2 -1
right_child=-2 -3 -4
leaf_value=-0.0063769925056998879 -0.011019758545764162 0.004508023351771231 0.0047449699299743527
leaf_weight=668.81144890091673 122.43997444820707 686.9581865905493 475.90253862494137
leaf_count=16260 1913 23261 13943
internal_value=-0.000101074 0.000595359 -0.0016975
internal_weight=1954.11 1831.67 1144.71
internal_count=55377 53464 30203
is_linear=0
shrinkage=0.0321881


Tree=477
num_leaves=4
num_cat=0
split_feature=32 21 36
split_gain=14.1815 45.7317 42.64
threshold=-0.1232622387441243 32.711188973756521 0.86415656182753497
decision_type=2 2 2
left_child=2 -2 -1
right_child=1 -3 -4
leaf_value=0.014648220813278521 -0.028988415589702395 0.0073634681179026527 -0.0032299088489776769
leaf_weight=154.90960321651073 37.669001164846122 532.49432068398892 1227.4870033633197
leaf_count=5571 6898 14688 28198
internal_value=0.000546604 0.0048391 -0.00117827
internal_weight=1952.56 570.163 1382.4
internal_count=55355 21586 33769
is_linear=0
shrinkage=0.0321881


Tree=478
num_leaves=4
num_cat=0
split_feature=14 17 15
split_gain=13.9797 24.3324 21.2339
threshold=625.6022057944333 6.0316194871446749 1.033181445573051
decision_type=10 10 10
left_child=1 -1 -2
right_child=2 -3 -4
leaf_value=-0.00014677037089500663 0 -0.026973061648695163 0.031423180567226552
leaf_weight=1819.777601771224 51.932304484304041 35.60750940654907 35.803313420037739
leaf_count=42187 929 11518 585
internal_value=-7.23887e-05 -0.000699309 0.0124275
internal_weight=1943.12 1855.39 87.7356
internal_count=55219 53705 1514
is_linear=0
shrinkage=0.0321881


Tree=479
num_leaves=4
num_cat=0
split_feature=7 4 33
split_gain=16.4772 24.4277 21.1909
threshold=18058.933980119033 851.58924074061713 -0.53615002913931853
decision_type=2 2 2
left_child=-1 2 -2
right_child=1 -3 -4
leaf_value=0.00048071314094614019 -0.020146801082777582 -0.036872695677369761 0.025354994536269142
leaf_weight=1862.7413551836071 22.734205949906027 30.625731363121304 19.41156621130358
leaf_count=53527 453 886 384
internal_value=-7.40522e-05 -0.0151023 0
internal_weight=1935.51 72.7715 42.1458
internal_count=55250 1723 837
is_linear=0
shrinkage=0.0321881


Tree=480
num_leaves=4
num_cat=0
split_feature=30 4 32
split_gain=14.0428 25.2408 16.6862
threshold=-0.96747441913289334 1071.5575483347311 0.58668974911705696
decision_type=2 2 2
left_child=1 -1 -2
right_child=2 -3 -4
leaf_value=-0.018450097749841382 0.0013793113120774386 0.0061719448059420522 -0.014664381104243056
leaf_weight=109.31397665067198 1706.4903937575727 65.997207180458645 69.286429283747566
leaf_count=1731 46832 912 5970
internal_value=-0.000109745 -0.0088223 0.00071559
internal_weight=1951.09 175.311 1775.78
internal_count=55445 2643 52802
is_linear=0
shrinkage=0.0321881


Tree=481
num_leaves=4
num_cat=1
split_feature=22 44 5
split_gain=13.7024 32.1541 29.4172
threshold=484.24156471294503 0 2.2599968823303187
decision_type=2 9 2
left_child=1 -1 -2
right_child=2 -3 -4
leaf_value=-0.0002332582445047414 0.0018705620063357842 -0.021851939915394206 0.018510745064606662
leaf_weight=1440.8416634139285 312.54510212232708 65.212171433173353 125.51323103855248
leaf_count=33002 8334 11242 2717
internal_value=6.26955e-05 -0.00136154 0.00510267
internal_weight=1944.11 1506.05 438.058
internal_count=55295 44244 11051
cat_boundaries=0 1
cat_threshold=262727
is_linear=0
shrinkage=0.0321881


Tree=482
num_leaves=4
num_cat=0
split_feature=14 1 25
split_gain=14.3995 23.1545 31.0404
threshold=197.734122460576 26.546474758131481 15.4234992976257
decision_type=8 2 2
left_child=1 2 -1
right_child=-2 -3 -4
leaf_value=-0.015080734226149351 0.00057718452503409618 0.010970430333059042 0.041382473726636865
leaf_weight=207.91172508666932 1659.1690024402815 53.235646396817174 9.8338294594577729
leaf_count=16936 35737 579 1847
internal_value=-0.000511193 -0.00740465 -0.0121963
internal_weight=1930.15 270.981 217.746
internal_count=55099 19362 18783
is_linear=0
shrinkage=0.0321881


Tree=483
num_leaves=4
num_cat=2
split_feature=31 42 42
split_gain=15.2828 15.1797 15.0605
threshold=-0.96128954411339851 0 1
decision_type=2 9 9
left_child=1 -1 -2
right_child=2 -3 -4
leaf_value=0.01463847254739201 0.0022658663604574569 -0.0099241810551776687 -0.0082023127959840927
leaf_weight=19.506431377121771 1564.1697848816111 216.81570736085996 144.8539343544544
leaf_count=637 39811 12550 2214
internal_value=0.000212627 -0.00741557 0.00130559
internal_weight=1945.35 236.322 1709.02
internal_count=55212 13187 42025
cat_boundaries=0 1 2
cat_threshold=262692 393302
is_linear=0
shrinkage=0.0321881


Tree=484
num_leaves=4
num_cat=0
split_feature=7 4 32
split_gain=14.6675 26.5119 17.756
threshold=18058.933980119033 851.58924074061713 -0.79921805120272671
decision_type=2 2 2
left_child=-1 2 -2
right_child=1 -3 -4
leaf_value=0.00012398320569701702 0.024962180390555425 -0.037160060922602996 -0.015962822447869802
leaf_weight=1853.3262265045996 18.989379766906495 30.86755751358578 24.961451168528583
leaf_count=53250 276 887 575
internal_value=-0.000406895 -0.0143648 0.000316835
internal_weight=1928.14 74.8184 43.9508
internal_count=54988 1738 851
is_linear=0
shrinkage=0.0321881


Tree=485
num_leaves=4
num_cat=0
split_feature=32 29 22
split_gain=13.9644 38.6949 44.2511
threshold=-0.73251491726035567 7.6775428323939225 471.03689711881043
decision_type=2 2 2
left_child=-1 -2 -3
right_child=1 2 -4
leaf_value=0.0032656256522366127 0.00069500616679462343 -0.027559501031815408 0
leaf_weight=773.5256952778509 906.01334444707391 120.52420246813563 127.22284002823289
leaf_count=17200 29349 5754 2907
internal_value=-4.60533e-05 -0.00232174 -0.013601
internal_weight=1927.29 1153.76 247.747
internal_count=55210 38010 8661
is_linear=0
shrinkage=0.0321881


Tree=486
num_leaves=4
num_cat=0
split_feature=22 26 33
split_gain=13.9233 14.5276 13.6721
threshold=860.02152159692434 0.98531411567857308 -0.55316791933557219
decision_type=2 2 2
left_child=2 -2 -1
right_child=1 -3 -4
leaf_value=-0.0025594884323686161 0.0087323964278438471 0.036305700624369455 0.0031163471100501298
leaf_weight=1188.9215839375101 20.608387367799878 23.061600758461282 692.97105921582624
leaf_count=30738 466 404 23506
internal_value=0 0.0179003 -0.0004355
internal_weight=1925.56 43.67 1881.89
internal_count=55114 870 54244
is_linear=0
shrinkage=0.0321881


Tree=487
num_leaves=4
num_cat=1
split_feature=10 4 44
split_gain=15.2289 12.8094 36.8772
threshold=1852.0097197816112 1410.2666841248156 0
decision_type=2 2 9
left_child=-1 -2 -3
right_child=1 2 -4
leaf_value=-0.028968310014341577 -0.00090514905238492415 0.020038597022930489 -0.00087957529064928834
leaf_weight=18.228553148910578 1524.1557448739259 115.03854659361241 275.87555093440096
leaf_count=888 42429 1951 10215
internal_value=7.90729e-05 0.000392365 0.00561163
internal_weight=1933.3 1915.07 390.914
internal_count=55483 54595 12166
cat_boundaries=0 1
cat_threshold=131073
is_linear=0
shrinkage=0.0321881


Tree=488
num_leaves=4
num_cat=0
split_feature=38 26 22
split_gain=14.1486 12.4484 14.5553
threshold=-0.030575416242016446 0.078925654429168213 901.12307251692062
decision_type=2 2 2
left_child=-1 -2 -3
right_child=1 2 -4
leaf_value=-0.0085949128654376448 -0.0025004144263707671 0.0022071316432242904 0.025430107344665519
leaf_weight=195.15300756131182 762.97263862440741 937.28980270076863 29.330238009570166
leaf_count=6316 25929 22409 539
internal_value=-0.000365128 0.000527683 0.00298373
internal_weight=1924.75 1729.59 966.62
internal_count=55193 48877 22948
is_linear=0
shrinkage=0.0321881


Tree=489
num_leaves=4
num_cat=1
split_feature=21 44 33
split_gain=14.0541 22.5229 38.5124
threshold=147.04664973947024 0 -0.74096160492246621
decision_type=2 9 2
left_child=-1 2 -2
right_child=1 -3 -4
leaf_value=-0.0039289056235477125 -0.0011031641947065365 -0.0011031641947065365 0.01536747055947758
leaf_weight=727.55762956244507 292.59612700986327 645.45441513427068 271.13261238776613
leaf_count=28864 7807 13105 5496
internal_value=-0.000367801 0.00172258 0.00649744
internal_weight=1936.74 1209.18 563.729
internal_count=55272 26408 13303
cat_boundaries=0 1
cat_threshold=394306
is_linear=0
shrinkage=0.0321881


Tree=490
num_leaves=4
num_cat=0
split_feature=33 25 12
split_gain=12.9198 15.9253 19.2047
threshold=0.44731114000110844 15.4234992976257 19.487584436600059
decision_type=2 2 8
left_child=1 -1 -3
right_child=-2 2 -4
leaf_value=1.7761057342108541e-05 -0.029057551693257331 0.054597832693354872 -0.00043683122214044904
leaf_weight=1897.928875504891 15.334624361075837 12.058126392628767 9.4329057476716098
leaf_count=47475 6877 175 704
internal_value=9.54056e-05 0.000365052 0.0277691
internal_weight=1934.75 1919.42 21.491
internal_count=55231 48354 879
is_linear=0
shrinkage=0.0321881


Tree=491
num_leaves=4
num_cat=0
split_feature=28 6 22
split_gain=13.8445 20.7211 26.5944
threshold=0.38815623712407621 52.22535626908104 313.81848825839944
decision_type=2 2 2
left_child=-1 -2 -3
right_child=1 2 -4
leaf_value=-0.0046967233631578344 -0.00033516365150264489 -0.0015947064517903907 0.01538010721822335
leaf_weight=504.97383572703984 1144.1009265367175 58.671194376598578 212.27162455770303
leaf_count=23542 26995 1124 3536
internal_value=-9.15892e-05 0.00150731 0.00951583
internal_weight=1920.02 1415.04 270.943
internal_count=55197 31655 4660
is_linear=0
shrinkage=0.0321881


Tree=492
num_leaves=4
num_cat=0
split_feature=10 3 2
split_gain=13.4248 14.0142 25.4069
threshold=1590.3019141707894 88.918917539971787 46.187640368927141
decision_type=2 2 2
left_child=-1 2 -2
right_child=1 -3 -4
leaf_value=-0.031657010889517792 -0.013140403845569229 0.0013165557021541791 0.02338564441145773
leaf_weight=13.36748378114862 152.30728646714124 1727.5482518776807 21.385865936754271
leaf_count=662 2831 51409 248
internal_value=0.000147023 0.000408049 -0.00825122
internal_weight=1914.61 1901.24 173.693
internal_count=55150 54488 3079
is_linear=0
shrinkage=0.0321881


Tree=493
num_leaves=4
num_cat=0
split_feature=31 14 14
split_gain=12.7489 20.5879 12.8064
threshold=0.48293586773733516 406.20915710778218 185.03345873648431
decision_type=2 8 8
left_child=2 -2 -1
right_child=1 -3 -4
leaf_value=-0.0065793308844909141 -0.023190434022626456 0.0020372758533998949 0.0018199040185133907
leaf_weight=211.25847735044226 61.386411239611334 64.391080831774161 1585.8288713715992
leaf_count=14112 967 958 39061
internal_value=6.96209e-05 -0.00979026 0.000796348
internal_weight=1922.86 125.777 1797.09
internal_count=55098 1925 53173
is_linear=0
shrinkage=0.0321881


Tree=494
num_leaves=4
num_cat=1
split_feature=16 43 5
split_gain=12.9095 16.1124 28.4971
threshold=252.2395949047214 0 2.749334418013635
decision_type=10 9 2
left_child=1 2 -1
right_child=-2 -3 -4
leaf_value=0.017344466003689267 -0.029565947626572477 -0.00047599479899136139 -0.0072766808880698293
leaf_weight=144.48080482510704 14.582497974566648 1716.0496696803566 68.924971775632002
leaf_count=6780 621 45149 2751
internal_value=0.00028589 0.000548115 0.00868836
internal_weight=1944.04 1929.46 213.406
internal_count=55301 54680 9531
cat_boundaries=0 1
cat_threshold=112
is_linear=0
shrinkage=0.0321881


Tree=495
num_leaves=4
num_cat=0
split_feature=14 1 31
split_gain=12.9682 18.2582 12.8972
threshold=162.41167258956352 24.247805943795239 0.48293586773733516
decision_type=8 2 2
left_child=1 -1 -2
right_child=2 -3 -4
leaf_value=-0.017678780610243774 0.0014138904837686878 0.0063896164556786622 -0.0095331472535938929
leaf_weight=94.994093856359541 1668.4373067445667 44.748440550582018 118.43708897526813
leaf_count=7593 45090 541 1891
internal_value=-5.42079e-05 -0.00951879 0.000651494
internal_weight=1926.62 139.743 1786.87
internal_count=55115 8134 46981
is_linear=0
shrinkage=0.0321881


Tree=496
num_leaves=4
num_cat=0
split_feature=34 22 36
split_gain=14.1371 12.2549 15.3579
threshold=-0.025658416745344793 32.416431167750254 0.86415656182753497
decision_type=2 2 2
left_child=-1 -2 -3
right_child=1 2 -4
leaf_value=-0.0080114343131688793 -0.026991278621391022 0.0092402399999239535 -2.9895965512509791e-05
leaf_weight=212.92452912600857 15.913471350850157 208.9411505567623 1498.1834359833592
leaf_count=6319 6505 6186 36371
internal_value=-0.000164903 0.000768741 0.00106853
internal_weight=1935.96 1723.04 1707.12
internal_count=55381 49062 42557
is_linear=0
shrinkage=0.0321881


Tree=497
num_leaves=4
num_cat=1
split_feature=23 31 42
split_gain=14.3383 14.9256 28.6516
threshold=-0.35566689775087007 -0.80719562366727826 0
decision_type=2 2 9
left_child=-1 2 -2
right_child=1 -3 -4
leaf_value=-0.010389238760958878 0.019117854644030565 0.0032510966828931975 -0.0045760036213138766
leaf_weight=116.19322815990017 44.936944882058015 1239.038630568939 530.2919063937552
leaf_count=6877 1222 22686 24349
internal_value=0.000503262 0.00123723 -0.00298949
internal_weight=1930.46 1814.27 575.229
internal_count=55134 48257 25571
cat_boundaries=0 1
cat_threshold=262692
is_linear=0
shrinkage=0.0321881


Tree=498
num_leaves=4
num_cat=0
split_feature=33 29 22
split_gain=15.9041 46.6284 69.5751
threshold=-0.67058950410137164 7.6443694409844332 474.45297268909468
decision_type=2 2 2
left_child=1 -1 -3
right_child=-2 2 -4
leaf_value=0.00068991362187315205 0.0030814254747535846 -0.034204280060803637 0.00041903099307438719
leaf_weight=836.29633979669597 857.54831820158142 109.47158787335502 125.19366815240937
leaf_count=21616 27126 3290 2872
internal_value=-0.000149592 -0.00279633 -0.0154798
internal_weight=1928.51 1070.96 234.665
internal_count=54904 27778 6162
is_linear=0
shrinkage=0.0321881


Tree=499
num_leaves=4
num_cat=0
split_feature=30 4 17
split_gain=13.8866 25.9359 13.853
threshold=-0.96747441913289334 1015.1234005995465 5.6412502844000292
decision_type=2 2 10
left_child=1 -1 -2
right_child=2 -3 -4
leaf_value=-0.018920663857928503 0.0019598919772674788 0.0061675321112231131 -0.0070957267068657561
leaf_weight=103.71550020830182 1561.7967645142999 67.271210324572166 195.03509331557871
leaf_count=1667 32316 947 20219
internal_value=3.1968e-05 -0.00868336 0.000917509
internal_weight=1927.82 170.987 1756.83
internal_count=55149 2614 52535
is_linear=0
shrinkage=0.0321881


Tree=500
num_leaves=4
num_cat=0
split_feature=10 14 6
split_gain=10.5444 48.5013 31.0609
threshold=12186.789960776076 471.38455107118733 57.619714266584687
decision_type=2 8 2
left_child=-1 2 -2
right_child=1 -3 -4
leaf_value=0.001159333251036451 -0.013838348974234898 0.015533387588970623 0.0081333108762958531
leaf_weight=1414.7003589706728 323.69843932295407 100.15837048942922 79.868419711958268
leaf_count=38534 12704 1904 2014
internal_value=-0.000229465 -0.00425497 -0.00933006
internal_weight=1918.43 503.725 403.567
internal_count=55156 16622 14718
is_linear=0
shrinkage=0.0321881


Tree=501
num_leaves=4
num_cat=1
split_feature=44 29 33
split_gain=13.0347 41.718 48.846
threshold=0 7.4552925872655482 -0.74096160492246621
decision_type=9 2 2
left_child=-1 -2 -3
right_child=1 2 -4
leaf_value=0.0023537446048345462 0.0036741299812958058 -0.031200078866984289 -0.004702936657780498
leaf_weight=903.25363474787446 496.32738868398519 88.339313117074198 441.35456397356029
leaf_count=27574 14454 2287 11020
internal_value=-0.000415704 -0.0029104 -0.00925415
internal_weight=1929.27 1026.02 529.694
internal_count=55335 27761 13307
cat_boundaries=0 1
cat_threshold=394310
is_linear=0
shrinkage=0.0321881


Tree=502
num_leaves=4
num_cat=0
split_feature=9 33 36
split_gain=12.0443 11.7833 16.596
threshold=20.820060876130992 0.38460323484912112 0.86415656182753497
decision_type=10 2 2
left_child=1 2 -1
right_child=-2 -3 -4
leaf_value=0.0089140262628335659 -0.024945604587160247 -0.026184686775710675 -0.00028799537892439461
leaf_weight=229.4918938340561 19.144437682494754 16.588081600250007 1662.5116968338989
leaf_count=6808 468 7298 40588
internal_value=0.00023539 0.000524405 0.000795486
internal_weight=1927.74 1908.59 1892
internal_count=55162 54694 47396
is_linear=0
shrinkage=0.0321881


Tree=503
num_leaves=4
num_cat=1
split_feature=27 33 44
split_gain=12.2829 15.1241 23.5788
threshold=0.0076342117479545257 -0.67058950410137164 0
decision_type=2 2 9
left_child=-1 -2 -3
right_child=1 2 -4
leaf_value=-0.0081075554103612595 -0.0019921756061907826 0.0099237120991564499 -0.0013609822216117638
leaf_weight=187.4240602183454 1001.0754215768829 354.39671861188253 388.1901696668574
leaf_count=9657 25461 3858 16287
internal_value=-0.0002608 0.000547102 0.00405557
internal_weight=1931.09 1743.66 742.587
internal_count=55263 45606 20145
cat_boundaries=0 1
cat_threshold=9286
is_linear=0
shrinkage=0.0321881


Tree=504
num_leaves=4
num_cat=0
split_feature=33 29 22
split_gain=11.9294 39.9697 65.3248
threshold=-0.67058950410137164 7.7278816205406722 493.86898641357237
decision_type=2 2 2
left_child=1 -1 -3
right_child=-2 2 -4
leaf_value=0.00049209506496067942 0.0025285421179117844 -0.032618454576798982 0.0024714853555714727
leaf_weight=852.74235228510224 863.16342173003795 108.03689578399644 105.29771009396063
leaf_count=21975 27444 3306 2489
internal_value=-0.00024718 -0.00255437 -0.015017
internal_weight=1929.24 1066.08 213.335
internal_count=55214 27770 5795
is_linear=0
shrinkage=0.0321881


Tree=505
num_leaves=4
num_cat=1
split_feature=41 1 1
split_gain=12.1654 21.482 16.8866
threshold=0 24.417824036130838 35.642234119280495
decision_type=9 2 2
left_child=1 -1 -2
right_child=2 -3 -4
leaf_value=-0.0039205005543743992 -3.2754230980718695e-05 0.030694102326783709 -0.032668569838288995
leaf_weight=30.540779638569802 1831.4599240772732 37.961434067226946 16.380009343964048
leaf_count=533 54034 408 201
internal_value=0.000134548 0.0125491 -0.000358727
internal_weight=1916.34 68.5022 1847.84
internal_count=55176 941 54235
cat_boundaries=0 1
cat_threshold=512
is_linear=0
shrinkage=0.0321881


Tree=506
num_leaves=4
num_cat=1
split_feature=9 42 29
split_gain=12.6156 16.5658 18.1721
threshold=20.820060876130992 0 7.3370052213612524
decision_type=10 9 2
left_child=1 2 -1
right_child=-2 -3 -4
leaf_value=0.025543253072658072 -0.025571018863533447 -0.00044905405571348596 0
leaf_weight=56.818625868436357 19.440578368565184 1789.3757424357827 65.097326929280825
leaf_count=1278 467 52409 1248
internal_value=3.1314e-05 0.000328185 0.0113441
internal_weight=1930.73 1911.29 121.916
internal_count=55402 54935 2526
cat_boundaries=0 1
cat_threshold=393796
is_linear=0
shrinkage=0.0321881


Tree=507
num_leaves=4
num_cat=0
split_feature=35 2 32
split_gain=12.8255 11.9726 43.9789
threshold=0.0025099999987240021 30.81950146916213 -0.1232622387441243
decision_type=2 2 2
left_child=1 2 -1
right_child=-2 -3 -4
leaf_value=-0.0086336341626845163 -0.0066113826635729777 0.0030015416067334004 0.010037841138916355
leaf_weight=413.14168324297134 274.96559403403444 1044.7217666938959 188.78700923109864
leaf_count=19688 8435 13695 13325
internal_value=-0.000151342 0.000889508 -0.00267015
internal_weight=1921.62 1646.65 601.929
internal_count=55143 46708 33013
is_linear=0
shrinkage=0.0321881


Tree=508
num_leaves=4
num_cat=1
split_feature=21 44 10
split_gain=14.0082 35.3155 21.0894
threshold=117.55197598048794 0 10761.045782217065
decision_type=2 9 2
left_child=1 -1 -2
right_child=2 -3 -4
leaf_value=-0.0012547201168843691 0.0052309912713476136 -0.027088304226316882 -0.0012547201168843691
leaf_weight=453.02605738498823 847.28940171268187 52.266480320235132 550.61107265205646
leaf_count=11093 17086 12834 14217
internal_value=0.0001764 -0.00437818 0.00186874
internal_weight=1903.19 505.293 1397.9
internal_count=55230 23927 31303
cat_boundaries=0 1
cat_threshold=1065303
is_linear=0
shrinkage=0.0321881


Tree=509
num_leaves=4
num_cat=0
split_feature=18 5 30
split_gain=11.5221 12.6305 34.2745
threshold=-0.44977544774891559 1.2765742026219604 -0.456038007047256
decision_type=2 2 2
left_child=-1 -2 -3
right_child=1 2 -4
leaf_value=-0.0061328521447420094 -0.0020929430583457968 -0.002799889671217613 0.0088932783630870163
leaf_weight=319.87872861783399 857.23649928854502 265.98778073259746 488.23932940657687
leaf_count=11382 25424 5084 13627
internal_value=-0.000538614 0.000533073 0.00360188
internal_weight=1931.34 1611.46 754.227
internal_count=55517 44135 18711
is_linear=0
shrinkage=0.0321881


Tree=510
num_leaves=4
num_cat=2
split_feature=7 41 43
split_gain=13.4446 12.8146 18.0612
threshold=29169.022129817862 0 1
decision_type=2 9 9
left_child=1 -1 -3
right_child=-2 2 -4
leaf_value=0.008573946202693505 -0.022682896035674242 0.0088450933470670106 -0.0016243905503747758
leaf_weight=168.62648053664452 26.377829752669641 180.66734089174861 1560.0996436974492
leaf_count=2260 899 8779 43351
internal_value=2.01342e-06 0.00035153 -0.00045607
internal_weight=1935.77 1909.39 1740.77
internal_count=55289 54390 52130
cat_boundaries=0 1 2
cat_threshold=530 16
is_linear=0
shrinkage=0.0321881


Tree=511
num_leaves=4
num_cat=0
split_feature=33 29 22
split_gain=12.1827 13.6929 30.6496
threshold=0.41469550171106867 9.6164141444641675 233.18290997575983
decision_type=2 2 2
left_child=1 -1 -3
right_child=-2 2 -4
leaf_value=-0.00041275847046678841 -0.028549222755055517 -0.0054771335704438913 0.026635908222285919
leaf_weight=1787.6948986113348 15.099094812834663 55.725675120338565 61.895539694116451
leaf_count=46082 7136 944 1010
internal_value=0 0.000253506 0.0109008
internal_weight=1920.42 1905.32 117.621
internal_count=55172 48036 1954
is_linear=0
shrinkage=0.0321881


Tree=512
num_leaves=4
num_cat=0
split_feature=2 32 21
split_gain=11.6267 39.4982 34.8685
threshold=28.981390972669683 -0.1232622387441243 101.6111875706729
decision_type=2 2 2
left_child=1 -1 -3
right_child=-2 2 -4
leaf_value=-0.0098510618726759085 0.0014786918428357941 -0.01307591007949109 0.016900343109056585
leaf_weight=394.03026823253458 1319.4256453200069 54.73686277950037 134.90120592794847
leaf_count=22375 17681 7957 7191
internal_value=-0.000159633 -0.00397137 0.00790707
internal_weight=1903.09 583.668 189.638
internal_count=55204 37523 15148
is_linear=0
shrinkage=0.0321881


Tree=513
num_leaves=4
num_cat=0
split_feature=7 10 10
split_gain=12.0083 12.2263 16.5511
threshold=29169.022129817862 17232.405951515368 10724.468802961337
decision_type=2 2 2
left_child=1 2 -1
right_child=-2 -3 -4
leaf_value=0.0027221866429368124 -0.021441169464736141 0.023236746676493066 -0.0034823209367244303
leaf_weight=1123.3339846487797 25.743913158199575 24.148017534418614 735.5754378428901
leaf_count=29581 894 661 23992
internal_value=0.000231587 0.000564363 0.000232656
internal_weight=1908.8 1883.06 1858.91
internal_count=55128 54234 53573
is_linear=0
shrinkage=0.0321881


Tree=514
num_leaves=4
num_cat=0
split_feature=33 36 22
split_gain=11.4374 20.1852 29.6142
threshold=0.33006599651090129 0.86415656182753497 455.59209459291395
decision_type=2 2 2
left_child=1 2 -1
right_child=-2 -3 -4
leaf_value=0.0059078413481722233 -0.021228682970119581 -0.00084259325251728843 0.052993329696751489
leaf_weight=206.48938704263855 25.576068996753747 1661.7248050940834 15.223850119451525
leaf_count=6169 7806 41104 330
internal_value=1.4979e-05 0.000339904 0.00948105
internal_weight=1909.01 1883.44 221.713
internal_count=55409 47603 6499
is_linear=0
shrinkage=0.0321881


Tree=515
num_leaves=4
num_cat=0
split_feature=32 10 20
split_gain=17.575 29.056 23.3359
threshold=0.60848914669535159 7830.21760730804 28.458850296828874
decision_type=2 2 2
left_child=-1 2 -2
right_child=1 -3 -4
leaf_value=0.00055022005491371922 -0.021530885529864645 -0.032025598814474046 0.037236061322229175
leaf_weight=1845.553340365539 11.625738032897063 44.200856461524381 14.805442794604458
leaf_count=49277 1346 4216 350
internal_value=-2.04329e-05 -0.0157818 0.00903745
internal_weight=1916.19 70.632 26.4312
internal_count=55189 5912 1696
is_linear=0
shrinkage=0.0321881


Tree=516
num_leaves=4
num_cat=0
split_feature=5 23 7
split_gain=11.0733 19.8562 16.7519
threshold=5.3371275850235866 34.42322135806463 25509.063628879197
decision_type=2 2 2
left_child=2 -2 -1
right_child=1 -3 -4
leaf_value=-0.00017188564908159157 -0.0085818889572490883 0.030228481773537177 -0.024148823328299786
leaf_weight=1837.4035095009567 19.789842574245995 32.531644254748244 30.591737625949463
leaf_count=52887 615 493 1063
internal_value=-0.000158994 0.0143647 -0.000601657
internal_weight=1920.32 52.3215 1868
internal_count=55058 1108 53950
is_linear=0
shrinkage=0.0321881


Tree=517
num_leaves=4
num_cat=0
split_feature=16 12 12
split_gain=13.5606 44.6629 44.0296
threshold=160.92441352496181 32.885647664716743 27.239075825415707
decision_type=10 10 10
left_child=1 -1 -2
right_child=2 -3 -4
leaf_value=0.00081269757746117136 -0.030819962214523187 -0.014164401690197803 0.0065466166821347028
leaf_weight=1115.9578305357973 34.220126619999064 251.1950854383249 514.74937068230065
leaf_count=30846 793 15943 7682
internal_value=-0.00014669 -0.00189453 0.0040891
internal_weight=1916.12 1367.15 548.969
internal_count=55264 46789 8475
is_linear=0
shrinkage=0.0321881


Tree=518
num_leaves=4
num_cat=0
split_feature=23 2 32
split_gain=14.4205 13.6386 18.5002
threshold=-0.35566689775087007 39.971884004982677 -0.17572174112781699
decision_type=2 2 2
left_child=-1 2 -2
right_child=1 -3 -4
leaf_value=-0.011025982323560234 -0.0040853757215512602 0.0047867983181065716 0.0041530815790573978
leaf_weight=120.86368725737702 854.44611193814853 532.10624490038026 415.86791907044972
leaf_count=7006 25057 6143 17121
internal_value=-0.000253142 0.000435266 -0.00133792
internal_weight=1923.28 1802.42 1270.31
internal_count=55327 48321 42178
is_linear=0
shrinkage=0.0321881


Tree=519
num_leaves=4
num_cat=0
split_feature=14 25 5
split_gain=13.4983 29.954 29.3402
threshold=296.00523946066011 15.4234992976257 2.4078192590856715
decision_type=8 2 2
left_child=1 2 -1
right_child=-2 -3 -4
leaf_value=-0.008755135104118324 0.0023076704415239142 0.037506450049759214 0.0054055889201587558
leaf_weight=492.68675489424641 1182.6121347566877 17.64495827879 212.90389564437646
leaf_count=26178 17948 3349 7593
internal_value=0.000157677 -0.00326949 -0.00439168
internal_weight=1905.85 723.236 705.591
internal_count=55068 37120 33771
is_linear=0
shrinkage=0.0321881


Tree=520
num_leaves=4
num_cat=0
split_feature=29 23 31
split_gain=14.0373 21.9414 16.0982
threshold=9.6164141444641675 0.14484698318242015 -0.93014605181474497
decision_type=2 2 2
left_child=1 -1 -3
right_child=-2 2 -4
leaf_value=-0.014800273378550844 0.010098491057388453 -0.0068477304611206085 0.0014708825407793405
leaf_weight=109.93687508609219 128.88364455921328 291.34916024491031 1389.2223843591055
leaf_count=6170 5432 14454 29287
internal_value=-0.0001125 -0.00088431 0
internal_weight=1919.39 1790.51 1680.57
internal_count=55343 49911 43741
is_linear=0
shrinkage=0.0321881


Tree=521
num_leaves=4
num_cat=0
split_feature=30 5 10
split_gain=12.1115 30.7405 33.9113
threshold=0.72629492028092735 2.2599968823303187 7942.0623980894043
decision_type=2 2 2
left_child=-1 -2 -3
right_child=1 2 -4
leaf_value=0.0012670810181495487 -0.010166858006642531 -0.020554600057285464 0.016575888388489002
leaf_weight=1446.8918983428011 327.47177793872106 31.85118128322938 108.30909062734281
leaf_count=45738 6966 622 1772
internal_value=-0.000153939 -0.00468524 0.00766393
internal_weight=1914.52 467.632 140.16
internal_count=55098 9360 2394
is_linear=0
shrinkage=0.0321881


Tree=522
num_leaves=4
num_cat=1
split_feature=43 5 10
split_gain=11.038 33.2086 45.1796
threshold=0 2.749334418013635 10256.002536269623
decision_type=9 2 2
left_child=1 -1 -3
right_child=-2 2 -4
leaf_value=0.015807790176578618 -0.0014065520719027675 -0.034230591035438435 0.020078415405378174
leaf_weight=137.08488551694973 1719.998809158511 38.750233679260418 25.076451878427179
leaf_count=6572 46104 1176 1476
internal_value=-0.000533806 0.00636733 -0.0119039
internal_weight=1920.91 200.912 63.8267
internal_count=55328 9224 2652
cat_boundaries=0 1
cat_threshold=16
is_linear=0
shrinkage=0.0321881


Tree=523
num_leaves=4
num_cat=1
split_feature=35 41 30
split_gain=13.2783 9.92315 11.3268
threshold=0.0024702792035329823 0 0.92793024641227884
decision_type=2 9 2
left_child=1 -1 -3
right_child=-2 2 -4
leaf_value=0.0098709369512550507 -0.0066797564468283341 0.0011721348751208909 -0.0075661587066652523
leaf_weight=108.08249457319471 281.08753973868443 1352.5478478796285 172.81152862167801
leaf_count=1432 8714 41919 3305
internal_value=-0.000193876 0.000884052 0.000138474
internal_weight=1914.53 1633.44 1525.36
internal_count=55370 46656 45224
cat_boundaries=0 1
cat_threshold=514
is_linear=0
shrinkage=0.0321881


Tree=524
num_leaves=4
num_cat=0
split_feature=14 1 9
split_gain=13.5256 18.8539 13.505
threshold=158.76879771733442 24.776738437665532 24.78617688536983
decision_type=8 2 10
left_child=1 -1 -2
right_child=2 -3 -4
leaf_value=-0.018353082322194302 0.0011130263646904844 0.0076006589071689794 -0.029860809520552308
leaf_weight=89.124187156128755 1766.8309664830995 38.657482576614711 14.355607903235066
leaf_count=7085 47326 465 382
internal_value=6.43852e-05 -0.0100043 0.000823697
internal_weight=1908.97 127.782 1781.19
internal_count=55258 7550 47708
is_linear=0
shrinkage=0.0321881


Tree=525
num_leaves=4
num_cat=1
split_feature=42 4 16
split_gain=13.3016 23.8386 15.1274
threshold=0 491.9229980052699 166.41555246192394
decision_type=9 2 8
left_child=1 -1 -2
right_child=2 -3 -4
leaf_value=-0.0017269076591568053 -0.0026047539733968835 0.032206017582291586 0.0041390972534952669
leaf_weight=42.950467883289093 1378.8600627414344 36.957490731787402 454.6538186372054
leaf_count=685 45918 519 8095
internal_value=-0.000272971 0.0117545 -0.000892571
internal_weight=1913.42 79.908 1833.51
internal_count=55217 1204 54013
cat_boundaries=0 1
cat_threshold=131652
is_linear=0
shrinkage=0.0321881


Tree=526
num_leaves=4
num_cat=0
split_feature=7 4 32
split_gain=10.2621 23.1208 22.9998
threshold=18058.933980119033 908.1813455512073 -0.82536368391043158
decision_type=2 2 2
left_child=-1 2 -2
right_child=1 -3 -4
leaf_value=0.00018873466026631094 0.026477768671220328 -0.036885482317348728 -0.019388312243955003
leaf_weight=1832.284420254884 20.532842002023244 25.216611396896042 24.423105442136148
leaf_count=53366 288 807 618
internal_value=-0.000240445 -0.0123143 0.000179842
internal_weight=1902.46 70.1726 44.9559
internal_count=55079 1713 906
is_linear=0
shrinkage=0.0321881


Tree=527
num_leaves=4
num_cat=0
split_feature=21 33 10
split_gain=13.1994 28.8372 28.0622
threshold=96.111007240002763 -0.56109672792171295 10375.612113214591
decision_type=2 2 2
left_child=1 -1 -2
right_child=2 -3 -4
leaf_value=-0.017481634209012331 0.0051378936946730753 -0.002206756834221983 -0.002206756834221983
leaf_weight=144.76366534281988 871.31836046530225 223.92844464159498 666.99354084546212
leaf_count=6245 17551 14087 17234
internal_value=-9.60607e-05 -0.00559455 0.00118104
internal_weight=1907 368.692 1538.31
internal_count=55117 20332 34785
is_linear=0
shrinkage=0.0321881


Tree=528
num_leaves=4
num_cat=2
split_feature=9 42 43
split_gain=13.0445 15.5999 18.2438
threshold=23.769518478085086 0 1
decision_type=10 9 9
left_child=1 -1 -3
right_child=-2 2 -4
leaf_value=0.010767223513057381 -0.028677171452119898 0.0084634812021615116 -0.0019384385481602175
leaf_weight=120.03156906996446 16.323866135026037 184.94388384005288 1583.1821122827168
leaf_count=2499 424 9191 43064
internal_value=-0.000233856 0 -0.000772138
internal_weight=1904.48 1888.16 1768.13
internal_count=55178 54754 52255
cat_boundaries=0 1 2
cat_threshold=393732 112
is_linear=0
shrinkage=0.0321881


Tree=529
num_leaves=4
num_cat=2
split_feature=43 41 5
split_gain=12.5763 28.3018 49.5272
threshold=0 1 2.749334418013635
decision_type=9 9 2
left_child=1 -1 -3
right_child=-2 2 -4
leaf_value=0.025225830784674337 -0.0015199794610099122 0.011489711346752526 -0.029679202665381172
leaf_weight=51.853389411728131 1707.2445390833309 98.534494337534852 43.28425329197853
leaf_count=1124 45958 5808 2228
internal_value=-0.000598259 0.0069122 -0.000612447
internal_weight=1900.92 193.672 141.819
internal_count=55118 9160 8036
cat_boundaries=0 1 2
cat_threshold=16 2128
is_linear=0
shrinkage=0.0321881


Tree=530
num_leaves=4
num_cat=0
split_feature=34 0 3
split_gain=11.8574 11.4711 16.8809
threshold=-0.029178371126880712 68.673034092646091 115.9935036794714
decision_type=2 2 2
left_child=-1 2 -2
right_child=1 -3 -4
leaf_value=-0.008190268144521692 0.0236983123072072 0.0017504189005498715 -0.015724991736411398
leaf_weight=154.07812211404962 11.765901461425527 1650.6395063607415 79.412950851379719
leaf_count=4775 755 32320 17253
internal_value=0.000313324 0.00110311 -0.00989274
internal_weight=1895.9 1741.82 91.1789
internal_count=55103 50328 18008
is_linear=0
shrinkage=0.0321881


Tree=531
num_leaves=4
num_cat=0
split_feature=33 25 25
split_gain=10.76 10.3435 14.0541
threshold=0.44731114000110844 17.39875745826777 7.1041007522926884
decision_type=2 2 2
left_child=1 2 -1
right_child=-2 -3 -4
leaf_value=0.0003646530381008668 -0.028456864826735141 0.025876601626150186 -0.016730233446414128
leaf_weight=1821.634628670432 13.50444748808877 15.793824797387058 50.951386709937651
leaf_count=45197 6915 714 2347
internal_value=-5.49722e-05 0.00011796 -6.85322e-05
internal_weight=1901.88 1888.38 1872.59
internal_count=55173 48258 47544
is_linear=0
shrinkage=0.0321881


Tree=532
num_leaves=4
num_cat=0
split_feature=26 30 5
split_gain=13.5415 16.226 15.248
threshold=0.072688490443256121 0.76464971731242237 3.2108432958407218
decision_type=2 2 2
left_child=1 -1 -2
right_child=2 -3 -4
leaf_value=-0.00072497191990485035 0.00027667570634865658 -0.011599793470228161 0.01018830057845975
leaf_weight=649.45244163071038 853.55168100243827 187.45540748122221 202.2714380941834
leaf_count=24538 22530 4665 3592
internal_value=-0.000150593 -0.00323945 0.00223769
internal_weight=1892.73 836.908 1055.82
internal_count=55325 29203 26122
is_linear=0
shrinkage=0.0321881


Tree=533
num_leaves=4
num_cat=1
split_feature=10 16 41
split_gain=11.8663 13.3574 13.8353
threshold=17232.405951515368 239.27160430374002 0
decision_type=2 10 9
left_child=1 2 -1
right_child=-2 -3 -4
leaf_value=0.0052805156815883556 0.022735165470684587 -0.023640521893263565 -0.0013682118044020071
leaf_weight=406.51658959770066 23.409230208584631 24.642614239259274 1445.5081545637222
leaf_count=20146 654 1027 33241
internal_value=4.98058e-05 -0.000202067 7.83975e-05
internal_weight=1900.08 1876.67 1852.02
internal_count=55068 54414 53387
cat_boundaries=0 1
cat_threshold=520
is_linear=0
shrinkage=0.0321881


Tree=534
num_leaves=4
num_cat=1
split_feature=38 11 44
split_gain=11.4767 12.2824 14.8515
threshold=-0.024968594951970114 25.420290912716712 0
decision_type=2 8 9
left_child=-1 2 -2
right_child=1 -3 -4
leaf_value=-0.0062471767827931594 0.016242017396174258 -0.0026453227212984991 0.001720513829914581
leaf_weight=265.84015270103919 70.768519424418628 498.80679674149724 1077.0383363178626
leaf_count=8730 7320 17505 21786
internal_value=-1.21678e-05 0.000956531 0.00283095
internal_weight=1912.45 1646.61 1147.81
internal_count=55341 46611 29106
cat_boundaries=0 1
cat_threshold=263232
is_linear=0
shrinkage=0.0321881


Tree=535
num_leaves=4
num_cat=0
split_feature=21 11 5
split_gain=12.1756 23.202 23.9506
threshold=269.59631354446009 30.122467029764511 3.2108432958407218
decision_type=2 8 2
left_child=-1 2 -2
right_child=1 -3 -4
leaf_value=-0.00053260684791039286 0.0026944288637150439 0.045933517235793163 0.021170635633552832
leaf_weight=1519.7503093424602 286.43946891048108 14.5104494599218 73.546615500294138
leaf_count=45599 7223 989 1326
internal_value=0.000710337 0.00592146 0.00410267
internal_weight=1894.25 374.497 359.986
internal_count=55137 9538 8549
is_linear=0
shrinkage=0.0321881


Tree=536
num_leaves=4
num_cat=1
split_feature=10 10 44
split_gain=11.2453 11.7514 92.9453
threshold=1852.0097197816112 10375.612113214591 0
decision_type=2 2 9
left_child=-1 -2 -3
right_child=1 2 -4
leaf_value=-0.026930415049093645 0.0026240430610715132 0.0023114442260786018 -0.025757726353296755
leaf_weight=15.560323544130368 1051.7937614408402 703.20816441953502 136.90234721525849
leaf_count=881 27164 12432 14803
internal_value=6.84423e-05 0.000327506 -0.00247183
internal_weight=1907.46 1891.9 840.111
internal_count=55280 54399 27235
cat_boundaries=0 1
cat_threshold=132099
is_linear=0
shrinkage=0.0321881


Tree=537
num_leaves=4
num_cat=0
split_feature=22 26 36
split_gain=12.0289 12.8466 11.0305
threshold=860.02152159692434 0.91910203133200297 0.86415656182753497
decision_type=2 2 2
left_child=2 -2 -1
right_child=1 -3 -4
leaf_value=0.0057772297495181169 0.0081371523597456013 0.033597961579325195 -0.0015501111829810061
leaf_weight=243.39668518097096 18.301214595674537 23.629118379438296 1604.2900366596441
leaf_count=14183 432 442 39901
internal_value=-0.000128504 0.0168241 -0.000549792
internal_weight=1889.62 41.9303 1847.69
internal_count=54958 874 54084
is_linear=0
shrinkage=0.0321881


Tree=538
num_leaves=4
num_cat=0
split_feature=16 1 14
split_gain=12.8399 12.3978 12.3266
threshold=252.2395949047214 35.642234119280495 477.08672232997924
decision_type=10 2 10
left_child=1 2 -1
right_child=-2 -3 -4
leaf_value=9.8541777802964089e-05 -0.030372259005788965 -0.024761290726473817 0.0072140845993416136
leaf_weight=1559.1247735571196 13.274265657571958 18.676267420349177 305.29306691525562
leaf_count=50109 621 214 4283
internal_value=0.000746284 0.00100326 0.00129862
internal_weight=1896.37 1883.09 1864.42
internal_count=55227 54606 54392
is_linear=0
shrinkage=0.0321881


Tree=539
num_leaves=4
num_cat=0
split_feature=38 35 33
split_gain=13.8718 12.015 8.92373
threshold=-0.041274704702804171 0.0024702792035329823 -0.68275284553645721
decision_type=2 2 2
left_child=-1 2 -2
right_child=1 -3 -4
leaf_value=-0.01231557663930734 -0.00067739850864177796 -0.0059519514268584128 0.0042029638021753067
leaf_weight=93.53519138370757 839.12258481283061 261.78454280186634 694.50216653677489
leaf_count=3068 21826 8274 22042
internal_value=-0.000225869 0.000370037 0.00149146
internal_weight=1888.94 1795.41 1533.62
internal_count=55210 52142 43868
is_linear=0
shrinkage=0.0321881


Tree=540
num_leaves=4
num_cat=0
split_feature=31 14 11
split_gain=11.7582 18.7051 14.4011
threshold=0.55178974197075792 406.20915710778218 26.884467138654916
decision_type=2 8 8
left_child=2 -2 -1
right_child=1 -3 -4
leaf_value=0.0020075876631559658 -0.025703853132820188 0.0013088031816467546 -0.00509673960635206
leaf_weight=1439.4273343620662 46.662657922694052 51.699353419739055 369.63531765508742
leaf_count=39147 754 775 14591
internal_value=-3.60251e-05 -0.0108909 0.000520321
internal_weight=1907.42 98.362 1809.06
internal_count=55267 1529 53738
is_linear=0
shrinkage=0.0321881


Tree=541
num_leaves=4
num_cat=1
split_feature=10 44 4
split_gain=11.7368 81.0666 40.0922
threshold=10375.612113214591 0 1401.4511744584784
decision_type=2 9 2
left_child=-1 2 -2
right_child=1 -3 -4
leaf_value=0.0017532546593304861 -0.0027262695880424471 -0.025036818812386775 0.015995427623465511
leaf_weight=1073.026609270808 549.91975835638732 136.8822517867884 150.07999198835751
leaf_count=28110 10235 14916 2168
internal_value=-0.000436349 -0.00331959 0.00118385
internal_weight=1909.91 836.882 700
internal_count=55429 27319 12403
cat_boundaries=0 1
cat_threshold=132099
is_linear=0
shrinkage=0.0321881


Tree=542
num_leaves=4
num_cat=1
split_feature=14 44 32
split_gain=10.8768 34.6858 30.0709
threshold=477.08672232997924 0 0.38546865152728449
decision_type=10 9 2
left_child=2 -2 -1
right_child=1 -3 -4
leaf_value=-0.00027590525764701566 0.008618284062129087 -0.021618581098466656 -0.017921605596222696
leaf_weight=1464.3598859656231 297.22457683438552 34.624818831303855 107.87399298379751
leaf_count=41562 4170 793 8857
internal_value=-0.000380904 0.00486696 -0.00152963
internal_weight=1904.08 331.849 1572.23
internal_count=55382 4963 50419
cat_boundaries=0 1
cat_threshold=7
is_linear=0
shrinkage=0.0321881


Tree=543
num_leaves=4
num_cat=1
split_feature=32 44 10
split_gain=11.2557 37.1238 35.8196
threshold=-0.73251491726035567 0 13104.976472873353
decision_type=2 9 2
left_child=1 2 -1
right_child=-2 -3 -4
leaf_value=0.014369976201109564 -0.0019652599137548522 -0.0039201860793414527 -0.014477572022798727
leaf_weight=327.05672275950201 1134.3258976228062 376.68514498669538 49.293882687401492
leaf_count=3705 37950 12844 612
internal_value=2.57037e-05 0.003109 0.0101463
internal_weight=1887.36 753.036 376.351
internal_count=55111 17161 4317
cat_boundaries=0 1
cat_threshold=13378
is_linear=0
shrinkage=0.0321881


Tree=544
num_leaves=4
num_cat=1
split_feature=32 10 44
split_gain=14.8634 27.2161 24.9088
threshold=0.58668974911705696 8097.3903537265496 0
decision_type=2 2 9
left_child=-1 2 -2
right_child=1 -3 -4
leaf_value=0.00043276358096794396 0.027566981530308319 -0.030356179257548733 -0.018390833304243522
leaf_weight=1819.7731681383339 16.156049320794409 44.546550847884646 12.708960972984643
leaf_count=48931 425 4347 1447
internal_value=-0.000106975 -0.0143095 0.00831173
internal_weight=1893.18 73.4116 28.865
internal_count=55150 6219 1872
cat_boundaries=0 1
cat_threshold=5
is_linear=0
shrinkage=0.0321881


Tree=545
num_leaves=4
num_cat=0
split_feature=16 12 12
split_gain=12.1886 42.9504 37.8826
threshold=169.3872464554814 33.169481792695571 33.267274498061553
decision_type=8 8 10
left_child=2 -2 -1
right_child=1 -3 -4
leaf_value=0.0012365198407073442 -0.012243521865969288 0.010864152404697123 -0.011135140334039688
leaf_weight=1143.3366791245244 110.94349757922464 315.27367211052479 328.25160733968733
leaf_count=30763 2121 5751 16666
internal_value=-5.98017e-05 0.00469645 -0.00148117
internal_weight=1897.81 426.217 1471.59
internal_count=55301 7872 47429
is_linear=0
shrinkage=0.0321881


Tree=546
num_leaves=4
num_cat=0
split_feature=29 32 4
split_gain=12.0163 15.5033 74.6761
threshold=3.7830608200706077 -0.10646858789764417 359.75645266309022
decision_type=2 2 2
left_child=-1 -2 -3
right_child=1 2 -4
leaf_value=-0.026908939138897598 -0.0015122884784070927 -0.015164564893936696 0.012488581986728966
leaf_weight=16.794647730992438 1362.1558136001877 136.28662165106653 378.30269148131629
leaf_count=5220 34053 3469 12381
internal_value=0 0.000250074 0.00503745
internal_weight=1893.54 1876.75 514.589
internal_count=55123 49903 15850
is_linear=0
shrinkage=0.0321881


Tree=547
num_leaves=4
num_cat=0
split_feature=10 6 22
split_gain=13.3182 13.4475 41.5051
threshold=1852.0097197816112 110.86443063941785 309.53885030745806
decision_type=2 2 2
left_child=-1 -2 -3
right_child=1 2 -4
leaf_value=-0.028196586373647674 0 -0.020792245210429359 0.020354407779928509
leaf_weight=16.302586856199923 1732.6758725715918 31.772253094393818 106.33001769648399
leaf_count=850 51713 849 1718
internal_value=0.000463188 0.000750521 0.0104083
internal_weight=1887.08 1870.78 138.102
internal_count=55130 54280 2567
is_linear=0
shrinkage=0.0321881


Tree=548
num_leaves=4
num_cat=0
split_feature=7 4 7
split_gain=11.3905 30.1514 16.8165
threshold=18058.933980119033 607.79348288993322 1376.9441440686182
decision_type=2 2 2
left_child=2 -2 -1
right_child=1 -3 -4
leaf_value=-0.0023536873555336331 0.0076285742796597927 -0.034337327114499751 0.0038212493173990442
leaf_weight=894.43487004053168 32.909069689809257 33.857391490812006 923.10525064028479
leaf_count=27696 656 1058 25900
internal_value=0.000234008 -0.012748 0.000747534
internal_weight=1884.31 66.7665 1817.54
internal_count=55310 1714 53596
is_linear=0
shrinkage=0.0321881


Tree=549
num_leaves=4
num_cat=0
split_feature=11 0 12
split_gain=12.1823 17.0953 15.3316
threshold=26.713251210534224 852.37954857800287 30.881955216533488
decision_type=10 2 10
left_child=-1 -2 -3
right_child=1 2 -4
leaf_value=0.0018447410536251547 -0.012462449421087962 0.017367524672664548 -0.0029334303497836811
leaf_weight=1483.8307507975896 164.26134771466241 47.222917240258539 197.56476926873438
leaf_count=40779 10795 972 2716
internal_value=0.000458502 -0.00441263 0.000735965
internal_weight=1892.88 409.049 244.788
internal_count=55262 14483 3688
is_linear=0
shrinkage=0.0321881


Tree=550
num_leaves=4
num_cat=0
split_feature=11 15 10
split_gain=11.1293 17.2699 13.7647
threshold=27.409117338038836 1.1219329910222109 12578.077861596204
decision_type=8 10 2
left_child=2 -2 -1
right_child=1 -3 -4
leaf_value=0.0026841181354793626 0 -0.015275192289865529 -0.0046177791109035986
leaf_weight=1215.9167567346012 213.7943559923151 118.50805870607292 338.46243147247878
leaf_count=31133 4239 8876 10795
internal_value=-5.63168e-05 -0.00543252 0.00105272
internal_weight=1886.68 332.302 1554.38
internal_count=55043 13115 41928
is_linear=0
shrinkage=0.0321881


Tree=551
num_leaves=4
num_cat=1
split_feature=44 10 0
split_gain=11.7963 48.3858 27.6281
threshold=0 10025.998799479827 87.706523593208701
decision_type=9 2 2
left_child=1 2 -1
right_child=-2 -3 -4
leaf_value=-0.0095313983975843959 -0.0012616356105867954 -0.016444045019656846 0.030372363686035721
leaf_weight=20.241300061639777 1745.4686640974942 50.900486543228908 79.513156010660168
leaf_count=5901 36457 10480 2320
internal_value=-0.000470716 0.00782339 0.0216351
internal_weight=1896.12 150.655 99.7545
internal_count=55158 18701 8221
cat_boundaries=0 1
cat_threshold=393284
is_linear=0
shrinkage=0.0321881


Tree=552
num_leaves=4
num_cat=1
split_feature=0 38 44
split_gain=10.8212 10.0165 9.68305
threshold=24.160404859350056 -0.030575416242016446 0
decision_type=2 2 9
left_child=-1 -2 -3
right_child=1 2 -4
leaf_value=-0.016604946716083153 -0.007144533575502209 0.0087798278141760482 -6.7933934562630505e-05
leaf_weight=42.306074583892041 190.63907237179228 128.49106582173772 1521.1522668061953
leaf_count=11175 5071 10914 28047
internal_value=-0.000541667 -0.000135693 0.00063658
internal_weight=1882.59 1840.28 1649.64
internal_count=55207 44032 38961
cat_boundaries=0 1
cat_threshold=394308
is_linear=0
shrinkage=0.0321881


Tree=553
num_leaves=4
num_cat=1
split_feature=44 16 14
split_gain=10.4892 25.5375 33.6633
threshold=0 95.09104018983254 293.43716918867352
decision_type=9 8 10
left_child=1 -1 -3
right_child=-2 2 -4
leaf_value=-0.0090714237325808123 -0.00053054381645744047 0.043619639632588733 0.002933074417631863
leaf_weight=50.079461492656264 1754.2368880698232 35.392173179556266 60.980478684112313
leaf_count=15399 36567 2637 738
internal_value=0.000145939 0.00815145 0.0186046
internal_weight=1900.69 146.452 96.3727
internal_count=55341 18774 3375
cat_boundaries=0 1
cat_threshold=393284
is_linear=0
shrinkage=0.0321881


Tree=554
num_leaves=4
num_cat=1
split_feature=7 21 43
split_gain=13.8787 19.4356 17.8828
threshold=-1791.0870341609314 129.17627522134018 0
decision_type=2 2 9
left_child=-1 -2 -3
right_child=1 2 -4
leaf_value=-0.0055813144948314115 -0.0043591980226549082 0.0021394758510386741 0.016639676154487998
leaf_weight=391.66678203561969 445.04696508106281 964.39189002847706 90.747412689699559
leaf_count=12474 19999 19044 3824
internal_value=-0.000158123 0.00121596 0.00362831
internal_weight=1891.85 1500.19 1055.14
internal_count=55341 42867 22868
cat_boundaries=0 1
cat_threshold=15
is_linear=0
shrinkage=0.0321881


Tree=555
num_leaves=4
num_cat=0
split_feature=33 25 25
split_gain=10.616 20.2075 12.8775
threshold=0.33006599651090129 15.4234992976257 5.553499082981868
decision_type=2 2 2
left_child=1 2 -1
right_child=-2 -3 -4
leaf_value=0 -0.02107577966025171 0.030343661566645763 -0.013660088376905672
leaf_weight=1781.0924726564044 25.371004049418843 21.932441922268481 74.317703795502894
leaf_count=43742 7745 703 3047
internal_value=-0.000470395 -0.000155379 -0.000554055
internal_weight=1902.71 1877.34 1855.41
internal_count=55237 47492 46789
is_linear=0
shrinkage=0.0321881


Tree=556
num_leaves=4
num_cat=0
split_feature=14 25 3
split_gain=10.5276 27.0187 23.8756
threshold=301.32028458472121 7.1041007522926884 159.97300016246598
decision_type=10 2 2
left_child=2 -2 -1
right_child=1 -3 -4
leaf_value=0.004712256406844066 0.0032473664858965203 -0.024235862429666903 -0.0070457333785514109
leaf_weight=279.62406860019109 1096.4520901854557 37.706992672217893 477.57339382806276
leaf_count=11749 14250 2025 27268
internal_value=0.000280349 0.00227262 -0.00261944
internal_weight=1891.36 1134.16 757.197
internal_count=55292 16275 39017
is_linear=0
shrinkage=0.0321881


Tree=557
num_leaves=4
num_cat=1
split_feature=36 36 44
split_gain=10.6602 32.2699 32.8329
threshold=0.86415656182753497 0.1178144771612759 0
decision_type=2 2 9
left_child=1 2 -1
right_child=-2 -3 -4
leaf_value=0.030199493624369425 -0.00079593609017678294 0.03756066520980262 -0.0034992285311692796
leaf_weight=25.084073671623628 1642.6233648570487 30.181612844673509 181.10438762171361
leaf_count=1049 41145 442 12681
internal_value=8.95937e-05 0.0065073 0.00161529
internal_weight=1878.99 236.37 206.188
internal_count=55317 14172 13730
cat_boundaries=0 1
cat_threshold=12356
is_linear=0
shrinkage=0.0321881


Tree=558
num_leaves=4
num_cat=0
split_feature=10 34 5
split_gain=13.8403 9.15285 10.6416
threshold=1852.0097197816112 -0.025215167127865867 1.1376019748501982
decision_type=2 2 2
left_child=-1 -2 -3
right_child=1 2 -4
leaf_value=-0.029131015167542899 -0.0058107275179984218 -0.0014810654285477311 0.0036571601873592141
leaf_weight=16.34436335294231 214.40797213979022 767.64389508200111 886.76559948501199
leaf_count=890 6386 24228 23762
internal_value=9.8268e-05 0.000391641 0.00123467
internal_weight=1885.16 1868.82 1654.41
internal_count=55266 54376 47990
is_linear=0
shrinkage=0.0321881


Tree=559
num_leaves=4
num_cat=1
split_feature=7 31 42
split_gain=9.37901 9.03829 21.3432
threshold=29169.022129817862 -0.79949249077623608 0
decision_type=2 2 9
left_child=1 2 -1
right_child=-2 -3 -4
leaf_value=0.015633914756460688 -0.019704699572908213 0.0017656218462303115 -0.0048371203685322432
leaf_weight=47.243383019289467 24.660352765273274 1261.1102311165014 568.96425639135487
leaf_count=1374 886 24925 28147
internal_value=-5.40747e-05 0.000172586 -0.00298377
internal_weight=1901.98 1877.32 616.208
internal_count=55332 54446 29521
cat_boundaries=0 1
cat_threshold=262692
is_linear=0
shrinkage=0.0321881


Tree=560
num_leaves=4
num_cat=0
split_feature=7 5 6
split_gain=10.0005 11.4489 13.2187
threshold=27284.216455418657 5.3371275850235866 288.56810480911901
decision_type=2 2 2
left_child=1 -1 -3
right_child=-2 2 -4
leaf_value=0.00013584035664399892 -0.016196453502196416 0.038624312325677652 0
leaf_weight=1810.9990100234245 37.505418314589406 17.211041867689346 17.465228995126381
leaf_count=53062 1118 300 584
internal_value=0.000154486 0.000523291 0.0187956
internal_weight=1883.18 1845.68 34.6763
internal_count=55064 53946 884
is_linear=0
shrinkage=0.0321881


Tree=561
num_leaves=4
num_cat=0
split_feature=9 33 32
split_gain=10.71 10.0026 31.2985
threshold=24.78617688536983 -0.60646758878816776 -0.44347521516621685
decision_type=10 2 2
left_child=1 2 -1
right_child=-2 -3 -4
leaf_value=-0.010091188878513825 -0.02676964011680057 0.0029061748143305115 0.0015493949695120253
leaf_weight=339.6943147730708 15.366468920998157 743.67211062758543 787.99038079901948
leaf_count=8988 447 24965 20852
internal_value=-0.00021257 0 -0.00190203
internal_weight=1886.72 1871.36 1127.68
internal_count=55252 54805 29840
is_linear=0
shrinkage=0.0321881


Tree=562
num_leaves=4
num_cat=2
split_feature=41 42 33
split_gain=11.1686 11.798 18.9418
threshold=0 1 -0.73566344650327198
decision_type=9 9 2
left_child=-1 2 -2
right_child=1 -3 -4
leaf_value=-0.010533627203797922 -0.022135086795468346 0.00098379441403355014 0.0013215031284641752
leaf_weight=96.007082631866069 62.973065753525589 1653.2092910251304 71.10222156328382
leaf_count=2470 932 50555 1204
internal_value=-0.000384299 0.000184479 -0.00860073
internal_weight=1883.29 1787.28 134.075
internal_count=55161 52691 2136
cat_boundaries=0 1 2
cat_threshold=64 17440
is_linear=0
shrinkage=0.0321881


Tree=563
num_leaves=4
num_cat=0
split_feature=14 1 11
split_gain=10.1492 13.3234 12.746
threshold=162.41167258956352 23.940324840042187 26.884467138654916
decision_type=8 2 10
left_child=1 -1 -2
right_child=2 -3 -4
leaf_value=-0.01608443135934003 0.0020463249613604075 0.0041034986079213449 -0.0045231686269708886
leaf_weight=88.659693226003583 1365.370213150054 47.766102531168144 391.34835032674164
leaf_count=7505 33735 599 13468
internal_value=-7.70625e-05 -0.00855521 0.000546159
internal_weight=1893.14 136.426 1756.72
internal_count=55307 8104 47203
is_linear=0
shrinkage=0.0321881


Tree=564
num_leaves=4
num_cat=0
split_feature=35 23 33
split_gain=11.5425 9.38423 10.2783
threshold=0.0024702792035329823 -0.21664668746463331 -0.73006192561097927
decision_type=2 2 2
left_child=1 -1 -3
right_child=-2 2 -4
leaf_value=-0.0077646981124130897 -0.0057043476176046959 -0.00033499300218863801 0.0048944699407019957
leaf_weight=104.0788608220173 271.64766840575612 794.89791348659492 725.67825692727638
leaf_count=6228 8562 20339 20101
internal_value=0.000387348 0.00144578 0.0021192
internal_weight=1896.3 1624.66 1520.58
internal_count=55230 46668 40440
is_linear=0
shrinkage=0.0321881


Tree=565
num_leaves=4
num_cat=1
split_feature=18 2 41
split_gain=9.79895 9.44439 15.2848
threshold=-0.44977544774891559 27.504717547773872 0
decision_type=2 2 9
left_child=-1 -2 -3
right_child=1 2 -4
leaf_value=-0.005009310390727253 -0.0018635439302439351 0.0014330458559598505 0.013419019893310648
leaf_weight=304.82028061096571 406.80684911661592 1055.7694934899046 117.10800600674702
leaf_count=11251 28636 13920 1251
internal_value=0.000230265 0.00128222 0.00281317
internal_weight=1884.5 1579.68 1172.88
internal_count=55058 43807 15171
cat_boundaries=0 1
cat_threshold=2376
is_linear=0
shrinkage=0.0321881


Tree=566
num_leaves=4
num_cat=0
split_feature=35 18 5
split_gain=13.4322 11.7112 11.3862
threshold=0.0025521237562589646 -0.48062137658105125 0.99630425097852626
decision_type=2 2 2
left_child=1 -1 -3
right_child=-2 2 -4
leaf_value=-0.0046030035088682787 -0.0062816348630133573 -0.00091085476758457891 0.0045708770901270734
leaf_weight=260.22260592270322 261.10657081396312 351.75026842254374 1017.4778723798481
leaf_count=9542 8279 10624 26882
internal_value=0.000444753 0.00156244 0.00278129
internal_weight=1890.56 1629.45 1369.23
internal_count=55327 47048 37506
is_linear=0
shrinkage=0.0321881


Tree=567
num_leaves=4
num_cat=0
split_feature=9 31 30
split_gain=12.0077 10.8528 18.5735
threshold=20.820060876130992 -0.8801218606185669 0.6988526258145219
decision_type=10 2 2
left_child=1 -1 -3
right_child=-2 2 -4
leaf_value=-0.0044054782384006282 -0.026857132988360607 0.0039424062912180712 -0.0038218058183562419
leaf_weight=461.23788117072036 17.3501580077791 936.95173641520523 477.61472194589078
leaf_count=23990 448 20840 9768
internal_value=-0.000369986 -8.7682e-05 0.00127567
internal_weight=1893.15 1875.8 1414.57
internal_count=55046 54598 30608
is_linear=0
shrinkage=0.0321881


Tree=568
num_leaves=4
num_cat=0
split_feature=29 22 10
split_gain=10.7495 38.8525 26.6233
threshold=9.7378498899621793 237.96514344038667 10491.579417105442
decision_type=2 2 2
left_child=-1 2 -2
right_child=1 -3 -4
leaf_value=-0.0009307462804145852 -0.034853035362406339 0.029246306149569783 0.0080238291788716082
leaf_weight=1765.5241538845912 23.479388134190231 54.01524711343518 36.695743335367297
leaf_count=49683 2085 901 2163
internal_value=-0.000278385 0.00923234 -0.00772282
internal_weight=1879.71 114.19 60.1751
internal_count=54832 5149 4248
is_linear=0
shrinkage=0.0321881


Tree=569
num_leaves=4
num_cat=0
split_feature=10 16 16
split_gain=10.067 13.9969 11.7853
threshold=17232.405951515368 239.27160430374002 169.3872464554814
decision_type=2 10 10
left_child=1 2 -1
right_child=-2 -3 -4
leaf_value=-0.0012734487726027387 0.020671213287661763 -0.023525437422606727 0.0051243103096496366
leaf_weight=1448.9261050079258 23.797714071726659 26.255044624514994 375.27819189304137
leaf_count=47964 647 1077 5495
internal_value=0 -0.000294168 8.29178e-06
internal_weight=1874.26 1850.46 1824.2
internal_count=55183 54536 53459
is_linear=0
shrinkage=0.0321881


Tree=570
num_leaves=4
num_cat=0
split_feature=22 36 22
split_gain=10.2121 11.0256 31.3902
threshold=30.365412962840889 0.86415656182753497 458.30987702403235
decision_type=2 2 2
left_child=-1 2 -2
right_child=1 -3 -4
leaf_value=-0.026868161865074271 0.0029773106400069133 -0.00089438163515611312 0.049688958727373556
leaf_weight=14.523573278303955 204.81887501000892 1649.0738256677578 16.291646467987448
leaf_count=7022 6900 40869 327
internal_value=-0.000199584 0 0.00675634
internal_weight=1884.71 1870.18 221.111
internal_count=55118 48096 7227
is_linear=0
shrinkage=0.0321881


Tree=571
num_leaves=4
num_cat=1
split_feature=41 4 25
split_gain=11.392 17.3683 10.3041
threshold=0 822.90785323493037 -1.3836566663443686
decision_type=9 2 2
left_child=1 -1 -2
right_child=2 -3 -4
leaf_value=-0.020440793445985699 -0.0093097046037221073 0.0088198288033828932 0.00089016128792885252
leaf_weight=69.427567880888091 108.76932362362277 26.396630838902638 1666.3777464961804
leaf_count=1657 2709 840 49921
internal_value=-0.000350929 -0.0106109 0.000226868
internal_weight=1870.97 95.8242 1775.15
internal_count=55127 2497 52630
cat_boundaries=0 1
cat_threshold=64
is_linear=0
shrinkage=0.0321881


Tree=572
num_leaves=4
num_cat=0
split_feature=10 14 21
split_gain=10.1114 45.0827 31.4342
threshold=12578.077861596204 477.08672232997924 92.241925991541464
decision_type=2 8 2
left_child=2 -2 -1
right_child=1 -3 -4
leaf_value=-0.0086305256500475575 -0.0097890194415950343 0.015946975014822846 0.0036863448688934115
leaf_weight=259.47079190146178 330.68971338037954 88.063578347879229 1198.1232708347234
leaf_count=14626 12690 1733 26140
internal_value=0.000149815 -0.00421878 0.00144904
internal_weight=1876.35 418.753 1457.59
internal_count=55189 14423 40766
is_linear=0
shrinkage=0.0321881


Tree=573
num_leaves=4
num_cat=0
split_feature=5 32 4
split_gain=11.3947 15.9114 69.4821
threshold=5.3371275850235866 -0.13292918145108887 359.75645266309022
decision_type=2 2 2
left_child=1 -1 -3
right_child=-2 2 -4
leaf_value=-0.0023723331606946055 0.015388695505344743 -0.014750074643124196 0.011159035610980417
leaf_weight=1276.9669883925708 48.540078987010929 144.56194736589896 401.59611076920555
leaf_count=32672 1059 4728 16718
internal_value=2.80102e-06 -0.000373858 0.00418119
internal_weight=1871.67 1823.13 546.158
internal_count=55177 54118 21446
is_linear=0
shrinkage=0.0321881


Tree=574
num_leaves=4
num_cat=1
split_feature=10 41 1
split_gain=10.6815 10.0422 22.4887
threshold=1852.0097197816112 0 24.417824036130838
decision_type=2 9 2
left_child=-1 2 -2
right_child=1 -3 -4
leaf_value=-0.026363356007125523 -0.0057669681292104608 -0.00030117842427125293 0.030394989635099519
leaf_weight=15.630198520579141 29.607814296221477 1797.3625322244952 36.711134549928829
leaf_count=891 528 53632 389
internal_value=-4.01649e-05 0.000149753 0.0115893
internal_weight=1879.31 1863.68 66.3189
internal_count=55440 54549 917
cat_boundaries=0 1
cat_threshold=512
is_linear=0
shrinkage=0.0321881


Tree=575
num_leaves=4
num_cat=1
split_feature=41 32 32
split_gain=11.7932 24.4613 22.0776
threshold=0 -0.85982424078685338 -0.10646858789764417
decision_type=9 2 2
left_child=1 -1 -2
right_child=2 -3 -4
leaf_value=0.0058887831349199258 -0.00070948979897700901 -0.0084482335424182556 0.008351450965812475
leaf_weight=177.87543355738308 946.72426033602824 376.77103659436398 388.6290760853044
leaf_count=3690 24319 12351 15023
internal_value=0.000198841 -0.00366889 0.00186687
internal_weight=1890 554.646 1335.35
internal_count=55383 16041 39342
cat_boundaries=0 1
cat_threshold=320
is_linear=0
shrinkage=0.0321881


Tree=576
num_leaves=4
num_cat=0
split_feature=16 10 10
split_gain=10.0651 9.41785 10.3744
threshold=252.2395949047214 1852.0097197816112 5305.4882687268982
decision_type=10 2 2
left_child=1 -1 -3
right_child=-2 2 -4
leaf_value=-0.024680951322622286 -0.028331324095249695 0.0060579756439727668 -0.00079790998862075055
leaf_weight=15.715684661667181 12.91044553600659 266.12551952520153 1593.9483863036821
leaf_count=884 658 6311 47422
internal_value=-0.000258507 -2.77851e-05 0.000149388
internal_weight=1888.7 1875.79 1860.07
internal_count=55275 54617 53733
is_linear=0
shrinkage=0.0321881


Tree=577
num_leaves=4
num_cat=0
split_feature=33 25 21
split_gain=9.84127 14.3864 10.7316
threshold=0.33006599651090129 17.39875745826777 90.94147227569853
decision_type=2 2 2
left_child=1 2 -1
right_child=-2 -3 -4
leaf_value=-0.0058136560927198253 -0.020846857849981672 0.030469726952334103 0.0009200471516665862
leaf_weight=291.64824462966499 23.250712196862878 15.805323067368588 1517.2800384307702
leaf_count=11245 7778 556 35372
internal_value=-0.000128707 0.000103054 -0.000131022
internal_weight=1847.98 1824.73 1808.93
internal_count=54951 47173 46617
is_linear=0
shrinkage=0.0321881


Tree=578
num_leaves=4
num_cat=0
split_feature=31 14 10
split_gain=10.7169 21.6748 12.8696
threshold=0.48293586773733516 384.21283792731026 2700.9472781792688
decision_type=2 8 2
left_child=2 -2 -1
right_child=1 -3 -4
leaf_value=-0.017067097560975027 -0.025114531545135016 0.0017982670607383686 0.0013036153146107278
leaf_weight=39.857509070381639 50.695738282076491 69.264246224076487 1722.7536142279896
leaf_count=1700 863 1067 51635
internal_value=0.000182683 -0.00907241 0.000849833
internal_weight=1882.57 119.96 1762.61
internal_count=55265 1930 53335
is_linear=0
shrinkage=0.0321881


Tree=579
num_leaves=4
num_cat=2
split_feature=42 44 10
split_gain=10.6131 19.1842 19.2264
threshold=0 1 14285.159757573014
decision_type=9 9 2
left_child=1 -1 -3
right_child=-2 2 -4
leaf_value=0.02976757343689005 -0.00032011305849787046 -0.0040293114912363232 0.033988439049186338
leaf_weight=25.436348706803983 1746.5277717347781 89.599427860383003 15.865197785911731
leaf_count=344 52404 2147 344
internal_value=0.000330815 0.00883686 0.00105111
internal_weight=1877.43 130.901 105.465
internal_count=55239 2835 2491
cat_boundaries=0 1 2
cat_threshold=393804 1604
is_linear=0
shrinkage=0.0321881


Tree=580
num_leaves=4
num_cat=0
split_feature=14 16 10
split_gain=10.0431 21.3498 19.0779
threshold=625.6022057944333 218.05089909952829 12963.713524866309
decision_type=8 10 2
left_child=1 -1 -2
right_child=2 -3 -4
leaf_value=0 0.00079831357228487675 -0.025466925188984853 0.034071814342999267
leaf_weight=1753.5489666552094 73.795464259113942 34.614152797177667 25.296268620382762
leaf_count=51435 1991 1122 750
internal_value=0 -0.000519777 0.00999468
internal_weight=1887.25 1788.16 99.0917
internal_count=55298 52557 2741
is_linear=0
shrinkage=0.0321881


Tree=581
num_leaves=4
num_cat=0
split_feature=11 6 40
split_gain=13.0655 16.5413 29.3568
threshold=26.884467138654916 52.22535626908104 0.13074315891776295
decision_type=8 2 2
left_child=1 -1 -3
right_child=-2 2 -4
leaf_value=2.1821739303577945e-05 -0.0048791267326933159 0 0.021408898190727881
leaf_weight=1207.2419550345767 398.97996512308964 153.79202116401575 112.56067741246079
leaf_count=34503 15049 3518 1853
internal_value=0.000245914 0.00167731 0.0089352
internal_weight=1872.57 1473.59 266.353
internal_count=54923 39874 5371
is_linear=0
shrinkage=0.0321881


Tree=582
num_leaves=4
num_cat=1
split_feature=15 43 5
split_gain=11.0283 10.3233 31.5545
threshold=1.2735365734213813 0 2.749334418013635
decision_type=10 9 2
left_child=1 2 -1
right_child=-2 -3 -4
leaf_value=0.017777298017365609 -0.016189072979905947 0 -0.010485232797959512
leaf_weight=122.63429464426008 39.975464289822412 1662.1729331036986 58.183954714215361
leaf_count=3520 16010 34044 1658
internal_value=0.000412858 0.000809553 0.00789337
internal_weight=1882.97 1842.99 180.818
internal_count=55232 39222 5178
cat_boundaries=0 1
cat_threshold=16
is_linear=0
shrinkage=0.0321881


Tree=583
num_leaves=4
num_cat=0
split_feature=38 2 14
split_gain=8.31089 7.99594 12.7601
threshold=-0.024968594951970114 27.504717547773872 477.08672232997924
decision_type=2 2 10
left_child=-1 -2 -3
right_child=1 2 -4
leaf_value=-0.0056391570730950635 -0.0025530063207049947 0.00038890178347794299 0.0094909165888244443
leaf_weight=261.40686284468757 413.67718604250877 997.00664425376453 193.90789930193569
leaf_count=8734 30404 13631 2586
internal_value=-0.000298007 0.000533144 0.00192598
internal_weight=1866 1604.59 1190.91
internal_count=55355 46621 16217
is_linear=0
shrinkage=0.0321881


Tree=584
num_leaves=4
num_cat=1
split_feature=10 31 42
split_gain=10.008 8.8396 12.0717
threshold=1852.0097197816112 -0.95757238309926529 0
decision_type=2 2 9
left_child=-1 2 -2
right_child=1 -3 -4
leaf_value=-0.026516706100548286 0.013779409263284508 0.0011495603992524614 -0.0078191989818699736
leaf_weight=14.327134443716202 19.874452927371749 1615.9617080943426 217.79750647786568
leaf_count=865 637 40513 13022
internal_value=2.13592e-05 0.000264198 -0.00548292
internal_weight=1867.96 1853.63 237.672
internal_count=55037 54172 13659
cat_boundaries=0 1
cat_threshold=266788
is_linear=0
shrinkage=0.0321881


Tree=585
num_leaves=4
num_cat=1
split_feature=30 5 41
split_gain=9.11618 14.078 14.1991
threshold=-0.96747441913289334 2.2171135793474805 0
decision_type=2 2 9
left_child=1 2 -1
right_child=-2 -3 -4
leaf_value=0.0060915724674831806 0.00026706525460619857 -0.023812644572697342 -0.014562309610757735
leaf_weight=78.997561640549975 1709.7852094347163 41.896157468076126 44.995507573075884
leaf_count=1217 52887 653 750
internal_value=-0.000396423 -0.00760888 -0.00158609
internal_weight=1875.67 165.889 123.993
internal_count=55507 2620 1967
cat_boundaries=0 1
cat_threshold=2056
is_linear=0
shrinkage=0.0321881


Tree=586
num_leaves=4
num_cat=0
split_feature=21 33 32
split_gain=12.5374 20.5835 54.7204
threshold=269.59631354446009 -0.52758782829773643 -0.46538797896501521
decision_type=2 2 2
left_child=1 2 -1
right_child=-2 -3 -4
leaf_value=-0.017765801592517495 0.004818569739095801 0.0015354803905847443 0
leaf_weight=249.07967665741307 375.01097533808206 609.3216212791649 638.83107483248023
leaf_count=7133 9614 21423 17244
internal_value=-0.000397942 -0.00174761 -0.00497653
internal_weight=1872.24 1497.23 887.911
internal_count=55414 45800 24377
is_linear=0
shrinkage=0.0321881


Tree=587
num_leaves=4
num_cat=0
split_feature=32 10 33
split_gain=9.60821 30.6234 28.7835
threshold=0.6535453831768987 8249.6500571155611 -0.38211645889586104
decision_type=2 2 2
left_child=-1 2 -2
right_child=1 -3 -4
leaf_value=0.00051111293130247848 -0.031239850787809317 -0.032022560301573286 0.036551612625047039
leaf_weight=1798.3538745587575 8.9487023901456286 36.188931141583453 18.266562139921007
leaf_count=49515 459 3802 1288
internal_value=4.21666e-05 -0.0122103 0.0118636
internal_weight=1861.76 63.4042 27.2153
internal_count=55064 5549 1747
is_linear=0
shrinkage=0.0321881


Tree=588
num_leaves=4
num_cat=1
split_feature=22 36 44
split_gain=11.2681 12.1999 22.6149
threshold=860.02152159692434 0.86415656182753497 0
decision_type=2 2 9
left_child=1 -1 -3
right_child=-2 2 -4
leaf_value=0.0065481037416547086 0.016516544574729345 -0.021280710518376794 -0.00055386537784720335
leaf_weight=231.45934211081476 41.949545342358761 46.799734704603907 1540.2311875265805
leaf_count=14154 864 7044 33099
internal_value=4.17705e-05 -0.000305357 -0.00134585
internal_weight=1860.44 1818.49 1587.03
internal_count=55161 54297 40143
cat_boundaries=0 1
cat_threshold=1585408
is_linear=0
shrinkage=0.0321881


Tree=589
num_leaves=4
num_cat=0
split_feature=1 16 16
split_gain=9.44436 8.89613 9.42657
threshold=35.642234119280495 252.2395949047214 160.92441352496181
decision_type=2 10 10
left_child=1 2 -1
right_child=-2 -3 -4
leaf_value=-0.0010877870987769669 -0.023043206785696678 -0.026825621783132119 0.0040195481686511507
leaf_weight=1325.8961927441815 18.19321093801409 12.342946751188718 518.35342010407476
leaf_count=46553 216 626 7808
internal_value=-9.80784e-05 9.53764e-05 0.000313505
internal_weight=1874.79 1856.59 1844.25
internal_count=55203 54987 54361
is_linear=0
shrinkage=0.0321881


Tree=590
num_leaves=4
num_cat=0
split_feature=25 31 30
split_gain=10.4082 10.1956 15.9335
threshold=-1.6046797767777996 -0.95880987548668395 0.70782043976016518
decision_type=2 2 2
left_child=-1 -2 -3
right_child=1 2 -4
leaf_value=-0.011223357972200936 -0.0057435448372756565 0.0036178147045364097 -0.0035164747932575481
leaf_weight=80.787113010366738 227.07006872759484 1114.4699380835336 449.56293608643318
leaf_count=1986 13250 30532 9377
internal_value=2.40915e-05 0.000568378 0.00152621
internal_weight=1871.89 1791.1 1564.03
internal_count=55145 53159 39909
is_linear=0
shrinkage=0.0321881


Tree=591
num_leaves=4
num_cat=0
split_feature=31 14 31
split_gain=10.578 19.7417 12.1002
threshold=0.48293586773733516 362.06082936564457 -0.44580724692767498
decision_type=2 8 2
left_child=2 -2 -1
right_child=1 -3 -4
leaf_value=-0.0020728960466763519 -0.02619145105838452 0 0.0033747435701239723
leaf_weight=1050.0349763821887 46.242429725411057 69.979044050254743 705.2796637535248
leaf_count=41517 771 1141 11733
internal_value=-0.000507507 -0.00990714 7.98266e-05
internal_weight=1871.54 116.221 1755.31
internal_count=55162 1912 53250
is_linear=0
shrinkage=0.0321881


Tree=592
num_leaves=4
num_cat=1
split_feature=44 10 16
split_gain=9.12461 34.4783 21.5625
threshold=0 10025.998799479827 252.2395949047214
decision_type=9 2 8
left_child=1 -1 -2
right_child=2 -3 -4
leaf_value=0.019146017803092719 -0.00035840352711683437 -0.012881869865004959 -0.035442656004768536
leaf_weight=98.455522049105639 1709.2190666782444 51.286132351542619 18.186912969045807
leaf_count=8259 35521 10496 1099
internal_value=-5.51328e-05 0.00726448 -0.000765036
internal_weight=1877.15 149.742 1727.41
internal_count=55375 18755 36620
cat_boundaries=0 1
cat_threshold=393284
is_linear=0
shrinkage=0.0321881


Tree=593
num_leaves=4
num_cat=0
split_feature=16 12 12
split_gain=14.5249 44.7122 39.339
threshold=160.92441352496181 27.239075825415707 33.169481792695571
decision_type=10 10 10
left_child=2 -2 -1
right_child=1 -3 -4
leaf_value=0.001086560910351675 -0.030998695871772543 0.0072983931941939294 -0.013392708409183003
leaf_weight=1095.8067206461455 32.969810414913809 506.59688895427098 234.80003209171991
leaf_count=31354 805 7736 15516
internal_value=0.000347062 0.0048277 -0.00142253
internal_weight=1870.17 539.567 1330.61
internal_count=55411 8541 46870
is_linear=0
shrinkage=0.0321881


Tree=594
num_leaves=4
num_cat=0
split_feature=16 12 10
split_gain=13.4569 43.2643 29.6502
threshold=173.53395826599319 33.549192584909264 13817.153235816777
decision_type=10 8 2
left_child=-1 2 -2
right_child=1 -3 -4
leaf_value=-0.0011881387354604274 -0.02010070904055002 0.013220519933768618 0.022908796095252985
leaf_weight=1517.2175878627149 83.571699934269418 247.29598677677859 19.263560595514718
leaf_count=49459 1734 3760 315
internal_value=8.99527e-05 0.00580713 -0.0113919
internal_weight=1867.35 350.131 102.835
internal_count=55268 5809 2049
is_linear=0
shrinkage=0.0321881


Tree=595
num_leaves=4
num_cat=0
split_feature=30 5 5
split_gain=9.47372 11.6591 10.8293
threshold=-0.96747441913289334 1.6905263120775353 1.1933804447768981
decision_type=2 2 2
left_child=1 -1 -2
right_child=2 -3 -4
leaf_value=-0.00023235686996342714 -0.0021032131987683161 -0.018644172416051361 0.0029975734431795394
leaf_weight=99.910695714675967 859.61482383464863 62.296105226749205 856.56725303317216
leaf_count=1609 28817 1022 23992
internal_value=-0.000262404 -0.00771246 0.000405605
internal_weight=1878.39 162.207 1716.18
internal_count=55440 2631 52809
is_linear=0
shrinkage=0.0321881


Tree=596
num_leaves=4
num_cat=0
split_feature=27 22 36
split_gain=9.8946 12.0371 8.95452
threshold=0.023806158213111127 111.13283379587973 0.86415656182753497
decision_type=2 2 2
left_child=1 -1 -2
right_child=2 -3 -4
leaf_value=-0.023834216561799862 0.0080000379394006681 -0.0030761526476640023 -0.00020539596956660049
leaf_weight=36.356556733739126 150.33069707246614 189.57497967256495 1495.9524126129691
leaf_count=6808 6898 5317 36288
internal_value=-0.000325092 -0.00665855 0.000506245
internal_weight=1872.21 225.932 1646.28
internal_count=55311 12125 43186
is_linear=0
shrinkage=0.0321881


Tree=597
num_leaves=4
num_cat=0
split_feature=34 16 12
split_gain=10.139 9.59675 43.4184
threshold=-0.026094659188216029 173.53395826599319 34.412474641247947
decision_type=2 8 8
left_child=-1 -2 -3
right_child=1 2 -4
leaf_value=-0.0072153256943356218 -0.0007501159849942128 -0.011021304137142985 0.01398358449702305
leaf_weight=202.32025938408697 1354.4847487470906 106.06161935327691 212.0391694447535
leaf_count=6151 43007 2126 4112
internal_value=-0.000397077 0.000390506 0.00544434
internal_weight=1874.91 1672.59 318.101
internal_count=55396 49245 6238
is_linear=0
shrinkage=0.0321881


Tree=598
num_leaves=4
num_cat=0
split_feature=38 11 12
split_gain=10.868 7.72797 14.9979
threshold=-0.025894710129885982 26.884467138654916 28.148673982469834
decision_type=2 8 10
left_child=-1 2 -2
right_child=1 -3 -4
leaf_value=-0.0063192417313289173 -0.00067174964783415483 -0.002709432327302092 0.0064095762692244103
leaf_weight=249.1443271858152 766.31021826574215 336.73476633166501 505.00177318878195
leaf_count=8357 15293 12815 18850
internal_value=-3.45346e-05 0.000900377 0.00209174
internal_weight=1857.19 1608.05 1271.31
internal_count=55315 46958 34143
is_linear=0
shrinkage=0.0321881


Tree=599
num_leaves=4
num_cat=0
split_feature=5 28 30
split_gain=10.4298 12.8276 9.41181
threshold=5.3371275850235866 0.97672975341518009 0.75529219887725108
decision_type=2 2 2
left_child=2 -2 -1
right_child=1 -3 -4
leaf_value=0.00074794137546311569 -0.002944016294165624 0.029225567486209917 -0.004746181998877462
leaf_weight=1396.7869308479694 17.958485832154111 27.311012038611807 416.44705696311212
leaf_count=45633 567 483 8501
internal_value=-6.32338e-05 0.0151153 -0.000479232
internal_weight=1858.5 45.2695 1813.23
internal_count=55184 1050 54134
is_linear=0
shrinkage=0.0321881


Tree=600
num_leaves=4
num_cat=1
split_feature=31 44 10
split_gain=11.181 26.5983 35.8277
threshold=-0.78336330935828302 0 9829.4403322635262
decision_type=2 9 2
left_child=1 2 -1
right_child=-2 -3 -4
leaf_value=0.021540627287686114 0.0017247942272667688 -0.0066472818351823084 -0.018394427470928974
leaf_weight=85.602464270970813 1226.1910102098227 522.64092475968755 30.121755972988467
leaf_count=1814 24485 26612 2316
internal_value=-3.89085e-05 -0.0035258 0.00974039
internal_weight=1864.56 638.365 115.724
internal_count=55227 30742 4130
cat_boundaries=0 1
cat_threshold=131648
is_linear=0
shrinkage=0.0321881


Tree=601
num_leaves=4
num_cat=0
split_feature=5 7 40
split_gain=9.83404 14.8741 14.0619
threshold=5.3371275850235866 22949.323804558877 0.08371233920095951
decision_type=2 2 2
left_child=1 -1 -2
right_child=2 -3 -4
leaf_value=-0.00025451811439273884 -0.0051258811313487987 -0.02196471545264839 0.027494759571187587
leaf_weight=1785.8106211064151 19.372651635661896 33.25747062559094 30.864907416660571
leaf_count=52934 592 1208 515
internal_value=-0.000267097 -0.000689258 0.0136887
internal_weight=1869.31 1819.07 50.2376
internal_count=55249 54142 1107
is_linear=0
shrinkage=0.0321881


Tree=602
num_leaves=4
num_cat=0
split_feature=22 26 5
split_gain=11.0402 17.6565 12.5862
threshold=822.56184750805403 0.85970640277398191 1.2765742026219604
decision_type=2 2 2
left_child=2 -2 -1
right_child=1 -3 -4
leaf_value=-0.0025243196933887858 0.0077235126815558041 0.034023223192795812 0.0028220509970311052
leaf_weight=962.89261515530416 19.985366890730802 29.05934487876948 866.54501867985709
leaf_count=31049 513 563 23141
internal_value=0.000413107 0.015447 0
internal_weight=1878.48 49.0447 1829.44
internal_count=55266 1076 54190
is_linear=0
shrinkage=0.0321881


Tree=603
num_leaves=4
num_cat=1
split_feature=33 44 21
split_gain=10.0635 27.4012 25.5111
threshold=-0.51717772942214146 0 103.02104010583325
decision_type=2 9 2
left_child=1 -1 -3
right_child=-2 2 -4
leaf_value=-0.021667968837872385 0.0033078877949790568 -0.01229035252070761 0.0014282638790971657
leaf_weight=57.09775067618466 636.37058704533047 162.93168107726524 991.55174317999627
leaf_count=5479 22719 6471 20528
internal_value=0 -0.00168992 -0.000450899
internal_weight=1847.95 1211.58 1154.48
internal_count=55197 32478 26999
cat_boundaries=0 1
cat_threshold=536896
is_linear=0
shrinkage=0.0321881


Tree=604
num_leaves=4
num_cat=0
split_feature=30 4 30
split_gain=11.9915 14.2619 11.7613
threshold=-0.96747441913289334 1015.1234005995465 0.87218777592816765
decision_type=2 2 2
left_child=1 -1 -2
right_child=2 -3 -4
leaf_value=-0.016226571732700101 0.0019510898115059853 0.0026952662579819557 -0.0050153222262445318
leaf_weight=98.610595558326168 1387.1921072939149 62.073958692872111 303.6778710604267
leaf_count=1679 46620 927 5902
internal_value=-0.000102361 -0.00852788 0.000661741
internal_weight=1851.55 160.685 1690.87
internal_count=55128 2606 52522
is_linear=0
shrinkage=0.0321881


Tree=605
num_leaves=4
num_cat=0
split_feature=11 16 12
split_gain=10.8266 19.9867 25.897
threshold=25.202681123443803 164.6116912506337 31.17579411190448
decision_type=8 8 10
left_child=-1 2 -2
right_child=1 -3 -4
leaf_value=0.0015805723051249678 0.0075056388065467185 0.0014197813567635186 -0.015876610671065942
leaf_weight=1263.9318906461049 60.281706902154838 331.42302439299237 204.19060941585485
leaf_count=33444 6700 5884 9180
internal_value=-7.05946e-05 -0.00367891 -0.0103045
internal_weight=1859.83 595.895 264.472
internal_count=55208 21764 15880
is_linear=0
shrinkage=0.0321881


Tree=606
num_leaves=4
num_cat=0
split_feature=10 32 4
split_gain=11.5828 10.838 55.594
threshold=2700.9472781792688 -0.13292918145108887 359.75645266309022
decision_type=2 2 2
left_child=-1 -2 -3
right_child=1 2 -4
leaf_value=-0.016895064986176531 -0.0010263778321411151 -0.012950759554515322 0.01057629774531055
leaf_weight=40.088509922890808 1292.3370464333493 138.61427102382004 399.34633895253137
leaf_count=1774 32564 4633 16404
internal_value=0.000122329 0.00053199 0.00439279
internal_weight=1870.39 1830.3 537.961
internal_count=55375 53601 21037
is_linear=0
shrinkage=0.0321881


Tree=607
num_leaves=4
num_cat=0
split_feature=9 7 32
split_gain=9.3263 8.88367 23.1255
threshold=29.153456557974806 936.96690296135762 -0.30479064899111502
decision_type=10 2 2
left_child=1 2 -1
right_child=-2 -3 -4
leaf_value=-0.0070527446786273788 -0.026680295635162537 0.0020006245996881515 0.0040253238355215555
leaf_weight=477.81955736632881 13.403313811548285 1038.7617056637991 322.31066982283664
leaf_count=13042 419 29427 12260
internal_value=-0.000159155 2.93312e-06 -0.0025108
internal_weight=1852.3 1838.89 800.13
internal_count=55148 54729 25302
is_linear=0
shrinkage=0.0321881


Tree=608
num_leaves=4
num_cat=1
split_feature=23 31 44
split_gain=9.35141 10.0787 22.2423
threshold=-0.07069853844293629 -0.43532334272854623 0
decision_type=2 2 9
left_child=-1 -2 -3
right_child=1 2 -4
leaf_value=-0.0083240621048250914 -0.0014321071776108466 0.0061111503477611238 -0.0038226682665938225
leaf_weight=128.15531996890059 974.20723847971749 639.12418710526617 108.23068327057263
leaf_count=7889 35727 8793 2779
internal_value=1.95628e-05 0.000678726 0.00351506
internal_weight=1849.72 1721.56 747.355
internal_count=55188 47299 11572
cat_boundaries=0 1
cat_threshold=263191
is_linear=0
shrinkage=0.0321881


Tree=609
num_leaves=4
num_cat=1
split_feature=31 44 16
split_gain=8.9334 23.2713 41.5837
threshold=-0.80318938408075968 0 178.14557374960194
decision_type=2 9 8
left_child=1 2 -1
right_child=-2 -3 -4
leaf_value=0.00089335541137673538 0.0010828624145374879 -0.006898102641817009 0.055790552850496299
leaf_weight=111.50570842337765 1256.4954579357545 481.98542471795008 16.629295484366594
leaf_count=5463 25605 23937 326
internal_value=-0.000429947 -0.00364903 0.00798209
internal_weight=1866.62 610.12 128.135
internal_count=55331 29726 5789
cat_boundaries=0 1
cat_threshold=135744
is_linear=0
shrinkage=0.0321881


Tree=610
num_leaves=4
num_cat=0
split_feature=14 1 21
split_gain=10.3814 17.6485 10.3151
threshold=158.76879771733442 24.089231086133971 137.09648120930279
decision_type=8 2 2
left_child=1 -1 -2
right_child=2 -3 -4
leaf_value=-0.017861860725274209 -0.0026622179485022968 0.0067240058584382718 0.0025837380645294698
leaf_weight=81.08863541469691 573.49201925646048 43.350339154247195 1165.4012576075911
leaf_count=6972 23539 547 24147
internal_value=0.000140093 -0.0087896 0.000816856
internal_weight=1863.33 124.439 1738.89
internal_count=55205 7519 47686
is_linear=0
shrinkage=0.0321881


Tree=611
num_leaves=4
num_cat=0
split_feature=30 10 10
split_gain=11.3408 25.4417 19.626
threshold=0.88741921528336942 10180.858851449855 10375.612113214591
decision_type=2 2 2
left_child=2 -2 -1
right_child=1 -3 -4
leaf_value=0.0042307361380569727 -0.015379760174827584 0.003434345972558438 -0.0030209645916854109
leaf_weight=908.87633806705708 145.23294628272197 143.75469523607899 664.26390495886517
leaf_count=25469 2729 2734 24411
internal_value=1.73523e-05 -0.00580546 0.0011282
internal_weight=1862.13 288.988 1573.14
internal_count=55343 5463 49880
is_linear=0
shrinkage=0.0321881


Tree=612
num_leaves=4
num_cat=0
split_feature=22 25 25
split_gain=8.72983 13.3012 12.2184
threshold=26.538069071708382 17.39875745826777 7.1041007522926884
decision_type=2 2 2
left_child=-1 2 -2
right_child=1 -3 -4
leaf_value=-0.02706797318418875 0.0001622787223060354 0.028082966158884014 -0.013533986592094375
leaf_weight=12.173607985885608 1780.9003555072886 17.096867884578387 48.934654015658452
leaf_count=6736 45136 1011 2425
internal_value=-0.000160913 0 -0.000245919
internal_weight=1859.11 1846.93 1829.84
internal_count=55308 48572 47561
is_linear=0
shrinkage=0.0321881


Tree=613
num_leaves=4
num_cat=1
split_feature=41 3 32
split_gain=9.46583 17.8171 13.9878
threshold=0 168.72391007203896 0.63063053575328543
decision_type=9 2 2
left_child=1 -1 -2
right_child=2 -3 -4
leaf_value=0.023051971135662635 0.00013003813076306554 -0.00045457490893768837 -0.015883376644990597
leaf_weight=54.111364467309613 1684.0654052590762 73.610898512954009 58.035855192820236
leaf_count=720 48034 1015 5629
internal_value=0.000240114 0.00837619 -0.000366854
internal_weight=1869.82 127.722 1742.1
internal_count=55398 1735 53663
cat_boundaries=0 1
cat_threshold=514
is_linear=0
shrinkage=0.0321881


Tree=614
num_leaves=4
num_cat=0
split_feature=30 4 31
split_gain=9.63087 19.7036 11.2504
threshold=-0.96747441913289334 1015.1234005995465 -0.44580724692767498
decision_type=2 2 2
left_child=1 -1 -2
right_child=2 -3 -4
leaf_value=-0.016517784733712432 -0.00098062420284956812 0.0058103017393521085 0.004376569658788191
leaf_weight=96.695640364581777 1032.2000872457393 65.307478861639538 656.35922781849877
leaf_count=1643 41150 951 11094
internal_value=0.000311884 -0.00712885 0.00106438
internal_weight=1850.56 162.003 1688.56
internal_count=54838 2594 52244
is_linear=0
shrinkage=0.0321881


Tree=615
num_leaves=4
num_cat=1
split_feature=36 22 44
split_gain=9.90513 34.9092 33.009
threshold=0.86415656182753497 455.59209459291395 0
decision_type=2 2 9
left_child=1 2 -1
right_child=-2 -3 -4
leaf_value=0.0075102614200773417 -0.0010441627678422834 0.052857466600408499 -0.025492389780880632
leaf_weight=194.33417121366801 1643.2177439778388 15.290618926112073 26.612516544004393
leaf_count=5929 41150 343 8118
internal_value=-0.000124803 0.00599537 0.00241115
internal_weight=1879.46 236.237 220.947
internal_count=55540 14390 14047
cat_boundaries=0 1
cat_threshold=12359
is_linear=0
shrinkage=0.0321881


Tree=616
num_leaves=4
num_cat=0
split_feature=36 21 32
split_gain=10.9168 18.1628 22.946
threshold=0.9066013681922277 90.94147227569853 -0.32028511796077225
decision_type=2 2 2
left_child=-1 -2 -3
right_child=1 2 -4
leaf_value=0.0061004068073849515 -0.01093841213170796 -0.0030332090521861632 0.0053057393770966034
leaf_weight=262.20267118993252 169.66615436867141 881.74489613383048 557.20495845253754
leaf_count=14828 6895 19995 13459
internal_value=0 -0.00097962 0.00015197
internal_weight=1870.82 1608.62 1438.95
internal_count=55177 40349 33454
is_linear=0
shrinkage=0.0321881


Tree=617
num_leaves=4
num_cat=0
split_feature=22 14 8
split_gain=14.4143 9.03132 23.7833
threshold=901.12307251692062 195.25741797120489 1019.660461267311
decision_type=2 10 2
left_child=1 2 -1
right_child=-2 -3 -4
leaf_value=-0.024334210285668768 0.020936136492195941 0.00058508948869192721 -0.00021391748922486967
leaf_weight=56.493168952580163 33.539636462577619 1567.5964254071969 189.2867553174874
leaf_count=15143 652 35400 4286
internal_value=7.566e-05 -0.000277734 -0.00603503
internal_weight=1846.92 1813.38 245.78
internal_count=55481 54829 19429
is_linear=0
shrinkage=0.0321881


Tree=618
num_leaves=4
num_cat=0
split_feature=34 29 36
split_gain=9.55851 8.88977 9.68778
threshold=-0.025658416745344793 3.7830608200706077 0.9066013681922277
decision_type=2 2 2
left_child=-1 -2 -3
right_child=1 2 -4
leaf_value=-0.0069124702474709634 -0.02465270595259891 0.0070141824366955806 -0.000263037037593955
leaf_weight=206.91786874387981 14.171194589805962 216.53198758423241 1409.6561849643113
leaf_count=6390 4631 8562 35603
internal_value=-0.00037956 0.000406569 0.000667666
internal_weight=1847.28 1640.36 1626.19
internal_count=55186 48796 44165
is_linear=0
shrinkage=0.0321881


Tree=619
num_leaves=4
num_cat=0
split_feature=31 14 4
split_gain=8.94586 19.5674 12.7803
threshold=0.48293586773733516 337.17602646829886 1158.9696261062411
decision_type=2 8 2
left_child=-1 -2 -3
right_child=1 2 -4
leaf_value=0.00039266269759262261 -0.028094441235370277 -0.010908180007366153 0.014525208166269503
leaf_weight=1741.5182988796878 36.91021630539035 47.454715130254044 35.627003873931244
leaf_count=53413 654 842 447
internal_value=-0.000158621 -0.00867451 0
internal_weight=1861.51 119.992 83.0817
internal_count=55356 1943 1289
is_linear=0
shrinkage=0.0321881


Tree=620
num_leaves=4
num_cat=1
split_feature=41 4 22
split_gain=8.60236 15.6327 8.95123
threshold=0 960.83530645059398 68.979019510860411
decision_type=9 2 2
left_child=1 -1 -2
right_child=2 -3 -4
leaf_value=-0.018384516100494616 -0.015585469279855661 0.010343787474106587 0.00082929230473602518
leaf_weight=67.855614126332512 34.637310101774347 24.313458758446359 1738.9543142687398
leaf_count=1752 9782 729 43275
internal_value=-1.89954e-05 -0.00912262 0.000468135
internal_weight=1865.76 92.1691 1773.59
internal_count=55538 2481 53057
cat_boundaries=0 1
cat_threshold=64
is_linear=0
shrinkage=0.0321881


Tree=621
num_leaves=4
num_cat=0
split_feature=7 4 32
split_gain=11.0162 23.7797 19.0814
threshold=18058.933980119033 830.1321240946412 -0.82536368391043158
decision_type=2 2 2
left_child=-1 2 -2
right_child=1 -3 -4
leaf_value=-3.4464073087521576e-06 0.027427134584256167 -0.036849135361807617 -0.017695745920391102
leaf_weight=1793.0767675175412 17.360773234904627 26.628691913618241 20.803419891617523
leaf_count=53566 255 923 574
internal_value=-0.000511015 -0.0135268 0.00121446
internal_weight=1857.87 64.7929 38.1642
internal_count=55318 1752 829
is_linear=0
shrinkage=0.0321881


Tree=622
num_leaves=4
num_cat=1
split_feature=25 21 44
split_gain=10.0474 10.4829 23.3655
threshold=-1.3836566663443686 124.02509785557065 0
decision_type=2 2 9
left_child=-1 2 -2
right_child=1 -3 -4
leaf_value=-0.0091287758668655086 -0.022914137714666653 0.0024587891981382444 -0.00040142355593256169
leaf_weight=109.8837565985632 44.45586519187782 1261.9880955017725 446.55390353656185
leaf_count=2812 9543 28159 14674
internal_value=0.000252583 0.000878121 -0.00305406
internal_weight=1862.88 1753 491.01
internal_count=55188 52376 24217
cat_boundaries=0 1
cat_threshold=267776
is_linear=0
shrinkage=0.0321881


Tree=623
num_leaves=4
num_cat=0
split_feature=7 25 23
split_gain=12.5587 14.547 15.4112
threshold=-1684.5982660152315 5.553499082981868 3.5107236669671398
decision_type=2 2 2
left_child=-1 -2 -3
right_child=1 2 -4
leaf_value=-0.0049729191882433308 0.002305280519077438 -0.017902572415959245 0.020718052251078596
leaf_weight=395.1137031967246 1378.1153058818636 68.775369989172759 11.042729798627986
leaf_count=12823 34968 6802 488
internal_value=7.87485e-05 0.00149206 -0.0117183
internal_weight=1853.05 1457.93 79.8181
internal_count=55081 42258 7290
is_linear=0
shrinkage=0.0321881


Tree=624
num_leaves=4
num_cat=0
split_feature=10 4 16
split_gain=11.2365 30.1682 12.2185
threshold=17028.649055687976 1585.1294700266974 227.93435788546
decision_type=2 2 10
left_child=2 -2 -1
right_child=1 -3 -4
leaf_value=1.3376184393995968e-05 -0.005719460602332832 0.056896871555104672 -0.017318752274153984
leaf_weight=1774.9389876736204 16.539840521720183 12.771628270551444 42.76036712538189
leaf_count=52785 661 215 1438
internal_value=-7.05247e-06 0.0196457 -0.000361521
internal_weight=1847.01 29.3115 1817.7
internal_count=55099 876 54223
is_linear=0
shrinkage=0.0321881


Tree=625
num_leaves=4
num_cat=0
split_feature=30 5 10
split_gain=11.5574 31.6677 33.8813
threshold=0.70782043976016518 2.2599968823303187 7942.0623980894043
decision_type=2 2 2
left_child=-1 -2 -3
right_child=1 2 -4
leaf_value=0.0019956535901913433 -0.0095065120177262423 -0.021860544527105768 0.016900580805547238
leaf_weight=1382.3581833603821 322.68910720446365 28.088332057544903 112.16874909037142
leaf_count=45392 7257 637 1898
internal_value=0.000490968 -0.00386323 0.00866102
internal_weight=1845.3 462.946 140.257
internal_count=55184 9792 2535
is_linear=0
shrinkage=0.0321881


Tree=626
num_leaves=4
num_cat=1
split_feature=44 29 16
split_gain=10.5018 40.6232 15.3767
threshold=0 8.4714136604811525 90.241492189657492
decision_type=9 2 8
left_child=1 2 -1
right_child=-2 -3 -4
leaf_value=0.0001816936334288367 -0.00068188997109812626 -0.025403288820742154 0.031628982391150869
leaf_weight=29.029542061907705 1758.0774878656375 23.902086505015177 53.19001246152402
leaf_count=10750 36451 5132 2863
internal_value=-3.22646e-05 0.00929839 0.0213307
internal_weight=1864.2 106.122 82.2196
internal_count=55196 18745 13613
cat_boundaries=0 1
cat_threshold=394244
is_linear=0
shrinkage=0.0321881


Tree=627
num_leaves=4
num_cat=0
split_feature=7 4 32
split_gain=12.4545 20.09 17.1798
threshold=18058.933980119033 788.58217261038328 -0.82536368391043158
decision_type=2 2 2
left_child=-1 2 -2
right_child=1 -3 -4
leaf_value=0.00072008117101290015 0.023680975862962091 -0.035051443847343482 -0.018861607424291368
leaf_weight=1799.0743147678058 18.343665918335319 26.499813592456121 20.506837607001216
leaf_count=53635 256 926 525
internal_value=0.000184237 -0.0135456 0
internal_weight=1864.42 65.3503 38.8505
internal_count=55342 1707 781
is_linear=0
shrinkage=0.0321881


Tree=628
num_leaves=4
num_cat=0
split_feature=5 3 23
split_gain=7.37534 49.5042 34.8722
threshold=2.2599968823303187 219.44043003845445 25.199604206537888
decision_type=2 2 2
left_child=-1 2 -2
right_child=1 -3 -4
leaf_value=-0.0014823989081774809 -0.00055452301696904988 -0.011381622122269239 0.01893410675045943
leaf_weight=1314.3449906633123 172.26323081042938 166.67517661718375 196.52977931767236
leaf_count=41733 6654 2937 3900
internal_value=-0.000152543 0.002992 0.00966386
internal_weight=1849.81 535.468 368.793
internal_count=55224 13491 10554
is_linear=0
shrinkage=0.0321881


Tree=629
num_leaves=4
num_cat=1
split_feature=44 13 32
split_gain=11.0356 42.7578 21.7364
threshold=0 15.843463503789122 0.85186213249697629
decision_type=9 10 2
left_child=1 -1 -3
right_child=-2 2 -4
leaf_value=0.1042319101072917 -0.00079113636292096206 -0.0025393774800028667 0.058806508331035276
leaf_weight=4.8889925945841233 1791.3705634361449 42.719270955545653 6.4847215149384274
leaf_count=223 50879 3577 282
internal_value=-0.000293189 0.0127543 0.00450039
internal_weight=1845.46 54.093 49.204
internal_count=54961 4082 3859
cat_boundaries=0 1
cat_threshold=132100
is_linear=0
shrinkage=0.0321881


Tree=630
num_leaves=4
num_cat=1
split_feature=42 2 29
split_gain=10.0161 22.2615 10.5945
threshold=0 37.071754035786945 5.7006921454992083
decision_type=9 2 2
left_child=1 -1 -2
right_child=2 -3 -4
leaf_value=-0.0053958765482892889 -0.010660587400897056 0.027920860259222122 -0.00010704368990940924
leaf_weight=36.002605386391224 105.42507576072057 41.626597433089046 1680.5492929197771
leaf_count=769 9214 462 44884
internal_value=-0.000212844 0.0103524 -0.000762733
internal_weight=1863.6 77.6292 1785.97
internal_count=55329 1231 54098
cat_boundaries=0 1
cat_threshold=131652
is_linear=0
shrinkage=0.0321881


Tree=631
num_leaves=4
num_cat=0
split_feature=32 4 29
split_gain=9.82689 55.1557 32.5958
threshold=-0.068927789338999554 277.73115861160585 6.527113249469906
decision_type=2 2 2
left_child=-1 -2 -3
right_child=1 2 -4
leaf_value=-0.0018728994588647213 -0.016793709667756236 0.0040293491598166241 0.027212164798182992
leaf_weight=1363.3515925821848 106.29872348956269 294.10305097999117 83.294012236172421
leaf_count=34999 3725 14792 1828
internal_value=-0.000444026 0.00345074 0.00932848
internal_weight=1847.05 483.696 377.397
internal_count=55344 20345 16620
is_linear=0
shrinkage=0.0321881


Tree=632
num_leaves=4
num_cat=1
split_feature=44 3 4
split_gain=10.9526 11.8188 24.0058
threshold=0 91.155056852088379 218.12058797901543
decision_type=9 2 2
left_child=-1 2 -2
right_child=1 -3 -4
leaf_value=-0.014598341729207952 0.015043396203535687 0.0020072412738125212 -0.013425981061908397
leaf_weight=36.501608012280485 37.715609969083744 1634.8626217933925 134.33371294069002
leaf_count=8176 681 43852 2475
internal_value=0.000705249 0.00112607 -0.00680329
internal_weight=1843.41 1806.91 172.049
internal_count=55184 47008 3156
cat_boundaries=0 1
cat_threshold=1597720
is_linear=0
shrinkage=0.0321881


Tree=633
num_leaves=4
num_cat=0
split_feature=21 11 15
split_gain=9.64271 17.7189 18.7814
threshold=269.59631354446009 29.891514617679935 1.0472775805038441
decision_type=2 8 10
left_child=-1 -2 -3
right_child=1 2 -4
leaf_value=-0.0011873033564808587 0.0029871617283875138 0.06754274998146001 0.0017196963044901464
leaf_weight=1470.0095031627188 355.00288272462785 9.097118614939971 5.553928233071928
leaf_count=45697 8538 274 750
internal_value=0 0.0046267 0.0393955
internal_weight=1839.66 369.654 14.651
internal_count=55259 9562 1024
is_linear=0
shrinkage=0.0321881


Tree=634
num_leaves=4
num_cat=0
split_feature=30 10 10
split_gain=10.6205 13.9419 12.6719
threshold=0.97175552524746311 10180.858851449855 12578.077861596204
decision_type=2 2 2
left_child=2 -2 -1
right_child=1 -3 -4
leaf_value=0.0018391413353875835 -0.018988750817428797 0.00056168016281976153 -0.0047988084838295865
leaf_weight=1327.5767188635236 70.40484985733201 68.346560703994328 382.32574082291649
leaf_count=38927 1315 1291 13901
internal_value=-0.000342363 -0.00891574 0.000317225
internal_weight=1848.65 138.751 1709.9
internal_count=55434 2606 52828
is_linear=0
shrinkage=0.0321881


Tree=635
num_leaves=4
num_cat=0
split_feature=30 10 14
split_gain=10.3765 15.6943 10.4038
threshold=0.97175552524746311 11360.962921204018 162.41167258956352
decision_type=2 2 8
left_child=2 -2 -1
right_child=1 -3 -4
leaf_value=-0.0081653258860327187 -0.017478562039896551 0.0045933389208855603 0.001333338460836625
leaf_weight=127.94650228898536 82.827513422304037 49.388229276548373 1588.827091351257
leaf_count=8047 1594 969 44650
internal_value=-4.76461e-05 -0.00875942 0.000587304
internal_weight=1848.99 132.216 1716.77
internal_count=55260 2563 52697
is_linear=0
shrinkage=0.0321881


Tree=636
num_leaves=4
num_cat=0
split_feature=29 22 10
split_gain=10.0213 30.9076 30.7333
threshold=9.6164141444641675 233.18290997575983 10491.579417105442
decision_type=2 2 2
left_child=-1 2 -2
right_child=1 -3 -4
leaf_value=-0.00072599718914025319 -0.036480439869710245 0.025143244489320687 0.0094067619977221788
leaf_weight=1721.2986182198911 22.890452623450983 61.412325916317059 40.015898452995316
leaf_count=49746 2162 1063 2214
internal_value=-5.38755e-05 0.00872454 -0.00632972
internal_weight=1845.62 124.319 62.9064
internal_count=55185 5439 4376
is_linear=0
shrinkage=0.0321881


Tree=637
num_leaves=4
num_cat=2
split_feature=33 44 44
split_gain=10.8453 23.998 21.0943
threshold=-0.50857178501565647 0 1
decision_type=2 9 9
left_child=1 -1 -2
right_child=2 -3 -4
leaf_value=-0.021378520870047303 0.019318664712687561 -0.0011001888459437575 0.00066866737744568762
leaf_weight=54.482718203747936 62.282686645543436 1179.0106922350824 561.74242466963005
leaf_count=5481 1697 27515 20978
internal_value=-0.000454779 -0.00223363 0.00295892
internal_weight=1857.52 1233.49 624.025
internal_count=55671 32996 22675
cat_boundaries=0 1 2
cat_threshold=536896 4164
is_linear=0
shrinkage=0.0321881


Tree=638
num_leaves=4
num_cat=1
split_feature=31 44 7
split_gain=13.5637 20.1965 36.4467
threshold=-0.80318938408075968 0 13637.020609713169
decision_type=2 9 2
left_child=-1 2 -2
right_child=1 -3 -4
leaf_value=-0.0045389123605418863 0.0078558934700766643 -0.0024079501933485571 -0.026413721624268201
leaf_weight=602.39684163693892 549.14587881862826 673.5297202863585 33.210090527551074
leaf_count=29551 9976 14975 696
internal_value=-0.000545079 0.00132039 0.00568474
internal_weight=1858.28 1255.89 582.356
internal_count=55198 25647 10672
cat_boundaries=0 1
cat_threshold=263190
is_linear=0
shrinkage=0.0321881


Tree=639
num_leaves=4
num_cat=0
split_feature=7 11 0
split_gain=8.37488 9.47885 19.7857
threshold=29169.022129817862 26.828744642620489 852.37954857800287
decision_type=2 10 2
left_child=1 -1 -3
right_child=-2 2 -4
leaf_value=0.0018479885270521852 -0.019448358483149894 -0.012994840092020959 0.0018328061303998523
leaf_weight=1447.4734272564874 21.42262239705633 149.72349021365699 231.12785126008384
leaf_count=40377 870 10384 3527
internal_value=0.000359868 0.000629285 -0.00383368
internal_weight=1849.75 1828.32 380.851
internal_count=55158 54288 13911
is_linear=0
shrinkage=0.0321881


Tree=640
num_leaves=4
num_cat=0
split_feature=13 10 14
split_gain=9.05001 22.9353 23.5083
threshold=36.722445453937887 4978.0383204581403 387.31319484685184
decision_type=10 2 10
left_child=-1 2 -2
right_child=1 -3 -4
leaf_value=0.00098163809447579173 0.040177783053817535 -0.0083041217853152913 -0.0019775600232753284
leaf_weight=1495.2062486041214 21.617298758468678 299.49929561742101 29.781587007120834
leaf_count=34478 2094 18258 420
internal_value=-7.51089e-05 -0.00475701 0.0146216
internal_weight=1846.1 350.898 51.3989
internal_count=55250 20772 2514
is_linear=0
shrinkage=0.0321881


Tree=641
num_leaves=4
num_cat=0
split_feature=30 10 5
split_gain=12.0725 12.1717 11.5321
threshold=-0.96747441913289334 6218.1922203760942 1.2765742026219604
decision_type=2 2 2
left_child=1 -1 -2
right_child=2 -3 -4
leaf_value=0.0075820163312002482 -0.0015086496320005707 -0.012997494573090329 0.0037968833514663873
leaf_weight=34.497208622571634 877.96202047264705 127.10455008643476 804.40565406277892
leaf_count=516 30296 2153 22547
internal_value=0.000148997 -0.00820615 0.000990456
internal_weight=1843.97 161.602 1682.37
internal_count=55512 2669 52843
is_linear=0
shrinkage=0.0321881


Tree=642
num_leaves=4
num_cat=0
split_feature=1 14 30
split_gain=8.12947 8.70029 22.3038
threshold=35.642234119280495 296.00523946066011 -0.059864877755620986
decision_type=2 8 2
left_child=1 2 -1
right_child=-2 -3 -4
leaf_value=-0.0083849890382501832 -0.021599013418240724 0.0020219548124075235 0.0030459189143449699
leaf_weight=345.61754072182339 17.549695433233865 1142.0038910146686 351.361429189501
leaf_count=16991 215 17801 20315
internal_value=1.75819e-05 0.000261259 -0.002532
internal_weight=1856.53 1838.98 696.979
internal_count=55322 55107 37306
is_linear=0
shrinkage=0.0321881


Tree=643
num_leaves=4
num_cat=0
split_feature=32 10 20
split_gain=9.05264 23.647 21.1525
threshold=0.58668974911705696 8097.3903537265496 29.097420556512649
decision_type=2 2 2
left_child=-1 2 -2
right_child=1 -3 -4
leaf_value=0.00056309194962869647 -0.021399091656767844 -0.027795904722142377 0.033775012398243529
leaf_weight=1777.698317039969 10.989443175001727 39.536436754029637 16.748082367630559
leaf_count=49214 1486 4300 375
internal_value=8.96078e-05 -0.0114367 0.00964242
internal_weight=1844.97 67.274 27.7375
internal_count=55375 6161 1861
is_linear=0
shrinkage=0.0321881


Tree=644
num_leaves=4
num_cat=0
split_feature=10 30 4
split_gain=8.98546 8.35825 12.7163
threshold=1852.0097197816112 -0.96747441913289334 1015.1234005995465
decision_type=2 2 2
left_child=-1 2 -2
right_child=1 -3 -4
leaf_value=-0.02440217581160628 -0.014165490714762152 0.0010699018764754062 0.0039676700165614939
leaf_weight=15.028418677980879 95.462947031839576 1672.5341253680454 61.26297488936325
leaf_count=893 1657 51943 902
internal_value=0.000131131 0.000370635 -0.0066763
internal_weight=1844.29 1829.26 156.726
internal_count=55395 54502 2559
is_linear=0
shrinkage=0.0321881


Tree=645
num_leaves=4
num_cat=1
split_feature=9 42 4
split_gain=8.94484 10.0338 23.1961
threshold=29.153456557974806 0 491.9229980052699
decision_type=10 9 2
left_child=1 2 -1
right_child=-2 -3 -4
leaf_value=-0.004424703131027964 -0.026828009449244905 -0.00034076352129939634 0.032760355685251159
leaf_weight=31.465647090532002 12.614052289573008 1772.4504522549032 32.571446576184826
leaf_count=456 404 53974 448
internal_value=-4.4013e-05 0.000108715 0.0117248
internal_weight=1849.1 1836.49 64.0371
internal_count=55282 54878 904
cat_boundaries=0 1
cat_threshold=131588
is_linear=0
shrinkage=0.0321881


Tree=646
num_leaves=4
num_cat=0
split_feature=10 10 5
split_gain=8.35114 9.92076 45.8203
threshold=1852.0097197816112 5062.0128595555425 4.1247688822828552
decision_type=2 2 2
left_child=-1 2 -2
right_child=1 -3 -4
leaf_value=-0.02438862018854639 0.010580996575692572 -0.00058807304595976523 -0.045006493040550634
leaf_weight=14.069840930193093 218.69661188206373 1593.4615705073993 15.975055821880231
leaf_count=913 5383 48656 284
internal_value=5.95268e-05 0.000285659 0.00648421
internal_weight=1842.2 1828.13 234.672
internal_count=55236 54323 5667
is_linear=0
shrinkage=0.0321881


Tree=647
num_leaves=4
num_cat=0
split_feature=11 31 6
split_gain=9.1136 15.8682 16.2821
threshold=26.884467138654916 0.48293586773733516 10.518905262478759
decision_type=8 2 2
left_child=1 2 -1
right_child=-2 -3 -4
leaf_value=-0.0016571353183371959 -0.00474029430947098 -0.012944052459235812 0.0053139654948757727
leaf_weight=716.06414741413573 392.12321905991848 81.218420693359803 657.21648151412228
leaf_count=21260 15103 1383 17452
internal_value=-0.000363472 0.000773286 0.00163302
internal_weight=1846.62 1454.5 1373.28
internal_count=55198 40095 38712
is_linear=0
shrinkage=0.0321881


Tree=648
num_leaves=4
num_cat=0
split_feature=34 30 10
split_gain=10.0852 8.98092 25.306
threshold=-0.026602050230127808 0.87218777592816765 10144.356243420525
decision_type=2 2 2
left_child=-1 -2 -3
right_child=1 2 -4
leaf_value=-0.0076309419052632667 0.0012269866879380273 -0.015495803209837492 0.0040752104741080966
leaf_weight=191.58220230170991 1371.5239724629209 129.76286121105295 136.72320587700233
leaf_count=5928 43877 2528 2665
internal_value=-0.000641178 0.000138454 -0.00522121
internal_weight=1829.59 1638.01 266.486
internal_count=54998 49070 5193
is_linear=0
shrinkage=0.0321881


Tree=649
num_leaves=4
num_cat=0
split_feature=16 12 12
split_gain=7.9053 38.5351 20.5132
threshold=173.53395826599319 33.267274498061553 31.945142879683072
decision_type=10 10 10
left_child=2 -2 -1
right_child=1 -3 -4
leaf_value=0.00093770107061159739 -0.012944076689793952 0.01096385020637747 -0.0074052265066619598
leaf_weight=1083.5368036526397 95.627881108244765 245.106278382038 420.03790284641218
leaf_count=29636 1956 3819 19922
internal_value=-0.000316206 0.0040629 -0.00135142
internal_weight=1844.31 340.734 1503.57
internal_count=55333 5775 49558
is_linear=0
shrinkage=0.0321881


Tree=650
num_leaves=4
num_cat=0
split_feature=22 26 14
split_gain=9.87381 13.142 9.72877
threshold=860.02152159692434 0.91910203133200297 158.76879771733442
decision_type=2 2 10
left_child=2 -2 -1
right_child=1 -3 -4
leaf_value=-0.0091091351340032104 0.0074881825604363999 0.033781580567667717 4.6900895193168476e-05
leaf_weight=128.25864188239211 18.055297369428445 21.869925181963481 1675.4852705520771
leaf_count=8664 425 421 45720
internal_value=-0.000184462 0.0155463 -0.00056996
internal_weight=1843.67 39.9252 1803.74
internal_count=55230 846 54384
is_linear=0
shrinkage=0.0321881


Tree=651
num_leaves=4
num_cat=1
split_feature=41 32 10
split_gain=9.13401 11.4092 24.8725
threshold=0 0.6535453831768987 7770.2128353354938
decision_type=9 2 2
left_child=-1 -2 -3
right_child=1 2 -4
leaf_value=0.010885918901169543 2.3099826220147742e-05 0.010720069355955384 -0.032064284824873689
leaf_weight=67.234179489903909 1722.7355557314695 20.728601519444055 34.260218329696727
leaf_count=961 48889 1491 3951
internal_value=3.54776e-05 -0.000399443 -0.0148062
internal_weight=1844.96 1777.72 54.9888
internal_count=55292 54331 5442
cat_boundaries=0 1
cat_threshold=512
is_linear=0
shrinkage=0.0321881


Tree=652
num_leaves=4
num_cat=0
split_feature=32 10 36
split_gain=11.2025 21.8911 20.0076
threshold=0.58668974911705696 7885.9603567828744 0.86415656182753497
decision_type=2 2 2
left_child=2 -2 -1
right_child=1 -3 -4
leaf_value=0.011207844980788279 0.008086938823819086 -0.028245251476737173 -0.00052157863305612605
leaf_weight=165.44961533299465 26.142804835384595 39.92860066148387 1601.5355825210354
leaf_count=8099 1749 4472 40988
internal_value=2.00136e-05 -0.0129314 0.000542006
internal_weight=1833.06 66.0714 1766.99
internal_count=55308 6221 49087
is_linear=0
shrinkage=0.0321881


Tree=653
num_leaves=4
num_cat=1
split_feature=31 44 10
split_gain=11.9902 18.7495 30.7938
threshold=-0.78336330935828302 0 9829.4403322635262
decision_type=2 9 2
left_child=1 2 -1
right_child=-2 -3 -4
leaf_value=0.018262093082376696 0.0017253685555713447 -0.0064022922186492293 -0.019070933912171632
leaf_weight=85.195946458487015 1227.7818708502509 510.50962168893784 29.652635196787742
leaf_count=1821 24660 26405 2373
internal_value=-8.70477e-05 -0.00374653 0.00740667
internal_weight=1853.14 625.358 114.849
internal_count=55259 30599 4194
cat_boundaries=0 1
cat_threshold=131648
is_linear=0
shrinkage=0.0321881


Tree=654
num_leaves=4
num_cat=1
split_feature=15 43 16
split_gain=8.64834 8.76464 26.3296
threshold=1.2765736017164584 0 193.00263028962115
decision_type=10 9 10
left_child=1 2 -1
right_child=-2 -3 -4
leaf_value=0.013184923169864212 -0.015571305953215972 -0.00051350326338133097 -0.016781046719183425
leaf_weight=150.63326550748025 36.331970424036626 1607.7787577117488 36.238375888351584
leaf_count=5021 15650 33941 717
internal_value=-4.74317e-05 0.000233371 0.00666346
internal_weight=1830.98 1794.65 186.872
internal_count=55329 39679 5738
cat_boundaries=0 1
cat_threshold=112
is_linear=0
shrinkage=0.0321881


Tree=655
num_leaves=4
num_cat=0
split_feature=5 40 32
split_gain=9.00612 15.1153 11.1696
threshold=5.3371275850235866 0.08371233920095951 -0.079070341202486794
decision_type=2 2 2
left_child=2 -2 -1
right_child=1 -3 -4
leaf_value=-0.002360178899009299 -0.0067127044846882625 0.02823281310466565 0.0033541344375654153
leaf_weight=1297.7541401370981 18.444608851918019 29.030195252678823 481.43768546661158
leaf_count=34009 592 508 20078
internal_value=-0.000374024 0.0133551 -0.000777888
internal_weight=1826.67 47.4748 1779.19
internal_count=55187 1100 54087
is_linear=0
shrinkage=0.0321881


Tree=656
num_leaves=4
num_cat=0
split_feature=35 27 5
split_gain=9.10666 9.06832 8.69768
threshold=0.0028185364446792148 0.0031200551794177008 1.1266180025828025
decision_type=2 2 2
left_child=1 -1 -3
right_child=-2 2 -4
leaf_value=-0.0069736334992131013 -0.0063168461245140537 -0.0010853495454735073 0.0038145864676546034
leaf_weight=139.00740849697468 210.37630391367929 666.08887662519555 816.3038077820147
leaf_count=7866 7032 19818 20514
internal_value=0 0.000797431 0.0015701
internal_weight=1831.78 1621.4 1482.39
internal_count=55230 48198 40332
is_linear=0
shrinkage=0.0321881


Tree=657
num_leaves=4
num_cat=1
split_feature=42 4 13
split_gain=8.26566 18.8 10.1233
threshold=0 738.98444989621896 29.35103567565552
decision_type=9 2 8
left_child=1 2 -1
right_child=-2 -3 -4
leaf_value=0.012175255538920873 -0.00040627476502455383 0.031090588386310337 -0.017833774330533649
leaf_weight=24.273940023791511 1750.0858349854043 29.597624230031215 21.353073542879429
leaf_count=384 54104 413 413
internal_value=3.4018e-05 0.00984032 -0.000499563
internal_weight=1825.31 75.2246 45.627
internal_count=55314 1210 797
cat_boundaries=0 1
cat_threshold=131652
is_linear=0
shrinkage=0.0321881


Tree=658
num_leaves=4
num_cat=0
split_feature=16 12 12
split_gain=10.4945 30.2982 27.9252
threshold=161.91982273058065 34.153738377598394 26.829848075982145
decision_type=10 10 10
left_child=1 -1 -2
right_child=2 -3 -4
leaf_value=0.00051628058326996329 -0.027676206396948518 -0.012680058001074227 0.005682104913500889
leaf_weight=1106.1578978766138 26.720772086991929 213.45108362217798 492.10589432992128
leaf_count=33231 707 13807 7641
internal_value=-1.26273e-05 -0.00157191 0.00382952
internal_weight=1838.44 1319.61 518.827
internal_count=55386 47038 8348
is_linear=0
shrinkage=0.0321881


Tree=659
num_leaves=4
num_cat=1
split_feature=36 22 44
split_gain=13.477 24.2386 34.4253
threshold=0.9066013681922277 455.59209459291395 0
decision_type=2 2 9
left_child=1 2 -1
right_child=-2 -3 -4
leaf_value=0.0079904132758773973 -0.0013762607750500227 0.03739656133996299 -0.02506438613494107
leaf_weight=208.15417610151417 1578.2926410867149 24.038746826088754 27.890505799416133
leaf_count=6218 40266 540 8272
internal_value=-0.000223839 0.00651974 0.00307134
internal_weight=1838.38 260.083 236.045
internal_count=55296 15030 14490
cat_boundaries=0 1
cat_threshold=12359
is_linear=0
shrinkage=0.0321881


Tree=660
num_leaves=4
num_cat=0
split_feature=25 19 14
split_gain=11.3157 21.7609 12.1016
threshold=5.7349365267202268 5.9646080981428158 296.00523946066011
decision_type=2 2 10
left_child=2 -2 -1
right_child=1 -3 -4
leaf_value=-0.0028052620539912054 -0.017519360154414403 0.024923292518609471 0.0027046016449176094
leaf_weight=662.40254626701608 81.820516579608011 13.470565251394872 1078.7793970265921
leaf_count=31888 8701 599 14198
internal_value=0 -0.0108059 0.000571797
internal_weight=1836.47 95.2911 1741.18
internal_count=55386 9300 46086
is_linear=0
shrinkage=0.0321881


Tree=661
num_leaves=4
num_cat=0
split_feature=14 25 1
split_gain=8.81233 23.9055 19.1257
threshold=288.38112810391846 7.1041007522926884 24.247805943795239
decision_type=8 2 2
left_child=2 -2 -1
right_child=1 -3 -4
leaf_value=-0.0062334668879606659 0.0029181569853777155 -0.023546922822266992 0.005689992196628072
leaf_weight=458.36362063482011 1155.0977417363683 35.839200214355515 195.21262571008992
leaf_count=34398 16336 2316 2488
internal_value=0.000385801 0.00206374 -0.00257393
internal_weight=1844.51 1190.94 653.576
internal_count=55538 18652 36886
is_linear=0
shrinkage=0.0321881


Tree=662
num_leaves=4
num_cat=0
split_feature=7 32 21
split_gain=9.44561 12.9229 11.9877
threshold=-1486.755166961578 -0.097105270184525236 145.78631593537617
decision_type=2 2 2
left_child=1 -1 -2
right_child=2 -3 -4
leaf_value=-0.0080960217302936555 -0.0026729699268802343 0.0039403600953013193 0.0034658842165307875
leaf_weight=291.62679498480429 508.26333654554219 127.00346535233621 903.57958889140718
leaf_count=8315 21516 5340 20037
internal_value=-1.34108e-05 -0.00429222 0.00121071
internal_weight=1830.47 418.63 1411.84
internal_count=55208 13655 41553
is_linear=0
shrinkage=0.0321881


Tree=663
num_leaves=4
num_cat=0
split_feature=30 1 5
split_gain=9.95384 27.633 29.9946
threshold=0.70782043976016518 8.8331790775761032 2.2599968823303187
decision_type=2 2 2
left_child=-1 -2 -3
right_child=1 2 -4
leaf_value=0.002246451977805214 0.03438580234291979 -0.010489228589285278 0.0076314172388103532
leaf_weight=1368.1938367050943 18.786143772347714 310.78880118697998 131.85270110849524
leaf_count=45373 2945 5029 1778
internal_value=0.000840253 -0.00319036 -0.00494649
internal_weight=1829.62 461.428 442.642
internal_count=55125 9752 6807
is_linear=0
shrinkage=0.0321881


Tree=664
num_leaves=4
num_cat=0
split_feature=36 36 22
split_gain=11.2936 32.2709 30.3577
threshold=0.86415656182753497 0.1178144771612759 455.59209459291395
decision_type=2 2 2
left_child=1 2 -1
right_child=-2 -3 -4
leaf_value=-0.0010598703323048723 -0.00092231795883196313 0.038144097014324162 0.051927073600552563
leaf_weight=189.34208770177975 1599.7807365248518 29.434290160068485 11.572829045995602
leaf_count=13543 40904 438 241
internal_value=2.55887e-06 0.00669642 0.00173315
internal_weight=1830.13 230.349 200.915
internal_count=55126 14222 13784
is_linear=0
shrinkage=0.0321881


Tree=665
num_leaves=4
num_cat=1
split_feature=44 10 5
split_gain=8.63334 66.9656 59.7992
threshold=0 9870.3486186253213 1.3931687899062928
decision_type=9 2 2
left_child=-1 2 -2
right_child=1 -3 -4
leaf_value=0.0012072290288336876 -0.0099903693044117413 -0.030087082992338258 0.028197614046408592
leaf_weight=1590.3538212131552 100.17575741513792 78.183805851482248 71.914750374908181
leaf_count=42887 4071 6418 2062
internal_value=0.000293601 -0.00509808 0.0056152
internal_weight=1840.63 250.274 172.091
internal_count=55438 12551 6133
cat_boundaries=0 1
cat_threshold=398407
is_linear=0
shrinkage=0.0321881


Tree=666
num_leaves=4
num_cat=0
split_feature=1 30 5
split_gain=9.63944 8.88811 25.4386
threshold=35.642234119280495 0.70782043976016518 2.2599968823303187
decision_type=2 2 2
left_child=1 -1 -3
right_child=-2 2 -4
leaf_value=0.001206687688054719 -0.023896427446355128 -0.0090697847507470418 0.0073100721559466132
leaf_weight=1356.8616312950162 17.591226651798934 318.50354913384581 137.80683796709491
leaf_count=45265 219 7268 2492
internal_value=-0.000331262 -6.44183e-05 -0.00398229
internal_weight=1830.76 1813.17 456.31
internal_count=55244 55025 9760
is_linear=0
shrinkage=0.0321881


Tree=667
num_leaves=4
num_cat=0
split_feature=14 2 30
split_gain=10.0542 21.09 19.4435
threshold=299.09397811734965 40.451480128998561 0.41014915392720835
decision_type=8 2 2
left_child=1 -1 -2
right_child=2 -3 -4
leaf_value=-0.0074597717270986031 0.0053464632062550435 0.0037169641744869298 -0.0034332064329386882
leaf_weight=412.57449636471574 726.56264836433911 294.98017946121399 399.06069350011239
leaf_count=33671 11137 3816 6518
internal_value=0.000255848 -0.00271051 0.00217722
internal_weight=1833.18 707.555 1125.62
internal_count=55142 37487 17655
is_linear=0
shrinkage=0.0321881


Tree=668
num_leaves=4
num_cat=0
split_feature=14 32 17
split_gain=9.77761 19.3707 17.6914
threshold=625.6022057944333 -0.78777909279514102 6.1037273489797315
decision_type=10 2 10
left_child=2 -2 -1
right_child=1 -3 -4
leaf_value=0 0.030465956162939067 -0.00016206781639568988 -0.027532688091465918
leaf_weight=1725.4417838448517 31.973356110043824 51.890831853976124 24.349898138072604
leaf_count=43026 485 1020 10796
internal_value=6.04471e-05 0.0108105 -0.000419782
internal_weight=1833.66 83.8642 1749.79
internal_count=55327 1505 53822
is_linear=0
shrinkage=0.0321881


Tree=669
num_leaves=4
num_cat=0
split_feature=15 10 21
split_gain=8.76831 7.4582 13.0373
threshold=1.3128307256550606 17028.649055687976 90.94147227569853
decision_type=10 2 2
left_child=1 2 -1
right_child=-2 -3 -4
leaf_value=-0.0062845996986495784 -0.023325217101889537 0.016333515113406194 0.0010685509464147479
leaf_weight=299.97461554269285 16.46127247626373 28.65365906293664 1475.1599969207018
leaf_count=15751 9633 709 29104
internal_value=-9.01319e-05 8.96399e-05 -0.000138833
internal_weight=1820.25 1803.79 1775.13
internal_count=55197 45564 44855
is_linear=0
shrinkage=0.0321881


Tree=670
num_leaves=4
num_cat=1
split_feature=25 41 33
split_gain=11.2046 11.2476 20.9835
threshold=-1.2897815431425057 0 -0.67058950410137164
decision_type=2 9 2
left_child=-1 -2 -3
right_child=1 2 -4
leaf_value=-0.0093009566583205829 0.0023626908385209239 -0.0093932175861581903 0.0031722325440312433
leaf_weight=128.3516372091799 1156.2530419784307 281.83149266635883 258.80137937705786
leaf_count=3243 36154 7616 8089
internal_value=-0.000111779 0.000546958 -0.0032024
internal_weight=1825.24 1696.89 540.633
internal_count=55102 51859 15705
cat_boundaries=0 1
cat_threshold=2588
is_linear=0
shrinkage=0.0321881


Tree=671
num_leaves=4
num_cat=0
split_feature=10 32 5
split_gain=9.05345 7.7803 57.5187
threshold=1852.0097197816112 -0.097105270184525236 4.5965564026476526
decision_type=2 2 2
left_child=-1 -2 -3
right_child=1 2 -4
leaf_value=-0.026531605243683004 -0.0007896951283169625 0.0067439169560832681 -0.039604389598305388
leaf_weight=12.675631471467566 1315.9238436185933 470.47889914006919 28.978191863185202
leaf_count=855 33768 19578 862
internal_value=0.000243059 0.000468528 0.00390985
internal_weight=1828.06 1815.38 499.457
internal_count=55063 54208 20440
is_linear=0
shrinkage=0.0321881


Tree=672
num_leaves=4
num_cat=0
split_feature=30 4 5
split_gain=9.88848 15.4217 12.2059
threshold=-0.96747441913289334 1015.1234005995465 1.1037461500516934
decision_type=2 2 2
left_child=1 -1 -2
right_child=2 -3 -4
leaf_value=-0.016648326857057322 -0.0027387826941732618 0.0031800261548371208 0.0028167367948138369
leaf_weight=91.098184111764567 700.72926169617494 64.909867376818511 974.75665776849564
leaf_count=1638 24346 958 28361
internal_value=-0.000231043 -0.00799843 0.000455214
internal_weight=1831.49 156.008 1675.49
internal_count=55303 2596 52707
is_linear=0
shrinkage=0.0321881


Tree=673
num_leaves=4
num_cat=0
split_feature=34 8 16
split_gain=9.89771 9.05331 20.5592
threshold=-0.017521813128727064 703.98705723366186 160.92441352496181
decision_type=2 2 10
left_child=-1 2 -2
right_child=1 -3 -4
leaf_value=-0.0045699084895177849 -0.0056209300132760908 0.0041612026370995356 0.0046411794302361614
leaf_weight=369.97934406893 443.17519533629729 651.20984613671862 367.9219818773272
leaf_count=11206 26860 11327 5963
internal_value=9.3618e-05 0.00131764 -0.000887432
internal_weight=1832.29 1462.31 811.097
internal_count=55356 44150 32823
is_linear=0
shrinkage=0.0321881


Tree=674
num_leaves=4
num_cat=0
split_feature=10 10 13
split_gain=11.4103 11.2237 21.9735
threshold=3531.1004075701917 4897.4348743038945 36.047955033816031
decision_type=2 2 10
left_child=-1 -2 -3
right_child=1 2 -4
leaf_value=-0.011412051768593419 0.0092124909922661966 0.0016634700224933488 -0.0074460393694698304
leaf_weight=88.164102776561776 139.07142960629426 1252.0204074681951 350.30006039441741
leaf_count=3031 3034 29713 19614
internal_value=-0.000103174 0.000434282 -0.000289117
internal_weight=1829.56 1741.39 1602.32
internal_count=55392 52361 49327
is_linear=0
shrinkage=0.0321881


Tree=675
num_leaves=4
num_cat=0
split_feature=33 36 22
split_gain=9.0462 16.9029 21.5079
threshold=0.30389733462793395 0.86415656182753497 455.59209459291395
decision_type=2 2 2
left_child=1 2 -1
right_child=-2 -3 -4
leaf_value=0.0051728434589783986 -0.01933125390269716 -0.0014310824106032345 0.047291320073927098
leaf_weight=185.79319091055004 26.221132643000601 1603.0883077800754 13.934275380568577
leaf_count=5954 7980 41188 311
internal_value=-0.00060668 -0.000296509 0.00848238
internal_weight=1829.04 1802.82 199.727
internal_count=55433 47453 6265
is_linear=0
shrinkage=0.0321881


Tree=676
num_leaves=4
num_cat=0
split_feature=30 4 30
split_gain=8.16578 15.1431 10.5151
threshold=-0.96747441913289334 1063.1529051797036 0.70782043976016518
decision_type=2 2 2
left_child=1 -1 -2
right_child=2 -3 -4
leaf_value=-0.014964854700998774 0.0022784552121278513 0.004770691782921754 -0.0034206160280698056
leaf_weight=97.86433549123285 1213.6719355325858 61.73739168823522 458.06067349844307
leaf_count=1752 42639 890 9815
internal_value=0 -0.00693648 0.000678531
internal_weight=1831.33 159.602 1671.73
internal_count=55096 2642 52454
is_linear=0
shrinkage=0.0321881


Tree=677
num_leaves=4
num_cat=1
split_feature=7 21 44
split_gain=10.201 12.772 15.4334
threshold=-1536.6270730724866 147.04664973947024 0
decision_type=2 2 9
left_child=-1 2 -2
right_child=1 -3 -4
leaf_value=-0.0045710708042985791 0.00037142986760939118 0.0035306661016481357 -0.0086947612517438277
leaf_weight=409.77996970485947 266.78465562835117 901.86235002355534 247.37110224779462
leaf_count=13473 6214 20087 15561
internal_value=-6.74863e-05 0.00119137 -0.00278781
internal_weight=1825.8 1416.02 514.156
internal_count=55335 41862 21775
cat_boundaries=0 1
cat_threshold=69
is_linear=0
shrinkage=0.0321881


Tree=678
num_leaves=4
num_cat=1
split_feature=22 5 44
split_gain=12.8935 11.1573 27.669
threshold=901.12307251692062 1.2413023666270815 0
decision_type=2 2 9
left_child=1 2 -1
right_child=-2 -3 -4
leaf_value=-0.014963661523212336 0.020300735022657588 0.0023368384387019428 -0.00011696964581819054
leaf_weight=148.79882121987066 31.926103193021845 864.18781567852238 775.40271621575812
leaf_count=8623 663 23789 22352
internal_value=7.55858e-05 -0.000252503 -0.00274258
internal_weight=1820.32 1788.39 924.202
internal_count=55427 54764 30975
cat_boundaries=0 1
cat_threshold=537088
is_linear=0
shrinkage=0.0321881


Tree=679
num_leaves=4
num_cat=0
split_feature=29 36 22
split_gain=7.58147 8.47336 24.8234
threshold=3.7830608200706077 0.86415656182753497 247.4036327240666
decision_type=2 2 2
left_child=-1 2 -2
right_child=1 -3 -4
leaf_value=-0.022133128801501069 -0.00053966427206558038 -0.00030446926393920152 0.02272321116957941
leaf_weight=15.221605171700501 145.4431240016238 1603.1702375535642 66.944033101957757
leaf_count=5283 7640 41097 1324
internal_value=0.00023295 0.000458408 0.00651034
internal_weight=1830.78 1815.56 212.387
internal_count=55344 50061 8964
is_linear=0
shrinkage=0.0321881


Tree=680
num_leaves=4
num_cat=1
split_feature=11 44 12
split_gain=11.693 13.4549 22.9393
threshold=26.884467138654916 0 32.042264374800027
decision_type=8 9 8
left_child=-1 -2 -3
right_child=1 2 -4
leaf_value=0.0016405826608969568 0.0023142663886600791 0.010870364944567071 -0.015118218514763578
leaf_weight=1450.0345278864725 156.13087462851399 40.583838277452742 180.5891066150798
leaf_count=40154 2384 5816 6821
internal_value=0.000294364 -0.00470843 -0.00962075
internal_weight=1827.34 377.304 221.173
internal_count=55175 15021 12637
cat_boundaries=0 1
cat_threshold=135174
is_linear=0
shrinkage=0.0321881


Tree=681
num_leaves=4
num_cat=0
split_feature=11 10 31
split_gain=12.0835 16.0327 12.7148
threshold=26.607920731938503 17028.649055687976 -0.95366858293483625
decision_type=10 2 2
left_child=2 -2 -1
right_child=1 -3 -4
leaf_value=-0.0063487146121536213 -0.0061043474441052218 0.033016885869703659 0.0026389029907899928
leaf_weight=184.50824672380531 389.4314608445784 10.493741491969557 1240.4354351823295
leaf_count=10504 14697 262 29801
internal_value=7.14981e-06 -0.00489972 0.00142959
internal_weight=1824.87 399.925 1424.94
internal_count=55264 14959 40305
is_linear=0
shrinkage=0.0321881


Tree=682
num_leaves=4
num_cat=0
split_feature=35 18 2
split_gain=7.55947 9.94762 9.25431
threshold=0.0026851394990238912 -1.0463229669707703 27.740312831708618
decision_type=2 2 2
left_child=1 -1 -3
right_child=-2 2 -4
leaf_value=-0.0062050094428335633 -0.0053204191769175291 -0.0021641330867681308 0.0034399354437562404
leaf_weight=174.85277632594079 226.55243106900434 369.0145499405462 1053.7254595506529
leaf_count=6639 7581 26819 14117
internal_value=0.000137103 0.000951563 0.00187674
internal_weight=1824.15 1597.59 1422.74
internal_count=55156 47575 40936
is_linear=0
shrinkage=0.0321881


Tree=683
num_leaves=4
num_cat=0
split_feature=30 3 31
split_gain=9.37786 11.9637 9.19306
threshold=-0.96747441913289334 278.10412264513519 -0.44580724692767498
decision_type=2 2 2
left_child=1 -1 -2
right_child=2 -3 -4
leaf_value=-0.012953987961193705 -0.0012017706779117669 0.0060089809732256257 0.0036906796903059006
leaf_weight=118.02288079368736 1021.672807257135 43.247722919455555 641.98719453159356
leaf_count=2015 41545 627 11061
internal_value=-3.55047e-05 -0.00747299 0.000648147
internal_weight=1824.93 161.271 1663.66
internal_count=55248 2642 52606
is_linear=0
shrinkage=0.0321881


Tree=684
num_leaves=4
num_cat=0
split_feature=32 5 4
split_gain=7.29078 50.3464 40.667
threshold=-0.13292918145108887 4.5965564026476526 277.73115861160585
decision_type=2 2 2
left_child=-1 2 -2
right_child=1 -3 -4
leaf_value=-0.0015674444807002226 -0.012147495205020734 -0.032514136433624483 0.010314556425318174
leaf_weight=1288.8165423167302 102.67189008855712 38.005515589298739 405.3836419842155
leaf_count=33553 3635 1005 17098
internal_value=-0.000214658 0.0028609 0.00564639
internal_weight=1834.88 546.061 508.056
internal_count=55291 21738 20733
is_linear=0
shrinkage=0.0321881


Tree=685
num_leaves=4
num_cat=0
split_feature=3 23 5
split_gain=8.35593 21.5391 12.7795
threshold=93.143234452258199 25.199604206537888 3.0206503654447441
decision_type=2 2 2
left_child=1 -1 -3
right_child=-2 2 -4
leaf_value=-0.017274925499124089 0.00069760053001458977 -0.003382865102430931 0.021937068480164565
leaf_weight=95.290904769630288 1641.5851672451299 59.056354092579568 29.330435532378033
leaf_count=2419 51830 822 282
internal_value=0 -0.00653671 0.00433684
internal_weight=1825.26 183.678 88.3868
internal_count=55353 3523 1104
is_linear=0
shrinkage=0.0321881


Tree=686
num_leaves=4
num_cat=1
split_feature=32 44 10
split_gain=9.19274 34.8829 36.4033
threshold=-0.73251491726035567 0 13656.653939422811
decision_type=2 9 2
left_child=1 2 -1
right_child=-2 -3 -4
leaf_value=0.013403494689990121 -0.0017432500138155173 -0.0040421881740541196 -0.019890931663003653
leaf_weight=336.58568361488869 1088.3986315242928 365.07045197017032 36.21066590960254
leaf_count=3976 37888 12928 472
internal_value=0.000100583 0.00290633 0.00972743
internal_weight=1826.27 737.867 372.796
internal_count=55264 17376 4448
cat_boundaries=0 1
cat_threshold=13378
is_linear=0
shrinkage=0.0321881


Tree=687
num_leaves=4
num_cat=1
split_feature=11 44 16
split_gain=8.70151 16.9797 15.5617
threshold=25.202681123443803 0 169.3872464554814
decision_type=10 9 10
left_child=-1 -2 -3
right_child=1 2 -4
leaf_value=0.001408516354686646 -0.00058846202418097427 -0.026584548727929907 0
leaf_weight=1258.7760614164881 481.0588570148102 60.024093490756059 34.748159044567728
leaf_count=34780 7592 12175 749
internal_value=-5.53084e-05 -0.00336508 -0.0151007
internal_weight=1834.61 575.831 94.7723
internal_count=55296 20516 12924
cat_boundaries=0 1
cat_threshold=28679
is_linear=0
shrinkage=0.0321881


Tree=688
num_leaves=4
num_cat=1
split_feature=41 4 13
split_gain=7.60828 10.2035 9.76159
threshold=0 759.61242174483607 17.182529647921687
decision_type=9 2 10
left_child=1 -1 -2
right_child=2 -3 -4
leaf_value=-0.017623737775825633 0.0069609005436253929 0.0039712393886298875 -0.00054388671374581488
leaf_weight=60.108054699605418 202.42597486127488 29.5668276871329 1521.7797276258971
leaf_count=1561 4746 931 48105
internal_value=-0.000164566 -0.00882231 0.000299358
internal_weight=1813.88 89.6749 1724.21
internal_count=55343 2492 52851
cat_boundaries=0 1
cat_threshold=64
is_linear=0
shrinkage=0.0321881


Tree=689
num_leaves=4
num_cat=0
split_feature=25 12 25
split_gain=10.9235 19.7662 17.7923
threshold=15.4234992976257 20.055879550307036 5.553499082981868
decision_type=2 8 2
left_child=2 -2 -1
right_child=1 -3 -4
leaf_value=0.00021825517604418559 0.044737905166958532 -0.0083083777228339026 -0.015733634275806808
leaf_weight=1712.6852065192979 15.127730061816694 10.536906573883241 75.167832254750465
leaf_count=45545 683 3881 5029
internal_value=-8.32379e-05 0.0206233 -0.000418795
internal_weight=1813.52 25.6646 1787.85
internal_count=55138 4564 50574
is_linear=0
shrinkage=0.0321881


Tree=690
num_leaves=4
num_cat=0
split_feature=33 29 21
split_gain=8.13264 25.1853 54.1127
threshold=-0.60646758878816776 7.8038021562211846 254.01719829835631
decision_type=2 2 2
left_child=1 -1 -3
right_child=-2 2 -4
leaf_value=0.00022983646603833276 0.0020953238637042414 -0.026227340512824805 0.0039710668855449079
leaf_weight=862.24414746977709 732.36676460746276 124.70826186124032 114.78656776601565
leaf_count=23442 25163 4229 2502
internal_value=-0.000488384 -0.00226375 -0.0114984
internal_weight=1834.11 1101.74 239.495
internal_count=55336 30173 6731
is_linear=0
shrinkage=0.0321881


Tree=691
num_leaves=4
num_cat=0
split_feature=14 0 29
split_gain=7.63714 18.2394 12.5364
threshold=625.6022057944333 1725.2644726033075 8.6240238719344635
decision_type=10 2 2
left_child=1 -1 -2
right_child=2 -3 -4
leaf_value=-4.5729451041922936e-05 0 -0.024327208497433389 0.028504395349921722
leaf_weight=1704.6801504295909 55.744093353278004 32.54619512197678 24.869821203290485
leaf_count=53044 1047 879 434
internal_value=-5.57925e-05 -0.000540547 0.00957383
internal_weight=1817.84 1737.23 80.6139
internal_count=55404 53923 1481
is_linear=0
shrinkage=0.0321881


Tree=692
num_leaves=4
num_cat=0
split_feature=33 25 22
split_gain=8.21194 16.2625 13.1076
threshold=0.30389733462793395 15.4234992976257 227.99316511938073
decision_type=2 2 2
left_child=1 -1 -2
right_child=2 -3 -4
leaf_value=0.00014040793200181039 -0.031362641176885066 0.031115151731883423 0.012637959682214395
leaf_weight=1766.2793390092666 20.518070053639352 17.564360170101281 7.9627155310809021
leaf_count=46440 7758 641 239
internal_value=0.000175614 0.00048519 -0.0168402
internal_weight=1812.32 1783.84 28.4808
internal_count=55078 47081 7997
is_linear=0
shrinkage=0.0321881


Tree=693
num_leaves=4
num_cat=0
split_feature=5 6 23
split_gain=9.88436 12.2103 17.3688
threshold=5.3371275850235866 288.56810480911901 41.846655349190563
decision_type=2 2 2
left_child=-1 -2 -3
right_child=1 2 -4
leaf_value=-0.0009178104864173217 0.036502388320062168 -0.024526218416809919 0.025082151213366845
leaf_weight=1770.7639427867207 16.171347908755706 13.606128158451613 15.131170470558571
leaf_count=54195 304 573 214
internal_value=-0.000504904 0.0142847 0
internal_weight=1815.67 44.9086 28.7373
internal_count=55286 1091 787
is_linear=0
shrinkage=0.0321881


Tree=694
num_leaves=4
num_cat=0
split_feature=1 14 10
split_gain=8.20345 8.35707 31.4884
threshold=35.642234119280495 477.08672232997924 13656.653939422811
decision_type=2 10 2
left_child=1 -1 -3
right_child=-2 2 -4
leaf_value=-0.00093230202054032354 -0.022140467504986851 0 0.025461218127344025
leaf_weight=1498.4033949652749 17.173358793283114 253.04984801106912 61.438199382275343
leaf_count=50314 214 4007 913
internal_value=-0.000142545 3.35772e-05 0.0048352
internal_weight=1830.06 1812.89 314.488
internal_count=55448 55234 4920
is_linear=0
shrinkage=0.0321881


Tree=695
num_leaves=4
num_cat=0
split_feature=31 25 33
split_gain=9.29402 19.2096 13.8278
threshold=-0.42440061829368514 1.7205061624203024 -0.65254521193960602
decision_type=2 2 2
left_child=2 -2 -1
right_child=1 -3 -4
leaf_value=-0.0052182634776436788 0.0057987794314593478 -0.0055847668598697081 0.0021872173590882006
leaf_weight=584.39672896380216 576.061252694617 204.1358927957881 457.5944772307912
leaf_count=21604 8100 5218 20391
internal_value=4.79374e-05 0.00273791 -0.00190525
internal_weight=1822.19 780.197 1041.99
internal_count=55313 13318 41995
is_linear=0
shrinkage=0.0321881


Tree=696
num_leaves=4
num_cat=0
split_feature=35 32 4
split_gain=9.90394 8.9012 45.2167
threshold=0.0028185364446792148 -0.079070341202486794 277.73115861160585
decision_type=2 2 2
left_child=1 -1 -3
right_child=-2 2 -4
leaf_value=-0.00014913408838031488 -0.0063390327147188263 -0.014456829541216255 0.010738625295056189
leaf_weight=1187.0492041347261 199.53326578043288 92.335606930908398 339.52948517702862
leaf_count=30378 6882 3253 14544
internal_value=0.0003716 0.00123884 0.00519929
internal_weight=1818.45 1618.91 431.865
internal_count=55057 48175 17797
is_linear=0
shrinkage=0.0321881


Tree=697
num_leaves=4
num_cat=0
split_feature=33 29 22
split_gain=8.58042 34.4445 55.649
threshold=-0.67058950410137164 7.7036558729395148 471.03689711881043
decision_type=2 2 2
left_child=1 -1 -3
right_child=-2 2 -4
leaf_value=0.00029010857976318789 0.0018395505086192037 -0.033732870141429665 0
leaf_weight=804.47438234763831 800.98151618248448 87.733743527169281 112.38023090688512
leaf_count=21771 27233 3168 2821
internal_value=-0.000598872 -0.00260645 -0.0145553
internal_weight=1805.57 1004.59 200.114
internal_count=54993 27760 5989
is_linear=0
shrinkage=0.0321881


Tree=698
num_leaves=4
num_cat=0
split_feature=34 38 33
split_gain=8.28582 9.13568 8.11307
threshold=-0.029178371126880712 -0.033038981064544289 -0.45420332222707954
decision_type=2 2 2
left_child=-1 -2 -3
right_child=1 2 -4
leaf_value=-0.0069676314313003064 -0.006722522657531549 8.3197338051606995e-05 0.0052268007653779531
leaf_weight=148.36262241910481 143.51167326363247 1057.5173654306273 470.73696342915537
leaf_count=4870 5001 28000 17508
internal_value=0.000266021 0.000946969 0.00170978
internal_weight=1820.13 1671.77 1528.25
internal_count=55379 50509 45508
is_linear=0
shrinkage=0.0321881


Tree=699
num_leaves=4
num_cat=0
split_feature=11 15 31
split_gain=8.62223 11.8841 10.6691
threshold=27.409117338038836 1.1219329910222109 0.45279902193618049
decision_type=10 10 2
left_child=2 -2 -1
right_child=1 -3 -4
leaf_value=0.0014322360368522115 -5.8782524864779196e-05 -0.013639394635086087 -0.0094819497040679081
leaf_weight=1418.8636854507668 191.5165115849959 110.8804370272519 98.194370802673802
leaf_count=41728 3035 8918 1619
internal_value=-0.000270031 -0.00525565 0.000682447
internal_weight=1819.46 302.397 1517.06
internal_count=55300 11953 43347
is_linear=0
shrinkage=0.0321881


Tree=700
num_leaves=4
num_cat=1
split_feature=9 42 4
split_gain=7.98084 8.03718 11.3926
threshold=20.820060876130992 0 522.32063769117713
decision_type=10 9 2
left_child=1 2 -1
right_child=-2 -3 -4
leaf_value=0 -0.022133537950477913 0 0.026283857409533866
leaf_weight=31.148228555699461 16.099165737527073 1722.6652282248451 31.379253442122717
leaf_count=452 478 53664 425
internal_value=0.000190996 0.000430907 0.0109085
internal_weight=1801.29 1785.19 62.5275
internal_count=55019 54541 877
cat_boundaries=0 1
cat_threshold=131660
is_linear=0
shrinkage=0.0321881


Tree=701
num_leaves=4
num_cat=0
split_feature=25 7 5
split_gain=8.86314 7.58946 15.732
threshold=-1.8258804407369167 22949.323804558877 1.8659136565817278
decision_type=2 2 2
left_child=-1 -2 -3
right_child=1 2 -4
leaf_value=-0.013734459225946537 0.00038325161817545151 -0.031481284663889705 0.0019775214556851132
leaf_weight=49.738300168944988 1710.4019643463616 23.775054192490643 28.897229217944187
leaf_count=1325 52484 952 540
internal_value=-0.000367006 0 -0.0119945
internal_weight=1812.81 1763.07 52.6723
internal_count=55301 53976 1492
is_linear=0
shrinkage=0.0321881


Tree=702
num_leaves=4
num_cat=0
split_feature=27 33 4
split_gain=8.02266 7.99775 19.4752
threshold=0.0031200551794177008 -0.45420332222707954 2187.2486090759708
decision_type=2 2 2
left_child=-1 -2 -3
right_child=1 2 -4
leaf_value=-0.0068065600936410581 -0.00043184372204408425 0.0032659038112200856 0.044825191579756805
leaf_weight=150.59497753608775 1182.7251146100207 458.9690654683618 12.096973790277842
leaf_count=8905 31289 14714 379
internal_value=0.000250135 0.000932112 0.00449029
internal_weight=1804.39 1653.79 471.066
internal_count=55287 46382 15093
is_linear=0
shrinkage=0.0321881


Tree=703
num_leaves=4
num_cat=0
split_feature=7 10 6
split_gain=7.63075 8.04598 38.2992
threshold=29169.022129817862 5228.5455051193921 82.207284832975333
decision_type=2 2 2
left_child=1 2 -1
right_child=-2 -3 -4
leaf_value=0.0083896397532807199 -0.020005817020151431 -0.00091392907097294731 -0.04438056556652694
leaf_weight=248.40719987618832 19.773755754303238 1525.6473157099881 14.609197466463227
leaf_count=6627 850 47433 295
internal_value=-0.000238528 0 0.00517927
internal_weight=1808.44 1788.66 263.016
internal_count=55205 54355 6922
is_linear=0
shrinkage=0.0321881


Tree=704
num_leaves=4
num_cat=0
split_feature=14 1 25
split_gain=8.78175 20.3209 16.31
threshold=183.20450855115527 24.247805943795239 15.4234992976257
decision_type=10 2 2
left_child=1 2 -1
right_child=-2 -3 -4
leaf_value=-0.016577622820490651 0.0006208501735126147 0.0075634875896927346 0.033037457214421313
leaf_weight=129.48328214263711 1587.8978359847288 65.666346532612806 6.2290676199518193
leaf_count=12558 40285 796 1350
internal_value=-0.000146017 -0.0065024 -0.0137782
internal_weight=1789.28 201.379 135.712
internal_count=54989 14704 13908
is_linear=0
shrinkage=0.0321881


Tree=705
num_leaves=4
num_cat=0
split_feature=7 4 4
split_gain=9.17883 20.4396 8.78294
threshold=18058.933980119033 607.79348288993322 1284.4477110031942
decision_type=2 2 2
left_child=2 -2 -1
right_child=1 -3 -4
leaf_value=-0.0011524557922491031 0.0027063658405998372 -0.033520198932242479 0.0040580743279313913
leaf_weight=1302.7317725213125 32.738075685538206 26.917214961687932 449.59857031292631
leaf_count=38616 676 1037 14770
internal_value=-0.000239168 -0.012644 0.000148444
internal_weight=1811.99 59.6553 1752.33
internal_count=55099 1713 53386
is_linear=0
shrinkage=0.0321881


Tree=706
num_leaves=4
num_cat=1
split_feature=25 44 25
split_gain=7.67264 20.4205 12.8505
threshold=5.7349365267202268 0 15.4234992976257
decision_type=2 9 2
left_child=-1 2 -2
right_child=1 -3 -4
leaf_value=0.00024503820254224594 -0.0032860861342247465 -0.022593388309195578 0.030840321450881298
leaf_weight=1719.7149896180381 35.26364404688502 43.938154233403111 15.157233959151197
leaf_count=45892 1055 7481 776
internal_value=-0.000209858 -0.00915362 0.00485363
internal_weight=1814.07 94.359 50.4209
internal_count=55204 9312 1831
cat_boundaries=0 1
cat_threshold=4162
is_linear=0
shrinkage=0.0321881


Tree=707
num_leaves=4
num_cat=0
split_feature=32 5 4
split_gain=7.43006 58.5188 40.1542
threshold=-0.079070341202486794 4.5965564026476526 227.50201366914024
decision_type=2 2 2
left_child=-1 2 -2
right_child=1 -3 -4
leaf_value=-0.00067260656318770802 -0.013619593693310617 -0.040160767401800058 0.011375892099113535
leaf_weight=1321.0061390843421 78.610926278912302 28.621216402985738 375.93195190247661
leaf_count=34760 2978 904 16644
internal_value=0.00053572 0.00396984 0.00690815
internal_weight=1804.17 483.164 454.543
internal_count=55286 20526 19622
is_linear=0
shrinkage=0.0321881


Tree=708
num_leaves=4
num_cat=1
split_feature=41 1 1
split_gain=8.31785 19.9156 10.8252
threshold=0 23.051494932238175 35.642234119280495
decision_type=9 2 2
left_child=1 -1 -2
right_child=2 -3 -4
leaf_value=-0.0080842332213349449 -0.00027894535435452983 0.027098486265338197 -0.027006103378217645
leaf_weight=25.428322328803915 1736.5570506589647 38.310006677987985 15.705339445208663
leaf_count=483 54243 446 200
internal_value=-7.79761e-05 0.0104547 -0.000555293
internal_weight=1816 63.7383 1752.26
internal_count=55372 929 54443
cat_boundaries=0 1
cat_threshold=512
is_linear=0
shrinkage=0.0321881


Tree=709
num_leaves=4
num_cat=0
split_feature=2 36 28
split_gain=8.43142 18.3438 29.1767
threshold=28.738586783810902 0.89971713717986967 0.42377081272157535
decision_type=2 2 2
left_child=-1 -2 -3
right_child=1 2 -4
leaf_value=-0.0031494629499727324 0.011293244632161166 -0.010232982214310802 0.0027288690978233034
leaf_weight=540.1384265702618 175.7255085495708 225.23893332653097 888.95464051992167
leaf_count=37227 4641 4157 9417
internal_value=0.000186199 0.00163266 4.98041e-05
internal_weight=1830.06 1289.92 1114.19
internal_count=55442 18215 13574
is_linear=0
shrinkage=0.0321881


Tree=710
num_leaves=4
num_cat=0
split_feature=33 32 22
split_gain=10.2846 29.8569 54.9422
threshold=-0.67058950410137164 -0.44347521516621685 474.45297268909468
decision_type=2 2 2
left_child=1 2 -1
right_child=-2 -3 -4
leaf_value=-0.029253282993319817 0.0022842257037446589 0.00051112237320017706 0.00094873015341434541
leaf_weight=109.74988888219377 821.92510957311242 760.19621638715034 135.25046721717808
leaf_count=3816 27588 20852 3334
internal_value=-0.000345404 -0.00255897 -0.012336
internal_weight=1827.12 1005.2 245
internal_count=55590 28002 7150
is_linear=0
shrinkage=0.0321881


Tree=711
num_leaves=4
num_cat=1
split_feature=41 1 1
split_gain=7.10953 17.2209 10.0951
threshold=0 24.417824036130838 35.642234119280495
decision_type=9 2 2
left_child=1 -1 -2
right_child=2 -3 -4
leaf_value=-0.0049633786666180967 -0.00014300811178396329 0.02673505027532155 -0.026467306853148777
leaf_weight=30.076340171537595 1723.3385968171378 35.090133423771476 15.063380540843353
leaf_count=552 54131 392 196
internal_value=0 0.00968553 -0.000408968
internal_weight=1803.57 65.1665 1738.4
internal_count=55271 944 54327
cat_boundaries=0 1
cat_threshold=512
is_linear=0
shrinkage=0.0321881


Tree=712
num_leaves=4
num_cat=0
split_feature=3 23 31
split_gain=8.17977 10.3829 10.0049
threshold=73.794624413481046 26.466987505021766 -0.42440061829368514
decision_type=2 2 2
left_child=1 -1 -2
right_child=2 -3 -4
leaf_value=-0.019902822135626393 -0.0018231251176373951 0.0010140372065156552 0.0031584823201889281
leaf_weight=48.589383783602898 1041.6585106589273 38.66804031439824 694.80892680624129
leaf_count=1294 42079 490 11562
internal_value=-0.000314071 -0.00992792 0.000133639
internal_weight=1823.72 87.2574 1736.47
internal_count=55425 1784 53641
is_linear=0
shrinkage=0.0321881


Tree=713
num_leaves=4
num_cat=0
split_feature=10 16 10
split_gain=8.73049 14.5271 11.4498
threshold=17232.405951515368 227.93435788546 10606.519027876817
decision_type=2 10 2
left_child=1 2 -1
right_child=-2 -3 -4
leaf_value=0.0021913956780645065 0.019162521270562696 -0.019627333468041179 -0.0031268088848712028
leaf_weight=1032.9668695544715 23.6544143160354 39.600356389666558 705.62755148015822
leaf_count=28372 652 1453 24734
internal_value=-0.000112832 -0.000407576 0
internal_weight=1801.85 1778.19 1738.59
internal_count=55211 54559 53106
is_linear=0
shrinkage=0.0321881


Tree=714
num_leaves=4
num_cat=1
split_feature=32 10 44
split_gain=11.4347 19.6974 21.3025
threshold=0.58668974911705696 8097.3903537265496 0
decision_type=2 2 9
left_child=-1 2 -2
right_child=1 -3 -4
leaf_value=0.00055815322200726905 0.024503722394938567 -0.028817834098547178 -0.018369895624538383
leaf_weight=1745.1514932023256 15.355368905373323 36.937696467648493 12.123075580655497
leaf_count=48973 436 4389 1449
internal_value=3.07013e-05 -0.0132235 0.00550822
internal_weight=1809.57 64.4161 27.4784
internal_count=55247 6274 1885
cat_boundaries=0 1
cat_threshold=5
is_linear=0
shrinkage=0.0321881


Tree=715
num_leaves=4
num_cat=0
split_feature=0 2 30
split_gain=7.90281 17.7093 62.5883
threshold=68.673034092646091 12.767618462269715 0.6891555590292312
decision_type=2 2 2
left_child=-1 2 -2
right_child=1 -3 -4
leaf_value=-0.0092818109935578451 0.0012688480753493378 0.00012034602441344501 0.12399091227624386
leaf_weight=87.699660946338554 26.045614581767953 1697.5401880967038 5.2108829844764832
leaf_count=19761 9158 25175 1151
internal_value=8.84199e-05 0.000601804 0.0245297
internal_weight=1816.5 1728.8 31.2565
internal_count=55245 35484 10309
is_linear=0
shrinkage=0.0321881


Tree=716
num_leaves=4
num_cat=0
split_feature=33 29 22
split_gain=8.84063 37.8546 38.3882
threshold=-0.74096160492246621 7.6443694409844332 499.8049425027952
decision_type=2 2 2
left_child=1 -1 -3
right_child=-2 2 -4
leaf_value=0.00040352219475545375 0.002261419919315394 -0.034388438866407099 0
leaf_weight=787.39336820964309 887.75109042081203 70.358346196328057 66.48408279789146
leaf_count=21248 29933 2497 1727
internal_value=0 -0.00223511 -0.0178569
internal_weight=1811.99 924.236 136.842
internal_count=55405 25472 4224
is_linear=0
shrinkage=0.0321881


Tree=717
num_leaves=4
num_cat=0
split_feature=34 31 0
split_gain=8.43139 6.77415 13.9975
threshold=0.99723050004309388 0.45279902193618049 750.5570737985621
decision_type=2 2 2
left_child=1 -1 -3
right_child=-2 2 -4
leaf_value=0.00096924015849558982 -0.014248697209194005 -0.016715832604712801 0.0038893924010864889
leaf_weight=1634.8718247477054 41.567067002783006 68.929850415413966 59.70081617453252
leaf_count=51591 1508 1057 1059
internal_value=1.33348e-06 0.000375199 -0.00666859
internal_weight=1805.07 1763.5 128.631
internal_count=55215 53707 2116
is_linear=0
shrinkage=0.0321881


Tree=718
num_leaves=4
num_cat=1
split_feature=31 16 44
split_gain=8.11966 15.5266 17.0868
threshold=-0.8287833920527653 85.136720033529414 0
decision_type=2 8 9
left_child=1 -1 -3
right_child=-2 2 -4
leaf_value=-0.015160259250122069 0.0014197332019652772 0.0095408766066209533 -0.0044370171513060594
leaf_weight=94.475324843519957 1271.459694803998 112.57830369193289 329.66032149930106
leaf_count=16438 27356 4751 6885
internal_value=0 -0.00330054 -0.00061624
internal_weight=1808.17 536.714 442.239
internal_count=55430 28074 11636
cat_boundaries=0 1
cat_threshold=397888
is_linear=0
shrinkage=0.0321881


Tree=719
num_leaves=4
num_cat=1
split_feature=30 5 44
split_gain=7.92087 11.7161 14.2444
threshold=-0.96159418333731883 2.2171135793474805 0
decision_type=2 2 9
left_child=1 2 -1
right_child=-2 -3 -4
leaf_value=0.0042645110273729012 0.0011829751924965486 -0.021036429417067605 -0.019496306613058619
leaf_weight=105.05271504765551 1634.2830264298154 41.274173251913453 23.270154032774371
leaf_count=1330 52454 712 810
internal_value=0.000462856 -0.00609334 -0.00076165
internal_weight=1803.88 169.597 128.323
internal_count=55306 2852 2140
cat_boundaries=0 1
cat_threshold=7
is_linear=0
shrinkage=0.0321881


Tree=720
num_leaves=4
num_cat=0
split_feature=29 22 10
split_gain=8.20286 26.466 21.2326
threshold=9.6164141444641675 206.92958437051769 10724.468802961337
decision_type=2 2 2
left_child=-1 2 -2
right_child=1 -3 -4
leaf_value=-0.00040054884846567215 -0.033437391227254538 0.021326200982755516 0.0063894292316617387
leaf_weight=1673.0231840926344 21.313137174576696 70.058314417408837 29.36752844206967
leaf_count=49511 2209 1238 2044
internal_value=0.000148446 0.00826799 -0.00854734
internal_weight=1793.76 120.739 50.6807
internal_count=55002 5491 4253
is_linear=0
shrinkage=0.0321881


Tree=721
num_leaves=4
num_cat=0
split_feature=32 10 33
split_gain=7.57448 22.27 28.4975
threshold=0.58668974911705696 8249.6500571155611 -0.31155371236345358
decision_type=2 2 2
left_child=-1 2 -2
right_child=1 -3 -4
leaf_value=0.00049831025875796944 -0.022680119751473899 -0.027852996813053237 0.040476920336308807
leaf_weight=1736.4383971288516 12.952222239462573 36.07057550412901 15.065309932881062
leaf_count=48889 658 4273 1257
internal_value=6.14698e-05 -0.0107426 0.00908044
internal_weight=1800.53 64.0881 28.0175
internal_count=55077 6188 1915
is_linear=0
shrinkage=0.0321881


Tree=722
num_leaves=4
num_cat=0
split_feature=35 32 5
split_gain=9.1089 8.69952 46.0007
threshold=0.0024702792035329823 -0.10646858789764417 4.2157597780237275
decision_type=2 2 2
left_child=1 -1 -3
right_child=-2 2 -4
leaf_value=-0.00033812183826560741 -0.0053999328061578641 0.0078127807444965999 -0.035923409415755822
leaf_weight=1096.4376126979441 257.82688725312801 404.95336082424001 25.930673671613476
leaf_count=28693 8685 16923 818
internal_value=0.000151348 0.00113085 0.00501469
internal_weight=1785.15 1527.32 430.884
internal_count=55119 46434 17741
is_linear=0
shrinkage=0.0321881


Tree=723
num_leaves=4
num_cat=0
split_feature=31 14 4
split_gain=7.57104 16.5834 9.96523
threshold=0.5164288074897504 368.54463432304414 1158.9696261062411
decision_type=2 8 2
left_child=-1 -2 -3
right_child=1 2 -4
leaf_value=0.0005523378829393698 -0.024953230593655548 -0.0094845858857776494 0.016489718181070798
leaf_weight=1696.375058312331 39.022473468026874 33.530909340115613 26.79424759245012
leaf_count=53296 714 677 360
internal_value=1.07033e-05 -0.0085775 0.00101993
internal_weight=1795.72 99.3476 60.3252
internal_count=55047 1751 1037
is_linear=0
shrinkage=0.0321881


Tree=724
num_leaves=4
num_cat=0
split_feature=30 4 22
split_gain=8.56453 23.4802 27.4037
threshold=0.70782043976016518 260.88000019667879 201.70070042561085
decision_type=2 2 2
left_child=-1 2 -2
right_child=1 -3 -4
leaf_value=0.0013971877113420838 -0.020917215218458237 -0.0083021248968917962 0.016101878210172629
leaf_weight=1362.3141239299975 24.84119775490035 328.0161773090822 97.540897917635448
leaf_count=45746 970 7456 1304
internal_value=9.08407e-05 -0.00371777 0.00804238
internal_weight=1812.71 450.398 122.382
internal_count=55476 9730 2274
is_linear=0
shrinkage=0.0321881


Tree=725
num_leaves=4
num_cat=0
split_feature=14 10 5
split_gain=7.46828 36.9817 34.1051
threshold=477.08672232997924 13606.132755648234 1.3084273338524814
decision_type=10 2 2
left_child=-1 2 -2
right_child=1 -3 -4
leaf_value=-0.00068013743796302049 -0.011731739339492403 0.026799087761596931 0.011850444365540586
leaf_weight=1489.8693359515937 135.73630006427993 62.985891271819128 118.54780608305009
leaf_count=50331 2062 914 1927
internal_value=0.000237689 0.00474561 -0.000486628
internal_weight=1807.14 317.27 254.284
internal_count=55234 4903 3989
is_linear=0
shrinkage=0.0321881


Tree=726
num_leaves=4
num_cat=0
split_feature=14 10 4
split_gain=8.49564 32.1289 26.2954
threshold=477.08672232997924 13201.898220196095 976.84431456197524
decision_type=8 2 2
left_child=-1 2 -2
right_child=1 -3 -4
leaf_value=-0.001081306078563836 0.0083483183055485626 0.023290107426175048 -0.012381911440176939
leaf_weight=1479.2213208877683 143.19424294502096 74.033001611882355 112.74806824904226
leaf_count=49151 2860 1446 1913
internal_value=-4.34369e-06 0.00462791 -0.00053817
internal_weight=1809.2 329.975 255.942
internal_count=55370 6219 4773
is_linear=0
shrinkage=0.0321881


Tree=727
num_leaves=4
num_cat=1
split_feature=42 33 22
split_gain=7.17512 20.128 21.3228
threshold=0 -0.76219270329065714 295.9441061947162
decision_type=9 2 2
left_child=1 -1 -3
right_child=-2 2 -4
leaf_value=-0.021729770297978405 0.00074436341303324937 -0.016505696158903405 0.019914739180219951
leaf_weight=56.981918523924833 1668.884307875941 27.780712659612618 38.502047603979008
leaf_count=910 53101 784 435
internal_value=0.000140514 -0.00699862 0.00368812
internal_weight=1792.15 123.265 66.2828
internal_count=55230 2129 1219
cat_boundaries=0 1
cat_threshold=17408
is_linear=0
shrinkage=0.0321881


Tree=728
num_leaves=4
num_cat=1
split_feature=41 25 29
split_gain=8.03132 10.1542 9.58856
threshold=0 1.7205061624203024 5.6687347361596752
decision_type=9 2 2
left_child=1 -1 -2
right_child=2 -3 -4
leaf_value=0.013961766147937744 -0.011077886891629595 -0.006576300686804171 -0.00026681645371616931
leaf_weight=86.731986629223684 90.592674160469869 30.015125298861676 1597.7270162513323
leaf_count=1083 8918 584 44761
internal_value=-0.000266417 0.00749385 -0.000880899
internal_weight=1805.07 116.747 1688.32
internal_count=55346 1667 53679
cat_boundaries=0 1
cat_threshold=514
is_linear=0
shrinkage=0.0321881


Tree=729
num_leaves=4
num_cat=1
split_feature=42 4 16
split_gain=7.43862 20.3227 14.8981
threshold=0 522.32063769117713 119.15285946476067
decision_type=9 2 10
left_child=1 2 -1
right_child=-2 -3 -4
leaf_value=0.014172333093267372 -0.00032047469672253942 0.028264268501005781 -0.023488444231091109
leaf_weight=20.31184374449731 1720.017295272457 36.118222615656123 21.225780909197056
leaf_count=324 53743 518 418
internal_value=0.000109268 0.00926869 -0.00357175
internal_weight=1797.67 77.6558 41.5376
internal_count=55003 1260 742
cat_boundaries=0 1
cat_threshold=131668
is_linear=0
shrinkage=0.0321881


Tree=730
num_leaves=4
num_cat=0
split_feature=35 11 0
split_gain=8.02312 8.55976 17.6637
threshold=0.0029148788740339182 25.202681123443803 901.36837109234909
decision_type=2 8 2
left_child=1 -1 -3
right_child=-2 2 -4
leaf_value=0.0024126945597702449 -0.0061797834141648312 -0.0089603364417427025 0.0029128805361763634
leaf_weight=1109.2625389687282 190.62341382324121 242.08292654429715 268.53857097943546
leaf_count=29665 6485 14932 4073
internal_value=2.50491e-05 0.000795327 -0.00259301
internal_weight=1810.51 1619.88 510.621
internal_count=55155 48670 19005
is_linear=0
shrinkage=0.0321881


Tree=731
num_leaves=4
num_cat=0
split_feature=5 40 7
split_gain=8.7408 13.1249 10.274
threshold=5.3371275850235866 0.088870452174448861 25509.063628879197
decision_type=2 2 2
left_child=2 -2 -1
right_child=1 -3 -4
leaf_value=3.5370565590882446e-05 -0.0049844054852804789 0.028375836401265505 -0.020820904113116941
leaf_weight=1739.0167676210676 16.898851473881223 27.28460323944455 24.511489458358483
leaf_count=53175 582 491 1061
internal_value=9.84959e-05 0.0142241 -0.000221159
internal_weight=1807.71 44.1835 1763.53
internal_count=55309 1073 54236
is_linear=0
shrinkage=0.0321881


Tree=732
num_leaves=4
num_cat=0
split_feature=7 22 33
split_gain=8.39157 31.9684 36.8475
threshold=1864.4753919425066 300.42342034214909 -0.74096160492246621
decision_type=2 2 2
left_child=-1 -2 -3
right_child=1 2 -4
leaf_value=-0.00205737558220795 -0.0054756324745052921 0.00082936985187255638 0.014905070650473744
leaf_weight=919.20251793433272 329.89445900290866 248.07152211671564 302.42325099602749
leaf_count=29957 12442 6737 6099
internal_value=5.69097e-05 0.00233669 0.00713437
internal_weight=1799.59 880.389 550.495
internal_count=55235 25278 12836
is_linear=0
shrinkage=0.0321881


Tree=733
num_leaves=4
num_cat=0
split_feature=22 36 32
split_gain=8.00231 8.78996 17.5453
threshold=901.12307251692062 0.86415656182753497 -0.44347521516621685
decision_type=2 2 2
left_child=1 -1 -3
right_child=-2 2 -4
leaf_value=0.0053770672942389528 0.014882875494003323 -0.0048307047596365827 0.0019910492734742367
leaf_weight=213.55259535187179 34.498532124445774 813.65031059352623 735.18644671085349
leaf_count=14062 665 20720 19832
internal_value=-0.000339309 -0.000675377 -0.0015517
internal_weight=1796.89 1762.39 1548.84
internal_count=55279 54614 40552
is_linear=0
shrinkage=0.0321881


Tree=734
num_leaves=4
num_cat=0
split_feature=30 4 30
split_gain=10.0686 12.4009 11.2972
threshold=-0.97407467903996514 1078.7822778104485 0.70782043976016518
decision_type=2 2 2
left_child=1 -1 -2
right_child=2 -3 -4
leaf_value=-0.015428526149005797 0.0026581112127200047 0.0035204092289747601 -0.0032898856060399168
leaf_weight=88.240158353206425 1212.1799547265837 52.223446550213339 447.76810591740468
leaf_count=1595 42987 797 9799
internal_value=0.000280327 -0.00793668 0.00101504
internal_weight=1800.41 140.464 1659.95
internal_count=55178 2392 52786
is_linear=0
shrinkage=0.0321881


Tree=735
num_leaves=4
num_cat=1
split_feature=23 29 44
split_gain=6.14995 9.37133 5.87634
threshold=-0.74264887419919523 9.6164141444641675 0
decision_type=2 2 9
left_child=1 -1 -2
right_child=2 -3 -4
leaf_value=-0.017351342624144808 0.0070785973194148729 -0.004501926274345338 -0.00069322029509229796
leaf_weight=65.413995211701149 96.771755014336122 25.226292650848336 1614.9843660488059
leaf_count=4239 16619 1639 32774
internal_value=-0.000649713 -0.00882542 -0.00017843
internal_weight=1802.4 90.6403 1711.76
internal_count=55271 5878 49393
cat_boundaries=0 1
cat_threshold=394244
is_linear=0
shrinkage=0.0321881


Tree=736
num_leaves=4
num_cat=0
split_feature=14 25 30
split_gain=9.20891 18.1769 21.7856
threshold=301.32028458472121 15.4234992976257 -0.29096161988026936
decision_type=8 2 2
left_child=1 2 -1
right_child=-2 -3 -4
leaf_value=-0.010330075248078432 0.0020550296464057504 0.029632353288788119 0.0011139092354135055
leaf_weight=287.6086928013101 1098.6941875720513 17.000417073832068 408.48900053475154
leaf_count=10855 17591 3378 23611
internal_value=0.000173634 -0.00263553 -0.00352487
internal_weight=1811.79 713.098 696.098
internal_count=55435 37844 34466
is_linear=0
shrinkage=0.0321881


Tree=737
num_leaves=4
num_cat=0
split_feature=5 7 38
split_gain=8.29398 14.3495 11.9191
threshold=5.3371275850235866 22949.323804558877 0.088273130244090878
decision_type=2 2 2
left_child=1 -1 -2
right_child=2 -3 -4
leaf_value=-0.00033302755271408577 0 -0.022203450041686282 0.034641393566027634
leaf_weight=1717.8401414887176 29.163911144081794 31.625479261437249 16.569832423614571
leaf_count=52808 856 1220 267
internal_value=-0.000378776 -0.00076774 0.0130421
internal_weight=1795.2 1749.47 45.7337
internal_count=55151 54028 1123
is_linear=0
shrinkage=0.0321881


Tree=738
num_leaves=4
num_cat=2
split_feature=0 43 41
split_gain=7.08843 11.2437 17.9377
threshold=1504.6299588002055 0 1
decision_type=2 9 9
left_child=1 2 -1
right_child=-2 -3 -4
leaf_value=0.023230269211830492 -0.0076689146280823324 -0.00043065493822101454 0
leaf_weight=47.148390465052216 120.50604201266833 1513.4249734012546 107.41761883134677
leaf_count=1178 2594 43409 7834
internal_value=-0.000110476 0.000398424 0.00840111
internal_weight=1788.5 1667.99 154.566
internal_count=55015 52421 9012
cat_boundaries=0 1 2
cat_threshold=112 2128
is_linear=0
shrinkage=0.0321881


Tree=739
num_leaves=4
num_cat=0
split_feature=36 22 33
split_gain=8.13521 23.7746 20.2493
threshold=0.9066013681922277 233.18290997575983 0.23495285824683482
decision_type=2 2 2
left_child=1 2 -1
right_child=-2 -3 -4
leaf_value=0.0036391801333936799 -0.00068608578222440267 0.018303108291053399 -0.025141161259288718
leaf_weight=119.4342079372218 1567.4386834182587 94.619923261307122 31.360259118178874
leaf_count=4646 40472 1984 8151
internal_value=0.000131288 0.00560669 -0.00195451
internal_weight=1812.85 245.414 150.794
internal_count=55253 14781 12797
is_linear=0
shrinkage=0.0321881


Tree=740
num_leaves=4
num_cat=1
split_feature=33 25 41
split_gain=7.5399 11.9743 8.4068
threshold=0.35698637873780809 17.39875745826777 0
decision_type=2 2 9
left_child=1 2 -1
right_child=-2 -3 -4
leaf_value=0.0034859231195550379 -0.022742850349430341 0.028576983762459665 -0.0014599192853000514
leaf_weight=478.75852093717549 14.80759448399567 14.980574125635028 1293.2590887909464
leaf_count=19004 7496 580 28079
internal_value=-2.33012e-05 0.000132312 -7.60077e-05
internal_weight=1801.81 1787 1772.02
internal_count=55159 47663 47083
cat_boundaries=0 1
cat_threshold=538
is_linear=0
shrinkage=0.0321881


Tree=741
num_leaves=4
num_cat=0
split_feature=36 35 10
split_gain=7.50618 7.68935 8.54543
threshold=1.0761319124368394 -0.0044581868075850928 10375.612113214591
decision_type=2 2 2
left_child=1 -1 -3
right_child=-2 2 -4
leaf_value=-0.01073192817865333 -0.010838976148732329 0.0030053612077813063 -0.0016048804562654303
leaf_weight=59.70869239223066 62.226278065638326 939.3169938162946 729.57243221622139
leaf_count=1878 1712 26236 25418
internal_value=7.87197e-05 0.00051001 0.000951845
internal_weight=1790.82 1728.6 1668.89
internal_count=55244 53532 51654
is_linear=0
shrinkage=0.0321881


Tree=742
num_leaves=4
num_cat=0
split_feature=10 14 16
split_gain=8.23032 25.4755 11.3435
threshold=16847.074621194264 377.62883853312661 239.27160430374002
decision_type=2 10 10
left_child=2 -2 -1
right_child=1 -3 -4
leaf_value=0 -0.011253804037867592 0.040579815515809435 -0.022538358901515999
leaf_weight=1745.6102729381237 16.549476565920486 19.581670632062014 23.214497609602404
leaf_count=53284 835 252 1046
internal_value=0 0.015168 -0.000300822
internal_weight=1804.96 36.1311 1768.82
internal_count=55417 1087 54330
is_linear=0
shrinkage=0.0321881


Tree=743
num_leaves=4
num_cat=0
split_feature=30 5 10
split_gain=9.34589 25.7194 34.6082
threshold=0.76464971731242237 2.2599968823303187 8478.6610602780147
decision_type=2 2 2
left_child=-1 -2 -3
right_child=1 2 -4
leaf_value=0.0011271392997374734 -0.0099007692979239913 -0.020895440198572743 0.018044545561879548
leaf_weight=1399.5427382600201 279.88345503582059 30.571400845783501 90.391704753241356
leaf_count=46785 6329 678 1498
internal_value=-7.79555e-05 -0.00444249 0.00765598
internal_weight=1800.39 400.847 120.963
internal_count=55290 8505 2176
is_linear=0
shrinkage=0.0321881


Tree=744
num_leaves=4
num_cat=0
split_feature=32 10 20
split_gain=9.46419 22.9219 19.6095
threshold=0.6535453831768987 8434.095209812951 28.458850296828874
decision_type=2 2 2
left_child=-1 2 -2
right_child=1 -3 -4
leaf_value=0.00099226050407055116 -0.025968182704436488 -0.034189818034561177 0.029195787744238741
leaf_weight=1752.5097262305244 9.9100359918802514 26.526889192417002 16.852260086860042
leaf_count=49781 1441 3689 352
internal_value=0.000551413 -0.0126969 0.00636094
internal_weight=1805.8 53.2892 26.7623
internal_count=55263 5482 1793
is_linear=0
shrinkage=0.0321881


Tree=745
num_leaves=4
num_cat=1
split_feature=44 29 33
split_gain=7.48504 33.8814 36.3025
threshold=0 7.4552925872655482 -0.74096160492246621
decision_type=9 2 2
left_child=-1 -2 -3
right_child=1 2 -4
leaf_value=0.0025541277852579145 0.0044418449592950144 -0.028311153562216838 -0.0036563294462345136
leaf_weight=843.50841746472724 469.63895132796279 75.274851712223608 399.01989967668851
leaf_count=27536 14496 2272 10888
internal_value=0.000339186 -0.00158308 -0.00771568
internal_weight=1787.44 943.934 474.295
internal_count=55192 27656 13160
cat_boundaries=0 1
cat_threshold=394310
is_linear=0
shrinkage=0.0321881


Tree=746
num_leaves=4
num_cat=0
split_feature=2 32 29
split_gain=10.1932 24.319 24.4545
threshold=29.670268727133983 -0.1232622387441243 8.314378500034552
decision_type=2 2 2
left_child=1 2 -1
right_child=-2 -3 -4
leaf_value=-0.016515711586766492 0.0013424795857628615 0.0055465619780880205 -1.3325425910460029e-05
leaf_weight=195.21751655421394 1229.5629760273878 184.92334992606084 192.45461553520363
leaf_count=11400 17241 15454 11290
internal_value=-0.000271283 -0.00384691 -0.00849253
internal_weight=1802.16 572.595 387.672
internal_count=55385 38144 22690
is_linear=0
shrinkage=0.0321881


Tree=747
num_leaves=4
num_cat=0
split_feature=14 15 16
split_gain=7.55976 20.6633 19.1093
threshold=607.95779733268512 1.012167009856193 212.86154465117446
decision_type=10 10 10
left_child=2 -2 -1
right_child=1 -3 -4
leaf_value=-0.00028639852760560807 -0.0068872612937210713 0.022945150052598035 -0.024992392585293628
leaf_weight=1669.2564611322941 41.678356064963737 49.706496455910383 33.013316321786988
leaf_count=52352 847 845 1135
internal_value=-0.000287397 0.00866153 -0.000806363
internal_weight=1793.65 91.3849 1702.27
internal_count=55179 1692 53487
is_linear=0
shrinkage=0.0321881


Tree=748
num_leaves=4
num_cat=0
split_feature=25 32 10
split_gain=7.40013 7.9355 28.282
threshold=-1.3836566663443686 0.46035439442427867 8097.3903537265496
decision_type=2 2 2
left_child=-1 -2 -3
right_child=1 2 -4
leaf_value=-0.0074047735773249369 0.0016991845354431484 0.011780437162757167 -0.023789968517611299
leaf_weight=110.68068796748048 1590.3929088827081 38.637075877577445 52.258416621473771
leaf_count=2826 44708 2294 5394
internal_value=0.000572953 0.00113698 -0.00797978
internal_weight=1791.97 1681.29 90.8955
internal_count=55222 52396 7688
is_linear=0
shrinkage=0.0321881


Tree=749
num_leaves=4
num_cat=1
split_feature=41 4 2
split_gain=6.58751 12.5651 8.85229
threshold=0 788.58217261038328 43.518647594753524
decision_type=9 2 2
left_child=1 -1 -2
right_child=2 -3 -4
leaf_value=-0.017570374514987212 -0.00052031282579708142 0.0066305637211953256 0.005607501374852426
leaf_weight=60.708121713605578 1427.9356620324133 30.120183250244736 291.9327738576394
leaf_count=1614 49226 900 3658
internal_value=0 -0.00797356 0.000480637
internal_weight=1810.7 90.8283 1719.87
internal_count=55398 2514 52884
cat_boundaries=0 1
cat_threshold=64
is_linear=0
shrinkage=0.0321881


Tree=750
num_leaves=4
num_cat=0
split_feature=22 26 2
split_gain=9.55531 12.0267 8.58207
threshold=860.02152159692434 0.88019815919366307 38.846005334184717
decision_type=2 2 2
left_child=2 -2 -1
right_child=1 -3 -4
leaf_value=-0.0018586004294359748 0.0077065327251018565 0.032083809706063462 0.0028789820017122258
leaf_weight=1160.0126759172299 16.736909319297411 23.356630884925835 598.34131708918721
leaf_count=46575 422 464 7878
internal_value=0.000109494 0.0156231 -0.000210084
internal_weight=1798.45 40.0935 1758.35
internal_count=55339 886 54453
is_linear=0
shrinkage=0.0321881


Tree=751
num_leaves=4
num_cat=1
split_feature=14 44 10
split_gain=7.54918 24.0689 24.4864
threshold=452.99145281066433 0 13248.34120414236
decision_type=10 9 2
left_child=-1 -2 -3
right_child=1 2 -4
leaf_value=-0.0014371220726175559 -0.01750884843138709 0.0019858096978595387 0.023252281869145814
leaf_weight=1397.6651497529256 38.511146929275128 272.09691402453973 73.424871471972438
leaf_count=49256 913 4049 1018
internal_value=-0.000305947 0.0036435 0.00651369
internal_weight=1781.7 384.033 345.522
internal_count=55236 5980 5067
cat_boundaries=0 1
cat_threshold=1872
is_linear=0
shrinkage=0.0321881


Tree=752
num_leaves=4
num_cat=0
split_feature=33 25 22
split_gain=7.49926 14.4512 13.0481
threshold=0.30389733462793395 16.351899303176292 225.40700706260023
decision_type=2 2 2
left_child=1 -1 -2
right_child=2 -3 -4
leaf_value=0.00010328021292909231 -0.032384593589277609 0.030503756271633705 0.013249187305558534
leaf_weight=1763.1337244962524 18.516430697285617 16.1704087973485 7.3948176966223391
leaf_count=46664 7760 555 232
internal_value=0.000132983 0.000419378 -0.0169233
internal_weight=1805.22 1779.3 25.9112
internal_count=55211 47219 7992
is_linear=0
shrinkage=0.0321881


Tree=753
num_leaves=4
num_cat=1
split_feature=31 16 44
split_gain=8.48663 18.2391 12.4831
threshold=-0.8801218606185669 88.521237684358155 0
decision_type=2 8 9
left_child=1 -1 -3
right_child=-2 2 -4
leaf_value=-0.01618553337480063 0.0017718173000691904 0.01953673511890704 -0.0018020179159247763
leaf_weight=90.855178503932621 1345.4408312801752 20.772904642584763 327.73832137419959
leaf_count=14883 30823 497 8768
internal_value=0.000472269 -0.00336117 0
internal_weight=1784.81 439.366 348.511
internal_count=54971 24148 9265
cat_boundaries=0 1
cat_threshold=131136
is_linear=0
shrinkage=0.0321881


Tree=754
num_leaves=4
num_cat=0
split_feature=7 32 21
split_gain=9.65445 16.5672 12.38
threshold=-1684.5982660152315 -0.049909251583288988 138.26531936045964
decision_type=2 2 2
left_child=1 -1 -2
right_child=2 -3 -4
leaf_value=-0.0090349778474711102 -0.0033528929258565382 0.0056162285471969978 0.003059105050748457
leaf_weight=277.32974517038201 456.22769412352682 106.49960367232052 956.19348209341479
leaf_count=8059 20852 4755 21521
internal_value=-0.000250107 -0.00480297 0.000942656
internal_weight=1796.25 383.829 1412.42
internal_count=55187 12814 42373
is_linear=0
shrinkage=0.0321881


Tree=755
num_leaves=4
num_cat=0
split_feature=31 21 32
split_gain=8.96824 14.7815 12.0919
threshold=-0.44580724692767498 269.59631354446009 -0.72679797909206612
decision_type=2 2 2
left_child=2 -2 -1
right_child=1 -3 -4
leaf_value=0.0014128602981518835 -0.00014180868128576505 0.010622978854333321 -0.0055928159344445479
leaf_weight=432.29657801985559 630.30406929644778 163.41483580971544 584.3156437049829
leaf_count=13129 11649 2052 28517
internal_value=-0.000522178 0.00199679 -0.0025515
internal_weight=1810.33 793.719 1016.61
internal_count=55347 13701 41646
is_linear=0
shrinkage=0.0321881


Tree=756
num_leaves=4
num_cat=1
split_feature=30 5 41
split_gain=7.20112 15.0572 14.9041
threshold=-0.94174760907558885 1.877873627971552 0
decision_type=2 2 9
left_child=1 2 -1
right_child=-2 -3 -4
leaf_value=0.0074917608969428656 0.00012344629733512233 -0.017621434609965712 -0.013817408938385345
leaf_weight=90.744378073233747 1582.8408625993452 75.87208159016518 40.95748163902681
leaf_count=1449 51794 1280 749
internal_value=-0.000576817 -0.00621718 0
internal_weight=1790.41 207.574 131.702
internal_count=55272 3478 2198
cat_boundaries=0 1
cat_threshold=2568
is_linear=0
shrinkage=0.0321881


Tree=757
num_leaves=4
num_cat=0
split_feature=16 12 12
split_gain=10.1514 26.9836 22.8341
threshold=166.41555246192394 27.239075825415707 32.885647664716743
decision_type=10 10 10
left_child=2 -2 -1
right_child=1 -3 -4
leaf_value=0.00040862135522398588 -0.029347835293722906 0.0059583462894099611 -0.009837185586285083
leaf_weight=1063.8367200441726 23.019746287725866 414.25605124636786 282.34571241514004
leaf_count=30942 695 6650 16908
internal_value=-0.000277044 0.00393923 -0.00169436
internal_weight=1783.46 437.276 1346.18
internal_count=55195 7345 47850
is_linear=0
shrinkage=0.0321881


Tree=758
num_leaves=4
num_cat=0
split_feature=30 4 3
split_gain=6.83209 13.2065 9.97234
threshold=-0.96747441913289334 1071.5575483347311 275.73631405835721
decision_type=2 2 2
left_child=1 2 -1
right_child=-2 -3 -4
leaf_value=-0.020484711918619093 0.00063434778630522802 0.0045213928159370202 0
leaf_weight=69.25816783233131 1630.4103627448658 62.162960708183164 28.936019819491776
leaf_count=1313 52590 905 478
internal_value=0 -0.00632388 -0.0138311
internal_weight=1790.77 160.357 98.1942
internal_count=55286 2696 1791
is_linear=0
shrinkage=0.0321881


Tree=759
num_leaves=4
num_cat=2
split_feature=10 44 44
split_gain=8.17062 67.9081 43.7876
threshold=10375.612113214591 0 1
decision_type=2 9 9
left_child=2 -2 -1
right_child=1 -3 -4
leaf_value=0.012814709434596099 -0.026560449471983105 0.0010959547446032769 -0.0021275755712100073
leaf_weight=266.69474576965695 95.320129980287675 690.30028369256615 742.36955063916685
leaf_count=12091 12356 14776 16081
internal_value=-1.37171e-05 -0.00250961 0.00186652
internal_weight=1794.68 785.62 1009.06
internal_count=55304 27132 28172
cat_boundaries=0 1 2
cat_threshold=787012 266820
is_linear=0
shrinkage=0.0321881


Tree=760
num_leaves=4
num_cat=1
split_feature=36 36 44
split_gain=8.30382 20.0319 20.7582
threshold=0.86415656182753497 0.1178144771612759 0
decision_type=2 2 9
left_child=1 2 -1
right_child=-2 -3 -4
leaf_value=0.012388662973367225 -0.00060291298894008536 0.031692668876670466 -0.0077154801577925735
leaf_weight=92.894069262849371 1576.7697819896566 27.723491278953588 97.856036044780922
leaf_count=3881 41200 452 9813
internal_value=0.000175617 0.00608022 0.00198952
internal_weight=1795.24 218.474 190.75
internal_count=55346 14146 13694
cat_boundaries=0 1
cat_threshold=12357
is_linear=0
shrinkage=0.0321881


Tree=761
num_leaves=4
num_cat=0
split_feature=7 31 5
split_gain=9.10625 9.40176 11.5896
threshold=-2182.4500875999788 0.5164288074897504 1.1376019748501982
decision_type=2 2 2
left_child=-1 2 -2
right_child=1 -3 -4
leaf_value=-0.0047486255196084121 -0.0012065584075991692 -0.0091408708421197842 0.004642860259487078
leaf_weight=320.2101490007135 636.65463667741369 83.011751158748666 746.79263193470706
leaf_count=10829 21634 1465 21267
internal_value=0.000126575 0.00123513 0.00190521
internal_weight=1786.67 1466.46 1383.45
internal_count=55195 44366 42901
is_linear=0
shrinkage=0.0321881


Tree=762
num_leaves=4
num_cat=1
split_feature=44 32 33
split_gain=7.3379 25.8957 38.9181
threshold=0 -0.45349175640609568 -0.75168801957492382
decision_type=9 2 2
left_child=-1 2 -2
right_child=1 -3 -4
leaf_value=0.0020608301319448639 -0.028591340428225923 0.0032195872119355393 -0.0032942489916628227
leaf_weight=793.88599551345305 75.259361511889438 478.40787252781138 439.48608527481883
leaf_count=27049 2188 15303 10668
internal_value=-0.000193146 -0.00205908 -0.00712799
internal_weight=1787.04 993.153 514.745
internal_count=55208 28159 12856
cat_boundaries=0 1
cat_threshold=394246
is_linear=0
shrinkage=0.0321881


Tree=763
num_leaves=4
num_cat=1
split_feature=31 44 10
split_gain=7.11106 21.8362 52.5962
threshold=-0.42440061829368514 0 5695.3193957394114
decision_type=2 9 2
left_child=-1 -2 -3
right_child=1 2 -4
leaf_value=-0.00081056976580950611 0.0055107784435722293 0.021676842234347023 -0.026315506176543494
leaf_weight=1022.7772897995274 652.81883956824822 33.62331612109665 72.22633928049072
leaf_count=41943 10077 579 2528
internal_value=0.000891355 0.00326922 -0.0095552
internal_weight=1781.45 758.668 105.85
internal_count=55127 13184 3107
cat_boundaries=0 1
cat_threshold=263191
is_linear=0
shrinkage=0.0321881


Tree=764
num_leaves=4
num_cat=0
split_feature=34 2 16
split_gain=6.83909 7.81765 21.8292
threshold=-0.025658416745344793 39.286768876230589 85.684954433832374
decision_type=2 2 8
left_child=-1 2 -2
right_child=1 -3 -4
leaf_value=-0.0052613621532542221 -0.015260963449325404 0.0044474602533267496 0.00099703586756807734
leaf_weight=192.01477486821841 93.255669402907188 506.94324071070878 983.68706562985972
leaf_count=6269 20297 6656 22025
internal_value=0.000413641 0.00114251 -0.00035471
internal_weight=1775.9 1583.89 1076.94
internal_count=55247 48978 42322
is_linear=0
shrinkage=0.0321881


Tree=765
num_leaves=4
num_cat=0
split_feature=11 12 16
split_gain=7.33623 13.2977 21.3966
threshold=27.409117338038836 30.881955216533488 184.22990185382113
decision_type=8 8 10
left_child=-1 2 -2
right_child=1 -3 -4
leaf_value=0.0006724113733837647 0.022261337010618668 -0.0082950750673202456 -0.016262276749014513
leaf_weight=1472.2659187920626 40.875856415212183 244.68033231630397 21.512413272779668
leaf_count=42166 4732 7833 615
internal_value=-0.000233907 -0.00478376 0.00794949
internal_weight=1779.33 307.069 62.3883
internal_count=55346 13180 5347
is_linear=0
shrinkage=0.0321881


Tree=766
num_leaves=4
num_cat=1
split_feature=30 10 44
split_gain=8.27597 33.1568 45.2179
threshold=-0.58555852298651812 6218.1922203760942 0
decision_type=2 2 9
left_child=1 -1 -3
right_child=-2 2 -4
leaf_value=0.011814525620129187 0.0021115535672568456 0.0026273615897176648 -0.016602248971198996
leaf_weight=129.67933470096614 1171.6138089320566 263.80986223332002 225.43301835589318
leaf_count=2260 42944 2954 7168
internal_value=0.000491624 -0.00247165 -0.00639237
internal_weight=1790.54 618.922 489.243
internal_count=55326 12382 10122
cat_boundaries=0 1
cat_threshold=6
is_linear=0
shrinkage=0.0321881


Tree=767
num_leaves=4
num_cat=1
split_feature=44 32 16
split_gain=6.16807 23.4598 12.6319
threshold=0 -0.78219851860971701 239.27160430374002
decision_type=9 2 8
left_child=1 -1 -2
right_child=2 -3 -4
leaf_value=-0.015744666693571222 -0.00039648430908979917 0.018042841430204404 -0.023091945221828759
leaf_weight=28.316602781105757 1649.7954796137328 71.232297942188779 25.765342054033681
leaf_count=4833 34933 13911 1278
internal_value=-0.000269472 0.00707057 -0.000782033
internal_weight=1775.11 99.5489 1675.56
internal_count=54955 18744 36211
cat_boundaries=0 1
cat_threshold=394244
is_linear=0
shrinkage=0.0321881


Tree=768
num_leaves=4
num_cat=0
split_feature=33 33 22
split_gain=8.52892 9.89811 21.0659
threshold=0.30389733462793395 0.18662382068359656 196.4574168913291
decision_type=2 2 2
left_child=1 -1 -3
right_child=-2 2 -4
leaf_value=-0.00026632322877923531 -0.018804258461689153 -0.012313396835563357 0.031136335554746129
leaf_weight=1721.8440641737143 24.804264137961582 15.901877643402257 30.219947561359731
leaf_count=45977 8053 672 435
internal_value=-0.000135868 9.25096e-05 0.0147955
internal_weight=1792.77 1767.97 46.1218
internal_count=55137 47084 1107
is_linear=0
shrinkage=0.0321881


Tree=769
num_leaves=4
num_cat=0
split_feature=7 22 32
split_gain=7.17048 30.2675 29.6395
threshold=1376.9441440686182 318.61606552087522 -0.72679797909206612
decision_type=2 2 2
left_child=-1 -2 -3
right_child=1 2 -4
leaf_value=-0.0020852356606761817 -0.0046065642719355961 0.014901883890891263 0.0011854314292677444
leaf_weight=833.20120640762616 401.85969549728998 259.82187733265164 287.08981777106237
leaf_count=27532 14687 5151 7776
internal_value=5.61685e-05 0.00200389 0.00697743
internal_weight=1781.97 948.771 546.912
internal_count=55146 27614 12927
is_linear=0
shrinkage=0.0321881


Tree=770
num_leaves=4
num_cat=0
split_feature=30 4 10
split_gain=12.2764 21.7262 17.7521
threshold=0.81179995890154666 164.22484399352359 10375.612113214591
decision_type=2 2 2
left_child=2 -2 -1
right_child=1 -3 -4
leaf_value=0.0043369122335199638 0.0098259099859980773 -0.0095341579437383337 -0.0028923442646951012
leaf_weight=838.96792755489878 73.021146374107047 283.28833586459041 596.47419171512865
leaf_count=24444 1301 6030 23448
internal_value=-3.34272e-06 -0.00538402 0.00128857
internal_weight=1791.75 356.309 1435.44
internal_count=55223 7331 47892
is_linear=0
shrinkage=0.0321881


Tree=771
num_leaves=4
num_cat=1
split_feature=7 43 5
split_gain=7.85674 6.27847 26.9702
threshold=29169.022129817862 0 2.749334418013635
decision_type=2 9 2
left_child=1 2 -1
right_child=-2 -3 -4
leaf_value=0.01522681199155471 -0.020306539456961838 -0.00023206142050957002 -0.011551536738696922
leaf_weight=118.81432639539162 18.951050675003899 1598.6428328481234 55.191453500125135
leaf_count=6527 859 45245 2646
internal_value=0.00012189 0.000378898 0.00601812
internal_weight=1791.6 1772.65 174.006
internal_count=55277 54418 9173
cat_boundaries=0 1
cat_threshold=16
is_linear=0
shrinkage=0.0321881


Tree=772
num_leaves=4
num_cat=0
split_feature=0 1 30
split_gain=9.02879 15.3377 47.2617
threshold=78.339922872495478 5.5096940246709991 0.66792181299207865
decision_type=2 2 2
left_child=-1 2 -2
right_child=1 -3 -4
leaf_value=-0.0096095187871617412 0.0048338620774152075 8.1077386065482259e-05 0.12307605177488969
leaf_weight=95.627809979682752 27.80353046288565 1667.6018057529254 4.0338907662680858
leaf_count=21728 7735 24974 947
internal_value=0 0.000543512 0.0225999
internal_weight=1795.07 1699.44 31.8374
internal_count=55384 33656 8682
is_linear=0
shrinkage=0.0321881


Tree=773
num_leaves=4
num_cat=1
split_feature=44 3 25
split_gain=7.7208 10.6418 7.56785
threshold=0 125.76214723538318 -1.3836566663443686
decision_type=9 2 2
left_child=1 -1 -2
right_child=2 -3 -4
leaf_value=0.0088840579708551731 -0.0083131895057083505 -0.028330684700609256 0.0006727249815445122
leaf_weight=8.1424969170529931 102.7166207150367 25.643950537139972 1649.1603614498936
leaf_count=630 2335 7535 44636
internal_value=-0.000191147 -0.0135175 0.000107839
internal_weight=1785.66 33.7864 1751.88
internal_count=55136 8165 46971
cat_boundaries=0 1
cat_threshold=1597720
is_linear=0
shrinkage=0.0321881


Tree=774
num_leaves=4
num_cat=0
split_feature=2 16 2
split_gain=7.25528 17.4918 26.8038
threshold=38.846005334184717 85.684954433832374 12.767618462269715
decision_type=2 8 2
left_child=1 -1 -3
right_child=-2 2 -4
leaf_value=-0.014284007051927663 0.0028182940552054464 0.029786118865875753 -0.0011580684971995499
leaf_weight=101.40209367357693 609.14310730111902 29.555827269226938 1043.8745383089845
leaf_count=22696 8007 7582 16785
internal_value=0 -0.00150932 -0.000240342
internal_weight=1783.98 1174.83 1073.43
internal_count=55070 47063 24367
is_linear=0
shrinkage=0.0321881


Tree=775
num_leaves=4
num_cat=1
split_feature=44 29 5
split_gain=6.55523 27.4667 14.1577
threshold=0 8.4714136604811525 1.8518733082745029
decision_type=9 2 2
left_child=1 2 -1
right_child=-2 -3 -4
leaf_value=0.031383036280811516 -0.00069064163921289798 -0.022030033147053502 0.0023786774273439645
leaf_weight=38.837075833919698 1679.747144478727 22.481155714873239 41.055424330906135
leaf_count=7931 36391 5207 5685
internal_value=-0.000156802 0.00731727 0.0173242
internal_weight=1782.12 102.374 79.8925
internal_count=55214 18823 13616
cat_boundaries=0 1
cat_threshold=394244
is_linear=0
shrinkage=0.0321881


Tree=776
num_leaves=4
num_cat=1
split_feature=31 44 10
split_gain=8.0331 21.7929 48.7049
threshold=-0.43532334272854623 0 6074.4134592017344
decision_type=2 9 2
left_child=-1 -2 -3
right_child=1 2 -4
leaf_value=-0.001908650612426009 0.0047114687961197117 0.017320474622210716 -0.027375852691347052
leaf_weight=1007.8757737308824 660.2729361895581 37.490093024753151 69.996385836110676
leaf_count=41737 10182 656 2588
internal_value=0 0.00246074 -0.0102406
internal_weight=1775.64 767.759 107.486
internal_count=55163 13426 3244
cat_boundaries=0 1
cat_threshold=263191
is_linear=0
shrinkage=0.0321881


Tree=777
num_leaves=4
num_cat=0
split_feature=30 33 21
split_gain=9.1146 8.98439 22.9371
threshold=-0.96747441913289334 -0.45420332222707954 66.694905552142743
decision_type=2 2 2
left_child=-1 2 -2
right_child=1 -3 -4
leaf_value=-0.0072589337744987494 -0.019627602825645477 0.0044799140116589201 0.00040543159472925818
leaf_weight=154.50561928087518 62.194874641714705 507.17988495659301 1074.5787820080332
leaf_count=2620 3645 20353 28751
internal_value=0.000164898 0.000902305 -0.000638455
internal_weight=1798.46 1643.95 1136.77
internal_count=55369 52749 32396
is_linear=0
shrinkage=0.0321881


Tree=778
num_leaves=4
num_cat=0
split_feature=36 22 2
split_gain=10.2838 22.464 20.4066
threshold=0.9066013681922277 233.18290997575983 30.602457480854653
decision_type=2 2 2
left_child=1 2 -1
right_child=-2 -3 -4
leaf_value=-0.018881417508117219 -0.0012806850110690263 0.018783279116225692 0.0063538300435982704
leaf_weight=48.117152877025546 1548.3927103980095 88.434492937776668 102.71571408236923
leaf_count=9450 40536 1929 3537
internal_value=-0.000286886 0.00587334 -0.00129183
internal_weight=1787.66 239.267 150.833
internal_count=55452 14916 12987
is_linear=0
shrinkage=0.0321881


Tree=779
num_leaves=4
num_cat=0
split_feature=31 14 31
split_gain=7.08856 11.4255 7.21449
threshold=0.48293586773733516 368.54463432304414 -0.43532334272854623
decision_type=2 8 2
left_child=2 -2 -1
right_child=1 -3 -4
leaf_value=-0.0013715888228808951 -0.020697282284214767 0 0.0029432878067511018
leaf_weight=1012.7124832409199 44.379372054032501 69.593822163828008 659.03309774721583
leaf_count=41807 791 1184 11511
internal_value=-0.000201826 -0.00798111 0.000291497
internal_weight=1785.72 113.973 1671.75
internal_count=55293 1975 53318
is_linear=0
shrinkage=0.0321881


Tree=780
num_leaves=4
num_cat=1
split_feature=10 44 4
split_gain=6.39928 65.7226 33.621
threshold=10375.612113214591 0 1868.175558615437
decision_type=2 9 2
left_child=-1 2 -2
right_child=1 -3 -4
leaf_value=0.0014390102923825326 -0.00046166961359558987 -0.024017950008413787 0.026604260661802145
leaf_weight=1024.110052444571 605.0160664614923 113.01860655203291 51.040600370568427
leaf_count=28313 11671 14662 622
internal_value=-0.000188373 -0.00243798 0.00153248
internal_weight=1793.19 769.075 656.057
internal_count=55268 26955 12293
cat_boundaries=0 1
cat_threshold=132099
is_linear=0
shrinkage=0.0321881


Tree=781
num_leaves=4
num_cat=1
split_feature=44 3 3
split_gain=6.75144 17.4832 6.54791
threshold=0 102.48626706301589 91.155056852088379
decision_type=9 2 2
left_child=2 -2 -1
right_child=1 -3 -4
leaf_value=-0.0061594487260096722 0.025612721739536007 -0.024350117997739305 0.00074629355579775654
leaf_weight=155.78454736351341 7.7158172491854193 36.148153546251706 1576.5699970274418
leaf_count=3006 342 8397 43369
internal_value=-0.000226767 -0.0114341 8.72614e-05
internal_weight=1776.22 43.864 1732.35
internal_count=55114 8739 46375
cat_boundaries=0 1
cat_threshold=397895
is_linear=0
shrinkage=0.0321881


Tree=782
num_leaves=4
num_cat=2
split_feature=41 44 30
split_gain=7.618 11.4055 9.49063
threshold=0 1 0.8304163275213412
decision_type=9 9 2
left_child=1 -1 -3
right_child=-2 2 -4
leaf_value=0.003976014704187833 0.00028607505868516009 -0.028302485218920627 0.00081565445546212837
leaf_weight=34.432707177606062 1695.0087948141918 41.524774295999123 10.352681727214074
leaf_count=541 52766 1667 233
internal_value=-0.000177826 -0.00899384 -0.0178643
internal_weight=1781.32 86.3102 51.8775
internal_count=55207 2441 1900
cat_boundaries=0 1 2
cat_threshold=64 518
is_linear=0
shrinkage=0.0321881


Tree=783
num_leaves=4
num_cat=2
split_feature=42 2 41
split_gain=8.66042 14.6241 10.611
threshold=0 37.071754035786945 1
decision_type=9 2 9
left_child=1 -1 -2
right_child=2 -3 -4
leaf_value=-0.0030276873413240019 0.010286023010546545 0.024459635933958224 -0.00083886490741150958
leaf_weight=31.381084371736506 83.487710232504469 41.755399450761615 1615.4723689462144
leaf_count=753 1197 465 52970
internal_value=0.000264058 0.0104073 -0.000196585
internal_weight=1772.1 73.1365 1698.96
internal_count=55385 1218 54167
cat_boundaries=0 1 2
cat_threshold=131652 528
is_linear=0
shrinkage=0.0321881


Tree=784
num_leaves=4
num_cat=1
split_feature=32 44 21
split_gain=7.26286 34.0942 29.3039
threshold=-0.32028511796077225 0 43.1090704658126
decision_type=2 9 2
left_child=-1 2 -2
right_child=1 -3 -4
leaf_value=-0.0012557530677271725 -0.021067260422192546 -0.023685985425494976 0.006583484216519879
leaf_weight=1076.919387896578 41.213401432592946 36.217191756286411 634.83918391163752
leaf_count=28712 6202 7464 12987
internal_value=0.000370919 0.00291937 0.00472698
internal_weight=1789.19 712.27 676.053
internal_count=55365 26653 19189
cat_boundaries=0 1
cat_threshold=262663
is_linear=0
shrinkage=0.0321881


Tree=785
num_leaves=4
num_cat=2
split_feature=42 43 10
split_gain=7.94394 14.1124 19.2076
threshold=0 1 9601.9714241861129
decision_type=9 9 2
left_child=1 2 -1
right_child=-2 -3 -4
leaf_value=0.030657779680781264 -0.00056375169872432615 -0.0089015027692079685 0
leaf_weight=44.587249490199611 1649.9684234297183 28.366772374294669 42.013888689274609
leaf_count=883 52337 827 1062
internal_value=0 0.00784362 0.0143475
internal_weight=1764.94 114.968 86.6011
internal_count=55109 2772 1945
cat_boundaries=0 1 2
cat_threshold=393308 9
is_linear=0
shrinkage=0.0321881


Tree=786
num_leaves=4
num_cat=1
split_feature=32 4 41
split_gain=7.96799 38.1694 27.8539
threshold=-0.13292918145108887 359.75645266309022 0
decision_type=2 2 9
left_child=-1 -2 -3
right_child=1 2 -4
leaf_value=-0.0011287350178972976 -0.011243723383968002 0.021543673739461713 0.0025525991035292221
leaf_weight=1244.6865120029361 132.09691631361966 111.45510605191339 292.28624001660683
leaf_count=33484 4828 7274 9890
internal_value=0.000245461 0.00355545 0.0085589
internal_weight=1780.52 535.838 403.741
internal_count=55476 21992 17164
cat_boundaries=0 1
cat_threshold=520
is_linear=0
shrinkage=0.0321881


Tree=787
num_leaves=4
num_cat=0
split_feature=38 33 22
split_gain=7.5071 7.54755 19.9071
threshold=-0.031178931617659524 -0.71804241934921398 279.60194685674765
decision_type=2 2 2
left_child=-1 -2 -3
right_child=1 2 -4
leaf_value=-0.0064245612522563075 -0.0013964930468912994 -0.0028818509418793953 0.0066979321392875131
leaf_weight=171.21598907391854 839.16025470981185 249.01851119543062 517.15822867197858
leaf_count=6083 23312 14454 11336
internal_value=0 0.000660859 0.00299703
internal_weight=1776.55 1605.34 766.177
internal_count=55185 49102 25790
is_linear=0
shrinkage=0.0321881


Tree=788
num_leaves=4
num_cat=1
split_feature=43 5 10
split_gain=7.47463 21.9 36.7475
threshold=0 2.749334418013635 9751.827212544993
decision_type=9 2 2
left_child=1 -1 -3
right_child=-2 2 -4
leaf_value=0.014247338705358251 -0.00090949457545280558 -0.035738472550739135 0.016309741929768463
leaf_weight=118.53646076245423 1610.3472750615201 28.452784468749087 25.502629352317854
leaf_count=6500 46230 1030 1584
internal_value=-0.000181448 0.00594697 -0.00999824
internal_weight=1782.84 172.492 53.9554
internal_count=55344 9114 2614
cat_boundaries=0 1
cat_threshold=16
is_linear=0
shrinkage=0.0321881


Tree=789
num_leaves=4
num_cat=0
split_feature=22 33 22
split_gain=6.96999 7.74665 27.8604
threshold=34.464598176894633 0.11060462899886686 201.70070042561085
decision_type=2 2 2
left_child=-1 -2 -3
right_child=1 2 -4
leaf_value=-0.024684833039068238 -0.00028212375666726369 -0.012224757258792034 0.024496588666769101
leaf_weight=11.535408600403569 1674.8652651383745 33.140018821877675 52.786266616654757
leaf_count=7591 44553 2206 969
internal_value=0 0.000165182 0.00960003
internal_weight=1772.33 1760.79 85.9263
internal_count=55319 47728 3175
is_linear=0
shrinkage=0.0321881


Tree=790
num_leaves=4
num_cat=0
split_feature=25 3 10
split_gain=6.67805 7.10581 27.5243
threshold=-1.3836566663443686 98.96965728931373 8524.7120210179328
decision_type=2 2 2
left_child=-1 2 -2
right_child=1 -3 -4
leaf_value=-0.0078322344964221659 -0.023071391019977849 0.0011879103403266041 0.0023561170957226347
leaf_weight=108.87137811434695 62.27217496027879 1472.6545036310372 138.07922560560291
leaf_count=2900 1294 48363 2677
internal_value=-8.83722e-05 0.000378534 -0.00524751
internal_weight=1781.88 1673.01 200.351
internal_count=55234 52334 3971
is_linear=0
shrinkage=0.0321881


Tree=791
num_leaves=4
num_cat=0
split_feature=16 12 12
split_gain=6.50067 29.647 21.5815
threshold=169.3872464554814 33.722458110906736 32.885647664716743
decision_type=10 10 10
left_child=2 -2 -1
right_child=1 -3 -4
leaf_value=0.00094730206309611711 -0.009815061342638657 0.0093312098919536308 -0.0085730504577460117
leaf_weight=1068.1377719889806 117.21978775086609 277.67033267230363 317.66170813504323
leaf_count=31206 2359 4276 17383
internal_value=-0.000117483 0.00348413 -0.00119015
internal_weight=1780.69 394.89 1385.8
internal_count=55224 6635 48589
is_linear=0
shrinkage=0.0321881


Tree=792
num_leaves=4
num_cat=0
split_feature=18 30 10
split_gain=8.68864 7.07139 12.7389
threshold=-1.6787328317312247 0.92793024641227884 10375.612113214591
decision_type=2 2 2
left_child=-1 2 -2
right_child=1 -3 -4
leaf_value=-0.0086762019024783955 0.0038470150813099836 -0.0041161518217764058 -0.0021755498552034846
leaf_weight=115.27775466626917 849.99027521248263 195.11464990438071 622.32100272605294
leaf_count=4524 23893 3780 23009
internal_value=-0.0001112 0.000443898 0.00125818
internal_weight=1782.7 1667.43 1472.31
internal_count=55206 50682 46902
is_linear=0
shrinkage=0.0321881


Tree=793
num_leaves=4
num_cat=0
split_feature=5 14 30
split_gain=8.72475 18.1368 18.6447
threshold=1.1266180025828025 174.17826173740471 -0.71385983028142264
decision_type=2 10 2
left_child=-1 -2 -3
right_child=1 2 -4
leaf_value=-0.002618204567866894 -0.011245195679990265 -0.0042047502956616698 0.0062995473976097767
leaf_weight=801.84505507811264 95.329727422931683 233.09659233206003 641.2629515067274
leaf_count=27109 5926 4216 17880
internal_value=-0.000100648 0.00191561 0.00342599
internal_weight=1771.53 969.689 874.36
internal_count=55131 28022 22096
is_linear=0
shrinkage=0.0321881


Tree=794
num_leaves=4
num_cat=0
split_feature=25 3 5
split_gain=9.57891 8.90957 14.5497
threshold=-1.3836566663443686 84.646712832800759 3.2108432958407218
decision_type=2 2 2
left_child=-1 2 -2
right_child=1 -3 -4
leaf_value=-0.0095299454604592156 -0.015099437276818329 0.0011150599214907889 0.0087410308025257944
leaf_weight=106.31865696377281 87.702666045355727 1539.2032563794219 34.158840601790871
leaf_count=2843 2049 50010 495
internal_value=-0.000148444 0.000414966 -0.0078911
internal_weight=1767.38 1661.06 121.862
internal_count=55397 52554 2544
is_linear=0
shrinkage=0.0321881


Tree=795
num_leaves=4
num_cat=0
split_feature=31 14 31
split_gain=7.92283 18.2179 8.26349
threshold=0.48293586773733516 334.50251630665929 -0.78336330935828302
decision_type=2 8 2
left_child=2 -2 -1
right_child=1 -3 -4
leaf_value=-0.0025982114314317298 -0.0295512878713571 0 0.0020954676564174735
leaf_weight=605.43000222042701 30.576909868988878 77.241436660893669 1067.4075152472033
leaf_count=30833 612 1295 22672
internal_value=-0.000150577 -0.00862267 0.000358544
internal_weight=1780.66 107.818 1672.84
internal_count=55412 1907 53505
is_linear=0
shrinkage=0.0321881


Tree=796
num_leaves=4
num_cat=0
split_feature=5 4 7
split_gain=6.40688 12.2872 8.12274
threshold=5.3371275850235866 447.51509660152493 25509.063628879197
decision_type=2 2 2
left_child=2 -2 -1
right_child=1 -3 -4
leaf_value=-2.1837145287846767e-05 0.024763794021381676 -0.0083445949473779698 -0.018802846796002179
leaf_weight=1698.9347708156884 29.289252083537576 15.287702106183131 24.075562115637695
leaf_count=52857 509 606 1037
internal_value=0 0.0120039 -0.000323774
internal_weight=1767.59 44.577 1723.01
internal_count=55009 1115 53894
is_linear=0
shrinkage=0.0321881


Tree=797
num_leaves=4
num_cat=0
split_feature=13 10 3
split_gain=7.02375 18.2937 21.7874
threshold=36.24290516723525 4897.4348743038945 207.14560677708201
decision_type=10 2 2
left_child=-1 -2 -3
right_child=1 2 -4
leaf_value=0.00076431320244507099 0.012254036417115361 -0.00051523239484522034 -0.018266753986311609
leaf_weight=1389.4657097500676 56.491266090126373 201.06193013661414 118.24277319331486
leaf_count=33381 2538 14151 5041
internal_value=-0.000253155 -0.00418263 -0.00729686
internal_weight=1765.26 375.796 319.305
internal_count=55111 21730 19192
is_linear=0
shrinkage=0.0321881


Tree=798
num_leaves=4
num_cat=0
split_feature=10 10 16
split_gain=8.14749 12.8168 33.1821
threshold=3531.1004075701917 5062.0128595555425 123.66706058274852
decision_type=2 2 10
left_child=-1 2 -2
right_child=1 -3 -4
leaf_value=-0.0097753099505524538 -0.011138256117870496 -0.00057769724088987777 0.0198867169956774
leaf_weight=87.404748841073342 51.577286968693443 1532.3423462903138 103.04595371683536
leaf_count=3076 2203 48694 1281
internal_value=-0.000185363 0.000275061 0.00912529
internal_weight=1774.37 1686.97 154.623
internal_count=55254 52178 3484
is_linear=0
shrinkage=0.0321881


Tree=799
num_leaves=4
num_cat=0
split_feature=30 10 2
split_gain=6.8342 29.0642 14.8607
threshold=0.92793024641227884 11653.939912401534 44.904592357042816
decision_type=2 2 2
left_child=-1 2 -2
right_child=1 -3 -4
leaf_value=0.00072620181693321139 -0.019381170995659561 0.010591108432504588 0.0086302963195025485
leaf_weight=1561.2071905988778 112.36480959335313 70.638103384724673 20.171865548501955
leaf_count=50948 2403 1439 283
internal_value=0 -0.00554633 -0.0146304
internal_weight=1764.38 203.175 132.537
internal_count=55073 4125 2686
is_linear=0
shrinkage=0.0321881


Tree=800
num_leaves=4
num_cat=1
split_feature=31 16 44
split_gain=7.00797 18.3443 16.9608
threshold=-0.80719562366727826 75.642973900409672 0
decision_type=2 8 9
left_child=1 -1 -3
right_child=-2 2 -4
leaf_value=-0.018107104553206146 0.00099016662764173265 0.0037559378365718318 -0.0082213775050952557
leaf_weight=75.733359491161536 1200.1439409671912 296.09579312335882 191.87901115570094
leaf_count=14743 25863 10062 4524
internal_value=-0.00035964 -0.00334555 -0.000916429
internal_weight=1763.85 563.708 487.975
internal_count=55192 29329 14586
cat_boundaries=0 1
cat_threshold=397889
is_linear=0
shrinkage=0.0321881


Tree=801
num_leaves=4
num_cat=0
split_feature=30 5 5
split_gain=6.6 37.3112 25.9173
threshold=-0.41744558204952903 2.2171135793474805 2.749334418013635
decision_type=2 2 2
left_child=2 -2 -1
right_child=1 -3 -4
leaf_value=0.0012537827945584919 -0.0021766271337336487 0.010744239878463504 -0.013047089542428987
leaf_weight=533.99151205720136 723.4305167855282 337.14647142158901 171.47538061078012
leaf_count=12339 29301 9895 3743
internal_value=0.000235263 0.00187222 -0.00213524
internal_weight=1766.04 1060.58 705.467
internal_count=55278 39196 16082
is_linear=0
shrinkage=0.0321881


Tree=802
num_leaves=4
num_cat=0
split_feature=30 5 10
split_gain=6.6069 23.9078 27.0177
threshold=0.70782043976016518 2.2599968823303187 7942.0623980894043
decision_type=2 2 2
left_child=-1 -2 -3
right_child=1 2 -4
leaf_value=0.00081718843147226324 -0.0088748418716896628 -0.020282528098611655 0.014868698550817837
leaf_weight=1327.3054026026603 301.07705543221527 27.239271277867374 107.49464434962647
leaf_count=45575 7257 644 1854
internal_value=-0.000272791 -0.00373714 0.00726711
internal_weight=1763.12 435.811 134.734
internal_count=55330 9755 2498
is_linear=0
shrinkage=0.0321881


Tree=803
num_leaves=4
num_cat=1
split_feature=30 10 44
split_gain=7.9519 15.1544 18.8651
threshold=-0.91654824606251417 6287.2208560410991 0
decision_type=2 2 9
left_child=1 -1 -3
right_child=-2 2 -4
leaf_value=0.0094005593871969162 0.0013610636921476597 0.00025432018295794067 -0.019099668000437907
leaf_weight=55.796360978229131 1505.6308023716701 106.03322503637173 88.676950485476482
leaf_count=826 51054 1283 2218
internal_value=0.000444306 -0.00480779 -0.00921255
internal_weight=1756.14 250.507 194.71
internal_count=55381 4327 3501
cat_boundaries=0 1
cat_threshold=8198
is_linear=0
shrinkage=0.0321881


Tree=804
num_leaves=4
num_cat=1
split_feature=10 10 44
split_gain=7.58864 8.66982 22.7338
threshold=3531.1004075701917 5148.1322057545576 0
decision_type=2 2 9
left_child=-1 2 -2
right_child=1 -3 -4
leaf_value=-0.0097849534785972529 0.021183676985683318 -0.00068093411509540999 -0.0020017991092147656
leaf_weight=84.6394162789029 59.642235168619663 1525.3757396779947 108.18332832618398
leaf_count=3017 649 48612 3106
internal_value=-0.000387948 4.54792e-05 0.00701853
internal_weight=1777.84 1693.2 167.826
internal_count=55384 52367 3755
cat_boundaries=0 1
cat_threshold=580
is_linear=0
shrinkage=0.0321881


Tree=805
num_leaves=4
num_cat=1
split_feature=31 32 44
split_gain=8.05274 16.4375 36.1728
threshold=-0.44580724692767498 -0.72679797909206612 0
decision_type=2 2 9
left_child=1 -1 -3
right_child=-2 2 -4
leaf_value=0.0025538509087682459 0.0022215388967174385 0.00089926919109106958 -0.01527839271531814
leaf_weight=421.45426824773676 763.33495798349395 342.17052180032624 230.2460097555695
leaf_count=13057 13561 19181 9181
internal_value=-0.000223599 -0.00216572 -0.00575145
internal_weight=1757.21 993.871 572.417
internal_count=54980 41419 28362
cat_boundaries=0 1
cat_threshold=410117
is_linear=0
shrinkage=0.0321881


Tree=806
num_leaves=4
num_cat=0
split_feature=27 22 6
split_gain=7.42349 9.81595 8.41973
threshold=0.023806158213111127 121.04527099924317 95.481928580756545
decision_type=2 2 2
left_child=1 -1 -2
right_child=2 -3 -4
leaf_value=-0.021007284077517438 0.00018543334128209637 -0.0022754707469758947 0.0087672025142884035
leaf_weight=35.777035029947911 1422.349228114721 172.98058902155753 130.89223929946456
leaf_count=6883 40553 5144 2520
internal_value=0.000149575 -0.00550179 0.00095085
internal_weight=1762 208.758 1553.24
internal_count=55100 12027 43073
is_linear=0
shrinkage=0.0321881


Tree=807
num_leaves=4
num_cat=0
split_feature=10 32 22
split_gain=8.21034 34.6111 40.4942
threshold=8390.106567877292 0.2330572690754236 274.79203948475339
decision_type=2 2 2
left_child=1 2 -1
right_child=-2 -3 -4
leaf_value=-0.023046384862159455 0.00137148938080749 0.013476165926158527 -0.0015265063865724162
leaf_weight=121.05423566696845 1144.5289589816803 103.88908976346829 388.78387968160678
leaf_count=4530 37890 4517 8488
internal_value=-0.000200296 -0.00323463 -0.00676932
internal_weight=1758.26 613.727 509.838
internal_count=55425 17535 13018
is_linear=0
shrinkage=0.0321881


Tree=808
num_leaves=4
num_cat=1
split_feature=10 10 44
split_gain=7.83689 11.9862 31.3445
threshold=3281.6751319900472 5381.8235904144558 0
decision_type=2 2 9
left_child=-1 2 -2
right_child=1 -3 -4
leaf_value=-0.011178133262112911 0.022707534788330742 -0.00097429955773100827 -0.0020594071174059856
leaf_weight=66.814270471662894 72.886239216109971 1483.8509133150578 136.93140789712379
leaf_count=2615 800 47828 4046
internal_value=-0.000383198 6.55911e-06 0.00723978
internal_weight=1760.48 1693.67 209.818
internal_count=55289 52674 4846
cat_boundaries=0 1
cat_threshold=580
is_linear=0
shrinkage=0.0321881


Tree=809
num_leaves=4
num_cat=1
split_feature=10 42 32
split_gain=9.65784 6.3676 11.1824
threshold=2700.9472781792688 0 -0.38658752692713511
decision_type=2 9 2
left_child=-1 2 -2
right_child=1 -3 -4
leaf_value=-0.015949434160728981 0.00050961441198748181 0.0015411972611647396 -0.019309908688156914
leaf_weight=35.106690846653692 72.567109267703927 1616.3470622510649 43.589794086934489
leaf_count=1726 1059 51696 1005
internal_value=0.000605422 0.000979776 -0.00589819
internal_weight=1767.61 1732.5 116.157
internal_count=55486 53760 2064
cat_boundaries=0 1
cat_threshold=17408
is_linear=0
shrinkage=0.0321881


Tree=810
num_leaves=4
num_cat=1
split_feature=31 32 44
split_gain=7.74854 14.2094 33.5705
threshold=-0.84153001747505773 -0.72138383341592283 0
decision_type=2 2 9
left_child=1 -1 -3
right_child=-2 2 -4
leaf_value=0.0028038297218997135 0.001615572513847619 0.00086818399179111171 -0.02133993619292468
leaf_weight=219.69729877626196 1263.5369479553465 174.84105071894555 104.97502809793968
leaf_count=8523 28095 12640 5894
internal_value=0.000240537 -0.00310933 -0.00797792
internal_weight=1763.05 499.513 279.816
internal_count=55152 27057 18534
cat_boundaries=0 1
cat_threshold=410245
is_linear=0
shrinkage=0.0321881


Tree=811
num_leaves=4
num_cat=0
split_feature=22 7 21
split_gain=6.42458 6.0735 7.82444
threshold=901.12307251692062 -2182.4500875999788 90.94147227569853
decision_type=2 2 2
left_child=1 -1 -3
right_child=-2 2 -4
leaf_value=-0.0042254737359474189 0.014339568651693342 -0.0045471164835634535 0.0018355982390173512
leaf_weight=309.74881455676223 32.152254816319328 235.19795073657679 1192.2094165181661
leaf_count=10721 669 15628 28407
internal_value=0.000118234 -0.000110242 0.000738706
internal_weight=1769.31 1737.16 1427.41
internal_count=55425 54756 44035
is_linear=0
shrinkage=0.0321881


Tree=812
num_leaves=4
num_cat=0
split_feature=15 6 31
split_gain=7.12644 6.7136 6.54903
threshold=1.2735365734213813 -40.067145913653157 -0.42440061829368514
decision_type=10 2 2
left_child=1 -1 -3
right_child=-2 2 -4
leaf_value=-0.0059364009276974038 -0.014417220609746061 -0.00059714572481096818 0.0035506382345688627
leaf_weight=149.99848804192516 33.495990439760135 893.87126755118879 678.19418035439594
leaf_count=3494 16038 24860 10772
internal_value=0.000174096 0.000496839 0.00115198
internal_weight=1755.56 1722.06 1572.07
internal_count=55164 39126 35632
is_linear=0
shrinkage=0.0321881


Tree=813
num_leaves=4
num_cat=0
split_feature=32 5 4
split_gain=8.19485 46.2411 31.0618
threshold=-0.11403987505030383 4.831510450799227 277.73115861160585
decision_type=2 2 2
left_child=-1 2 -2
right_child=1 -3 -4
leaf_value=-0.0012748585826526679 -0.0098906897039956372 -0.034571522307331556 0.010213530338544663
leaf_weight=1250.066507976032 96.885886327614571 30.302179712252837 388.63254065466435
leaf_count=33867 3663 893 16857
internal_value=9.64221e-05 0.00354214 0.00606771
internal_weight=1765.89 515.821 485.518
internal_count=55280 21413 20520
is_linear=0
shrinkage=0.0321881


Tree=814
num_leaves=4
num_cat=0
split_feature=25 10 25
split_gain=7.89153 17.3262 13.1648
threshold=15.4234992976257 10375.612113214591 7.1041007522926884
decision_type=2 2 2
left_child=2 -2 -1
right_child=1 -3 -4
leaf_value=0.00025732683474619111 -0.014304320655735694 0.038272265425032016 -0.018358953267797719
leaf_weight=1694.5730226734699 8.2915562849957514 16.395107794498472 39.995539355337314
leaf_count=47030 2288 2189 3459
internal_value=8.43155e-05 0.0180896 -0.00013766
internal_weight=1759.26 24.6867 1734.57
internal_count=54966 4477 50489
is_linear=0
shrinkage=0.0321881


Tree=815
num_leaves=4
num_cat=1
split_feature=32 5 41
split_gain=7.44034 31.0011 28.6571
threshold=-0.13292918145108887 4.5965564026476526 0
decision_type=2 2 9
left_child=-1 2 -2
right_child=1 -3 -4
leaf_value=-0.0013448160761030672 0.017616331119908037 -0.027132365360935311 0.00022076193345001567
leaf_weight=1234.4943004652296 130.55414674035728 31.787916451210549 361.03849234188647
leaf_count=33366 8143 951 12685
internal_value=0 0.0032338 0.005339
internal_weight=1757.87 523.381 491.593
internal_count=55145 21779 20828
cat_boundaries=0 1
cat_threshold=520
is_linear=0
shrinkage=0.0321881


Tree=816
num_leaves=4
num_cat=0
split_feature=25 30 2
split_gain=10.7128 10.7456 14.3251
threshold=-1.3836566663443686 0.85580740860639204 47.687101226567968
decision_type=2 2 2
left_child=-1 -2 -3
right_child=1 2 -4
leaf_value=-0.0098357060758732292 0.0017764034043006895 -0.0076375995872290459 0.015583450474248757
leaf_weight=109.66536294258731 1351.4412430602852 258.13240620131728 29.064237883547321
leaf_count=2897 46248 5596 384
internal_value=-7.5981e-05 0.000539649 -0.00505513
internal_weight=1748.3 1638.64 287.197
internal_count=55125 52228 5980
is_linear=0
shrinkage=0.0321881


Tree=817
num_leaves=4
num_cat=0
split_feature=30 10 5
split_gain=7.47556 22.8894 25.2868
threshold=0.70782043976016518 9038.9361489327184 2.2599968823303187
decision_type=2 2 2
left_child=-1 -2 -3
right_child=1 2 -4
leaf_value=0.0010810225835557543 -0.013395623528387877 -0.0049441404685951927 0.015392177526877302
leaf_weight=1317.9267329814597 162.56004357627353 188.49826524919445 93.931664018424271
leaf_count=45254 3656 4536 1622
internal_value=-9.96978e-05 -0.00373841 0.0016013
internal_weight=1762.92 444.99 282.43
internal_count=55068 9814 6158
is_linear=0
shrinkage=0.0321881


Tree=818
num_leaves=4
num_cat=1
split_feature=37 4 44
split_gain=6.02834 7.1516 16.8826
threshold=0.015592621751181599 1507.8908861173434 0
decision_type=2 2 9
left_child=-1 -2 -3
right_child=1 2 -4
leaf_value=0.00093230079143446511 -0.0069652457306871663 0.028124607187114417 -0.0071514732905655441
leaf_weight=1507.6113436854712 211.16446122298203 12.089977672556415 27.867173233547874
leaf_count=46128 7273 264 1523
internal_value=0.000127943 -0.00444396 0.00725834
internal_weight=1758.73 251.122 39.9572
internal_count=55188 9060 1787
cat_boundaries=0 1
cat_threshold=131073
is_linear=0
shrinkage=0.0321881


Tree=819
num_leaves=4
num_cat=0
split_feature=35 14 29
split_gain=7.07445 7.18016 22.5227
threshold=0.0024702792035329823 625.6022057944333 8.6240238719344635
decision_type=2 10 2
left_child=1 -1 -3
right_child=-2 2 -4
leaf_value=-9.4820144230202492e-05 -0.0054507774264588036 -0.00094906012751698725 0.037039647513843255
leaf_weight=1451.3600798951302 252.13983377721343 46.754644770102459 22.285966594849015
leaf_count=45486 8709 881 385
internal_value=-0.000444128 0.000344997 0.0104789
internal_weight=1772.54 1520.4 69.0406
internal_count=55461 46752 1266
is_linear=0
shrinkage=0.0321881


Tree=820
num_leaves=4
num_cat=1
split_feature=17 12 44
split_gain=7.08571 16.1365 17.6772
threshold=5.6412502844000292 35.146114559302809 0
decision_type=8 8 9
left_child=-1 -2 -3
right_child=1 2 -4
leaf_value=0.00096933644458969015 -0.018480264047834965 0.014116004214126808 -0.0082638293409530057
leaf_weight=1557.458990698482 66.00560582782964 51.660301667676322 78.072594660990944
leaf_count=32992 11839 2347 7986
internal_value=0.000208747 -0.00551198 0.000617632
internal_weight=1753.2 195.739 129.733
internal_count=55164 22172 10333
cat_boundaries=0 1
cat_threshold=131654
is_linear=0
shrinkage=0.0321881


Tree=821
num_leaves=4
num_cat=0
split_feature=32 10 33
split_gain=6.21894 19.071 18.9919
threshold=0.6535453831768987 8524.7120210179328 -0.31155371236345358
decision_type=2 2 2
left_child=-1 2 -2
right_child=1 -3 -4
leaf_value=1.9445961716413612e-05 -0.024255451428614159 -0.031184350530335473 0.029063439951945755
leaf_weight=1710.8322438377663 10.687211937758549 25.904878654557251 16.537384355116956
leaf_count=49590 563 3656 1347
internal_value=-0.000280978 -0.0111056 0.00578467
internal_weight=1763.96 53.1295 27.2246
internal_count=55156 5566 1910
is_linear=0
shrinkage=0.0321881


Tree=822
num_leaves=4
num_cat=0
split_feature=30 10 2
split_gain=8.77273 17.5782 14.6923
threshold=0.94626640803697482 11397.548269869176 44.558504259187345
decision_type=2 2 2
left_child=-1 2 -2
right_child=1 -3 -4
leaf_value=0.0014299111620505493 -0.019936291845814091 0.0064191987192453318 0.0094230943426245953
leaf_weight=1582.8564743084116 89.506287161324508 64.718468255676271 18.594832612550817
leaf_count=51980 1859 1307 260
internal_value=0.000645046 -0.00616761 -0.0142886
internal_weight=1755.68 172.82 108.101
internal_count=55406 3426 2119
is_linear=0
shrinkage=0.0321881


Tree=823
num_leaves=4
num_cat=0
split_feature=9 14 15
split_gain=8.47539 8.23524 20.2094
threshold=21.881136658334075 625.6022057944333 1.033181445573051
decision_type=10 10 10
left_child=1 -1 -3
right_child=-2 2 -4
leaf_value=-0.00036202985284932609 -0.02477017948743452 -0.0019320946558037718 0.02999915765131644
leaf_weight=1667.8233133030194 14.074046526817254 47.27972535675508 32.083848435344407
leaf_count=53252 458 890 545
internal_value=-8.19058e-05 8.38469e-05 0.0102273
internal_weight=1761.26 1747.19 79.3636
internal_count=55145 54687 1435
is_linear=0
shrinkage=0.0321881


Tree=824
num_leaves=4
num_cat=1
split_feature=35 11 44
split_gain=7.88868 6.99115 15.8716
threshold=-0.0044581868075850928 25.202681123443803 0
decision_type=2 10 9
left_child=-1 2 -2
right_child=1 -3 -4
leaf_value=-0.011048938026146758 0.015211248843864655 -0.0021939978584017876 0.0010472737665606559
leaf_weight=59.69720535779561 80.451940432746596 535.05469384900971 1095.6914602713332
leaf_count=1926 11466 19802 22273
internal_value=0.000359866 0.000796567 0.00221136
internal_weight=1770.9 1711.2 1176.14
internal_count=55467 53541 33739
cat_boundaries=0 1
cat_threshold=394304
is_linear=0
shrinkage=0.0321881


Tree=825
num_leaves=4
num_cat=0
split_feature=22 26 16
split_gain=6.92982 11.4364 6.27781
threshold=860.02152159692434 0.98531411567857308 239.27160430374002
decision_type=2 2 8
left_child=2 -2 -1
right_child=1 -3 -4
leaf_value=-0.00014390261033901599 0.0062605441246241867 0.031201366534464734 -0.014504640695886062
leaf_weight=1690.6853714197159 19.971119649417233 20.491561334230937 32.179095819727081
leaf_count=52154 494 422 2324
internal_value=-0.000105213 0.0129721 -0.00045105
internal_weight=1763.33 40.4627 1722.86
internal_count=55394 916 54478
is_linear=0
shrinkage=0.0321881


Tree=826
num_leaves=4
num_cat=0
split_feature=14 1 25
split_gain=7.06176 11.3918 9.27406
threshold=159.96338123185549 26.546474758131481 10.168925213560128
decision_type=8 2 2
left_child=1 2 -1
right_child=-2 -3 -4
leaf_value=-0.015891526579523963 0.00063572743055124233 0.01056943638205448 0.024989127099887185
leaf_weight=87.58964918541642 1642.929734791046 24.369400881521869 4.7925053191920588
leaf_count=6488 47507 302 950
internal_value=5.58879e-05 -0.00754394 -0.0130246
internal_weight=1759.68 116.752 92.3822
internal_count=55247 7740 7438
is_linear=0
shrinkage=0.0321881


Tree=827
num_leaves=4
num_cat=0
split_feature=30 1 2
split_gain=6.2922 17.2656 30.4606
threshold=0.81179995890154666 9.615646840619517 11.729826569686852
decision_type=2 2 2
left_child=-1 2 -2
right_child=1 -3 -4
leaf_value=0.0010495334443264531 0.089905449381512709 -0.0056364169921172555 0
leaf_weight=1406.4633261091894 5.2000008289287534 329.51976713628392 13.090597890288334
leaf_count=47623 1654 5442 303
internal_value=5.51738e-05 -0.00378076 0.0258572
internal_weight=1754.27 347.81 18.2906
internal_count=55022 7399 1957
is_linear=0
shrinkage=0.0321881


Tree=828
num_leaves=4
num_cat=0
split_feature=25 12 25
split_gain=6.47997 14.6009 11.8669
threshold=15.4234992976257 20.055879550307036 8.8067188438950232
decision_type=2 8 2
left_child=2 -2 -1
right_child=1 -3 -4
leaf_value=0.00010935131327205619 0.03735818998979281 -0.0089356701224190503 -0.023705427329707957
leaf_weight=1708.8242965272366 14.806361155016932 9.8808615007555982 21.680316277927886
leaf_count=48252 683 3911 2359
internal_value=4.28488e-05 0.0163652 -0.000155411
internal_weight=1755.19 24.6872 1730.5
internal_count=55205 4594 50611
is_linear=0
shrinkage=0.0321881


Tree=829
num_leaves=4
num_cat=1
split_feature=31 6 44
split_gain=7.7635 19.2254 14.1437
threshold=-0.78336330935828302 148.99517059632572 0
decision_type=2 2 9
left_child=1 2 -1
right_child=-2 -3 -4
leaf_value=0.00037735085665119609 0.00195270964709086 0.020417210951732864 -0.0096349628090518467
leaf_weight=317.75325779178638 1163.6663014000451 34.465844551106784 247.55496485763388
leaf_count=11129 24613 948 18572
internal_value=0.000388362 -0.00254016 -0.00406043
internal_weight=1763.44 599.774 565.308
internal_count=55262 30649 29701
cat_boundaries=0 1
cat_threshold=152129
is_linear=0
shrinkage=0.0321881


Tree=830
num_leaves=4
num_cat=0
split_feature=31 25 30
split_gain=8.41682 17.0732 13.6936
threshold=-0.43532334272854623 1.481256224711889 -0.92846806812775307
decision_type=2 2 2
left_child=-1 2 -2
right_child=1 -3 -4
leaf_value=-0.0026742081700261333 -0.0030565523872317984 -0.005553065743097693 0.0082428663461216814
leaf_weight=1002.5331917224935 146.36118671892109 221.89486491716525 384.04811783503465
leaf_count=41952 2049 5692 5660
internal_value=-0.000717518 0.00180538 0.0050049
internal_weight=1754.84 752.304 530.409
internal_count=55353 13401 7709
is_linear=0
shrinkage=0.0321881


Tree=831
num_leaves=4
num_cat=0
split_feature=13 16 1
split_gain=7.3637 22.4214 21.6879
threshold=19.271860643071957 85.684954433832374 6.8449470217183741
decision_type=10 10 2
left_child=-1 -2 -3
right_child=1 2 -4
leaf_value=0.00429969857487665 -0.020052707683973419 0.023647740561295996 -0.0010921103014261324
leaf_weight=293.23435221004183 62.92186530068193 37.413263215650659 1351.1074756588569
leaf_count=6799 20798 6670 20833
internal_value=-0.000301704 -0.00127575 -0.000375718
internal_weight=1744.68 1451.44 1388.52
internal_count=55100 48301 27503
is_linear=0
shrinkage=0.0321881


Tree=832
num_leaves=4
num_cat=0
split_feature=32 5 4
split_gain=8.64507 53.0976 34.4073
threshold=-0.079070341202486794 4.2157597780237275 359.75645266309022
decision_type=2 2 2
left_child=-1 2 -2
right_child=1 -3 -4
leaf_value=-0.0010446962616304117 -0.0090754527040548556 -0.037503678455763134 0.011844902150293053
leaf_weight=1287.1877302417215 102.99126507571145 29.237044958212209 344.74583449101101
leaf_count=34763 4175 969 15407
internal_value=0.000287924 0.00401641 0.00688824
internal_weight=1764.16 476.974 447.737
internal_count=55314 20551 19582
is_linear=0
shrinkage=0.0321881


Tree=833
num_leaves=4
num_cat=0
split_feature=14 31 10
split_gain=7.51273 19.1769 16.58
threshold=301.32028458472121 0.45279902193618049 13010.026855818238
decision_type=8 2 2
left_child=1 2 -1
right_child=-2 -3 -4
leaf_value=0.00084296261812021836 0.0016996071037534402 -0.029505231745438225 -0.012340831428882889
leaf_weight=545.38686602731377 1078.618745964246 26.400028788446434 118.85672952549112
leaf_count=28740 17631 510 8410
internal_value=0 -0.00259915 -0.00142379
internal_weight=1769.26 690.644 664.244
internal_count=55291 37660 37150
is_linear=0
shrinkage=0.0321881


Tree=834
num_leaves=4
num_cat=0
split_feature=14 31 30
split_gain=6.79422 22.2257 16.7973
threshold=325.7814044013449 0.45279902193618049 -0.31710714913063431
decision_type=8 2 2
left_child=1 2 -1
right_child=-2 -3 -4
leaf_value=-0.0069480064854484198 0.0017993282955792859 -0.027524621772630209 0.0027512409579827793
leaf_weight=303.59262195833617 942.35404954608384 34.399402540908341 463.60200610883066
leaf_count=11573 15634 663 27173
internal_value=-1.63435e-05 -0.00223018 -0.00100489
internal_weight=1743.95 801.594 767.195
internal_count=55043 39409 38746
is_linear=0
shrinkage=0.0321881


Tree=835
num_leaves=4
num_cat=1
split_feature=44 29 10
split_gain=8.82412 31.8198 17.0781
threshold=0 8.4714136604811525 14544.550795614277
decision_type=9 2 2
left_child=1 2 -1
right_child=-2 -3 -4
leaf_value=0.024443332860818869 -0.00039765111837151897 -0.023804029537572272 -0.025469358979742847
leaf_weight=73.471273703949009 1656.4867759818671 21.10677269552707 6.4385314943529002
leaf_count=11769 36469 5133 1758
internal_value=0.000153454 0.00895433 0.0195636
internal_weight=1757.5 101.017 79.9098
internal_count=55129 18660 13527
cat_boundaries=0 1
cat_threshold=394244
is_linear=0
shrinkage=0.0321881


Tree=836
num_leaves=4
num_cat=0
split_feature=30 10 4
split_gain=7.85932 24.4873 18.7352
threshold=0.87218777592816765 10107.227242966705 1884.6792829173346
decision_type=2 2 2
left_child=-1 -2 -3
right_child=1 2 -4
leaf_value=0.00074956077900660654 -0.014846423744798989 -0.00014091722450746544 0.033972674033231197
leaf_weight=1473.4210470787211 139.09661170680556 130.37901257625526 18.33076046127826
leaf_count=49377 2870 2775 235
internal_value=-0.000163459 -0.00505554 0.00368384
internal_weight=1761.23 287.806 148.71
internal_count=55257 5880 3010
is_linear=0
shrinkage=0.0321881


Tree=837
num_leaves=4
num_cat=0
split_feature=14 3 5
split_gain=7.28368 16.667 25.2119
threshold=288.38112810391846 162.43128774812723 2.9106657502154945
decision_type=8 2 2
left_child=1 2 -1
right_child=-2 -3 -4
leaf_value=-0.0035253028489414685 0.0013022520231179989 -0.0073864501740641339 0.018681990741941948
leaf_weight=160.08909011132346 1134.1574545620824 369.5187792536326 76.846371156801979
leaf_count=9281 18491 24644 2478
internal_value=-0.000181147 -0.00305973 0.00342021
internal_weight=1740.61 606.454 236.935
internal_count=54894 36403 11759
is_linear=0
shrinkage=0.0321881


Tree=838
num_leaves=4
num_cat=0
split_feature=10 16 13
split_gain=7.28286 6.53828 11.6775
threshold=17232.405951515368 227.93435788546 35.572889945319623
decision_type=2 10 10
left_child=1 -1 -3
right_child=-2 2 -4
leaf_value=-4.5629270722184138e-05 0.018511720699115105 0.0052051035991596923 -0.028838576658340637
leaf_weight=1699.0662598343883 21.132096624911355 14.427089484343012 22.266923347160628
leaf_count=52989 633 291 1094
internal_value=-0.000108654 -0.000374534 -0.0137814
internal_weight=1756.89 1735.76 36.694
internal_count=55007 54374 1385
is_linear=0
shrinkage=0.0321881


Tree=839
num_leaves=4
num_cat=0
split_feature=32 14 36
split_gain=8.29988 24.763 11.19
threshold=0.46035439442427867 477.08672232997924 0.86415656182753497
decision_type=2 10 2
left_child=2 -2 -1
right_child=1 -3 -4
leaf_value=0.0090484740249205126 -0.020806202823189988 0.014636011819249341 -0.00034828670019183274
leaf_weight=142.65043900420005 64.484335818476211 27.562078321105218 1528.222114212942
leaf_count=7453 7151 727 40108
internal_value=-6.54922e-05 -0.00949298 0.000417015
internal_weight=1762.92 92.0464 1670.87
internal_count=55439 7878 47561
is_linear=0
shrinkage=0.0321881


Tree=840
num_leaves=4
num_cat=1
split_feature=10 32 44
split_gain=7.30891 42.5679 38.2476
threshold=8390.106567877292 0.20811135985086163 0
decision_type=2 2 9
left_child=1 -1 -2
right_child=2 -3 -4
leaf_value=-0.0071465378551239097 0.0035322202865809057 0.014944142738834211 -0.014612450399494487
leaf_weight=489.06045771705158 1019.4789895159856 109.4262276784084 125.51834264738045
leaf_count=12664 29503 4669 8244
internal_value=-8.07474e-05 -0.00299682 0.00138816
internal_weight=1743.48 598.487 1145
internal_count=55080 17333 37747
cat_boundaries=0 1
cat_threshold=406547
is_linear=0
shrinkage=0.0321881


Tree=841
num_leaves=4
num_cat=1
split_feature=5 7 44
split_gain=7.25958 9.50296 10.3644
threshold=5.3371275850235866 22949.323804558877 0
decision_type=2 2 9
left_child=1 2 -1
right_child=-2 -3 -4
leaf_value=0.0025428562625473246 0.012992909126997037 -0.018738428411634325 -0.0024809460013562198
leaf_weight=781.08436143362542 42.192256229325722 28.818175257216353 906.90718880532495
leaf_count=26169 1091 1217 26738
internal_value=-0.000109504 -0.000470352 -0.000118157
internal_weight=1759 1716.81 1687.99
internal_count=55215 54124 52907
cat_boundaries=0 1
cat_threshold=394310
is_linear=0
shrinkage=0.0321881


Tree=842
num_leaves=4
num_cat=0
split_feature=10 32 16
split_gain=6.59194 21.376 7.40127
threshold=17028.649055687976 -0.79921805120272671 239.27160430374002
decision_type=2 2 10
left_child=2 -2 -1
right_child=1 -3 -4
leaf_value=-0.00038418147394972488 0.048453408438739312 -0.0051142490652370358 -0.019562423528545619
leaf_weight=1697.5786394476395 11.69701252676896 16.904587109627755 21.098780260872445
leaf_count=53130 257 627 1073
internal_value=-0.000367817 0.0148025 -0.000659336
internal_weight=1747.28 28.6016 1718.68
internal_count=55087 884 54203
is_linear=0
shrinkage=0.0321881


Tree=843
num_leaves=4
num_cat=0
split_feature=34 25 37
split_gain=8.12053 6.77089 6.27768
threshold=-0.029178371126880712 -1.8258804407369167 -0.024003090177730006
decision_type=2 2 2
left_child=-1 -2 -3
right_child=1 2 -4
leaf_value=-0.0080543477915398128 -0.012868554693846256 -0.0085129301149216418 0.00082022874462556183
leaf_weight=141.84762979972038 41.19175092444857 77.834827094214234 1487.445381658732
leaf_count=4809 1154 2502 46768
internal_value=-0.000678045 0 0.000314226
internal_weight=1748.32 1606.47 1565.28
internal_count=55233 50424 49270
is_linear=0
shrinkage=0.0321881


Tree=844
num_leaves=4
num_cat=1
split_feature=31 42 30
split_gain=6.23808 10.283 10.1594
threshold=-0.95880987548668395 0 -0.58555852298651812
decision_type=2 9 2
left_child=1 -1 -2
right_child=2 -3 -4
leaf_value=0.0094795535302522396 -0.0020478715126716058 -0.0076448613575034437 0.0032541080831622882
leaf_weight=33.543826029264892 608.16800439289909 185.8383234084713 939.09645583515157
leaf_count=902 12419 12781 29205
internal_value=0.000375304 -0.00464555 0.00112896
internal_weight=1766.65 219.382 1547.26
internal_count=55307 13683 41624
cat_boundaries=0 1
cat_threshold=263716
is_linear=0
shrinkage=0.0321881


Tree=845
num_leaves=4
num_cat=0
split_feature=25 12 25
split_gain=7.1887 13.8426 11.7205
threshold=15.4234992976257 20.055879550307036 7.1041007522926884
decision_type=2 8 2
left_child=2 -2 -1
right_child=1 -3 -4
leaf_value=0.00019498846980603012 0.037741569781686558 -0.0083688193910748509 -0.017530832497694337
leaf_weight=1696.4396729868736 14.576625370984404 8.9031047052412742 39.231421231402237
leaf_count=47217 710 3817 3449
internal_value=3.28648e-05 0.0176628 -0.000171315
internal_weight=1759.15 23.4797 1735.67
internal_count=55193 4527 50666
is_linear=0
shrinkage=0.0321881


Tree=846
num_leaves=4
num_cat=0
split_feature=34 1 5
split_gain=8.13972 7.59492 6.76817
threshold=-0.026602050230127808 35.642234119280495 1.2281615895464035
decision_type=2 2 2
left_child=-1 2 -2
right_child=1 -3 -4
leaf_value=-0.0061821978386098755 -0.00067308341136716862 -0.022191483039225302 0.0035081827805987314
leaf_weight=178.27664197114609 811.82719857572511 13.898866689036366 755.6446501381879
leaf_count=5872 27746 185 21460
internal_value=0.000282293 0.00105216 0.00130221
internal_weight=1759.65 1581.37 1567.47
internal_count=55263 49391 49206
is_linear=0
shrinkage=0.0321881


Tree=847
num_leaves=4
num_cat=0
split_feature=25 3 2
split_gain=8.01548 7.00629 11.9775
threshold=-1.3836566663443686 91.155056852088379 41.422801418513792
decision_type=2 2 2
left_child=-1 2 -2
right_child=1 -3 -4
leaf_value=-0.0086233507424312884 -0.011875788795654828 0.0010998510975732574 0.0083436190693179767
leaf_weight=108.13737639644751 109.38099616605723 1498.6611845546959 38.046969773073215
leaf_count=2912 2562 49245 540
internal_value=-0.000116654 0.000404653 -0.00622138
internal_weight=1754.23 1646.09 147.428
internal_count=55259 52347 3102
is_linear=0
shrinkage=0.0321881


Tree=848
num_leaves=4
num_cat=0
split_feature=2 14 2
split_gain=6.12446 14.1942 21.8385
threshold=39.971884004982677 214.65326728546248 12.767618462269715
decision_type=2 8 2
left_child=1 -1 -3
right_child=-2 2 -4
leaf_value=-0.01070964037661584 0.0029170812729463502 0.028933010885780437 -0.0007060446310318075
leaf_weight=144.72007077673197 519.84796806584927 26.159761483855618 1061.210360830737
leaf_count=23765 6935 7428 17055
internal_value=0 -0.00124815 0
internal_weight=1751.94 1232.09 1087.37
internal_count=55183 48248 24483
is_linear=0
shrinkage=0.0321881


Tree=849
num_leaves=4
num_cat=2
split_feature=10 44 44
split_gain=7.41423 57.3645 28.428
threshold=10375.612113214591 0 1
decision_type=2 9 9
left_child=2 -2 -1
right_child=1 -3 -4
leaf_value=0.010722142996506782 0.0012260390727758972 -0.023312409262585949 -0.0014056794077539939
leaf_weight=261.72357110686698 649.60053869638887 105.39527591394881 733.28816502177779
leaf_count=11911 12395 14726 16222
internal_value=0 -0.00241381 0.00181578
internal_weight=1750.01 754.996 995.012
internal_count=55254 27121 28133
cat_boundaries=0 1 2
cat_threshold=140307 266820
is_linear=0
shrinkage=0.0321881


Tree=850
num_leaves=4
num_cat=0
split_feature=14 10 5
split_gain=6.37997 28.4155 25.8399
threshold=477.08672232997924 13201.898220196095 1.2547486284163036
decision_type=8 2 2
left_child=-1 2 -2
right_child=1 -3 -4
leaf_value=-0.0010938971659210659 -0.01086451333233456 0.021567509007708565 0.0097142563150017357
leaf_weight=1425.0728944907892 134.30844205417088 73.125081990307081 117.82108018991858
leaf_count=49066 2526 1459 2255
internal_value=-0.000130322 0.00389353 -0.0009955
internal_weight=1750.33 325.255 252.13
internal_count=55306 6240 4781
is_linear=0
shrinkage=0.0321881


Tree=851
num_leaves=4
num_cat=0
split_feature=31 10 10
split_gain=6.43571 10.3831 5.86575
threshold=0.55178974197075792 6725.655005087513 8390.106567877292
decision_type=2 2 2
left_child=2 -2 -1
right_child=1 -3 -4
leaf_value=-0.0020986496847399073 0.0092158168481744525 -0.015289753414925828 0.0018804469343402799
leaf_weight=581.31273620561387 21.058498975427938 65.026325288978114 1095.8848161556944
leaf_count=17012 327 1204 36916
internal_value=0 -0.00854838 0.000463229
internal_weight=1763.28 86.0848 1677.2
internal_count=55459 1531 53928
is_linear=0
shrinkage=0.0321881


Tree=852
num_leaves=4
num_cat=0
split_feature=30 10 4
split_gain=9.04486 26.6794 18.7253
threshold=0.84731837916837005 10144.356243420525 1920.2188476256676
decision_type=2 2 2
left_child=-1 -2 -3
right_child=1 2 -4
leaf_value=0.001873815394070951 -0.013980907992882896 0.00033990401421086884 0.035758953367833392
leaf_weight=1432.2781499593257 150.73535444659501 144.76544064504924 17.644129070071358
leaf_count=48775 3194 3118 223
internal_value=0.000759557 -0.00413121 0.00462592
internal_weight=1745.42 313.145 162.41
internal_count=55310 6535 3341
is_linear=0
shrinkage=0.0321881


Tree=853
num_leaves=4
num_cat=1
split_feature=34 44 10
split_gain=6.53742 7.6865 18.2099
threshold=-0.017521813128727064 0 9910.4405418094339
decision_type=2 9 2
left_child=1 2 -1
right_child=-2 -3 -4
leaf_value=0.016947319623526802 0.00063195908363890664 -0.0067536518579921039 -0.017606352989163382
leaf_weight=47.64309007425436 1399.1559869074226 269.50774310873476 22.073838145101035
leaf_count=2115 43992 6526 2497
internal_value=-0.000300595 -0.00433236 0.00443922
internal_weight=1738.38 339.225 69.7169
internal_count=55130 11138 4612
cat_boundaries=0 1
cat_threshold=393796
is_linear=0
shrinkage=0.0321881


Tree=854
num_leaves=4
num_cat=0
split_feature=30 0 4
split_gain=8.07078 13.9206 7.66122
threshold=0.97175552524746311 509.88505673867218 514.98103102719472
decision_type=2 2 2
left_child=-1 2 -2
right_child=1 -3 -4
leaf_value=0.00063625047797844869 0.01387359200586989 -0.017611041565245126 -0.0089938479103516544
leaf_weight=1625.3471135640139 33.066431348386686 69.467067318946647 24.928311814086555
leaf_count=52551 580 1301 708
internal_value=0 -0.00776715 0.00295392
internal_weight=1752.81 127.462 57.9947
internal_count=55140 2589 1288
is_linear=0
shrinkage=0.0321881


Tree=855
num_leaves=4
num_cat=0
split_feature=32 5 4
split_gain=6.52114 42.8791 31.2691
threshold=-0.097105270184525236 4.5965564026476526 359.75645266309022
decision_type=2 2 2
left_child=-1 2 -2
right_child=1 -3 -4
leaf_value=-0.001123889219804201 -0.0094239772218133802 -0.034340251484413442 0.010380692793055778
leaf_weight=1268.6006271770693 104.13368408374208 28.860904383389425 356.10897109321468
leaf_count=34457 4301 939 15701
internal_value=5.64238e-05 0.00324706 0.00575886
internal_weight=1757.7 489.104 460.243
internal_count=55398 20941 20002
is_linear=0
shrinkage=0.0321881


Tree=856
num_leaves=4
num_cat=0
split_feature=30 4 32
split_gain=6.97278 15.7439 9.30329
threshold=-0.91654824606251417 1071.5575483347311 0.58668974911705696
decision_type=2 2 2
left_child=1 -1 -2
right_child=2 -3 -4
leaf_value=-0.010686797354842644 0.0019512667856861538 0.0055929456442061079 -0.012073619300810462
leaf_weight=157.40849950765278 1454.1639803592088 95.175030432421408 49.461660347486486
leaf_count=2858 45122 1471 5792
internal_value=0.000582482 -0.00430107 0.00144574
internal_weight=1756.21 252.584 1503.63
internal_count=55243 4329 50914
is_linear=0
shrinkage=0.0321881


Tree=857
num_leaves=4
num_cat=0
split_feature=33 21 11
split_gain=5.91209 22.6737 19.9171
threshold=-0.50857178501565647 89.512902027120489 30.240812123599515
decision_type=2 2 8
left_child=1 -1 -3
right_child=-2 2 -4
leaf_value=-0.015499514811503537 0.0022980949837992561 -0.0012022716750417215 0.019076243850605402
leaf_weight=110.47523355909652 592.79888783089564 983.0932799475122 52.59615709369973
leaf_count=5888 22542 23513 3008
internal_value=-0.000266681 -0.00164895 -0.000106841
internal_weight=1738.96 1146.16 1035.69
internal_count=54951 32409 26521
is_linear=0
shrinkage=0.0321881


Tree=858
num_leaves=4
num_cat=1
split_feature=32 44 22
split_gain=6.41815 27.999 25.257
threshold=-0.32798431408794915 0 279.60194685674765
decision_type=2 9 2
left_child=2 -2 -1
right_child=1 -3 -4
leaf_value=-0.010713857769203732 0.003911746619942094 -0.022477350581160786 0.00099369420784234212
leaf_weight=247.42537704791175 665.50295021481998 33.854226683083652 803.21478693639801
leaf_count=8990 19776 6930 19458
internal_value=-7.94581e-05 0.00227071 -0.00170461
internal_weight=1750 699.357 1050.64
internal_count=55154 26706 28448
cat_boundaries=0 1
cat_threshold=279055
is_linear=0
shrinkage=0.0321881


Tree=859
num_leaves=4
num_cat=1
split_feature=31 44 16
split_gain=6.00665 13.2194 33.6083
threshold=-0.78336330935828302 0 180.95951116269308
decision_type=2 9 8
left_child=1 2 -1
right_child=-2 -3 -4
leaf_value=0.00048010480036677722 0.0012341824374019802 -0.0052243977971551444 0.056866202788008267
leaf_weight=114.64493144660901 1158.5637137526783 473.45151010630843 12.178743299446067
leaf_count=5678 24541 24850 269
internal_value=-8.2168e-05 -0.00272835 0.00601838
internal_weight=1758.84 600.275 126.824
internal_count=55338 30797 5947
cat_boundaries=0 1
cat_threshold=135744
is_linear=0
shrinkage=0.0321881


Tree=860
num_leaves=4
num_cat=1
split_feature=42 4 10
split_gain=8.07553 16.1885 7.99578
threshold=0 564.72915306471111 8524.7120210179328
decision_type=9 2 2
left_child=1 -1 -2
right_child=2 -3 -4
leaf_value=-0.0016822026250992367 -0.0037326654887423743 0.028365634131652551 0.00084790122953451712
leaf_weight=36.666584598075133 611.15894024682075 31.160241306399257 1077.0265746487421
leaf_count=682 17795 453 36298
internal_value=-0.000271321 0.00979749 -0.000768378
internal_weight=1756.01 67.8268 1688.19
internal_count=55228 1135 54093
cat_boundaries=0 1
cat_threshold=131588
is_linear=0
shrinkage=0.0321881


Tree=861
num_leaves=4
num_cat=1
split_feature=30 5 44
split_gain=7.23467 15.8852 19.4742
threshold=-0.92277501319486743 2.2171135793474805 0
decision_type=2 2 9
left_child=1 2 -1
right_child=-2 -3 -4
leaf_value=0.0049042331806832618 0.0013986446691769969 -0.019138195951038973 -0.020504211781100991
leaf_weight=154.76526050516986 1507.4829474900866 58.488914008458778 28.315290204041958
leaf_count=1974 51055 1034 1153
internal_value=0.000537298 -0.00457052 0
internal_weight=1749.05 241.569 183.081
internal_count=55216 4161 3127
cat_boundaries=0 1
cat_threshold=7
is_linear=0
shrinkage=0.0321881


Tree=862
num_leaves=4
num_cat=1
split_feature=44 5 10
split_gain=6.48932 61.654 69.4156
threshold=0 3.031591570059061 6874.3519767565804
decision_type=9 2 2
left_child=-1 -2 -3
right_child=1 2 -4
leaf_value=0.00087902630101367729 -0.012475100848488421 0.072090848465704599 -0.01246988841256589
leaf_weight=1500.82166623993 196.14264827775878 20.604544054409416 17.253283232004833
leaf_count=42730 11098 469 964
internal_value=5.71116e-05 -0.00477189 0.0320434
internal_weight=1734.82 234 37.8578
internal_count=55261 12531 1433
cat_boundaries=0 1
cat_threshold=398407
is_linear=0
shrinkage=0.0321881


Tree=863
num_leaves=4
num_cat=0
split_feature=1 30 0
split_gain=7.8502 7.05275 11.9668
threshold=35.642234119280495 0.92793024641227884 478.76170600068093
decision_type=2 2 2
left_child=1 -1 -3
right_child=-2 2 -4
leaf_value=0.00051975144152698266 -0.023441294074567225 0.0025705335233996477 -0.012855708550961487
leaf_weight=1535.627646700209 15.024296638468511 85.577195879412102 113.40077871728863
leaf_count=50802 209 1972 2129
internal_value=-0.000420654 -0.000181371 -0.00590624
internal_weight=1749.63 1734.61 198.978
internal_count=55112 54903 4101
is_linear=0
shrinkage=0.0321881


Tree=864
num_leaves=4
num_cat=0
split_feature=32 10 33
split_gain=7.41966 19.6218 19.0774
threshold=0.6535453831768987 8524.7120210179328 -0.31155371236345358
decision_type=2 2 2
left_child=-1 2 -2
right_child=1 -3 -4
leaf_value=6.5754669283587828e-05 -0.024046245556407546 -0.03308411439850209 0.027792456271096916
leaf_weight=1697.9754339431711 11.895512438586595 25.004985161716831 16.929411875777078
leaf_count=49545 589 3679 1322
internal_value=-0.000270766 -0.0120176 0.0041863
internal_weight=1751.81 53.8299 28.8249
internal_count=55135 5590 1911
is_linear=0
shrinkage=0.0321881


Tree=865
num_leaves=4
num_cat=1
split_feature=44 3 30
split_gain=6.4391 16.1863 7.67761
threshold=0 106.00672301262297 0.70782043976016518
decision_type=9 2 2
left_child=2 -2 -1
right_child=1 -3 -4
leaf_value=0.0014544401498470341 0.022973899645444603 -0.024804594182274622 -0.0035314980331388507
leaf_weight=1294.7036721290992 7.8853343411374217 33.42524118196161 422.8837707027069
leaf_count=37778 387 8420 8843
internal_value=-0.000111145 -0.0113426 0.00018837
internal_weight=1758.9 41.3106 1717.59
internal_count=55428 8807 46621
cat_boundaries=0 1
cat_threshold=397895
is_linear=0
shrinkage=0.0321881


Tree=866
num_leaves=4
num_cat=1
split_feature=31 44 10
split_gain=7.65352 15.5532 48.3293
threshold=-0.47756730939302811 0 6000.1881943745675
decision_type=2 9 2
left_child=-1 -2 -3
right_child=1 2 -4
leaf_value=-0.0018588055355422412 0.0043088556003486704 0.018784422402271433 -0.024982425223067577
leaf_weight=963.13557316193419 674.44765115224345 39.414359444637739 71.5537508824018
leaf_count=40794 10755 708 2785
internal_value=2.69401e-05 0.00242032 -0.0081266
internal_weight=1748.55 785.416 110.968
internal_count=55042 14248 3493
cat_boundaries=0 1
cat_threshold=263191
is_linear=0
shrinkage=0.0321881


Tree=867
num_leaves=4
num_cat=1
split_feature=10 44 21
split_gain=7.13024 37.5047 21.6687
threshold=12302.379422890608 0 92.241925991541464
decision_type=2 9 2
left_child=2 -2 -1
right_child=1 -3 -4
leaf_value=-0.0080596740271778825 0.00057287159693637834 -0.02489589656391783 0.0031498269568546828
leaf_weight=211.02072290481647 365.23224159920665 60.607591244847754 1103.9292100778111
leaf_count=13981 7318 8539 25181
internal_value=9.35814e-05 -0.00348517 0.00130139
internal_weight=1740.79 425.84 1314.95
internal_count=55019 15857 39162
cat_boundaries=0 1
cat_threshold=131091
is_linear=0
shrinkage=0.0321881


Tree=868
num_leaves=4
num_cat=1
split_feature=22 33 44
split_gain=6.49809 8.36063 26.2742
threshold=901.12307251692062 -0.56935403399890683 0
decision_type=2 2 9
left_child=1 2 -1
right_child=-2 -3 -4
leaf_value=-0.024755117703303482 0.014316947772815754 0.002491469510745364 -0.00090660417710253271
leaf_weight=40.608200486341957 31.688383882225025 653.84320632148228 1030.7443459672868
leaf_count=5053 652 23954 25613
internal_value=-2.96214e-05 -0.000331984 -0.00211474
internal_weight=1756.88 1725.2 1071.35
internal_count=55272 54620 30666
cat_boundaries=0 1
cat_threshold=536896
is_linear=0
shrinkage=0.0321881


Tree=869
num_leaves=4
num_cat=0
split_feature=7 22 33
split_gain=7.21559 22.4834 27.2164
threshold=1376.9441440686182 298.27595072913863 -0.73006192561097927
decision_type=2 2 2
left_child=-1 -2 -3
right_child=1 2 -4
leaf_value=-0.0020741898772877903 -0.0044016911685326949 0.00076755769159288364 0.012643118211021253
leaf_weight=824.47561472094912 340.7560042194641 275.07240312524664 309.89815119150808
leaf_count=27735 13775 7559 6384
internal_value=7.73068e-05 0.00206231 0.00593681
internal_weight=1750.2 925.727 584.971
internal_count=55453 27718 13943
is_linear=0
shrinkage=0.0321881


Tree=870
num_leaves=4
num_cat=0
split_feature=10 22 14
split_gain=7.15127 6.60838 7.18033
threshold=1852.0097197816112 901.12307251692062 158.76879771733442
decision_type=2 2 8
left_child=-1 2 -2
right_child=1 -3 -4
leaf_value=-0.023285129656338732 -0.0078803730935678093 0.015233281092614711 0.0006841241239100834
leaf_weight=13.018685805494895 107.88728032981271 30.417993140232284 1584.1544013122907
leaf_count=895 7266 636 46357
internal_value=0.000188097 0.000405664 9.93734e-05
internal_weight=1735.48 1722.46 1692.04
internal_count=55154 54259 53623
is_linear=0
shrinkage=0.0321881


Tree=871
num_leaves=4
num_cat=0
split_feature=31 13 4
split_gain=6.14729 9.15008 8.61504
threshold=-0.95757238309926529 30.31702475420796 172.20647205957081
decision_type=2 10 2
left_child=1 -1 -3
right_child=-2 2 -4
leaf_value=-0.011114854671872627 0.0008462773584269861 0.017882596354727252 -0.0030180589693599978
leaf_weight=117.67561834345724 1522.4658757849747 25.898891566048405 84.179974845974812
leaf_count=5083 41264 760 8168
internal_value=7.25273e-05 -0.00481588 0.00134984
internal_weight=1750.22 227.754 110.079
internal_count=55275 14011 8928
is_linear=0
shrinkage=0.0321881


Tree=872
num_leaves=4
num_cat=1
split_feature=7 10 44
split_gain=6.8599 6.51569 30.6853
threshold=-4214.4115441674339 12338.320646772603 0
decision_type=2 2 9
left_child=-1 -2 -3
right_child=1 2 -4
leaf_value=-0.0067799203084776436 0.0019483733307583951 0.00097333384687184983 -0.023092787753260912
leaf_weight=134.51124805080417 1231.2165930937954 338.08679101379494 54.442934776247967
leaf_count=4745 36118 6690 7676
internal_value=0.000152091 0.000766466 -0.0027775
internal_weight=1758.26 1623.75 392.53
internal_count=55229 50484 14366
cat_boundaries=0 1
cat_threshold=131091
is_linear=0
shrinkage=0.0321881


Tree=873
num_leaves=4
num_cat=0
split_feature=30 31 25
split_gain=6.51443 12.9055 15.8758
threshold=-0.96747441913289334 -0.44580724692767498 1.481256224711889
decision_type=2 2 2
left_child=-1 -2 -3
right_child=1 2 -4
leaf_value=-0.0056504493788260965 -0.00096746099269909552 0.0083220331943979695 -0.0027971770905344147
leaf_weight=151.91116488029184 977.1977128897106 434.17515747837388 181.11025321453781
leaf_count=2652 41375 6427 4723
internal_value=0.000637107 0.00127764 0.00494578
internal_weight=1744.39 1592.48 615.285
internal_count=55177 52525 11150
is_linear=0
shrinkage=0.0321881


Tree=874
num_leaves=4
num_cat=0
split_feature=35 37 5
split_gain=7.71087 6.25987 7.00066
threshold=0.0027734918357567718 0.006682980569308849 0.92948464163931421
decision_type=2 2 2
left_child=1 2 -1
right_child=-2 -3 -4
leaf_value=-0.0043239962971961627 -0.0063402878088377511 -0.0025183701184767456 0.0029688585268045665
leaf_weight=154.49925617771987 197.87878803085459 502.10064384364523 894.74827039660158
leaf_count=5252 7093 16299 26661
internal_value=-0.000341173 0.000383831 0.00183358
internal_weight=1749.23 1551.35 1049.25
internal_count=55305 48212 31913
is_linear=0
shrinkage=0.0321881


Tree=875
num_leaves=4
num_cat=0
split_feature=29 22 10
split_gain=6.63414 19.6824 15.6672
threshold=9.7378498899621793 455.59209459291395 9950.564391329086
decision_type=2 2 2
left_child=-1 2 -2
right_child=1 -3 -4
leaf_value=-0.00065307351800225773 -0.012888385393975832 0.053274644594990317 0.013635549998283198
leaf_weight=1635.1423420248775 36.654623242199705 8.8986276427458488 57.677932563544346
leaf_count=49857 2283 193 2747
internal_value=-0.000116993 0.00774078 0.00264922
internal_weight=1738.37 103.231 94.3326
internal_count=55080 5223 5030
is_linear=0
shrinkage=0.0321881


Tree=876
num_leaves=4
num_cat=0
split_feature=36 36 22
split_gain=7.12951 24.0354 22.9328
threshold=0.86415656182753497 0.1178144771612759 467.64643176926103
decision_type=2 2 2
left_child=1 2 -1
right_child=-2 -3 -4
leaf_value=-0.0011222057173262575 -0.0006311019749982422 0.034573702308972873 0.051304306786694107
leaf_weight=170.60461929596522 1539.7383073360215 26.07081613736591 8.7999469276401197
leaf_count=13497 41052 453 193
internal_value=8.35863e-05 0.00574331 0.00115908
internal_weight=1745.21 205.475 179.405
internal_count=55195 14143 13690
is_linear=0
shrinkage=0.0321881


Tree=877
num_leaves=4
num_cat=1
split_feature=31 44 7
split_gain=7.26772 13.7846 22.8197
threshold=-0.78336330935828302 0 15882.996492834367
decision_type=2 9 2
left_child=-1 2 -2
right_child=1 -3 -4
leaf_value=-0.0029299633687956705 0.0068502987505884216 -0.0017969241347972429 -0.022907021963410278
leaf_weight=593.35580738190629 517.408655163209 610.75971101403229 27.077075692775907
leaf_count=30627 9673 14297 617
internal_value=0 0.00145141 0.00514969
internal_weight=1748.6 1155.25 544.486
internal_count=55214 24587 10290
cat_boundaries=0 1
cat_threshold=271382
is_linear=0
shrinkage=0.0321881


Tree=878
num_leaves=4
num_cat=0
split_feature=31 14 5
split_gain=7.24622 11.608 8.99636
threshold=0.48293586773733516 362.06082936564457 2.2599968823303187
decision_type=2 8 2
left_child=2 -2 -1
right_child=1 -3 -4
leaf_value=-0.00035032819908214607 -0.021343791391515189 0 0.004921413576306757
leaf_weight=1169.2775763569612 39.388159584466848 68.754429074546351 460.00857300646112
leaf_count=40426 769 1187 12841
internal_value=0.000529389 -0.0074558 0.00109949
internal_weight=1737.43 108.143 1629.29
internal_count=55223 1956 53267
is_linear=0
shrinkage=0.0321881


Tree=879
num_leaves=4
num_cat=0
split_feature=32 10 33
split_gain=5.95693 16.1328 19.2713
threshold=0.56476636605733566 8097.3903537265496 -0.31155371236345358
decision_type=2 2 2
left_child=-1 2 -2
right_child=1 -3 -4
leaf_value=0.00029267572686497701 -0.020083750356571735 -0.025623799083568769 0.030739357978418105
leaf_weight=1685.5587665933572 13.218178877690663 32.897443750747698 16.196452971230428
leaf_count=48931 682 4506 1326
internal_value=-3.2619e-05 -0.009818 0.00577472
internal_weight=1747.87 62.3121 29.4146
internal_count=55445 6514 2008
is_linear=0
shrinkage=0.0321881


Tree=880
num_leaves=4
num_cat=1
split_feature=31 44 4
split_gain=7.97603 16.3801 20.1737
threshold=-0.44580724692767498 0 400.06573993749942
decision_type=2 9 2
left_child=-1 2 -2
right_child=1 -3 -4
leaf_value=-0.0021806440301213787 0.010490825548425047 0.0041366975073811353 -0.019746254095697798
leaf_weight=982.20563935672135 30.487599443487852 654.85363763638179 70.833702230476774
leaf_count=41700 687 11150 1786
internal_value=-0.000234922 0.00220809 -0.00911954
internal_weight=1738.38 756.175 101.321
internal_count=55323 13623 2473
cat_boundaries=0 1
cat_threshold=4928
is_linear=0
shrinkage=0.0321881


Tree=881
num_leaves=4
num_cat=1
split_feature=18 13 41
split_gain=6.17904 6.45082 5.94808
threshold=-1.6256033271865491 37.383087270816397 0
decision_type=2 8 9
left_child=1 -1 -2
right_child=2 -3 -4
leaf_value=-0.0031549110868272197 0.0068034610976581986 -0.025998293771205227 9.2660440155574654e-06
leaf_weight=103.07192932237376 138.67884013549883 16.555119429382103 1490.0592012545471
leaf_count=2985 2069 1830 48369
internal_value=0.000114866 -0.00689272 0.000669586
internal_weight=1748.37 119.627 1628.74
internal_count=55253 4815 50438
cat_boundaries=0 1
cat_threshold=530
is_linear=0
shrinkage=0.0321881


Tree=882
num_leaves=4
num_cat=0
split_feature=16 12 12
split_gain=7.56803 31.5435 27.3871
threshold=160.92441352496181 27.239075825415707 33.169481792695571
decision_type=10 10 10
left_child=2 -2 -1
right_child=1 -3 -4
leaf_value=0.0003333646784722409 -0.028931241710067102 0.0050136004864150064 -0.012264147574846371
leaf_weight=1029.5014938102145 29.568399274343392 473.12444321893781 214.01494456326327
leaf_count=31288 828 7715 15483
internal_value=-0.000406372 0.00287763 -0.00178544
internal_weight=1746.21 502.693 1243.52
internal_count=55314 8543 46771
is_linear=0
shrinkage=0.0321881


Tree=883
num_leaves=4
num_cat=1
split_feature=32 10 44
split_gain=7.40396 14.6532 15.0854
threshold=0.56476636605733566 7472.668658861101 0
decision_type=2 2 9
left_child=-1 2 -2
right_child=1 -3 -4
leaf_value=0.00068315757109005989 0.022115689406046635 -0.023661105591597665 -0.01561424906278055
leaf_weight=1664.2867111364094 14.257069404608044 37.266550868694139 9.577281703878727
leaf_count=48675 371 4803 1255
internal_value=0.000242452 -0.0106795 0.0070052
internal_weight=1725.39 61.1009 23.8344
internal_count=55104 6429 1626
cat_boundaries=0 1
cat_threshold=5
is_linear=0
shrinkage=0.0321881


Tree=884
num_leaves=4
num_cat=1
split_feature=14 44 13
split_gain=7.34721 14.6008 25.0898
threshold=258.0712258350182 0 21.423032932708278
decision_type=10 9 8
left_child=1 -1 -3
right_child=-2 2 -4
leaf_value=0.0057422881821348149 0.00061835055975222096 -0.00090093749621477 -0.018836574169453217
leaf_weight=109.37861602183875 1251.16210636089 242.38818590127994 127.51634985106102
leaf_count=18645 19781 4042 12560
internal_value=-0.000635969 -0.00404187 -0.00707294
internal_weight=1730.45 479.283 369.905
internal_count=55028 35247 16602
cat_boundaries=0 1
cat_threshold=394816
is_linear=0
shrinkage=0.0321881


Tree=885
num_leaves=4
num_cat=0
split_feature=15 30 4
split_gain=5.14876 5.2603 20.8135
threshold=1.3004689613386231 0.70782043976016518 260.88000019667879
decision_type=10 2 2
left_child=1 -1 -3
right_child=-2 2 -4
leaf_value=0.00070068635266799665 -0.016839934872556427 0.0076813089262778899 -0.0078990090271403666
leaf_weight=1294.0374422290479 19.683067112491699 120.65647403150433 310.46313421542982
leaf_count=35144 11704 2188 6373
internal_value=-0.000510282 -0.000284767 -0.0033891
internal_weight=1744.84 1725.16 431.12
internal_count=55409 43705 8561
is_linear=0
shrinkage=0.0321881


Tree=886
num_leaves=4
num_cat=0
split_feature=36 22 2
split_gain=7.4125 19.9207 21.3489
threshold=0.9066013681922277 467.64643176926103 30.602457480854653
decision_type=2 2 2
left_child=1 2 -1
right_child=-2 -3 -4
leaf_value=-0.013620339953281494 -0.0013118152394895504 0.037152884604593511 0.0086582352438877921
leaf_weight=62.432452828345959 1506.4488315965955 18.196496120865049 148.3558564000341
leaf_count=10302 40215 486 4038
internal_value=-0.000458019 0.00487663 0.00174993
internal_weight=1735.43 228.985 210.788
internal_count=55041 14826 14340
is_linear=0
shrinkage=0.0321881


Tree=887
num_leaves=4
num_cat=0
split_feature=2 16 1
split_gain=6.06053 16.3151 29.5332
threshold=39.971884004982677 85.136720033529414 6.8449470217183741
decision_type=2 8 2
left_child=1 -1 -3
right_child=-2 2 -4
leaf_value=-0.013848421830965216 0.0025322263325450534 0.023976833950459367 -0.001605649564434667
leaf_weight=103.5315783021897 513.78361338391551 48.582451541195951 1057.9594895095652
leaf_count=22711 6911 8159 17266
internal_value=-0.00034817 -0.00162404 -0.000420015
internal_weight=1723.86 1210.07 1106.54
internal_count=55047 48136 25425
is_linear=0
shrinkage=0.0321881


Tree=888
num_leaves=4
num_cat=0
split_feature=10 1 14
split_gain=7.06951 6.50934 5.78522
threshold=1852.0097197816112 35.642234119280495 296.00523946066011
decision_type=2 2 8
left_child=-1 2 -2
right_child=1 -3 -4
leaf_value=-0.023443069397978716 -0.0010829979720968401 -0.019296794064232944 0.0027440752502559903
leaf_weight=11.87422219502241 635.26019928691676 15.52034884286695 1064.7510667815259
leaf_count=880 36701 210 17461
internal_value=0.000842243 0.00105067 0.00127656
internal_weight=1727.41 1715.53 1700.01
internal_count=55252 54372 54162
is_linear=0
shrinkage=0.0321881


Tree=889
num_leaves=4
num_cat=0
split_feature=6 30 5
split_gain=6.57889 6.43682 23.4788
threshold=-40.067145913653157 -0.46527306028331278 2.8068663666780971
decision_type=2 2 2
left_child=-1 2 -2
right_child=1 -3 -4
leaf_value=-0.0065105772702209064 0.0015618270648029764 0.0022158682075277421 -0.012894870951670703
leaf_weight=149.12145213621898 456.42533381255544 969.4316858917382 153.75682699883328
leaf_count=5075 10318 36506 3296
internal_value=-1.88324e-05 0.000554581 -0.00198029
internal_weight=1728.74 1579.61 610.182
internal_count=55195 50120 13614
is_linear=0
shrinkage=0.0321881


Tree=890
num_leaves=4
num_cat=2
split_feature=32 44 44
split_gain=5.57162 48.0029 42.2626
threshold=-0.44347521516621685 0 1
decision_type=2 9 9
left_child=1 -1 -2
right_child=2 -3 -4
leaf_value=0.0056950666436234153 0.008184932898807314 -0.0086835913607517037 -0.0067410025215717869
leaf_weight=460.00065152530442 468.94458000040731 479.17909025965764 320.70920745685726
leaf_count=7725 17355 17936 12169
internal_value=3.21629e-05 -0.00160542 0.00206037
internal_weight=1728.83 939.18 789.654
internal_count=55185 25661 29524
cat_boundaries=0 1 2
cat_threshold=144450 262677
is_linear=0
shrinkage=0.0321881


Tree=891
num_leaves=4
num_cat=0
split_feature=32 5 4
split_gain=8.67858 38.0565 26.4205
threshold=-0.08836669571062572 4.5965564026476526 269.29944506497151
decision_type=2 2 2
left_child=-1 2 -2
right_child=1 -3 -4
leaf_value=-0.0013941092657361598 -0.010013262157936405 -0.032014785034335191 0.0099034459208514943
leaf_weight=1266.7403917647707 81.842494441424606 28.25821547626947 365.76207664190269
leaf_count=34600 3473 918 16305
internal_value=0 0.00370325 0.00611617
internal_weight=1742.6 475.863 447.605
internal_count=55296 20696 19778
is_linear=0
shrinkage=0.0321881


Tree=892
num_leaves=4
num_cat=0
split_feature=31 10 6
split_gain=5.57846 14.1257 6.86961
threshold=0.55178974197075792 6725.655005087513 9.0406176859729275
decision_type=2 2 2
left_child=2 -2 -1
right_child=1 -3 -4
leaf_value=-0.0021830933596984205 0.012840415752688275 -0.01642510328348247 0.001982502078092592
leaf_weight=821.93192546515866 20.643664685998374 64.415937258645499 815.71501946926492
leaf_count=28087 319 1223 25385
internal_value=-0.000526637 -0.0085598 -6.93282e-05
internal_weight=1722.71 85.0596 1637.65
internal_count=55014 1542 53472
is_linear=0
shrinkage=0.0321881


Tree=893
num_leaves=4
num_cat=1
split_feature=14 12 44
split_gain=6.86386 17.7404 17.421
threshold=477.08672232997924 39.911750017347217 0
decision_type=10 10 9
left_child=1 -1 -2
right_child=2 -3 -4
leaf_value=-0.00052404258583551493 0.0067002579613349251 -0.021151697310849153 -0.016476608948636715
leaf_weight=1385.5468181972501 278.02856716666429 44.732081923808892 27.359935275690077
leaf_count=45511 4129 4916 749
internal_value=-0.000247186 -0.0012171 0.00408438
internal_weight=1735.67 1430.28 305.389
internal_count=55305 50427 4878
cat_boundaries=0 1
cat_threshold=7
is_linear=0
shrinkage=0.0321881


Tree=894
num_leaves=4
num_cat=0
split_feature=30 5 22
split_gain=5.47581 23.8149 21.982
threshold=-0.42690215557752093 2.2171135793474805 150.4481925632268
decision_type=2 2 2
left_child=-1 -2 -3
right_child=1 2 -4
leaf_value=-0.0026160881204347541 -0.0021903015138093566 -0.016916858305343969 0.010985668704825724
leaf_weight=696.87543259818176 714.0814169623236 30.52726901790993 301.14013064580649
leaf_count=15969 29367 2660 7101
internal_value=-0.000379593 0.00105014 0.00821532
internal_weight=1742.62 1045.75 331.667
internal_count=55097 39128 9761
is_linear=0
shrinkage=0.0321881


Tree=895
num_leaves=4
num_cat=1
split_feature=10 10 41
split_gain=7.37254 13.2784 22.6603
threshold=3403.878165402813 5148.1322057545576 0
decision_type=2 2 9
left_child=-1 2 -2
right_child=1 -3 -4
leaf_value=-0.0098629961721045812 0.024464659740090714 -0.0005591409133431321 0
leaf_weight=75.740728055973705 51.609885322211994 1494.0793960845867 124.10377572334073
leaf_count=2903 1536 48607 2432
internal_value=-2.37589e-05 0.00038574 0.00877191
internal_weight=1745.53 1669.79 175.714
internal_count=55478 52575 3968
cat_boundaries=0 1
cat_threshold=8
is_linear=0
shrinkage=0.0321881


Tree=896
num_leaves=4
num_cat=0
split_feature=30 1 10
split_gain=7.25151 19.293 15.4281
threshold=0.6988526258145219 8.4253697825265217 13201.898220196095
decision_type=2 2 2
left_child=-1 2 -2
right_child=1 -3 -4
leaf_value=0.0010270840052730374 0.0024010926665094796 -0.0052981221987935621 0.071858076204573462
leaf_weight=1307.8310351560276 12.665415079129163 419.31300422991626 5.6286459903076311
leaf_count=45332 2406 6940 634
internal_value=-0.000135065 -0.00375241 0.0278541
internal_weight=1745.44 437.607 18.2941
internal_count=55312 9980 3040
is_linear=0
shrinkage=0.0321881


Tree=897
num_leaves=4
num_cat=0
split_feature=32 4 1
split_gain=5.97993 30.7649 27.4135
threshold=-0.11403987505030383 368.08681937224594 22.922780627986111
decision_type=2 2 2
left_child=-1 -2 -3
right_child=1 2 -4
leaf_value=-0.0011591081732848403 -0.010714089551799538 0.012906177368798146 -0.0064940946711911987
leaf_weight=1234.6295452204222 123.39891740879693 278.69221575888923 98.415404252576991
leaf_count=33796 4779 14829 1722
internal_value=7.01963e-06 0.00300996 0.00767351
internal_weight=1735.14 500.507 377.108
internal_count=55126 21330 16551
is_linear=0
shrinkage=0.0321881


Tree=898
num_leaves=4
num_cat=0
split_feature=1 30 10
split_gain=6.95413 5.05232 19.1479
threshold=35.642234119280495 0.92793024641227884 11803.987735007779
decision_type=2 2 2
left_child=1 -1 -3
right_child=-2 2 -4
leaf_value=0.0013162985624525928 -0.021672011739322938 -0.011409678892549438 0.00934934923418697
leaf_weight=1518.4330965803006 14.228158934711244 132.325483064129 67.416024471731362
leaf_count=51042 193 2750 1384
internal_value=0.000428166 0.000651206 -0.00408189
internal_weight=1732.4 1718.17 199.742
internal_count=55369 55176 4134
is_linear=0
shrinkage=0.0321881


Tree=899
num_leaves=4
num_cat=1
split_feature=31 10 44
split_gain=7.59125 22.4163 37.9424
threshold=-0.44580724692767498 9870.3486186253213 0
decision_type=2 2 9
left_child=1 2 -1
right_child=-2 -3 -4
leaf_value=0.014756104375360046 0.0021190340658983069 -0.0075127444861045828 -0.0033896974218447138
leaf_weight=161.88164327909726 759.93508734832676 446.46510165666268 373.61995811309862
leaf_count=9015 13690 22677 9917
internal_value=-0.000254166 -0.00215568 0.00219314
internal_weight=1741.9 981.967 535.502
internal_count=55299 41609 18932
cat_boundaries=0 1
cat_threshold=266820
is_linear=0
shrinkage=0.0321881


Tree=900
num_leaves=4
num_cat=0
split_feature=30 30 4
split_gain=6.64946 8.65144 19.3478
threshold=-0.97407467903996514 0.70782043976016518 189.59921806625132
decision_type=2 2 2
left_child=-1 -2 -3
right_child=1 2 -4
leaf_value=-0.0069926737805323007 0.0019403604242914008 0.0087185224948612989 -0.0072480678697470257
leaf_weight=133.82059763886446 1164.5542708258886 100.03830321288842 329.94962167539325
leaf_count=2421 42962 1862 7914
internal_value=-7.66951e-05 0.000464737 -0.00338258
internal_weight=1728.36 1594.54 429.988
internal_count=55159 52738 9776
is_linear=0
shrinkage=0.0321881


Tree=901
num_leaves=4
num_cat=0
split_feature=11 0 5
split_gain=5.93641 15.1211 15.7026
threshold=25.202681123443803 884.9534504784217 1.3931687899062928
decision_type=8 2 2
left_child=-1 -2 -3
right_child=1 2 -4
leaf_value=0.001189823042163898 -0.0086842505927307179 -0.0030501794733229725 0.012612779052430001
leaf_weight=1178.7488660384925 252.61546483718985 196.96555474452907 97.317425833818561
leaf_count=33422 16972 3056 1708
internal_value=-5.81888e-05 -0.00286383 0.00191918
internal_weight=1725.65 546.898 294.283
internal_count=55158 21736 4764
is_linear=0
shrinkage=0.0321881


Tree=902
num_leaves=4
num_cat=0
split_feature=39 2 16
split_gain=7.39413 6.90971 8.72367
threshold=-0.050180320557827222 26.411321495617265 169.3872464554814
decision_type=2 2 8
left_child=-1 2 -2
right_child=1 -3 -4
leaf_value=-0.008794804759086592 -0.0042137065954396449 0.0015141763701124477 0.0038331884310603762
leaf_weight=96.172700624553727 230.2500269555303 1281.6828273814717 134.06493146852517
leaf_count=3318 29591 18878 3671
internal_value=-0.00010296 0.000367392 -0.00349071
internal_weight=1742.17 1646 364.315
internal_count=55458 52140 33262
is_linear=0
shrinkage=0.0321881


Tree=903
num_leaves=4
num_cat=0
split_feature=11 10 21
split_gain=6.54201 12.1939 17.8887
threshold=26.884467138654916 12578.077861596204 92.241925991541464
decision_type=8 2 2
left_child=1 2 -1
right_child=-2 -3 -4
leaf_value=-0.0067448444295420554 -0.003953147914166376 -0.0049112933866948122 0.0043936571241243684
leaf_weight=175.04875818339406 360.87937521332333 286.35799754542768 902.31873074561008
leaf_count=10645 15150 10348 19085
internal_value=-6.69895e-05 0.000915206 0.0025237
internal_weight=1724.6 1363.73 1077.37
internal_count=55228 40078 29730
is_linear=0
shrinkage=0.0321881


Tree=904
num_leaves=4
num_cat=0
split_feature=0 1 16
split_gain=7.16928 11.5482 29.4334
threshold=59.565486246613858 7.3953442159659675 96.371356798198278
decision_type=2 2 10
left_child=-1 2 -2
right_child=1 -3 -4
leaf_value=-0.0096079362683584787 -0.011253296047336183 0.00032156253856625763 0.034080582072527316
leaf_weight=69.775751013948593 22.835521119504847 1620.1931030537562 34.744000115661038
leaf_count=18085 9454 24787 3017
internal_value=0.000410364 0.000866264 0.0150275
internal_weight=1747.55 1677.77 57.5795
internal_count=55343 37258 12471
is_linear=0
shrinkage=0.0321881


Tree=905
num_leaves=4
num_cat=0
split_feature=37 13 16
split_gain=6.26977 5.72293 22.2912
threshold=-0.024598470949276811 20.284654078892782 85.684954433832374
decision_type=2 8 8
left_child=-1 -2 -3
right_child=1 2 -4
leaf_value=-0.0087185026483339919 0.0044653486292467112 -0.02296038024969627 0.0003263767876421734
leaf_weight=80.336122389933735 305.79177606843587 43.685928906150821 1306.3470401608511
leaf_count=2644 6026 19369 27296
internal_value=1.05432e-05 0.000473701 -0.000383889
internal_weight=1736.16 1655.82 1350.03
internal_count=55335 52691 46665
is_linear=0
shrinkage=0.0321881


Tree=906
num_leaves=4
num_cat=0
split_feature=8 16 1
split_gain=7.24062 13.9038 20.675
threshold=762.59630270954301 93.226256987177024 7.3953442159659675
decision_type=2 8 2
left_child=1 -1 -3
right_child=-2 2 -4
leaf_value=-0.019134099927917148 0.0025473942140259516 0.020643638014918302 -0.0018613589906574853
leaf_weight=45.084264500123027 736.11917967562476 43.891998903987769 913.26270232691604
leaf_count=21205 13300 6159 14580
internal_value=8.94668e-05 -0.00165246 -0.000757971
internal_weight=1738.36 1002.24 957.155
internal_count=55244 41944 20739
is_linear=0
shrinkage=0.0321881


Tree=907
num_leaves=4
num_cat=0
split_feature=10 10 4
split_gain=6.51272 7.19083 27.3372
threshold=1852.0097197816112 10375.612113214591 1803.8652755559488
decision_type=2 2 2
left_child=-1 2 -2
right_child=1 -3 -4
leaf_value=-0.022336844736904098 0.0037208972666078356 -0.0020548604873769404 -0.016710292228537059
leaf_weight=13.026078888956361 902.7609611651751 743.65815268169763 72.357066884249434
leaf_count=885 24953 26974 2411
internal_value=7.561e-05 0.000285575 0.00213584
internal_weight=1731.8 1718.78 975.118
internal_count=55223 54338 27364
is_linear=0
shrinkage=0.0321881


Tree=908
num_leaves=4
num_cat=0
split_feature=31 14 10
split_gain=7.05143 17.2775 9.81099
threshold=0.48293586773733516 328.53739360317417 8341.5824211915042
decision_type=2 8 2
left_child=2 -2 -1
right_child=1 -3 -4
leaf_value=-0.0029092071514795832 -0.029300578554199111 0 0.0023501171153267227
leaf_weight=554.15260507752737 28.622978653097562 79.282566634712566 1068.4790613931559
leaf_count=16600 598 1373 36695
internal_value=0 -0.00797395 0.000514571
internal_weight=1730.54 107.906 1622.63
internal_count=55266 1971 53295
is_linear=0
shrinkage=0.0321881


Tree=909
num_leaves=4
num_cat=0
split_feature=14 3 5
split_gain=5.62937 17.0773 14.6883
threshold=281.0811329800776 159.97300016246598 1.8882266904828697
decision_type=10 2 2
left_child=1 -1 -3
right_child=-2 2 -4
leaf_value=0.0040449916409589226 0.00094012054222371332 -0.0013238409155122092 -0.01476283188714122
leaf_weight=216.32151940015956 1151.6436424050135 209.05316996325382 155.74551623609659
leaf_count=10944 17912 16410 9882
internal_value=-0.000321542 -0.00293078 -0.00724177
internal_weight=1732.76 581.12 364.799
internal_count=55148 37236 26292
is_linear=0
shrinkage=0.0321881


Tree=910
num_leaves=4
num_cat=0
split_feature=5 19 14
split_gain=7.82796 10.7646 7.48628
threshold=5.3371275850235866 51.365710171308628 296.00523946066011
decision_type=2 2 8
left_child=2 -2 -1
right_child=1 -3 -4
leaf_value=-0.0029472203983296075 -0.002722631726891188 0.027103027593113574 0.0015035454217823231
leaf_weight=616.319504104933 17.395461861609874 25.908196448202943 1067.5493263821336
leaf_count=36569 599 479 17554
internal_value=0.000223022 0.0137093 -8.78622e-05
internal_weight=1727.17 43.3037 1683.87
internal_count=55201 1078 54123
is_linear=0
shrinkage=0.0321881


Tree=911
num_leaves=4
num_cat=1
split_feature=42 2 10
split_gain=6.03661 14.5155 6.37113
threshold=0 37.286918844184747 13010.026855818238
decision_type=9 2 2
left_child=1 -1 -2
right_child=2 -3 -4
leaf_value=-0.0046796506860461986 0.00069821585246283228 0.022417945372854329 -0.0044342996659160975
leaf_weight=33.345709658235137 1372.0165310761249 42.310759329237044 304.76133488940468
leaf_count=775 42157 468 11992
internal_value=0.000193225 0.00853364 -0.000195986
internal_weight=1752.43 75.6565 1676.78
internal_count=55392 1243 54149
cat_boundaries=0 1
cat_threshold=131652
is_linear=0
shrinkage=0.0321881


Tree=912
num_leaves=4
num_cat=0
split_feature=36 28 32
split_gain=6.12521 16.7341 31.6048
threshold=0.88853647084974352 0.50658429561466789 -0.13292918145108887
decision_type=2 2 2
left_child=-1 2 -2
right_child=1 -3 -4
leaf_value=0.0051481810614122225 -0.014457179512653247 0.001283264678167089 -0.0025190900273241732
leaf_weight=209.4837629383087 268.66397029036489 1107.9763689986321 139.01629295977546
leaf_count=14420 9433 26264 5206
internal_value=0 -0.000720896 -0.00632144
internal_weight=1725.14 1515.66 407.68
internal_count=55323 40903 14639
is_linear=0
shrinkage=0.0321881


Tree=913
num_leaves=4
num_cat=0
split_feature=13 16 2
split_gain=6.73858 27.7522 15.6151
threshold=20.979211237868817 86.775316041583224 12.767618462269715
decision_type=8 8 2
left_child=-1 -2 -3
right_child=1 2 -4
leaf_value=0.0036361396427874969 -0.027260740923282838 0.021561398219447442 -0.0010719628802243011
leaf_weight=353.18465281878525 41.335594177659459 31.999675602064599 1301.1452241080697
leaf_count=7035 20529 7321 20542
internal_value=-0.000280387 -0.00133356 -0.000477187
internal_weight=1727.67 1374.48 1333.14
internal_count=55427 48392 27863
is_linear=0
shrinkage=0.0321881


Tree=914
num_leaves=4
num_cat=1
split_feature=14 44 10
split_gain=7.90192 18.8066 19.3114
threshold=477.08672232997924 0 13303.411122680578
decision_type=10 9 2
left_child=-1 2 -2
right_child=1 -3 -4
leaf_value=-0.001272830529982872 0.0027856627331377618 -0.016779522632994967 0.024432099076889834
leaf_weight=1426.2914032434514 217.81845709299523 27.856510292906023 56.028018625074765
leaf_count=50232 3323 754 811
internal_value=-0.000236731 0.00444761 0.00720138
internal_weight=1727.99 301.703 273.846
internal_count=55120 4888 4134
cat_boundaries=0 1
cat_threshold=7
is_linear=0
shrinkage=0.0321881


Tree=915
num_leaves=4
num_cat=0
split_feature=13 10 32
split_gain=6.80345 6.63861 34.6675
threshold=41.561160923758031 7885.9603567828744 0.20811135985086163
decision_type=10 2 2
left_child=1 2 -1
right_child=-2 -3 -4
leaf_value=-0.0068044015552890715 -0.012573338017012209 0.0017277469193796953 0.014550935992375421
leaf_weight=413.14475102977303 42.859257208408508 1184.1511568526616 95.911609156237319
leaf_count=9262 8794 33847 3408
internal_value=1.55518e-05 0.000373534 -0.00265087
internal_weight=1736.07 1693.21 509.056
internal_count=55311 46517 12670
is_linear=0
shrinkage=0.0321881


Tree=916
num_leaves=4
num_cat=0
split_feature=30 32 22
split_gain=7.7321 11.5497 12.7704
threshold=-0.91654824606251417 -0.11403987505030383 298.27595072913863
decision_type=2 2 2
left_child=1 2 -1
right_child=-2 -3 -4
leaf_value=-0.025188735867901407 0.00085154550055273944 0.0043056013912320095 -0.004211686483251641
leaf_weight=44.589561394794146 1483.4162479174784 79.217625117046737 124.83273765186459
leaf_count=1057 51049 1661 1621
internal_value=0 -0.00527883 -0.0101354
internal_weight=1732.06 248.64 169.422
internal_count=55388 4339 2678
is_linear=0
shrinkage=0.0321881


Tree=917
num_leaves=4
num_cat=1
split_feature=0 12 42
split_gain=6.04534 11.7061 8.61969
threshold=1390.4772449000318 40.213338253186016 0
decision_type=2 10 9
left_child=2 -2 -1
right_child=1 -3 -4
leaf_value=0.011071454283486345 -0.011801169319238608 0.0081469351446746378 -0.00018383606360735164
leaf_weight=63.351315945041279 113.58152446374879 37.579856312248012 1511.5541084602241
leaf_count=981 2532 692 51112
internal_value=-0.000252816 -0.00641623 0.000299196
internal_weight=1726.07 151.161 1574.91
internal_count=55317 3224 52093
cat_boundaries=0 1
cat_threshold=580
is_linear=0
shrinkage=0.0321881


Tree=918
num_leaves=4
num_cat=0
split_feature=10 1 25
split_gain=5.302 10.0789 5.94279
threshold=2700.9472781792688 20.151102400990954 5.553499082981868
decision_type=2 2 2
left_child=1 -1 -2
right_child=2 -3 -4
leaf_value=-0.034630236697223961 0.00077613578541929748 0 -0.0079067510636194414
leaf_weight=12.922678415180597 1611.0273695977421 22.04791195152211 85.192087461938627
leaf_count=1311 44240 434 9220
internal_value=8.1659e-06 -0.0123146 0.000301452
internal_weight=1731.19 34.9706 1696.22
internal_count=55205 1745 53460
is_linear=0
shrinkage=0.0321881


Tree=919
num_leaves=4
num_cat=0
split_feature=38 25 10
split_gain=6.29738 5.87021 13.9711
threshold=-0.030575416242016446 15.4234992976257 10375.612113214591
decision_type=2 2 2
left_child=-1 -2 -3
right_child=1 2 -4
leaf_value=-0.0056487668185594905 0.00054942580800592397 -0.0024095699552063032 0.036308059796714982
leaf_weight=171.85304858849031 1534.1890458803973 6.4392566892802305 15.408882254155285
leaf_count=6327 45119 1994 2001
internal_value=0.000147754 0.000829627 0.0174045
internal_weight=1727.89 1556.04 21.8481
internal_count=55441 49114 3995
is_linear=0
shrinkage=0.0321881


Tree=920
num_leaves=4
num_cat=1
split_feature=42 2 35
split_gain=6.7177 15.4523 5.68048
threshold=0 37.286918844184747 -0.0040315805505155089
decision_type=9 2 2
left_child=1 -1 -2
right_child=2 -3 -4
leaf_value=-0.0043542587925727129 -0.0084956611864130966 0.024454415786537002 9.6823197032916639e-05
leaf_weight=32.146326864287403 83.109434425125073 38.551212304577348 1580.8387432301893
leaf_count=756 2807 451 50988
internal_value=0.000108852 0.00919069 -0.000293459
internal_weight=1734.65 70.6975 1663.95
internal_count=55002 1207 53795
cat_boundaries=0 1
cat_threshold=131652
is_linear=0
shrinkage=0.0321881


Tree=921
num_leaves=4
num_cat=0
split_feature=34 25 33
split_gain=7.50068 6.0812 11.0991
threshold=-0.034269761762374319 15.4234992976257 0.25830925115466696
decision_type=2 2 2
left_child=-1 -2 -3
right_child=1 2 -4
leaf_value=-0.0092637563082476546 0.00013911688217456379 0.030611106601530973 -0.019094234402852781
leaf_weight=87.188578997836885 1602.2729123697432 17.171486760507836 4.5059450560893302
leaf_count=3041 47449 581 3643
internal_value=-4.72892e-05 0.000409599 0.017278
internal_weight=1711.14 1623.95 21.6774
internal_count=54714 51673 4224
is_linear=0
shrinkage=0.0321881


Tree=922
num_leaves=4
num_cat=0
split_feature=14 15 12
split_gain=6.13458 17.9588 13.1999
threshold=625.6022057944333 1.033181445573051 39.911750017347217
decision_type=10 10 10
left_child=2 -2 -1
right_child=1 -3 -4
leaf_value=-7.047394279010197e-05 -0.0030577974614238099 0.026680651014408988 -0.014396758019420718
leaf_weight=1574.6506053243775 48.484924718912225 33.152687995490851 69.814994395863323
leaf_count=48534 953 570 5285
internal_value=-0.000255643 0.00828319 -0.000719402
internal_weight=1726.1 81.6376 1644.47
internal_count=55342 1523 53819
is_linear=0
shrinkage=0.0321881


Tree=923
num_leaves=4
num_cat=0
split_feature=10 22 10
split_gain=6.20321 4.96346 10.1688
threshold=1852.0097197816112 860.02152159692434 9678.0596217168277
decision_type=2 2 2
left_child=-1 -2 -3
right_child=1 2 -4
leaf_value=-0.023589610588696217 -0.00044400538803801169 0.027926546411006233 0.0054231096354889416
leaf_weight=11.614010195725312 1673.4653424358753 21.803252748213708 16.000886459514732
leaf_count=890 53377 357 519
internal_value=-0.000344259 -0.000146039 0.0112902
internal_weight=1722.88 1711.27 37.8041
internal_count=55143 54253 876
is_linear=0
shrinkage=0.0321881


Tree=924
num_leaves=4
num_cat=1
split_feature=13 42 33
split_gain=6.19536 6.60534 13.5075
threshold=42.0679064816863 0 -0.73566344650327198
decision_type=10 9 2
left_child=1 2 -1
right_child=-2 -3 -4
leaf_value=-0.018336471703701635 -0.014686925784041644 0.0008737659773061868 0.0017173109710505753
leaf_weight=59.124333883206418 29.052466650861788 1567.5404821991697 71.988388145684439
leaf_count=998 7372 45514 1291
internal_value=0 0.000243786 -0.00637249
internal_weight=1727.71 1698.65 131.113
internal_count=55175 47803 2289
cat_boundaries=0 1
cat_threshold=17504
is_linear=0
shrinkage=0.0321881


Tree=925
num_leaves=4
num_cat=1
split_feature=34 5 44
split_gain=6.33794 6.00374 28.8197
threshold=0.99723050004309388 1.1933804447768981 0
decision_type=2 2 9
left_child=1 -1 -3
right_child=-2 2 -4
leaf_value=-0.0014574361529154779 -0.012456627476889132 0.015672844622189847 -0.00024162358612315335
leaf_weight=859.48013139599971 40.508874031638697 130.04905349493492 700.17235481761963
leaf_count=29500 1524 3321 20947
internal_value=4.35787e-05 0.000382653 0.00236416
internal_weight=1730.21 1689.7 830.221
internal_count=55292 53768 24268
cat_boundaries=0 1
cat_threshold=5636
is_linear=0
shrinkage=0.0321881


Tree=926
num_leaves=4
num_cat=0
split_feature=10 4 5
split_gain=5.57716 23.4359 8.3117
threshold=17028.649055687976 1585.1294700266974 1.0462811516860249
decision_type=2 2 2
left_child=2 -2 -1
right_child=1 -3 -4
leaf_value=-0.0036325052983719494 -0.010435943945939941 0.04460691005525632 0.0011253156631958231
leaf_weight=567.02881858207957 15.376526956262753 13.880093648331238 1132.0299808039185
leaf_count=20125 652 221 34208
internal_value=-0.000148082 0.0136668 -0.00042532
internal_weight=1728.32 29.2566 1699.06
internal_count=55206 873 54333
is_linear=0
shrinkage=0.0321881


Tree=927
num_leaves=4
num_cat=1
split_feature=13 44 10
split_gain=6.37972 18.4241 46.3956
threshold=36.997541478182292 0 6798.3997516080062
decision_type=10 9 2
left_child=-1 2 -2
right_child=1 -3 -4
leaf_value=0.00092674542185650099 0.038846136563694018 -0.0083891743934565218 -0.017031105355967323
leaf_weight=1430.7805158918964 32.019300229949295 232.3692353876977 27.441297234079684
leaf_count=35418 352 19054 646
internal_value=5.14826e-06 -0.00429226 0.0103009
internal_weight=1722.61 291.83 59.4606
internal_count=55470 20052 998
cat_boundaries=0 1
cat_threshold=580
is_linear=0
shrinkage=0.0321881


Tree=928
num_leaves=4
num_cat=1
split_feature=36 44 22
split_gain=7.43669 14.9198 19.162
threshold=0.9066013681922277 0 455.59209459291395
decision_type=2 9 2
left_child=1 -1 -3
right_child=-2 2 -4
leaf_value=0.0085292680423725009 -0.001066018514790215 -0.034095391058693393 0.018007755202323086
leaf_weight=195.58041357951697 1500.4188785295355 21.72592513962309 9.0158011106541363
leaf_count=6370 40236 8112 278
internal_value=-0.000210063 0.0051786 -0.0126534
internal_weight=1726.74 226.322 30.7417
internal_count=54996 14760 8390
cat_boundaries=0 1
cat_threshold=12359
is_linear=0
shrinkage=0.0321881


Tree=929
num_leaves=4
num_cat=0
split_feature=31 15 10
split_gain=7.49809 16.7236 12.9927
threshold=-0.78336330935828302 0.3467749868240228 5463.5471636650454
decision_type=2 8 2
left_child=-1 -2 -3
right_child=1 2 -4
leaf_value=-0.0026868398312476171 0.021549336319930106 0.0090963526984380837 -0.00049851120735751623
leaf_weight=589.61927943602632 42.708308161716559 171.46808476239949 927.13910485563338
leaf_count=30603 639 3312 20733
internal_value=0.000217472 0.00177392 0.000942708
internal_weight=1730.93 1141.32 1098.61
internal_count=55287 24684 24045
is_linear=0
shrinkage=0.0321881


Tree=930
num_leaves=4
num_cat=1
split_feature=41 4 30
split_gain=6.23468 10.0862 6.80844
threshold=0 788.58217261038328 0.6586594247197961
decision_type=9 2 2
left_child=1 -1 -2
right_child=2 -3 -4
leaf_value=-0.016206782023402238 0.0022599516266647037 0.0063073399234838531 -0.0023958485072595585
leaf_weight=57.971659417437877 1202.0882364875024 26.805851690495729 434.9674634881485
leaf_count=1590 42381 894 10314
internal_value=0.000486631 -0.00746321 0.000977859
internal_weight=1721.83 84.7775 1637.06
internal_count=55179 2484 52695
cat_boundaries=0 1
cat_threshold=64
is_linear=0
shrinkage=0.0321881


Tree=931
num_leaves=4
num_cat=1
split_feature=31 42 30
split_gain=5.87338 7.94099 7.14249
threshold=-0.95880987548668395 0 -0.49430034793469679
decision_type=2 9 2
left_child=1 -1 -2
right_child=2 -3 -4
leaf_value=0.010609455693558031 -0.0018688635814598589 -0.0070754278542884382 0.0025755663269651078
leaf_weight=19.32080122134721 649.12011397994775 197.50113357996088 862.39528111287291
leaf_count=652 14349 13088 27205
internal_value=-4.87939e-05 -0.00503343 0.00062478
internal_weight=1728.34 216.822 1511.52
internal_count=55294 13740 41554
cat_boundaries=0 1
cat_threshold=262692
is_linear=0
shrinkage=0.0321881


Tree=932
num_leaves=4
num_cat=1
split_feature=32 6 41
split_gain=5.76517 31.7291 24.4267
threshold=-0.059593443124336003 75.892601610712589 0
decision_type=2 2 9
left_child=-1 2 -2
right_child=1 -3 -4
leaf_value=-0.00080390345859570223 0.017720341078127252 -0.031090674598357685 0.00040128100380998935
leaf_weight=1274.4056131309403 113.3952101896416 25.181836830288375 304.19453895730294
leaf_count=35051 7410 1140 11508
internal_value=0.000255215 0.00344619 0.00569775
internal_weight=1717.18 442.772 417.59
internal_count=55109 20058 18918
cat_boundaries=0 1
cat_threshold=520
is_linear=0
shrinkage=0.0321881


Tree=933
num_leaves=4
num_cat=0
split_feature=32 22 7
split_gain=6.20647 28.8505 33.4911
threshold=-0.2034925928638831 279.60194685674765 2847.037164188217
decision_type=2 2 2
left_child=1 -1 -3
right_child=-2 2 -4
leaf_value=-0.011087501982964152 0.0026870495195174763 -0.0041680015610316874 0.0083270895082049184
leaf_weight=251.13887477682829 568.3896935290104 507.2154784299164 392.01115881074293
leaf_count=9796 23474 13280 8632
internal_value=-2.57628e-05 -0.00142178 0.00120909
internal_weight=1718.76 1150.37 899.227
internal_count=55182 31708 21912
is_linear=0
shrinkage=0.0321881


Tree=934
num_leaves=4
num_cat=0
split_feature=17 14 21
split_gain=5.67657 16.075 18.2858
threshold=5.6568942605737398 550.46253222998985 93.58438577301564
decision_type=8 10 2
left_child=-1 -2 -3
right_child=1 2 -4
leaf_value=0.0010957465451152705 -0.01054940836792354 -0.012665340948974965 0.027923571243603076
leaf_weight=1556.6203376666535 137.79313518863592 16.819560358104354 27.773527161800303
leaf_count=33584 20762 655 371
internal_value=0.000432497 -0.00487348 0.0112075
internal_weight=1739.01 182.386 44.5931
internal_count=55372 21788 1026
is_linear=0
shrinkage=0.0321881


Tree=935
num_leaves=4
num_cat=1
split_feature=30 10 44
split_gain=6.65552 21.1212 31.7007
threshold=-0.68348974502489523 5463.5471636650454 0
decision_type=2 2 9
left_child=1 -1 -3
right_child=-2 2 -4
leaf_value=0.011311918207856791 0.0016523882574641156 0.0020898560986209371 -0.015042846885678607
leaf_weight=89.144814131480416 1203.6235350931702 237.63615258786012 192.94104666663452
leaf_count=1453 44984 2786 5975
internal_value=0.000304982 -0.00269231 -0.00574415
internal_weight=1723.35 519.722 430.577
internal_count=55198 10214 8761
cat_boundaries=0 1
cat_threshold=6
is_linear=0
shrinkage=0.0321881


Tree=936
num_leaves=4
num_cat=0
split_feature=30 10 5
split_gain=6.16713 24.3264 22.631
threshold=-0.49430034793469679 5463.5471636650454 1.877873627971552
decision_type=2 2 2
left_child=1 -1 -3
right_child=-2 2 -4
leaf_value=0.011058213627392581 0.0013990918450871653 -0.00029173902740937388 -0.014238466553250695
leaf_weight=109.2063737991175 1069.2803414749133 341.19531130681025 194.80637177882272
leaf_count=2040 40821 7751 4465
internal_value=-6.207e-05 -0.00258191 -0.00548342
internal_weight=1714.49 645.208 536.002
internal_count=55077 14256 12216
is_linear=0
shrinkage=0.0321881


Tree=937
num_leaves=4
num_cat=0
split_feature=33 29 21
split_gain=9.11958 22.4268 47.5884
threshold=-0.67058950410137164 7.8038021562211846 251.74809448213981
decision_type=2 2 2
left_child=1 -1 -3
right_child=-2 2 -4
leaf_value=-0.00035052110680735995 0.0020866639436227081 -0.031581447788844773 0.0031477694064393253
leaf_weight=802.23132731500118 762.03183178315112 78.176482462800777 79.14443516182655
leaf_count=22576 27259 3258 1963
internal_value=-0.000495711 -0.00261288 -0.0137273
internal_weight=1721.58 959.552 157.321
internal_count=55056 27797 5221
is_linear=0
shrinkage=0.0321881


Tree=938
num_leaves=4
num_cat=0
split_feature=35 10 33
split_gain=5.73862 6.91364 22.8638
threshold=0.0031288293971899546 8298.9759854256736 -0.60646758878816776
decision_type=2 2 2
left_child=1 2 -1
right_child=-2 -3 -4
leaf_value=-0.0087149811289415954 -0.0064292958976145996 0.0016162395281807207 0.0046603390283704825
leaf_weight=305.72250483097741 154.42602879756578 1027.7220239618468 226.77123820533052
leaf_count=8137 5641 34257 7229
internal_value=-0.000511843 3.3921e-05 -0.00289978
internal_weight=1714.64 1560.22 532.494
internal_count=55264 49623 15366
is_linear=0
shrinkage=0.0321881


Tree=939
num_leaves=4
num_cat=1
split_feature=13 44 16
split_gain=6.61938 27.905 38.7937
threshold=36.722445453937887 0 184.22990185382113
decision_type=8 9 8
left_child=-1 2 -2
right_child=1 -3 -4
leaf_value=0.0012934183057571847 0.0044420882940194523 -0.0080326786421190538 0.079299478434193008
leaf_weight=1391.7785525060176 45.152084715407909 275.05752800087203 8.8703499678085773
leaf_count=33306 1929 19767 205
internal_value=0.000288363 -0.00376678 0.0153677
internal_weight=1720.86 329.08 54.0224
internal_count=55207 21901 2134
cat_boundaries=0 1
cat_threshold=131588
is_linear=0
shrinkage=0.0321881


Tree=940
num_leaves=4
num_cat=2
split_feature=41 44 3
split_gain=6.27149 13.3076 11.0958
threshold=0 1 123.49564184996699
decision_type=9 9 2
left_child=1 -1 -3
right_child=-2 2 -4
leaf_value=0.0059161712490385454 0.00080405989439442818 0.0033739850229730947 -0.028667153810527767
leaf_weight=34.887410445677233 1651.086214662535 10.772383558234649 40.410884465137315
leaf_count=548 52949 254 1670
internal_value=0.000309859 -0.00761894 -0.0173301
internal_weight=1737.16 86.0707 51.1833
internal_count=55421 2472 1924
cat_boundaries=0 1 2
cat_threshold=64 518
is_linear=0
shrinkage=0.0321881


Tree=941
num_leaves=4
num_cat=1
split_feature=10 44 10
split_gain=4.76138 37.9877 32.8675
threshold=8524.7120210179328 0 9638.6574860622859
decision_type=2 9 2
left_child=-1 -2 -3
right_child=1 2 -4
leaf_value=-0.0030303472945779281 0.002641546157841514 0.0067162092767901688 -0.028662174630101789
leaf_weight=618.88102788251126 983.94432947355472 36.637715431063953 82.276344577700911
leaf_count=18174 29748 1245 6338
internal_value=-0.000757052 0.000461268 -0.0159012
internal_weight=1721.74 1102.86 118.914
internal_count=55505 37331 7583
cat_boundaries=0 1
cat_threshold=422915
is_linear=0
shrinkage=0.0321881


Tree=942
num_leaves=4
num_cat=0
split_feature=30 5 22
split_gain=6.90095 22.5151 30.3142
threshold=-0.58555852298651812 2.2599968823303187 177.96063546487025
decision_type=2 2 2
left_child=-1 -2 -3
right_child=1 2 -4
leaf_value=-0.0019272379141813687 -0.00065169246634292353 -0.014512842277960434 0.012950115804889065
leaf_weight=591.87691341695745 772.70530698182529 45.999075066595196 302.60082947570118
leaf_count=12383 32315 3268 7203
internal_value=0.000825731 0.00233577 0.00913629
internal_weight=1713.18 1121.31 348.6
internal_count=55169 42786 10471
is_linear=0
shrinkage=0.0321881


Tree=943
num_leaves=4
num_cat=0
split_feature=30 10 5
split_gain=7.47076 17.3632 11.6099
threshold=0.88741921528336942 9038.9361489327184 2.2599968823303187
decision_type=2 2 2
left_child=-1 -2 -3
right_child=1 2 -4
leaf_value=0.0011211177544350678 -0.015855145631322096 -0.0046820952577742055 0.013143828282890168
leaf_weight=1462.5869042545937 94.160190294875065 106.23458448571364 57.191510223496152
leaf_count=49772 2078 2453 868
internal_value=0.00019527 -0.00481089 0.00117697
internal_weight=1720.17 257.586 163.426
internal_count=55171 5399 3321
is_linear=0
shrinkage=0.0321881


Tree=944
num_leaves=4
num_cat=0
split_feature=14 1 16
split_gain=7.29161 16.8905 31.1554
threshold=195.25741797120489 6.8449470217183741 98.359823286837965
decision_type=10 2 10
left_child=-1 2 -2
right_child=1 -3 -4
leaf_value=-0.0053291751665548092 -0.022979248345351554 0.00026477303968357982 0.039706170991952006
leaf_weight=226.19698101738913 9.9241213704690363 1456.1273070461721 28.582342696683554
leaf_count=19379 10001 22532 3264
internal_value=1.51166e-05 0.000867243 0.0218648
internal_weight=1720.83 1494.63 38.5065
internal_count=55176 35797 13265
is_linear=0
shrinkage=0.0321881


Tree=945
num_leaves=4
num_cat=0
split_feature=30 14 30
split_gain=6.13179 9.26473 6.72786
threshold=-0.99397968025326267 283.56758746318309 0.70782043976016518
decision_type=2 10 2
left_child=1 -1 -2
right_child=2 -3 -4
leaf_value=-0.022724492577039158 0.0015129814153698059 -0.00050053894779335739 -0.0031564969775870685
leaf_weight=30.618486079655668 1188.6869678020621 69.885020837595221 434.37980974658421
leaf_count=736 43775 1064 9835
internal_value=-0.000216389 -0.00794087 0.000223778
internal_weight=1723.57 100.504 1623.07
internal_count=55410 1800 53610
is_linear=0
shrinkage=0.0321881


Tree=946
num_leaves=4
num_cat=1
split_feature=30 5 44
split_gain=6.13382 26.8918 26.2017
threshold=-0.17990904175148995 2.2171135793474805 0
decision_type=2 2 9
left_child=-1 2 -2
right_child=1 -3 -4
leaf_value=-0.0016813380054633406 0.015965498741594773 0.010217173093850259 -0.0040243131198001202
leaf_weight=807.67429780385555 66.578646524105807 292.82966565952029 550.3142445041035
leaf_count=22047 10356 8342 14224
internal_value=0.000316024 0.0021593 -0.00156489
internal_weight=1717.4 909.723 616.893
internal_count=54969 32922 24580
cat_boundaries=0 1
cat_threshold=406592
is_linear=0
shrinkage=0.0321881


Tree=947
num_leaves=4
num_cat=0
split_feature=13 2 31
split_gain=5.85064 16.1139 16.1238
threshold=18.379975496926868 44.904592357042816 -0.65354487316406251
decision_type=10 2 2
left_child=1 -1 -3
right_child=-2 2 -4
leaf_value=-0.0018910523249844732 -0.00076032981392319134 0 0.024845863801652688
leaf_weight=153.24363271717448 1447.9427474779964 46.941987914615311 61.443524647635058
leaf_count=4778 48971 607 808
internal_value=2.85542e-06 0.00446667 0.0140266
internal_weight=1709.57 261.629 108.386
internal_count=55164 6193 1415
is_linear=0
shrinkage=0.0321881


Tree=948
num_leaves=4
num_cat=1
split_feature=31 32 44
split_gain=8.26215 8.92918 17.2894
threshold=-0.8801218606185669 -0.72138383341592283 0
decision_type=2 2 9
left_child=1 -1 -3
right_child=-2 2 -4
leaf_value=0.0011229395655365443 0.0013483878213642457 -0.018581448520387362 -0.00022472667334388536
leaf_weight=185.44627545784306 1305.6710704894281 85.666968727165113 146.755687034728
leaf_count=7689 31102 4787 11715
internal_value=5.12675e-05 -0.00384784 -0.00808481
internal_weight=1723.54 417.869 232.423
internal_count=55293 24191 16502
cat_boundaries=0 1
cat_threshold=529490
is_linear=0
shrinkage=0.0321881


Tree=949
num_leaves=4
num_cat=0
split_feature=3 4 0
split_gain=5.38232 17.0052 12.9075
threshold=98.96965728931373 218.12058797901543 441.10713549349356
decision_type=2 2 2
left_child=1 -1 -2
right_child=2 -3 -4
leaf_value=0.011472052382225376 -0.0025384045994134717 -0.010017774147755173 0.0034390844608164594
leaf_weight=47.8440956835002 644.95803250960626 157.13678043675827 873.57193053506126
leaf_count=922 37600 3264 13496
internal_value=0.000161681 -0.00468406 0.000858356
internal_weight=1723.51 204.981 1518.53
internal_count=55282 4186 51096
is_linear=0
shrinkage=0.0321881


Tree=950
num_leaves=4
num_cat=0
split_feature=30 15 31
split_gain=5.5972 9.51245 7.06654
threshold=0.97175552524746311 1.1596972362251918 -0.3916345642423984
decision_type=2 10 2
left_child=2 -2 -1
right_child=1 -3 -4
leaf_value=-0.0010720821340410123 -0.010936680532503028 0.011739945170254536 0.0033847558828958126
leaf_weight=1001.8099697894086 102.91840852695896 20.827733095042277 574.34470152370704
leaf_count=42633 1866 719 10082
internal_value=0 -0.0065911 0.000511833
internal_weight=1699.9 123.746 1576.15
internal_count=55300 2585 52715
is_linear=0
shrinkage=0.0321881


Tree=951
num_leaves=4
num_cat=0
split_feature=14 15 17
split_gain=6.87783 12.6377 10.4051
threshold=625.6022057944333 1.033181445573051 6.1037273489797315
decision_type=10 10 10
left_child=2 -2 -1
right_child=1 -3 -4
leaf_value=-0.00016500217611415397 -0.00020989589762737766 0.024300804664542163 -0.02408461663804121
leaf_weight=1628.0697693175839 48.140048291781568 33.351018023269717 18.931211672281734
leaf_count=42996 943 586 10802
internal_value=0 0.00908339 -0.000482035
internal_weight=1728.49 81.4911 1647
internal_count=55327 1529 53798
is_linear=0
shrinkage=0.0321881


Tree=952
num_leaves=4
num_cat=0
split_feature=2 32 29
split_gain=5.80948 20.9667 18.2939
threshold=28.981390972669683 -0.1232622387441243 7.8667239836881153
decision_type=2 2 2
left_child=1 2 -1
right_child=-2 -3 -4
leaf_value=-0.019079347151295209 0.00095415744018538604 0.0060457580433247319 -0.0025256185450821811
leaf_weight=104.38346582572194 1208.7811980997649 165.81639530339589 238.8951341196298
leaf_count=6863 17755 15220 15681
internal_value=-0.000220498 -0.00313377 -0.00775435
internal_weight=1717.88 509.095 343.279
internal_count=55519 37764 22544
is_linear=0
shrinkage=0.0321881


Tree=953
num_leaves=4
num_cat=1
split_feature=37 44 39
split_gain=7.22258 8.56735 6.67398
threshold=0.015867892928531694 0 -0.057276840268244984
decision_type=2 9 2
left_child=2 -2 -1
right_child=1 -3 -4
leaf_value=-0.010216937761896992 0.014625008137174732 -0.0066125614339241877 0.0013996788342174661
leaf_weight=51.931492317869925 10.845483432907713 230.62211893471158 1426.6339041574297
leaf_count=1864 669 8157 44657
internal_value=6.74901e-05 -0.00505026 0.000947027
internal_weight=1720.03 241.468 1478.57
internal_count=55347 8826 46521
cat_boundaries=0 1
cat_threshold=140352
is_linear=0
shrinkage=0.0321881


Tree=954
num_leaves=4
num_cat=2
split_feature=25 41 44
split_gain=7.00025 7.85269 11.6335
threshold=-1.2897815431425057 0 1
decision_type=2 9 9
left_child=-1 2 -2
right_child=1 -3 -4
leaf_value=-0.0070320624175298843 0.0046235249271890247 0.0014791551674114153 -0.017913088731351921
leaf_weight=122.76792079183815 33.375712332534022 1521.7668378970593 45.890471531996354
leaf_count=3339 532 49683 1825
internal_value=0.000309522 0.000913213 -0.00826874
internal_weight=1723.8 1601.03 79.2662
internal_count=55379 52040 2357
cat_boundaries=0 1 2
cat_threshold=64 518
is_linear=0
shrinkage=0.0321881


Tree=955
num_leaves=4
num_cat=1
split_feature=9 44 11
split_gain=5.81248 5.84588 20.788
threshold=24.78617688536983 0 23.616156429794927
decision_type=10 9 10
left_child=1 2 -1
right_child=-2 -3 -4
leaf_value=0.024497203160913743 -0.021004525715504103 0 -0.013765201049989352
leaf_weight=41.402268286764865 12.963818001746402 1654.8762629743333 20.275437212472752
leaf_count=8916 429 36598 9456
internal_value=0.000189108 0.000389145 0.00937214
internal_weight=1729.52 1716.55 61.6777
internal_count=55399 54970 18372
cat_boundaries=0 1
cat_threshold=394240
is_linear=0
shrinkage=0.0321881


Tree=956
num_leaves=4
num_cat=0
split_feature=11 12 16
split_gain=5.00067 13.8904 21.6033
threshold=25.420290912716712 30.881955216533488 173.53395826599319
decision_type=8 8 8
left_child=-1 -2 -3
right_child=1 2 -4
leaf_value=0.0014601732392946173 0.0088786340111626071 -0.010985878151160963 0.0032251251694523954
leaf_weight=1191.7840018395127 91.457895727714913 251.21388292155689 188.51266388628937
leaf_count=34180 7204 9962 3824
internal_value=0.000269677 -0.00228097 -0.00475033
internal_weight=1722.97 531.184 439.727
internal_count=55170 20990 13786
is_linear=0
shrinkage=0.0321881


Tree=957
num_leaves=4
num_cat=1
split_feature=32 44 10
split_gain=7.46741 34.7531 38.7231
threshold=-0.36088339992162849 0 9870.3486186253213
decision_type=2 9 2
left_child=-1 2 -2
right_child=1 -3 -4
leaf_value=-0.0017280982378329816 0.017121663733379623 -0.0057200037921715371 -0.0021447643103198639
leaf_weight=995.2713851786184 241.11664695161744 295.50313475385701 186.1245448910945
leaf_count=27563 7621 11465 8607
internal_value=4.21492e-05 0.00256777 0.00838666
internal_weight=1718.02 722.744 427.241
internal_count=55256 27693 16228
cat_boundaries=0 1
cat_threshold=262677
is_linear=0
shrinkage=0.0321881


Tree=958
num_leaves=4
num_cat=0
split_feature=14 0 33
split_gain=6.37641 12.2687 11.7654
threshold=625.6022057944333 1725.2644726033075 -0.94169204484372659
decision_type=8 2 2
left_child=1 -1 -2
right_child=2 -3 -4
leaf_value=0.00011471150427982891 -0.012079384299734191 -0.021507015274011766 0.014711947581564832
leaf_weight=1596.5116405402737 19.315861878509168 27.358305852165358 73.45893296002032
leaf_count=51640 495 879 2246
internal_value=0.000217839 -0.00021343 0.0084326
internal_weight=1716.64 1623.87 92.7748
internal_count=55260 52519 2741
is_linear=0
shrinkage=0.0321881


Tree=959
num_leaves=4
num_cat=0
split_feature=7 22 33
split_gain=7.6351 17.2966 23.9019
threshold=1597.2642134543587 298.27595072913863 -0.76219270329065714
decision_type=2 2 2
left_child=-1 -2 -3
right_child=1 2 -4
leaf_value=-0.0024357196072316381 -0.0039632973015304588 0.00070380820865948237 0.011567999309262646
leaf_weight=856.17161988733324 322.33035224687683 237.25402463861246 309.81864173538088
leaf_count=28843 13105 6700 6582
internal_value=-0.000246173 0.00183689 0.00537091
internal_weight=1725.57 869.403 547.073
internal_count=55230 26387 13282
is_linear=0
shrinkage=0.0321881


Tree=960
num_leaves=4
num_cat=0
split_feature=0 33 11
split_gain=7.84207 10.8326 9.88662
threshold=1390.4772449000318 -0.58490782681436249 22.076445794832775
decision_type=2 2 10
left_child=-1 2 -2
right_child=1 -3 -4
leaf_value=0.00091962452246678161 -0.034720098303188805 0.0027871084434069908 -0.0069869074696049301
leaf_weight=1554.5847441562132 20.154796208720654 60.584040374789765 67.294036600069376
leaf_count=51966 461 1462 1273
internal_value=0.000208965 -0.00681408 -0.0141817
internal_weight=1702.62 148.033 87.4488
internal_count=55162 3196 1734
is_linear=0
shrinkage=0.0321881


Tree=961
num_leaves=4
num_cat=1
split_feature=3 31 42
split_gain=6.69741 8.74762 16.9395
threshold=73.794624413481046 -0.78336330935828302 0
decision_type=2 2 9
left_child=-1 2 -2
right_child=1 -3 -4
leaf_value=-0.0095202830887863282 0.013245822663354943 0.0018808308117715536 -0.0048130080941163871
leaf_weight=78.060382642614059 48.750278596870885 1048.5285726449715 532.2589382983565
leaf_count=1726 1448 22694 29044
internal_value=-0.000315529 8.76489e-05 -0.00303832
internal_weight=1707.6 1629.54 581.009
internal_count=54912 53186 30492
cat_boundaries=0 1
cat_threshold=262692
is_linear=0
shrinkage=0.0321881


Tree=962
num_leaves=4
num_cat=0
split_feature=0 2 3
split_gain=6.16933 13.1979 27.5451
threshold=80.895075911532658 12.767618462269715 139.41742791143949
decision_type=2 2 2
left_child=-1 2 -2
right_child=1 -3 -4
leaf_value=-0.0080626831494794594 0.082336045351239187 0.00012801861673644466 0.0014062707497474636
leaf_weight=90.834989164875878 6.0501648043182312 1594.4984972249331 20.049158928211455
leaf_count=22085 1029 24903 7199
internal_value=4.6592e-05 0.000541528 0.0231573
internal_weight=1711.43 1620.6 26.0993
internal_count=55216 33131 8228
is_linear=0
shrinkage=0.0321881


Tree=963
num_leaves=4
num_cat=0
split_feature=31 30 30
split_gain=6.29653 12.4438 19.4308
threshold=-0.43532334272854623 -0.92277501319486743 0.78341772756679517
decision_type=2 2 2
left_child=-1 -2 -3
right_child=1 2 -4
leaf_value=-0.0020515146165615387 -0.0043520552181526145 0.011627340043110517 -0.00072184491226826453
leaf_weight=977.38637441641822 222.22048589355836 230.91991334651357 287.08698280538101
leaf_count=41677 3800 3785 5921
internal_value=-0.000324308 0.00187018 0.00466314
internal_weight=1717.61 740.227 518.007
internal_count=55183 13506 9706
is_linear=0
shrinkage=0.0321881


Tree=964
num_leaves=4
num_cat=0
split_feature=14 15 0
split_gain=9.411 15.2431 10.7795
threshold=625.6022057944333 1.033181445573051 1725.2644726033075
decision_type=10 10 2
left_child=2 -2 -1
right_child=1 -3 -4
leaf_value=-0.00082686545733713765 -0.00041581538373196454 0.027229817173543426 -0.021354767008352152
leaf_weight=1596.4584883154439 45.72511549340561 31.963678924861597 27.087190924641618
leaf_count=52748 916 544 902
internal_value=-0.000652224 0.0101893 -0.00121164
internal_weight=1701.23 77.6888 1623.55
internal_count=55110 1460 53650
is_linear=0
shrinkage=0.0321881


Tree=965
num_leaves=4
num_cat=0
split_feature=22 26 8
split_gain=6.40494 8.44824 6.93544
threshold=860.02152159692434 0.98531411567857308 716.15748333853855
decision_type=2 2 2
left_child=2 -2 -1
right_child=1 -3 -4
leaf_value=-0.0021994427848421477 0.0063921778441715493 0.029175244388264528 0.001957023803321919
leaf_weight=930.68193258810015 18.897917189169675 18.565219941257965 743.59711264450061
leaf_count=40513 477 403 13788
internal_value=0 0.0130997 -0.00031538
internal_weight=1711.74 37.4631 1674.28
internal_count=55181 880 54301
is_linear=0
shrinkage=0.0321881


Tree=966
num_leaves=4
num_cat=1
split_feature=29 10 44
split_gain=6.04945 5.43019 45.3093
threshold=3.7830608200706077 7595.8535359319603 0
decision_type=2 2 9
left_child=-1 2 -2
right_child=1 -3 -4
leaf_value=-0.022455181722847873 0.012064638057615269 0.0012793485650876154 -0.0090740700109178379
leaf_weight=12.162873088382637 138.78529086230265 1215.4035992478402 340.82403199567125
leaf_count=5307 1794 37136 11088
internal_value=-2.76276e-05 9.885e-05 -0.00275913
internal_weight=1707.18 1695.01 479.609
internal_count=55325 50018 12882
cat_boundaries=0 1
cat_threshold=580
is_linear=0
shrinkage=0.0321881


Tree=967
num_leaves=4
num_cat=1
split_feature=31 32 41
split_gain=7.10121 7.31364 27.7354
threshold=-0.95880987548668395 -0.11403987505030383 0
decision_type=2 2 9
left_child=-1 -2 -3
right_child=1 2 -4
leaf_value=-0.0056969601089339166 -0.00076714913397486306 0.016998526012271222 -0.00073186128338331876
leaf_weight=209.77275084465691 1074.8036383983017 114.5893546048992 323.30047666509972
leaf_count=13663 25927 5844 10081
internal_value=-0.000120199 0.000611831 0.00414051
internal_weight=1722.47 1512.69 437.89
internal_count=55515 41852 15925
cat_boundaries=0 1
cat_threshold=520
is_linear=0
shrinkage=0.0321881


Tree=968
num_leaves=4
num_cat=0
split_feature=16 12 12
split_gain=6.40003 29.2223 23.0927
threshold=160.92441352496181 26.829848075982145 32.981560301844816
decision_type=10 10 8
left_child=2 -2 -1
right_child=1 -3 -4
leaf_value=0.001153733385978751 -0.030827450781484921 0.0053067545833799619 -0.01031406391608301
leaf_weight=985.25245758754863 23.77572654071264 471.54890120792334 221.53798372710344
leaf_count=29530 735 7874 17034
internal_value=0.000322671 0.00342986 -0.000900324
internal_weight=1702.12 495.325 1206.79
internal_count=55173 8609 46564
is_linear=0
shrinkage=0.0321881


Tree=969
num_leaves=4
num_cat=0
split_feature=11 0 12
split_gain=5.97976 14.5279 15.01
threshold=25.202681123443803 852.37954857800287 30.881955216533488
decision_type=10 2 10
left_child=-1 -2 -3
right_child=1 2 -4
leaf_value=0.0018925371400615846 -0.0085310940737234591 0.018034029560959734 -0.0007854450138908047
leaf_weight=1185.6997507217607 221.85124991427983 51.514984512788942 257.58836953240825
leaf_count=34612 15533 1101 3848
internal_value=0.000592273 -0.00219105 0.00215651
internal_weight=1716.65 530.955 309.103
internal_count=55094 20482 4949
is_linear=0
shrinkage=0.0321881


Tree=970
num_leaves=4
num_cat=0
split_feature=30 4 30
split_gain=6.21689 9.59113 8.11964
threshold=-0.96747441913289334 1031.1379382193634 0.81179995890154666
decision_type=2 2 2
left_child=1 -1 -2
right_child=2 -3 -4
leaf_value=-0.013687200577562064 0.0013957210567369868 0.0024740606604711744 -0.00423424830230517
leaf_weight=86.746012958791653 1220.6597285843968 57.385566372069206 337.88513492392212
leaf_count=1693 45173 944 7346
internal_value=-0.000418084 -0.00681796 0.000133851
internal_weight=1702.68 144.132 1558.54
internal_count=55156 2637 52519
is_linear=0
shrinkage=0.0321881


Tree=971
num_leaves=4
num_cat=0
split_feature=7 24 36
split_gain=5.7226 4.87962 6.21603
threshold=29169.022129817862 10.694579018863937 0.92267411664705701
decision_type=2 2 2
left_child=1 -1 -3
right_child=-2 2 -4
leaf_value=-0.017714315885941662 -0.017770671926800232 0.0053266286227213449 -0.00018233458216267148
leaf_weight=14.839028121396039 17.872852007176789 245.39601676528173 1431.9421392620825
leaf_count=7049 869 8624 38731
internal_value=0.000156287 0.000385728 0.000586303
internal_weight=1710.05 1692.18 1677.34
internal_count=55273 54404 47355
is_linear=0
shrinkage=0.0321881


Tree=972
num_leaves=4
num_cat=0
split_feature=29 10 10
split_gain=5.22663 21.903 14.6767
threshold=5.6687347361596752 8097.3903537265496 16408.530569244391
decision_type=2 2 2
left_child=1 -1 -3
right_child=-2 2 -4
leaf_value=0.0085317201241789913 0.00036662398413740525 -0.029281866834016648 0.018159988212078024
leaf_weight=42.04993310311238 1620.5856325088457 44.010368436374847 6.0713603992880953
leaf_count=2808 46164 6065 328
internal_value=-2.04283e-05 -0.00750167 -0.0222063
internal_weight=1712.72 92.1317 50.0817
internal_count=55365 9201 6393
is_linear=0
shrinkage=0.0321881


Tree=973
num_leaves=4
num_cat=1
split_feature=36 22 44
split_gain=6.97565 19.9209 21.5105
threshold=0.86415656182753497 455.59209459291395 0
decision_type=2 2 9
left_child=1 2 -1
right_child=-2 -3 -4
leaf_value=0.0063748864342461683 -0.001051232409954084 0.042182816822587191 -0.022981873909914789
leaf_weight=172.65393186666552 1501.3607777757752 14.046010031044714 19.594243761575399
leaf_count=5949 40836 338 8085
internal_value=-0.000252948 0.00524293 0.00216452
internal_weight=1707.65 206.294 192.248
internal_count=55208 14372 14034
cat_boundaries=0 1
cat_threshold=12367
is_linear=0
shrinkage=0.0321881


Tree=974
num_leaves=4
num_cat=0
split_feature=31 21 31
split_gain=5.89081 14.5038 6.77952
threshold=0.5164288074897504 256.10438141077287 -0.44580724692767498
decision_type=2 2 2
left_child=2 -2 -1
right_child=1 -3 -4
leaf_value=-0.0015994295398648968 -0.015414245908963502 0.014138909432649643 0.0026530602302709131
leaf_weight=960.62723976000007 72.232245689723641 20.256531941093272 649.82572764009365
leaf_count=41592 1517 220 11989
internal_value=-0.000338067 -0.00823514 7.70648e-05
internal_weight=1702.94 92.4888 1610.45
internal_count=55318 1737 53581
is_linear=0
shrinkage=0.0321881


Tree=975
num_leaves=4
num_cat=0
split_feature=32 4 22
split_gain=5.67793 26.064 22.9282
threshold=-0.17572174112781699 359.75645266309022 279.60194685674765
decision_type=2 2 2
left_child=2 -2 -1
right_child=1 -3 -4
leaf_value=-0.010121326507645804 -0.0092994794917778626 0.0065786550117473645 0.00076969853205378783
leaf_weight=254.68241895946267 142.43116190349429 410.5175853311498 897.64868029334866
leaf_count=10130 5053 17792 22315
internal_value=-0.000263764 0.00237132 -0.0015837
internal_weight=1705.28 552.949 1152.33
internal_count=55290 22845 32445
is_linear=0
shrinkage=0.0321881


Tree=976
num_leaves=4
num_cat=1
split_feature=30 5 44
split_gain=7.69765 21.9182 29.6403
threshold=-0.58555852298651812 2.0143928081341111 0
decision_type=2 2 9
left_child=1 2 -1
right_child=-2 -3 -4
leaf_value=0.0050510242545931169 0.0014744873800695861 -0.012394954827535939 -0.016598959560438362
leaf_weight=340.40475757181412 1117.4511510274665 181.47226970461952 69.999623551065724
leaf_count=4564 42831 3880 3994
internal_value=-5.92615e-05 -0.00306195 0.000914576
internal_weight=1709.33 591.877 410.404
internal_count=55269 12438 8558
cat_boundaries=0 1
cat_threshold=7
is_linear=0
shrinkage=0.0321881


Tree=977
num_leaves=4
num_cat=2
split_feature=44 41 15
split_gain=5.84548 15.8888 14.8526
threshold=0 1 1.2735365734213813
decision_type=9 9 8
left_child=1 -1 -2
right_child=2 -3 -4
leaf_value=-0.010544968749940037 -0.00021227606817195277 0.012932775450829976 -0.029290911381587733
leaf_weight=31.435398960270959 1564.3210161465472 95.969286439988537 18.26458619041432
leaf_count=5201 28910 16536 4696
internal_value=-2.12317e-06 0.00632377 -0.000588728
internal_weight=1709.99 127.405 1582.59
internal_count=55343 21737 33606
cat_boundaries=0 1 2
cat_threshold=398340 784
is_linear=0
shrinkage=0.0321881


Tree=978
num_leaves=4
num_cat=0
split_feature=25 3 23
split_gain=5.12707 6.28675 9.06439
threshold=-1.3836566663443686 73.794624413481046 26.129263755940073
decision_type=2 2 2
left_child=-1 2 -2
right_child=1 -3 -4
leaf_value=-0.0072835524675448973 -0.019782805816700152 0.00062189650008426917 0.0010473739991344125
leaf_weight=101.73308686783002 38.864259029637651 1527.2106155454826 36.605257184346556
leaf_count=2874 1195 50620 477
internal_value=-0.000272221 0.000134112 -0.00886649
internal_weight=1704.41 1602.68 75.4695
internal_count=55166 52292 1672
is_linear=0
shrinkage=0.0321881


Tree=979
num_leaves=4
num_cat=0
split_feature=31 21 25
split_gain=5.47945 12.4189 11.8373
threshold=-0.43532334272854623 264.86402371243844 1.360301158856464
decision_type=2 2 2
left_child=-1 2 -2
right_child=1 -3 -4
leaf_value=-0.0015496862062640685 0.0032740750605141432 0.010123721579589677 -0.006418817030171285
leaf_weight=981.6452628629736 378.88240515672624 157.69160990924865 198.79377142671774
leaf_count=41884 5835 2080 5570
internal_value=0 0.00212417 0
internal_weight=1717.01 735.368 577.676
internal_count=55369 13485 11405
is_linear=0
shrinkage=0.0321881


Tree=980
num_leaves=4
num_cat=0
split_feature=33 25 7
split_gain=5.90188 10.7996 7.39622
threshold=0.33006599651090129 15.4234992976257 936.96690296135762
decision_type=2 2 2
left_child=1 2 -1
right_child=-2 -3 -4
leaf_value=-0.0026154964195729863 -0.019135092507908159 0.025072757537824484 0.0017258757405124157
leaf_weight=711.22068999560543 16.38964216550221 17.579386349570996 944.14771994015791
leaf_count=21441 7878 683 25194
internal_value=-2.28919e-05 0.000128964 -0.000101009
internal_weight=1689.34 1672.95 1655.37
internal_count=55196 47318 46635
is_linear=0
shrinkage=0.0321881


Tree=981
num_leaves=4
num_cat=1
split_feature=44 29 16
split_gain=4.91143 25.8727 13.6185
threshold=0 8.4714136604811525 92.639773115720047
decision_type=9 2 8
left_child=1 2 -1
right_child=-2 -3 -4
leaf_value=0 -0.0010298040071563183 -0.024461609642028998 0.028046395555299367
leaf_weight=23.410481539793182 1622.5832031414161 18.917180818952147 42.814685275121519
leaf_count=10883 36934 5044 2330
internal_value=-0.000587948 0.00643325 0.0172404
internal_weight=1707.73 85.1423 66.2252
internal_count=55191 18257 13213
cat_boundaries=0 1
cat_threshold=393220
is_linear=0
shrinkage=0.0321881


Tree=982
num_leaves=4
num_cat=0
split_feature=18 14 10
split_gain=6.8989 5.31017 15.7494
threshold=-0.31671639316555417 477.08672232997924 13817.153235816777
decision_type=2 10 2
left_child=-1 -2 -3
right_child=1 2 -4
leaf_value=-0.0047204332173447433 -0.00019955459669938349 0.00062753114947769961 0.021633816222993069
leaf_weight=298.36319727064301 1170.0224974683983 197.51572602920351 47.398240209397045
leaf_count=12280 39341 3088 665
internal_value=-0.000247869 0.000650872 0.00496968
internal_weight=1713.3 1414.94 244.914
internal_count=55374 43094 3753
is_linear=0
shrinkage=0.0321881


Tree=983
num_leaves=4
num_cat=0
split_feature=25 7 5
split_gain=4.64392 4.95995 5.66436
threshold=-1.1682612693608736 29169.022129817862 5.3371275850235866
decision_type=2 2 2
left_child=-1 2 -2
right_child=1 -3 -4
leaf_value=-0.0057750742080917702 5.9907723461437832e-05 -0.017528328649744896 0.013886570023497321
leaf_weight=148.08992999764905 1512.9990089229318 15.875077689402131 31.348926649574423
leaf_count=3960 49549 822 892
internal_value=-0.000319598 0.000158195 0.000383901
internal_weight=1708.31 1560.22 1544.35
internal_count=55223 51263 50441
is_linear=0
shrinkage=0.0321881


Tree=984
num_leaves=4
num_cat=0
split_feature=31 2 4
split_gain=5.8058 13.7726 44.5378
threshold=-0.78336330935828302 12.767618462269715 469.68279349301264
decision_type=2 2 2
left_child=-1 2 -2
right_child=1 -3 -4
leaf_value=-0.0033203782059640567 0.082736986920272426 0.00010957788320404631 -0.012854593187113655
leaf_weight=574.26531382006328 8.4076774543445953 1102.5781949636621 9.8664312211567431
leaf_count=30577 1357 17455 5747
internal_value=-0.000671052 0.000629924 0.0281811
internal_weight=1695.12 1120.85 18.2741
internal_count=55136 24559 7104
is_linear=0
shrinkage=0.0321881


Tree=985
num_leaves=4
num_cat=0
split_feature=1 0 13
split_gain=5.31612 4.83593 4.67413
threshold=35.642234119280495 18.518467270689403 20.979211237868817
decision_type=2 2 8
left_child=1 -1 -3
right_child=-2 2 -4
leaf_value=-0.0130944204092371 -0.019660290434897826 0.0033313284141353993 -0.00092513767390262015
leaf_weight=29.876555200798521 14.759975372173356 333.74429913607491 1329.4589242477928
leaf_count=10102 210 6017 39019
internal_value=-0.000509583 -0.000302288 -3.23769e-05
internal_weight=1707.84 1693.08 1663.2
internal_count=55348 55138 45036
is_linear=0
shrinkage=0.0321881


Tree=986
num_leaves=4
num_cat=0
split_feature=38 30 10
split_gain=5.80649 5.67944 16.2109
threshold=-0.04867274702761739 -0.53554186408412063 5062.0128595555425
decision_type=2 2 2
left_child=-1 2 -2
right_child=1 -3 -4
leaf_value=-0.011733587389429919 0.010382953515352344 0.0014106991641736125 -0.0047942930404188721
leaf_weight=44.687157013203432 83.041368819738636 1052.9825897470216 504.70661436659429
leaf_count=1764 1580 40456 11366
internal_value=-0.000316687 0 -0.00253829
internal_weight=1685.42 1640.73 587.748
internal_count=55166 53402 12946
is_linear=0
shrinkage=0.0321881


Tree=987
num_leaves=4
num_cat=0
split_feature=30 4 4
split_gain=7.14188 17.7785 17.875
threshold=0.81179995890154666 208.07533044766845 2028.7364970068591
decision_type=2 2 2
left_child=-1 -2 -3
right_child=1 2 -4
leaf_value=0.0010854064678318253 0.0083542167606793713 -0.010849446061267866 0.022546960987974596
leaf_weight=1373.3228748884344 83.933518407937299 240.54096805905738 16.492852024628519
leaf_count=48067 1567 5535 290
internal_value=1.32059e-05 -0.00411641 -0.00844016
internal_weight=1714.29 340.967 257.034
internal_count=55459 7392 5825
is_linear=0
shrinkage=0.0321881


Tree=988
num_leaves=4
num_cat=1
split_feature=10 44 10
split_gain=6.76147 36.7012 40.9541
threshold=8298.9759854256736 0 9870.3486186253213
decision_type=2 9 2
left_child=-1 -2 -3
right_child=1 2 -4
leaf_value=-0.0022735525663861501 0.0041155031626263537 0.0067849516560406671 -0.029804987351224634
leaf_weight=585.11774515946081 994.93164140571571 50.184677425218069 75.742568470457627
leaf_count=17187 29671 1838 6521
internal_value=0.000480471 0.00197513 -0.0136509
internal_weight=1705.98 1120.86 125.927
internal_count=55217 38030 8359
cat_boundaries=0 1
cat_threshold=406531
is_linear=0
shrinkage=0.0321881


Tree=989
num_leaves=4
num_cat=0
split_feature=22 29 33
split_gain=6.14732 6.64337 14.6633
threshold=901.12307251692062 9.1163437712703441 -0.1214965854214292
decision_type=2 2 2
left_child=1 2 -1
right_child=-2 -3 -4
leaf_value=-0.0011488266282079736 0.013509478217973768 0.0039330806404742347 -0.019749879473517404
leaf_weight=1385.1934950882551 30.473594265058637 240.84594261929487 45.806253695124269
leaf_count=39342 656 8735 6485
internal_value=-0.000630929 -0.000928644 -0.00179192
internal_weight=1702.32 1671.85 1431
internal_count=55218 54562 45827
is_linear=0
shrinkage=0.0321881


Tree=990
num_leaves=4
num_cat=0
split_feature=2 32 33
split_gain=7.18579 23.5915 21.1798
threshold=28.981390972669683 -0.097105270184525236 -0.49839735902023335
decision_type=2 2 2
left_child=1 2 -1
right_child=-2 -3 -4
leaf_value=-0.015650358626831035 0.0012135290408312545 0.0066043534540086036 0
leaf_weight=183.81710823053072 1193.5507394489105 160.5393295410272 160.45416022784775
leaf_count=12443 17712 14765 10426
internal_value=-0.000109137 -0.0033616 -0.00819512
internal_weight=1698.36 504.811 344.271
internal_count=55346 37634 22869
is_linear=0
shrinkage=0.0321881


Tree=991
num_leaves=4
num_cat=1
split_feature=14 44 16
split_gain=5.27513 15.5379 26.2323
threshold=290.89995949003657 0 94.457006761414831
decision_type=10 9 8
left_child=1 2 -1
right_child=-2 -3 -4
leaf_value=-0.0050051033262929444 0.0014891946837258319 -0.004091620372507437 0.033816999648451133
leaf_weight=34.874352690053684 1071.2679207812762 557.57685672079879 32.489937711794482
leaf_count=15119 17136 20500 2638
internal_value=8.2347e-05 -0.00222703 0.0111763
internal_weight=1696.21 624.941 67.3643
internal_count=55393 38257 17757
cat_boundaries=0 1
cat_threshold=394304
is_linear=0
shrinkage=0.0321881


Tree=992
num_leaves=4
num_cat=0
split_feature=3 4 10
split_gain=7.31329 16.9163 14.2475
threshold=100.91732873398568 269.29944506497151 9081.0626661250571
decision_type=2 2 2
left_child=1 2 -1
right_child=-2 -3 -4
leaf_value=-0.010971769294958258 0.0010986256165063778 -0.011258349673497776 0.020956109526234796
leaf_weight=20.262579250349518 1500.2838504521417 149.21485514884625 37.965813077120401
leaf_count=424 50960 3254 687
internal_value=0.000279808 -0.0053299 0.00875684
internal_weight=1707.73 207.443 58.2284
internal_count=55325 4365 1111
is_linear=0
shrinkage=0.0321881


Tree=993
num_leaves=4
num_cat=1
split_feature=36 22 44
split_gain=7.67024 15.1875 19.3726
threshold=0.9066013681922277 471.03689711881043 0
decision_type=2 2 9
left_child=1 2 -1
right_child=-2 -3 -4
leaf_value=0.0065347745332229729 -0.00077597684512427411 0.034584715160864275 -0.020754829377889732
leaf_weight=187.30888801669607 1480.0730639981466 17.435249281566939 20.615776622207704
leaf_count=6201 40336 479 8259
internal_value=2.89523e-05 0.005593 0.00281935
internal_weight=1705.43 225.36 207.925
internal_count=55275 14939 14460
cat_boundaries=0 1
cat_threshold=12359
is_linear=0
shrinkage=0.0321881


Tree=994
num_leaves=4
num_cat=0
split_feature=31 10 36
split_gain=5.43355 12.3861 16.0784
threshold=-0.44580724692767498 10375.612113214591 0.88853647084974352
decision_type=2 2 2
left_child=1 -1 -3
right_child=-2 2 -4
leaf_value=0.0015195725830205794 0.0022696669278492246 0.009369671590327382 -0.008728070668392842
leaf_weight=572.20671330372033 739.0133518934299 56.74862208505283 328.37659329332382
leaf_count=21054 13668 5450 14998
internal_value=0.000163381 -0.00139621 -0.00589194
internal_weight=1696.35 957.332 385.125
internal_count=55170 41502 20448
is_linear=0
shrinkage=0.0321881


Tree=995
num_leaves=4
num_cat=0
split_feature=30 4 4
split_gain=5.09413 15.6224 15.2347
threshold=0.84731837916837005 208.07533044766845 2028.7364970068591
decision_type=2 2 2
left_child=-1 -2 -3
right_child=1 2 -4
leaf_value=0.00055990743764198136 0.0081207635773065112 -0.010999153364098593 0.018626528879134189
leaf_weight=1401.5706586729905 76.733773600770292 210.50116494649592 17.981607942256232
leaf_count=48840 1427 4877 279
internal_value=-0.000221185 -0.00401418 -0.00837225
internal_weight=1706.79 305.217 228.483
internal_count=55423 6583 5156
is_linear=0
shrinkage=0.0321881


Tree=996
num_leaves=4
num_cat=0
split_feature=29 14 30
split_gain=6.70169 12.4144 7.83951
threshold=5.8106660458157622 482.86233705629041 -0.93498550548690373
decision_type=2 10 2
left_child=1 -1 -2
right_child=2 -3 -4
leaf_value=-0.01318068013936333 -0.0053757727735135406 0.0094425998167081068 0.0015593235177479305
leaf_weight=93.724106397203286 189.82196678914624 30.808061898733285 1378.3205324460109
leaf_count=9563 3089 867 41634
internal_value=7.02252e-05 -0.0070661 0.000678541
internal_weight=1692.67 124.532 1568.14
internal_count=55153 10430 44723
is_linear=0
shrinkage=0.0321881


Tree=997
num_leaves=4
num_cat=0
split_feature=33 32 20
split_gain=4.92813 17.2938 29.1789
threshold=-0.58490782681436249 -0.40447031256035565 93.043778998150103
decision_type=2 2 2
left_child=1 2 -1
right_child=-2 -3 -4
leaf_value=-0.01938947118568303 0.0020304665632547569 0.0012785256875426534 0
leaf_weight=131.27560831760638 651.65044812851829 704.39940073933212 210.77094972574196
leaf_count=5039 24419 20262 5284
internal_value=-0.000125042 -0.00152834 -0.00749169
internal_weight=1698.1 1046.45 342.047
internal_count=55004 30585 10323
is_linear=0
shrinkage=0.0321881


Tree=998
num_leaves=4
num_cat=1
split_feature=31 13 44
split_gain=7.31891 8.71051 12.4843
threshold=-0.95366858293483625 38.738125723112866 0
decision_type=2 10 9
left_child=-1 -2 -3
right_child=1 2 -4
leaf_value=-0.005505350863969527 0.001523702772034653 0.0087224853658336068 -0.01206867761713065
leaf_weight=227.06633251162884 1329.6317218461118 30.745795303935665 102.80039160815159
leaf_count=14590 29367 5442 5822
internal_value=-9.94429e-05 0.000696716 -0.00704907
internal_weight=1690.24 1463.18 133.546
internal_count=55221 40631 11264
cat_boundaries=0 1
cat_threshold=279124
is_linear=0
shrinkage=0.0321881


Tree=999
num_leaves=4
num_cat=0
split_feature=31 4 20
split_gain=4.77677 11.4555 18.3427
threshold=-0.40277431163969413 2080.6902514340359 46.319092391195447
decision_type=2 2 2
left_child=-1 2 -2
right_child=1 -3 -4
leaf_value=-0.00084186916361052083 -0.0073785851828568642 0.026776546894888009 0.0048578666228853082
leaf_weight=997.00160292125156 165.36311527216003 19.877136692846761 515.74766502561033
leaf_count=42300 5596 300 6951
internal_value=0.000541764 0.00260013 0.00179203
internal_weight=1697.99 700.988 681.111
internal_count=55147 12847 12547
is_linear=0
shrinkage=0.0321881


Tree=1000
num_leaves=4
num_cat=1
split_feature=29 10 44
split_gain=6.79836 18.0898 16.7593
threshold=5.8106660458157622 7885.9603567828744 0
decision_type=2 2 9
left_child=1 2 -1
right_child=-2 -3 -4
leaf_value=0.017950439666592512 0.00058407239170245155 -0.017461606432514123 -0.01457197325516971
leaf_weight=33.790807822166244 1588.4489359246022 74.741304925930763 15.947302197524094
leaf_count=986 44937 7483 2008
internal_value=0 -0.00722022 0.0069048
internal_weight=1712.93 124.479 49.7381
internal_count=55414 10477 2994
cat_boundaries=0 1
cat_threshold=517
is_linear=0
shrinkage=0.0321881


Tree=1001
num_leaves=4
num_cat=0
split_feature=35 32 5
split_gain=4.88912 5.56817 31.7195
threshold=0.0027734918357567718 -0.10646858789764417 4.5965564026476526
decision_type=2 2 2
left_child=1 -1 -3
right_child=-2 2 -4
leaf_value=-0.00013476089815177969 -0.0043842781654822999 0.0064017953324428398 -0.031099012983372438
leaf_weight=1081.1429993071079 191.59373846799508 407.02454806507149 24.128748875781639
leaf_count=29819 7139 17569 827
internal_value=0.000394107 0.00104219 0.00413955
internal_weight=1703.89 1512.3 431.153
internal_count=55354 48215 18396
is_linear=0
shrinkage=0.0321881


Tree=1002
num_leaves=4
num_cat=0
split_feature=7 4 14
split_gain=6.93901 18.2578 9.65241
threshold=18058.933980119033 773.53405879323475 273.41166194557741
decision_type=2 2 10
left_child=-1 2 -2
right_child=1 -3 -4
leaf_value=0.00030370942487827052 -0.012408816422516625 -0.034150668647889515 0.022307910053494619
leaf_weight=1658.0862994436852 16.097171391254964 21.852488025085677 15.190576777466047
leaf_count=53766 445 938 320
internal_value=-2.66198e-05 -0.0114824 0.00246713
internal_weight=1711.23 53.1402 31.2877
internal_count=55469 1703 765
is_linear=0
shrinkage=0.0321881


Tree=1003
num_leaves=4
num_cat=1
split_feature=10 44 10
split_gain=5.66058 40.4896 33.2741
threshold=8341.5824211915042 0 9638.6574860622859
decision_type=2 9 2
left_child=-1 -2 -3
right_child=1 2 -4
leaf_value=-0.0021959791540479062 0.0039181288304849507 0.0056725454715972823 -0.029053651911281276
leaf_weight=581.84004878725591 989.15801057872864 40.862466380561273 77.379521944973931
leaf_count=17289 29555 1524 6804
internal_value=0.000326688 0.00170981 -0.0152415
internal_weight=1689.24 1107.4 118.242
internal_count=55172 37883 8328
cat_boundaries=0 1
cat_threshold=406531
is_linear=0
shrinkage=0.0321881


Tree=1004
num_leaves=4
num_cat=1
split_feature=15 44 32
split_gain=4.78731 6.7781 21.0388
threshold=1.3116908707298129 0 -0.76546309235970289
decision_type=10 9 2
left_child=1 2 -1
right_child=-2 -3 -4
leaf_value=-0.014404613097662656 -0.018800478259513712 -0.00034372811762194394 0.019831016501356928
leaf_weight=24.257085240895321 13.730554233560722 1594.2386914340632 61.722875195629513
leaf_count=3038 9896 34323 8300
internal_value=-1.11768e-06 0.000117236 0.0084414
internal_weight=1693.95 1680.22 85.98
internal_count=55557 45661 11338
cat_boundaries=0 1
cat_threshold=394244
is_linear=0
shrinkage=0.0321881


Tree=1005
num_leaves=4
num_cat=1
split_feature=14 44 16
split_gain=4.91995 14.7266 22.1215
threshold=301.32028458472121 0 96.371356798198278
decision_type=10 9 8
left_child=1 2 -1
right_child=-2 -3 -4
leaf_value=-0.0040262809231192158 0.0016489956882387807 -0.0036343313917733778 0.030691240175558684
leaf_weight=35.100331377949942 1027.2946257609892 596.49078242596624 35.158149465378301
leaf_count=15270 16297 21126 2572
internal_value=0.000218201 -0.00189061 0.0109366
internal_weight=1694.04 666.749 70.2585
internal_count=55265 38968 17842
cat_boundaries=0 1
cat_threshold=394304
is_linear=0
shrinkage=0.0321881


Tree=1006
num_leaves=4
num_cat=1
split_feature=13 44 12
split_gain=5.3859 20.2802 35.4627
threshold=36.047955033816031 0 37.050542294172153
decision_type=8 9 10
left_child=-1 2 -2
right_child=1 -3 -4
leaf_value=0.0013703227938083554 0.031544632296172638 -0.006451349516087254 -0.016452043814229638
leaf_weight=1307.4394928577362 42.797890342630126 315.25018791811476 23.233167592186874
leaf_count=31801 1497 20770 1056
internal_value=0.000355131 -0.00295777 0.0119014
internal_weight=1688.72 381.281 66.0311
internal_count=55124 23323 2553
cat_boundaries=0 1
cat_threshold=139796
is_linear=0
shrinkage=0.0321881


Tree=1007
num_leaves=4
num_cat=0
split_feature=0 29 16
split_gain=4.3631 13.0249 11.4413
threshold=1504.6299588002055 8.6240238719344635 212.86154465117446
decision_type=2 2 10
left_child=-1 -2 -3
right_child=1 2 -4
leaf_value=0.00030099973775022748 -0.01431236295367789 -0.0073745612733111315 0.02649277606223243
leaf_weight=1585.8719782084856 74.655485304654576 18.044627778319409 18.86227275602505
leaf_count=52605 1818 313 462
internal_value=-9.40129e-05 -0.00626761 0.00827808
internal_weight=1697.43 111.562 36.9069
internal_count=55198 2593 775
is_linear=0
shrinkage=0.0321881


Tree=1008
num_leaves=4
num_cat=1
split_feature=30 5 44
split_gain=5.55786 24.6549 21.1045
threshold=-0.53554186408412063 1.9565531501724871 0
decision_type=2 2 9
left_child=1 2 -1
right_child=-2 -3 -4
leaf_value=0.0052822384143501027 0.0015242128267562312 -0.011397575884527181 -0.01432297157375124
leaf_weight=350.10086881867028 1083.6505444276818 206.78023052659501 56.650018955589985
leaf_count=5256 41717 4619 3614
internal_value=0.00010266 -0.002304 0.00216635
internal_weight=1697.18 613.531 406.751
internal_count=55206 13489 8870
cat_boundaries=0 1
cat_threshold=12295
is_linear=0
shrinkage=0.0321881


Tree=1009
num_leaves=4
num_cat=0
split_feature=14 12 13
split_gain=5.30903 11.6461 11.1212
threshold=642.15180769922551 39.911750017347217 35.668968374466289
decision_type=10 8 10
left_child=1 -1 -2
right_child=2 -3 -4
leaf_value=0.00046225021644365487 0.018510079143307042 -0.012296489413302983 -0.0067951897351767078
leaf_weight=1547.3077615142038 46.309081060724566 77.505106425014219 24.561796366164344
leaf_count=47442 676 6589 633
internal_value=0.000229235 -0.000108863 0.00885086
internal_weight=1695.68 1624.81 70.8709
internal_count=55340 54031 1309
is_linear=0
shrinkage=0.0321881


Tree=1010
num_leaves=4
num_cat=2
split_feature=43 41 5
split_gain=5.15085 18.1525 34.2126
threshold=0 1 2.749334418013635
decision_type=9 9 2
left_child=1 -1 -3
right_child=-2 2 -4
leaf_value=0.020544777823731427 -0.0010608028946245123 0.008795641290926139 -0.029791182316671088
leaf_weight=43.288303680372337 1536.7652185097502 80.193184594346349 33.192582595629574
leaf_count=1125 46051 5836 2254
internal_value=-0.000452375 0.00486004 -0.00181825
internal_weight=1693.44 156.674 113.386
internal_count=55266 9215 8090
cat_boundaries=0 1 2
cat_threshold=16 2128
is_linear=0
shrinkage=0.0321881


Tree=1011
num_leaves=4
num_cat=0
split_feature=31 14 20
split_gain=6.56855 12.9974 8.24973
threshold=0.48293586773733516 412.94778175643455 63.710475103568257
decision_type=2 8 2
left_child=-1 -2 -3
right_child=1 2 -4
leaf_value=0.00035173349984293523 -0.019760144773962578 -0.011650536569791323 0.01399341980808191
leaf_weight=1600.9242147093848 50.533083020540289 20.768593483211589 30.241993238159921
leaf_count=53058 1026 583 324
internal_value=-0.000114271 -0.00807074 0.00230422
internal_weight=1702.47 101.544 51.0106
internal_count=54991 1933 907
is_linear=0
shrinkage=0.0321881


Tree=1012
num_leaves=4
num_cat=0
split_feature=8 15 14
split_gain=6.69586 8.70133 10.3082
threshold=7144.3267065379141 0.32585474686218902 195.25741797120489
decision_type=2 8 10
left_child=1 -1 -3
right_child=-2 2 -4
leaf_value=0.016161514597583762 -0.012599306237128528 -0.0075158398562179488 0.0010157498831915889
leaf_weight=35.866996341381309 40.960320547605079 162.35835508794207 1476.2438236435432
leaf_count=711 642 18338 35660
internal_value=0.000162292 0.000514233 0.000130581
internal_weight=1715.43 1674.47 1638.6
internal_count=55351 54709 53998
is_linear=0
shrinkage=0.0321881


Tree=1013
num_leaves=4
num_cat=0
split_feature=34 33 32
split_gain=5.25647 4.77551 14.1622
threshold=-0.038824909917368082 -0.58490782681436249 -0.44347521516621685
decision_type=2 2 2
left_child=-1 2 -2
right_child=1 -3 -4
leaf_value=-0.0097798961131183668 -0.006898574843464028 0.0024888628382192328 0.0013579965751922515
leaf_weight=55.56149402149731 304.83183842048675 630.66697819575711 707.67499926957862
leaf_count=1962 9285 23528 20324
internal_value=-3.23574e-05 0.000259847 -0.00106592
internal_weight=1698.74 1643.17 1012.51
internal_count=55099 53137 29609
is_linear=0
shrinkage=0.0321881


Tree=1014
num_leaves=4
num_cat=0
split_feature=27 13 33
split_gain=5.90315 7.63131 5.85364
threshold=0.0076342117479545257 37.472401709211788 -0.45420332222707954
decision_type=2 8 2
left_child=1 -1 -2
right_child=2 -3 -4
leaf_value=-0.0031759894699270536 -0.0010600638322743167 -0.024274447270428604 0.0033113208317405085
leaf_weight=128.4080665548845 1109.8780352059075 22.174512904713765 442.05842619919167
leaf_count=6016 31018 3633 14605
internal_value=-0.000406393 -0.00649635 0.000144375
internal_weight=1702.52 150.583 1551.94
internal_count=55272 9649 45623
is_linear=0
shrinkage=0.0321881


Tree=1015
num_leaves=4
num_cat=0
split_feature=14 2 10
split_gain=6.71842 15.149 16.2088
threshold=281.0811329800776 43.518647594753524 13990.657667794485
decision_type=10 2 2
left_child=1 2 -1
right_child=-2 -3 -4
leaf_value=-0.003880546293199472 0.0013942620556772368 0.0047694681705677776 -0.024738170290891686
leaf_weight=348.6278364697605 1118.2127952758365 175.0398771258624 45.574307688317731
leaf_count=29593 17853 2360 5333
internal_value=-1.6585e-05 -0.00289931 -0.00646682
internal_weight=1687.45 569.242 394.202
internal_count=55139 37286 34926
is_linear=0
shrinkage=0.0321881


Tree=1016
num_leaves=4
num_cat=0
split_feature=34 31 10
split_gain=5.60551 5.12875 9.34089
threshold=-0.034269761762374319 -0.78336330935828302 6287.2208560410991
decision_type=2 2 2
left_child=-1 2 -2
right_child=1 -3 -4
leaf_value=-0.0083298501222501611 -0.010227385425323756 0.0014663152355855764 0
leaf_weight=85.081960150549548 121.67558956661742 1050.4320777138871 428.62486051238716
leaf_count=3074 5346 23144 23607
internal_value=-0.000279355 0.000109929 -0.00236301
internal_weight=1685.81 1600.73 550.3
internal_count=55171 52097 28953
is_linear=0
shrinkage=0.0321881


Tree=1017
num_leaves=4
num_cat=0
split_feature=30 5 4
split_gain=6.54182 20.4625 23.2754
threshold=-0.49430034793469679 1.9716849922217115 953.05427307631714
decision_type=2 2 2
left_child=1 2 -1
right_child=-2 -3 -4
leaf_value=-0.0060105177858581545 0.0016986230114755005 -0.010674115458518174 0.0090170865012200608
leaf_weight=207.12760811959743 1056.22291849817 210.23805527690774 216.15534459416631
leaf_count=4969 40773 4807 4517
internal_value=0.00011187 -0.00243275 0.0015139
internal_weight=1689.74 633.521 423.283
internal_count=55066 14293 9486
is_linear=0
shrinkage=0.0321881


Tree=1018
num_leaves=4
num_cat=0
split_feature=7 6 12
split_gain=5.19046 5.37217 4.95462
threshold=-4116.3386059327468 -37.728716758828448 31.945142879683072
decision_type=2 2 10
left_child=-1 -2 -3
right_child=1 2 -4
leaf_value=-0.0056425279819014747 -0.0047942402036547684 0.0030737596138907305 -0.00080828991332950329
leaf_weight=132.4712977653071 146.64462816112518 889.59921818760495 516.57986822169346
leaf_count=4959 5131 25565 19508
internal_value=0.000399476 0.000956712 0.00160245
internal_weight=1685.3 1552.82 1406.18
internal_count=55163 50204 45073
is_linear=0
shrinkage=0.0321881


Tree=1019
num_leaves=4
num_cat=1
split_feature=34 10 44
split_gain=6.40587 4.9 33.9437
threshold=-0.028613068918281897 8249.6500571155611 0
decision_type=2 2 9
left_child=-1 2 -2
right_child=1 -3 -4
leaf_value=-0.0063988943967447582 0.010810432855124242 0.0020069055640728828 -0.0069196356772947528
leaf_weight=143.85123116117029 145.92891626936034 1031.7608377419101 377.80377268647271
leaf_count=5069 2014 34813 13334
internal_value=5.20974e-05 0.000690507 -0.00178099
internal_weight=1699.34 1555.49 523.733
internal_count=55230 50161 15348
cat_boundaries=0 1
cat_threshold=580
is_linear=0
shrinkage=0.0321881


Tree=1020
num_leaves=4
num_cat=0
split_feature=36 31 23
split_gain=4.36654 4.22024 15.248
threshold=1.0761319124368394 -0.43532334272854623 -0.21664668746463331
decision_type=2 2 2
left_child=1 -1 -3
right_child=-2 2 -4
leaf_value=-0.0010215351662166633 -0.0085277918528559125 -0.017393387948044573 0.0034863456916754154
leaf_weight=923.82909465206353 59.095582412639487 37.344270382679952 661.7453593727505
leaf_count=40396 1711 1687 11349
internal_value=7.85401e-06 0.000359104 0.00227439
internal_weight=1682.01 1622.92 699.09
internal_count=55143 53432 13036
is_linear=0
shrinkage=0.0321881


Tree=1021
num_leaves=4
num_cat=0
split_feature=6 10 5
split_gain=5.10882 36.5927 25.6241
threshold=52.22535626908104 6363.5821711259132 4.5965564026476526
decision_type=2 2 2
left_child=-1 2 -2
right_child=1 -3 -4
leaf_value=-0.00096935392156985119 0 0.008671991826134165 -0.046690409106217842
leaf_weight=1400.8856596855617 24.176953906838207 252.75775082225755 22.439860396149015
leaf_count=47649 759 6387 401
internal_value=-0.000117466 0.00365387 -0.0221014
internal_weight=1700.26 299.375 46.6168
internal_count=55196 7547 1160
is_linear=0
shrinkage=0.0321881


Tree=1022
num_leaves=4
num_cat=1
split_feature=10 44 4
split_gain=5.567 43.8958 27.4363
threshold=10375.612113214591 0 1920.2188476256676
decision_type=2 9 2
left_child=2 -2 -1
right_child=1 -3 -4
leaf_value=0.002369083024020501 0.00045638398513902378 -0.021689787692781862 -0.021682780043591691
leaf_weight=903.24938852949026 633.80357831933361 97.54262276058239 51.473485375969176
leaf_count=26380 12426 14666 1745
internal_value=-0.000569817 -0.00270659 0.00100058
internal_weight=1686.07 731.346 954.723
internal_count=55217 27092 28125
cat_boundaries=0 1
cat_threshold=132099
is_linear=0
shrinkage=0.0321881


Tree=1023
num_leaves=4
num_cat=0
split_feature=36 31 25
split_gain=5.43589 5.22014 11.0685
threshold=1.0889893740660821 -0.42440061829368514 3.1168855654308478
decision_type=2 2 2
left_child=1 -1 -3
right_child=-2 2 -4
leaf_value=-0.0012825049785692058 -0.013795516692520769 0.0038708438308902591 -0.0084960477251624974
leaf_weight=955.56925200922728 28.896881899050641 629.19027131929215 82.338899890877201
leaf_count=41465 861 9694 3375
internal_value=0 0.000228888 0.0023479
internal_weight=1696 1667.1 711.529
internal_count=55395 54534 13069
is_linear=0
shrinkage=0.0321881


Tree=1024
num_leaves=4
num_cat=1
split_feature=30 10 44
split_gain=4.92346 22.0903 29.6638
threshold=-0.58555852298651812 5921.7462449622717 0
decision_type=2 2 9
left_child=1 -1 -3
right_child=-2 2 -4
leaf_value=0.0096698404276017377 0.00093030598007784763 0.0012408795909013672 -0.014729074307471944
leaf_weight=115.65313966389567 1111.6840589861213 262.90990618772048 204.74616089726487
leaf_count=2030 42698 3142 7271
internal_value=-0.000283982 -0.00270679 -0.00590705
internal_weight=1694.99 583.309 467.656
internal_count=55141 12443 10413
cat_boundaries=0 1
cat_threshold=8198
is_linear=0
shrinkage=0.0321881


Tree=1025
num_leaves=4
num_cat=1
split_feature=37 4 44
split_gain=4.82904 7.19105 11.3082
threshold=0.016146142924662498 1497.3188842534594 0
decision_type=2 2 9
left_child=-1 -2 -3
right_child=1 2 -4
leaf_value=0.0005488810176272139 -0.0072528501020056365 0.023691914630720276 -0.0051444807052621029
leaf_weight=1459.9145989315964 189.09794920227614 12.575757266509754 26.796614340824817
leaf_count=46373 6884 266 1490
internal_value=-9.36363e-05 -0.0044741 0.00722721
internal_weight=1688.38 228.47 39.3724
internal_count=55013 8640 1756
cat_boundaries=0 1
cat_threshold=131073
is_linear=0
shrinkage=0.0321881


Tree=1026
num_leaves=4
num_cat=0
split_feature=30 5 22
split_gain=5.79645 19.0914 22.6801
threshold=-0.49430034793469679 2.2599968823303187 201.70070042561085
decision_type=2 2 2
left_child=-1 -2 -3
right_child=1 2 -4
leaf_value=-0.0026104599200315556 -0.0015424386841007827 -0.010539824708284356 0.011619279046791213
leaf_weight=628.68474358380581 732.10182913935796 54.777174493068742 275.09554956579086
leaf_count=14380 30817 3428 6639
internal_value=-0.000127583 0.00128256 0.00774177
internal_weight=1690.66 1061.97 329.873
internal_count=55264 40884 10067
is_linear=0
shrinkage=0.0321881


Tree=1027
num_leaves=4
num_cat=1
split_feature=30 44 0
split_gain=5.18838 14.7794 23.8734
threshold=-0.42690215557752093 0 934.24494362523865
decision_type=2 9 2
left_child=1 2 -1
right_child=-2 -3 -4
leaf_value=-0.0031374372954950007 0.00080326156931542119 -0.0075620752906041411 0.015932275997079387
leaf_weight=248.60668854482356 1021.4040243321429 330.87623877004853 92.093225459946552
leaf_count=3571 39546 11287 1090
internal_value=-0.000593478 -0.00281213 0.00178552
internal_weight=1692.98 671.576 340.7
internal_count=55494 15948 4661
cat_boundaries=0 1
cat_threshold=131078
is_linear=0
shrinkage=0.0321881


Tree=1028
num_leaves=4
num_cat=1
split_feature=32 44 23
split_gain=5.26626 26.058 43.8821
threshold=-0.36088339992162849 0 29.667344316312448
decision_type=2 9 2
left_child=-1 -2 -3
right_child=1 2 -4
leaf_value=-0.0014496259847538468 0.0073062359709038906 -0.017066684321853626 0.0076981106393113783
leaf_weight=985.43577219536746 417.67769598622363 154.47802006917004 138.15437186605777
leaf_count=27656 16229 8279 3255
internal_value=3.46556e-05 0.00218328 -0.00499036
internal_weight=1695.75 710.31 292.632
internal_count=55419 27763 11534
cat_boundaries=0 1
cat_threshold=262661
is_linear=0
shrinkage=0.0321881


Tree=1029
num_leaves=4
num_cat=0
split_feature=30 1 5
split_gain=6.66412 20.0243 17.5876
threshold=0.70782043976016518 8.4253697825265217 2.2599968823303187
decision_type=2 2 2
left_child=-1 -2 -3
right_child=1 2 -4
leaf_value=0.0013150578887193469 0.028766304525843608 -0.0095156033151198288 0.0048504239994578641
leaf_weight=1261.5455833746453 18.404221420787508 280.36448368063793 122.08993158709927
leaf_count=45404 2888 5084 1777
internal_value=0.000108457 -0.00335584 -0.00499902
internal_weight=1682.4 420.859 402.454
internal_count=55153 9749 6861
is_linear=0
shrinkage=0.0321881


Tree=1030
num_leaves=4
num_cat=0
split_feature=32 4 5
split_gain=6.90688 27.5974 26.6794
threshold=-0.13292918145108887 277.73115861160585 3.8548926837310917
decision_type=2 2 2
left_child=-1 -2 -3
right_child=1 2 -4
leaf_value=-0.0013111136458882247 -0.011281321476811549 0.0096452987992214391 -0.020980147791421322
leaf_weight=1181.2302890315946 104.66675415391546 369.682045696979 30.648764884263983
leaf_count=33512 3983 16111 1619
internal_value=0 0.00318496 0.00713063
internal_weight=1686.23 504.998 400.331
internal_count=55225 21713 17730
is_linear=0
shrinkage=0.0321881


Tree=1031
num_leaves=4
num_cat=0
split_feature=22 26 30
split_gain=7.17529 9.48429 5.24063
threshold=860.02152159692434 0.98531411567857308 0.75529219887725108
decision_type=2 2 2
left_child=2 -2 -1
right_child=1 -3 -4
leaf_value=0.0011215210067618483 0.0070474666791657536 0.030372024722083599 -0.0031902319046616095
leaf_weight=1264.9754452270017 19.477727092998975 19.8999953760067 378.20451537035024
leaf_count=45829 474 412 8529
internal_value=0.00045546 0.0140049 9.00276e-05
internal_weight=1682.56 39.3777 1643.18
internal_count=55244 886 54358
is_linear=0
shrinkage=0.0321881


Tree=1032
num_leaves=4
num_cat=0
split_feature=5 30 5
split_gain=4.51932 11.9222 17.3789
threshold=1.1007522960187679 -0.53554186408412063 1.9565531501724871
decision_type=2 2 2
left_child=-1 2 -2
right_child=1 -3 -4
leaf_value=-0.0024634476286128229 0.005288016292279844 0.0034392058829117644 -0.0098491350773204575
leaf_weight=714.23734081454859 120.91894667616907 654.15589178947062 205.80475951050039
leaf_count=25550 2536 22487 4651
internal_value=-0.000492194 0.000878523 -0.00405237
internal_weight=1695.12 980.88 326.724
internal_count=55224 29674 7187
is_linear=0
shrinkage=0.0321881


Tree=1033
num_leaves=4
num_cat=0
split_feature=30 4 4
split_gain=5.52766 12.5556 12.9731
threshold=0.81179995890154666 155.91900300295845 2028.7364970068591
decision_type=2 2 2
left_child=-1 -2 -3
right_child=1 2 -4
leaf_value=0.00042316224582047258 0.0076780669915106512 -0.0095098699782620241 0.018431420958485063
leaf_weight=1365.1265251948075 68.081039212345786 247.74863092504438 16.861160064552678
leaf_count=47859 1295 5798 306
internal_value=-0.000441545 -0.00417878 -0.00747404
internal_weight=1697.82 332.691 264.61
internal_count=55258 7399 6104
is_linear=0
shrinkage=0.0321881


Tree=1034
num_leaves=4
num_cat=0
split_feature=29 22 10
split_gain=5.45933 16.7767 19.7358
threshold=9.6164141444641675 455.59209459291395 9950.564391329086
decision_type=2 2 2
left_child=-1 2 -2
right_child=1 -3 -4
leaf_value=-0.00035946141901961289 -0.014630634275328786 0.045668819589639559 0.014636482201106041
leaf_weight=1577.3370820195571 39.114456703464839 10.490744144597555 58.092802974459119
leaf_count=49886 2326 220 2883
internal_value=8.13861e-05 0.00711473 0.00219934
internal_weight=1685.04 107.698 97.2073
internal_count=55315 5429 5209
is_linear=0
shrinkage=0.0321881


Tree=1035
num_leaves=4
num_cat=0
split_feature=33 4 32
split_gain=5.51963 14.1957 5.20541
threshold=-1.0236912298184233 1284.4477110031942 0.6535453831768987
decision_type=2 2 2
left_child=1 -1 -2
right_child=2 -3 -4
leaf_value=-0.013465673146796538 0.0012402246887280393 0.0087967682903458792 -0.0093492003779747385
leaf_weight=89.338870899482572 1500.9560316892175 40.684290670702467 48.376501756533571
leaf_count=2446 46051 1031 5616
internal_value=0.000296144 -0.00600745 0.000867096
internal_weight=1679.36 130.023 1549.33
internal_count=55144 3477 51667
is_linear=0
shrinkage=0.0321881


Tree=1036
num_leaves=4
num_cat=0
split_feature=31 4 30
split_gain=8.02807 14 6.96542
threshold=0.55178974197075792 1094.5672874658974 0.95846668666843293
decision_type=2 2 2
left_child=2 -2 -1
right_child=1 -3 -4
leaf_value=0.0013388601706538429 -0.02182343668163798 0.0036578204176317256 -0.006049220754058564
leaf_weight=1462.1126307938484 45.302800548701271 36.743926519928209 143.26427889082606
leaf_count=50903 991 556 3054
internal_value=9.92811e-05 -0.00966013 0.000639081
internal_weight=1687.42 82.0467 1605.38
internal_count=55504 1547 53957
is_linear=0
shrinkage=0.0321881


Tree=1037
num_leaves=4
num_cat=0
split_feature=25 10 33
split_gain=5.57698 12.2965 7.58813
threshold=15.4234992976257 10339.261198844129 0.23495285824683482
decision_type=2 2 2
left_child=-1 -2 -3
right_child=1 2 -4
leaf_value=-0.00049712109699733323 -0.013184175997137634 0.043234440187829876 0
leaf_weight=1657.2161051758617 7.2102554690172864 13.016792825630544 2.5022526988318523
leaf_count=50637 2301 327 1933
internal_value=-0.000241601 0.0154282 0.0327626
internal_weight=1679.95 22.7293 15.519
internal_count=55198 4561 2260
is_linear=0
shrinkage=0.0321881


Tree=1038
num_leaves=4
num_cat=0
split_feature=31 32 7
split_gain=6.71651 12.3807 19.419
threshold=-0.42440061829368514 -0.72679797909206612 6182.126253446605
decision_type=2 2 2
left_child=1 2 -1
right_child=-2 -3 -4
leaf_value=-0.00097764692776126537 0.0024379416177922018 -0.0048701109647189189 0.016006286563301313
leaf_weight=328.3043844887743 709.18000558854988 553.80285887537298 86.551409438276096
leaf_count=10969 13176 28676 2326
internal_value=2.11853e-05 -0.00168261 0.00241938
internal_weight=1677.84 968.659 414.856
internal_count=55147 41971 13295
is_linear=0
shrinkage=0.0321881


Tree=1039
num_leaves=4
num_cat=0
split_feature=32 33 28
split_gain=5.9553 14.4633 23.3946
threshold=0.58668974911705696 -0.31155371236345358 0.28124757626894242
decision_type=2 2 2
left_child=-1 -2 -3
right_child=1 2 -4
leaf_value=0.00082188611988541081 -0.025874133893489127 -0.024044019499797196 0.036815079012582831
leaf_weight=1638.1792124892272 28.858827775304235 11.565170985985334 13.274080319094535
leaf_count=49258 2118 3764 350
internal_value=0.000439515 -0.00999701 0.00597961
internal_weight=1691.88 53.6981 24.8393
internal_count=55490 6232 4114
is_linear=0
shrinkage=0.0321881


Tree=1040
num_leaves=4
num_cat=0
split_feature=30 5 10
split_gain=5.84658 15.0751 17.2819
threshold=0.62755876715239578 2.2599968823303187 7942.0623980894043
decision_type=2 2 2
left_child=-1 -2 -3
right_child=1 2 -4
leaf_value=0.0012483014015418569 -0.0068636591754125172 -0.014953193273720425 0.011383442178654814
leaf_weight=1210.4458614131829 329.9685423219812 31.276539776636127 116.24224634592338
leaf_count=43637 8587 769 2192
internal_value=2.12612e-05 -0.00295508 0.00535352
internal_weight=1687.93 477.487 147.519
internal_count=55185 11548 2961
is_linear=0
shrinkage=0.0321881


Tree=1041
num_leaves=4
num_cat=1
split_feature=31 44 16
split_gain=7.74691 15.1552 20.1693
threshold=-0.78336330935828302 0 166.41555246192394
decision_type=2 9 8
left_child=1 2 -1
right_child=-2 -3 -4
leaf_value=-0.00024298862331141214 0.0014667093216776369 -0.0058549781460019972 0.028811019914224589
leaf_weight=88.127500040165614 1110.321882066256 452.26787339380007 32.09551851467404
leaf_count=5362 24455 24706 590
internal_value=-6.25858e-05 -0.00313918 0.00648756
internal_weight=1682.81 572.491 120.223
internal_count=55113 30658 5952
cat_boundaries=0 1
cat_threshold=135744
is_linear=0
shrinkage=0.0321881


Tree=1042
num_leaves=4
num_cat=1
split_feature=30 10 44
split_gain=5.66626 20.2092 25.9523
threshold=-0.58555852298651812 6218.1922203760942 0
decision_type=2 2 9
left_child=1 -1 -3
right_child=-2 2 -4
leaf_value=0.0092154071706817987 0.001747589877362641 0.0013616151775312499 -0.013816397306146557
leaf_weight=122.52336557819945 1105.9196959378553 254.07584187938301 197.37843584178631
leaf_count=2246 42788 3429 6697
internal_value=0.000368711 -0.00217677 -0.00541279
internal_weight=1679.9 573.978 451.454
internal_count=55160 12372 10126
cat_boundaries=0 1
cat_threshold=139270
is_linear=0
shrinkage=0.0321881


Tree=1043
num_leaves=4
num_cat=0
split_feature=30 5 23
split_gain=6.5526 18.432 18.937
threshold=-0.41744558204952903 2.2171135793474805 23.70723736394595
decision_type=2 2 2
left_child=-1 -2 -3
right_child=1 2 -4
leaf_value=-0.0021525905191425838 -0.00095656213830408964 -0.00015107824207865865 0.015107860030498368
leaf_weight=665.40395808676635 686.31043174434762 140.70763894517404 183.44048399788153
leaf_count=16074 29226 6001 3806
internal_value=0.000282216 0.00194872 0.00829257
internal_weight=1675.86 1010.46 324.148
internal_count=55107 39033 9807
is_linear=0
shrinkage=0.0321881


Tree=1044
num_leaves=4
num_cat=0
split_feature=13 16 1
split_gain=5.80295 21.825 21.0318
threshold=20.979211237868817 85.684954433832374 5.5096940246709991
decision_type=8 8 2
left_child=-1 -2 -3
right_child=1 2 -4
leaf_value=0.0039251480252290045 -0.026767923841919623 0.023719049402407013 -0.00077941405322948048
leaf_weight=348.06783942566381 32.31051003336438 37.12561496631406 1270.2697747580969
leaf_count=7055 19899 7628 20582
internal_value=0.000194418 -0.000727848 -3.08592e-05
internal_weight=1687.77 1339.71 1307.4
internal_count=55164 48109 28210
is_linear=0
shrinkage=0.0321881


Tree=1045
num_leaves=4
num_cat=0
split_feature=14 30 10
split_gain=6.25217 15.045 14.9021
threshold=296.00523946066011 0.41014915392720835 15396.643906487043
decision_type=10 2 2
left_child=2 -2 -1
right_child=1 -3 -4
leaf_value=-0.00065143164420847102 0.0049897972886818456 -0.0029375089484885686 -0.022814030084564663
leaf_weight=604.94357637400685 679.8243025404372 379.73240820073261 33.461246904498239
leaf_count=35746 10329 6441 2706
internal_value=0.000543575 0.00208862 -0.00192083
internal_weight=1697.96 1059.56 638.405
internal_count=55222 16770 38452
is_linear=0
shrinkage=0.0321881


Tree=1046
num_leaves=4
num_cat=0
split_feature=30 15 32
split_gain=5.21888 7.83122 13.9449
threshold=0.92793024641227884 1.1596972362251918 -0.85982424078685338
decision_type=2 10 2
left_child=-1 -2 -3
right_child=1 2 -4
leaf_value=0.00055178247359465526 -0.0080121407347386788 0.037860650684115364 -0.0053569839525643669
leaf_weight=1495.4504361529737 164.02052025791272 11.23893263370883 18.023300998857849
leaf_count=51239 3037 259 846
internal_value=-5.35247e-05 -0.00506093 0.00925353
internal_weight=1688.73 193.283 29.2622
internal_count=55381 4142 1105
is_linear=0
shrinkage=0.0321881


Tree=1047
num_leaves=4
num_cat=0
split_feature=10 14 16
split_gain=5.07803 18.0606 6.59283
threshold=16694.687619561151 296.00523946066011 239.27160430374002
decision_type=2 10 10
left_child=2 -2 -1
right_child=1 -3 -4
leaf_value=-0.00038039011841674736 -0.020306048106886816 0.025693992200419645 -0.019063471660474458
leaf_weight=1628.8215019120455 11.194378771253467 28.18267407881649 19.804544980026549
leaf_count=53020 939 403 1076
internal_value=-0.000336056 0.0109657 -0.000646162
internal_weight=1688 39.3771 1648.63
internal_count=55438 1342 54096
is_linear=0
shrinkage=0.0321881


Tree=1048
num_leaves=4
num_cat=1
split_feature=10 44 30
split_gain=6.60184 45.9904 27.1338
threshold=10375.612113214591 0 0.87218777592816765
decision_type=2 9 2
left_child=2 -2 -1
right_child=1 -3 -4
leaf_value=0.0047655260471493122 -0.023469454166329236 0.0013241135696223905 -0.010628377195996765
leaf_weight=821.57841667997263 77.287245034297484 649.38568175178807 136.56085257229188
leaf_count=25111 12446 14666 3040
internal_value=0.00072284 -0.00153669 0.00250293
internal_weight=1684.81 726.673 958.139
internal_count=55263 27112 28151
cat_boundaries=0 1
cat_threshold=795204
is_linear=0
shrinkage=0.0321881


Tree=1049
num_leaves=4
num_cat=0
split_feature=16 12 12
split_gain=5.81111 32.7029 17.3298
threshold=173.53395826599319 33.169481792695571 32.620642635800614
decision_type=10 10 10
left_child=2 -2 -1
right_child=1 -3 -4
leaf_value=0.0008834141973743493 -0.013151257960733884 0.010184167330756983 -0.0073852777856437991
leaf_weight=1032.9122304253124 83.704341419324919 227.57430723641301 347.95018675943584
leaf_count=31062 1933 3855 18630
internal_value=-0.000223905 0.00369946 -0.00115493
internal_weight=1692.14 311.279 1380.86
internal_count=55480 5788 49692
is_linear=0
shrinkage=0.0321881


Tree=1050
num_leaves=4
num_cat=0
split_feature=32 10 28
split_gain=4.8292 16.6619 17.242
threshold=0.6535453831768987 8524.7120210179328 0.23986936166859457
decision_type=2 2 2
left_child=-1 2 -2
right_child=1 -3 -4
leaf_value=0.0009288107201556316 -0.026176122292103757 -0.031650343874687716 0.026907270517536778
leaf_weight=1634.5812533018498 9.1397550735136992 20.368982074536007 16.701781032959843
leaf_count=49792 1542 3663 386
internal_value=0.00060254 -0.00951303 0.00562286
internal_weight=1680.79 46.2105 25.8415
internal_count=55383 5591 1928
is_linear=0
shrinkage=0.0321881


Tree=1051
num_leaves=4
num_cat=0
split_feature=29 22 25
split_gain=5.77013 15.0727 16.0661
threshold=9.6164141444641675 201.70070042561085 15.4234992976257
decision_type=2 2 2
left_child=-1 2 -2
right_child=1 -3 -4
leaf_value=1.5062801963999615e-05 -0.023745497246795953 0.016840212020221686 0.0051029074482130928
leaf_weight=1569.4226373284157 27.546350324302693 71.230439695595123 14.464109076468501
leaf_count=49830 1604 1360 2519
internal_value=0.00056265 0.00757458 -0.0066344
internal_weight=1682.66 113.241 42.0105
internal_count=55313 5483 4123
is_linear=0
shrinkage=0.0321881


Tree=1052
num_leaves=4
num_cat=1
split_feature=10 33 44
split_gain=4.97335 5.39826 19.0107
threshold=2341.890354427087 -0.50857178501565647 0
decision_type=2 2 9
left_child=-1 2 -2
right_child=1 -3 -4
leaf_value=-0.014680297469076046 -0.019772037139644399 0.002811868792089041 -3.5924697763358388e-05
leaf_weight=23.321485922622287 43.296850831464326 560.77207184811346 1048.1371242734112
leaf_count=1302 5262 21940 26600
internal_value=0 0.000213988 -0.00106276
internal_weight=1675.53 1652.21 1091.43
internal_count=55104 53802 31862
cat_boundaries=0 1
cat_threshold=536896
is_linear=0
shrinkage=0.0321881


Tree=1053
num_leaves=4
num_cat=0
split_feature=30 5 23
split_gain=6.00811 13.4888 23.0927
threshold=-0.60614553664635251 2.2599968823303187 23.989402982437241
decision_type=2 2 2
left_child=-1 -2 -3
right_child=1 2 -4
leaf_value=-0.0027000036698054237 -0.00094981018035359603 -0.0023673740127423933 0.013998608275434784
leaf_weight=570.98296905662232 770.90679533813022 153.56528402655977 195.74165839583293
leaf_count=12088 32718 6532 4147
internal_value=0 0.00135614 0.00662471
internal_weight=1691.2 1120.21 349.307
internal_count=55485 43397 10679
is_linear=0
shrinkage=0.0321881


Tree=1054
num_leaves=4
num_cat=0
split_feature=37 5 23
split_gain=5.73208 9.52872 6.69576
threshold=0.005877418663818061 4.831510450799227 -0.35566689775087007
decision_type=2 2 2
left_child=2 -2 -1
right_child=1 -3 -4
leaf_value=-0.0093530223470651829 -0.0014855066612391057 -0.015519937663040101 0.0016108006375473859
leaf_weight=59.733108931333845 524.95374650703025 57.513159755470042 1031.6075843180388
leaf_count=4466 18719 1096 30843
internal_value=-0.000381681 -0.00298633 0.00095046
internal_weight=1673.81 582.467 1091.34
internal_count=55124 19815 35309
is_linear=0
shrinkage=0.0321881


Tree=1055
num_leaves=4
num_cat=0
split_feature=0 1 30
split_gain=4.7324 14.6204 23.8312
threshold=87.706523593208701 6.8449470217183741 0.88741921528336942
decision_type=2 2 2
left_child=-1 2 -2
right_child=1 -3 -4
leaf_value=-0.0067808936225233337 0.0083430076914429181 -6.4795797277639693e-05 0.087038191402582177
leaf_weight=100.64772820234839 37.703975713001455 1540.7450342770626 4.7072669802601004
leaf_count=23225 7284 24511 320
internal_value=0 0.000408635 0.019006
internal_weight=1683.8 1583.16 42.4112
internal_count=55340 32115 7604
is_linear=0
shrinkage=0.0321881


Tree=1056
num_leaves=4
num_cat=1
split_feature=42 4 16
split_gain=6.88537 12.6482 6.75157
threshold=0 593.03431328608542 121.03031017936898
decision_type=9 2 8
left_child=1 2 -1
right_child=-2 -3 -4
leaf_value=0.010913242324234561 -0.00029234930813493127 0.025471783274369102 -0.015333639890304916
leaf_weight=20.470012182704522 1610.1217901618654 32.289375453316097 19.028870628448203
leaf_count=333 53960 493 429
internal_value=0.000131775 0.00925409 -0.000144497
internal_weight=1681.91 71.7883 39.4989
internal_count=55215 1255 762
cat_boundaries=0 1
cat_threshold=131676
is_linear=0
shrinkage=0.0321881


Tree=1057
num_leaves=4
num_cat=0
split_feature=1 0 3
split_gain=4.74681 4.95104 8.53625
threshold=31.143406834330715 1390.4772449000318 161.40600514608641
decision_type=2 2 2
left_child=1 -1 -3
right_child=-2 2 -4
leaf_value=0.0010805900699587183 -0.0082540611374951351 -0.01606454352200163 0
leaf_weight=1479.3315616362854 66.346246942834114 48.783674018573947 89.497458390591419
leaf_count=51272 844 1186 1979
internal_value=0.0001162 0.000500033 -0.00524217
internal_weight=1683.96 1617.61 138.281
internal_count=55281 54437 3165
is_linear=0
shrinkage=0.0321881


Tree=1058
num_leaves=4
num_cat=1
split_feature=32 44 29
split_gain=6.20216 26.5346 30.3109
threshold=-0.33600599245164037 0 7.3077727054289676
decision_type=2 9 2
left_child=1 2 -1
right_child=-2 -3 -4
leaf_value=-0.026185093058623068 0.0022615744556196667 -0.0070636779915001034 0.0055787002873646987
leaf_weight=32.577740197844832 682.82384337475014 484.44351826161892 474.20786903324233
leaf_count=1230 27023 12702 14312
internal_value=-5.86804e-05 -0.00172142 0.00333416
internal_weight=1674.05 991.229 506.786
internal_count=55267 28244 15542
cat_boundaries=0 1
cat_threshold=406594
is_linear=0
shrinkage=0.0321881


Tree=1059
num_leaves=4
num_cat=1
split_feature=10 41 5
split_gain=5.68736 26.2384 28.3724
threshold=7885.9603567828744 0 3.8056334383132557
decision_type=2 9 2
left_child=1 2 -1
right_child=-2 -3 -4
leaf_value=0.015955556398868247 0.001455690010986299 -0.0070010279061563079 -0.023787889741891929
leaf_weight=117.49674295561363 1169.3555946556178 377.75510237893468 20.790959232626847
leaf_count=5189 39802 9365 787
internal_value=0.000178463 -0.00259171 0.00885108
internal_weight=1685.4 516.043 138.288
internal_count=55143 15341 5976
cat_boundaries=0 1
cat_threshold=520
is_linear=0
shrinkage=0.0321881


Tree=1060
num_leaves=4
num_cat=1
split_feature=34 5 44
split_gain=4.54144 5.17728 23.269
threshold=-0.029178371126880712 1.2281615895464035 0
decision_type=2 2 9
left_child=-1 2 -2
right_child=1 -3 -4
leaf_value=-0.0055398379932717987 -0.014901071468297099 0.002549591441370696 0.00093040600631462303
leaf_weight=135.66093011744988 100.34091561816967 744.94314024852611 701.24600689379531
leaf_count=4844 6265 22169 22060
internal_value=5.80103e-05 0.000591003 -0.00114996
internal_weight=1682.19 1546.53 801.587
internal_count=55338 50494 28325
cat_boundaries=0 1
cat_threshold=525056
is_linear=0
shrinkage=0.0321881


Tree=1061
num_leaves=4
num_cat=1
split_feature=9 31 44
split_gain=4.78628 5.08939 9.30677
threshold=24.78617688536983 -0.8801218606185669 0
decision_type=10 2 9
left_child=1 2 -1
right_child=-2 -3 -4
leaf_value=0.011119107256816196 -0.019746252551034842 0.0013087806951731105 -0.004371156653226951
leaf_weight=33.527295868205329 12.24206488245545 1243.051682394821 380.90748893372779
leaf_count=3502 429 30586 20693
internal_value=5.6259e-05 0.000243743 -0.00279604
internal_weight=1669.73 1657.49 414.435
internal_count=55210 54781 24195
cat_boundaries=0 1
cat_threshold=135232
is_linear=0
shrinkage=0.0321881


Tree=1062
num_leaves=4
num_cat=0
split_feature=2 16 1
split_gain=5.03877 15.5195 14.256
threshold=40.694158136057062 80.571298177981177 6.8449470217183741
decision_type=2 8 2
left_child=1 -1 -3
right_child=-2 2 -4
leaf_value=-0.013639033915902782 0.0031715010715838345 0.016599108174189064 -0.00052354057467452473
leaf_weight=89.579160985613271 465.72591837919026 52.501968413839677 1073.6495384032351
leaf_count=21509 6290 9349 18164
internal_value=0.000298687 -0.000749863 0.000221507
internal_weight=1681.46 1215.73 1126.15
internal_count=55312 49022 27513
is_linear=0
shrinkage=0.0321881


Tree=1063
num_leaves=4
num_cat=0
split_feature=16 2 25
split_gain=6.00506 14.2637 12.006
threshold=70.766675316143463 44.558504259187345 9.7586519560177738
decision_type=8 2 2
left_child=1 2 -1
right_child=-2 -3 -4
leaf_value=-0.018633311875064621 0.00092421062155976521 0.0038252610244691788 0.024654320700198119
leaf_weight=78.810345565294256 1515.8860543705305 76.586947797331959 5.8301670821344933
leaf_count=15344 36329 1043 2452
internal_value=0.000259606 -0.00558683 -0.0148407
internal_weight=1677.11 161.227 84.6405
internal_count=55168 18839 17796
is_linear=0
shrinkage=0.0321881


Tree=1064
num_leaves=4
num_cat=2
split_feature=10 44 44
split_gain=5.70037 38.1599 24.8558
threshold=10375.612113214591 0 1
decision_type=2 9 9
left_child=2 -2 -1
right_child=1 -3 -4
leaf_value=0.0097674619110297446 0.00047612578552025788 -0.02075374923521664 -0.0017241444685786489
leaf_weight=256.51144546447495 627.77862593518603 90.902087753796195 700.62608317173044
leaf_count=11883 12330 14711 16127
internal_value=-0.000209851 -0.00240854 0.00137473
internal_weight=1675.82 718.681 957.138
internal_count=55051 27041 28010
cat_boundaries=0 1 2
cat_threshold=132115 266820
is_linear=0
shrinkage=0.0321881


Tree=1065
num_leaves=4
num_cat=1
split_feature=18 5 44
split_gain=5.41403 5.30681 15.4012
threshold=-1.6256033271865491 1.1376019748501982 0
decision_type=2 2 9
left_child=-1 2 -2
right_child=1 -3 -4
leaf_value=-0.0067986749119585965 0.020287281137444893 0.0021590349550942114 -0.0025936565989077638
leaf_weight=116.29559720264069 21.285109823953007 839.71636975133674 703.06522928173285
leaf_count=4779 8045 24970 17316
internal_value=-7.47642e-05 0.000385427 -0.00158279
internal_weight=1680.36 1564.07 724.35
internal_count=55110 50331 25361
cat_boundaries=0 1
cat_threshold=393216
is_linear=0
shrinkage=0.0321881


Tree=1066
num_leaves=4
num_cat=0
split_feature=13 14 2
split_gain=5.80737 14.8292 16.0387
threshold=19.271860643071957 214.06212178122198 13.885079135290571
decision_type=8 8 2
left_child=-1 -2 -3
right_child=1 2 -4
leaf_value=0.0041992132473490556 -0.013318836270719388 0.022087004670911587 -0.00058130630496397212
leaf_weight=278.05556305897426 92.631537519277344 32.936248644112766 1284.9439660939097
leaf_count=5618 21432 7762 20434
internal_value=-1.12412e-05 -0.000886967 0
internal_weight=1688.57 1410.51 1317.88
internal_count=55246 49628 28196
is_linear=0
shrinkage=0.0321881


Tree=1067
num_leaves=4
num_cat=0
split_feature=38 30 32
split_gain=5.1598 5.05395 15.0785
threshold=-0.04867274702761739 -0.86784889151573275 0.1915777169039756
decision_type=2 2 2
left_child=-1 2 -2
right_child=1 -3 -4
leaf_value=-0.011619410645589764 -0.0058699503358111034 0.00071637717676392644 0.01110300940597285
leaf_weight=41.656327057408362 258.6963086131891 1314.3692845815169 56.040072054289112
leaf_count=1726 4262 47759 1485
internal_value=-0.000446911 -0.00012049 -0.00381546
internal_weight=1670.76 1629.11 314.736
internal_count=55232 53506 5747
is_linear=0
shrinkage=0.0321881


Tree=1068
num_leaves=4
num_cat=1
split_feature=14 44 5
split_gain=4.929 20.9599 16.4457
threshold=452.99145281066433 0 1.1336341657399556
decision_type=10 9 2
left_child=-1 2 -2
right_child=1 -3 -4
leaf_value=-0.00098846199478895623 -0.0013353875316457846 -0.016939806286515705 0.012807460155873997
leaf_weight=1313.8393040571184 148.47898416175303 36.214590809493529 178.74043676772999
leaf_count=49181 2258 995 2810
internal_value=-3.32849e-05 0.003243 0.00601547
internal_weight=1677.27 363.434 327.219
internal_count=55244 6063 5068
cat_boundaries=0 1
cat_threshold=7
is_linear=0
shrinkage=0.0321881


Tree=1069
num_leaves=4
num_cat=0
split_feature=1 25 6
split_gain=6.167 5.22054 5.05849
threshold=35.642234119280495 -1.2897815431425057 -19.19455119048472
decision_type=2 2 2
left_child=1 -1 -3
right_child=-2 2 -4
leaf_value=-0.0067619867966089578 -0.020962713617342938 -0.0031816844538997855 0.0012283409731216946
leaf_weight=118.71099747791413 14.918172767633221 343.75981515672197 1211.9686894411345
leaf_count=3297 220 12013 39768
internal_value=-0.000468277 -0.000244711 0.000212614
internal_weight=1689.36 1674.44 1555.73
internal_count=55298 55078 51781
is_linear=0
shrinkage=0.0321881


Tree=1070
num_leaves=4
num_cat=0
split_feature=30 4 29
split_gain=5.07648 12.2541 10.9064
threshold=-0.91654824606251417 809.30253240525246 8.7427107021102941
decision_type=2 2 2
left_child=1 -1 -3
right_child=-2 2 -4
leaf_value=-0.011805363076668842 0.00029941220831047167 0.0082205106611224939 -0.014431953149905342
leaf_weight=125.01683500418221 1430.1101668712572 89.773259084247456 27.81401876302516
leaf_count=2430 50664 1462 480
internal_value=-0.000389497 -0.00470912 0.00230348
internal_weight=1672.71 242.604 117.587
internal_count=55036 4372 1942
is_linear=0
shrinkage=0.0321881


Tree=1071
num_leaves=4
num_cat=1
split_feature=31 42 10
split_gain=5.907 12.1415 16.5396
threshold=-0.78336330935828302 0 9638.6574860622859
decision_type=2 9 2
left_child=1 2 -1
right_child=-2 -3 -4
leaf_value=0.028140748887776047 0.0010895084369568076 -0.0044259303350165742 -0.0092650659595945595
leaf_weight=30.200872823212194 1108.8007346022237 525.94691394130837 17.006819680173976
leaf_count=680 24623 29170 807
internal_value=-0.000240362 -0.00292354 0.0110208
internal_weight=1681.96 573.155 47.2077
internal_count=55280 30657 1487
cat_boundaries=0 1
cat_threshold=262692
is_linear=0
shrinkage=0.0321881


Tree=1072
num_leaves=4
num_cat=0
split_feature=30 10 4
split_gain=6.2049 13.3042 12.8054
threshold=0.89428271321887676 11397.548269869176 1329.1175551282684
decision_type=2 2 2
left_child=-1 2 -2
right_child=1 -3 -4
leaf_value=0.00060155825439791742 -0.0051334722855240992 0.0041796184813464362 -0.028637062269885712
leaf_weight=1435.3765962146222 113.83884934549678 91.30988107923622 34.391284622255625
leaf_count=50080 2505 1994 749
internal_value=-0.000159584 -0.00498224 -0.0110526
internal_weight=1674.92 239.54 148.23
internal_count=55328 5248 3254
is_linear=0
shrinkage=0.0321881


Tree=1073
num_leaves=4
num_cat=0
split_feature=33 10 10
split_gain=5.1782 8.67403 16.2562
threshold=-0.99183064863205639 13010.026855818238 8524.7120210179328
decision_type=2 2 2
left_child=1 2 -1
right_child=-2 -3 -4
leaf_value=-0.01222076460451752 0.00077836967991538159 -0.018121816058795134 0.0066416848919603816
leaf_weight=82.306477086116502 1441.0125934876899 39.999874290628213 108.14685180503875
leaf_count=2068 49130 1343 2854
internal_value=2.3972e-05 -0.00441309 -0.00118097
internal_weight=1671.47 230.453 190.453
internal_count=55395 6265 4922
is_linear=0
shrinkage=0.0321881


Tree=1074
num_leaves=4
num_cat=1
split_feature=42 32 10
split_gain=5.86877 10.4746 6.31256
threshold=0 -0.41515408638206924 8298.9759854256736
decision_type=9 2 2
left_child=1 -1 -2
right_child=2 -3 -4
leaf_value=0 -0.0020782934019630541 -0.019789114485966541 0.0021957799458628205
leaf_weight=67.196044893269573 534.62313915716913 42.366035442306384 1037.9131450980428
leaf_count=1061 16438 1045 36825
internal_value=0.000142899 -0.0066792 0.000697674
internal_weight=1682.1 109.562 1572.54
internal_count=55369 2106 53263
cat_boundaries=0 1
cat_threshold=17408
is_linear=0
shrinkage=0.0321881


Tree=1075
num_leaves=4
num_cat=1
split_feature=31 25 44
split_gain=5.2876 10.9271 12.5338
threshold=-0.44580724692767498 1.481256224711889 0
decision_type=2 2 9
left_child=-1 -2 -3
right_child=1 2 -4
leaf_value=-0.0014653062665410642 0.0047882776077090503 0.0033862131167139227 -0.0114274951705968
leaf_weight=947.77510569616879 511.62499957239197 111.29341726276334 101.80177610026385
leaf_count=41723 7872 2265 3521
internal_value=7.73114e-05 0.00218239 -0.00377393
internal_weight=1672.5 724.72 213.095
internal_count=55381 13658 5786
cat_boundaries=0 1
cat_threshold=270422
is_linear=0
shrinkage=0.0321881


Tree=1076
num_leaves=4
num_cat=0
split_feature=14 2 29
split_gain=6.16487 13.846 11.1646
threshold=197.734122460576 43.518647594753524 7.6045352455474635
decision_type=10 2 2
left_child=1 2 -1
right_child=-2 -3 -4
leaf_value=-0.022384310495596933 0.00079120628524966918 0.0044440222012737838 -0.0028065934191736121
leaf_weight=57.565366698639991 1444.2780852228236 90.170456246574759 82.048869075598759
leaf_count=10249 34683 1260 8997
internal_value=0 -0.0048823 -0.0113585
internal_weight=1674.06 229.785 139.614
internal_count=55189 20506 19246
is_linear=0
shrinkage=0.0321881


Tree=1077
num_leaves=4
num_cat=0
split_feature=31 0 27
split_gain=6.10123 12.385 6.46394
threshold=0.45279902193618049 750.5570737985621 0.68284735178657374
decision_type=2 2 2
left_child=-1 -2 -3
right_child=1 2 -4
leaf_value=-8.2142536229474643e-05 -0.017805867902288955 -0.0045833932221907535 0.017320731773343548
leaf_weight=1569.3160357619402 61.626126367912548 37.048713497133576 20.331948161881883
leaf_count=53354 1032 893 215
internal_value=-0.000656638 -0.00768302 0.00211186
internal_weight=1688.32 119.007 57.3807
internal_count=55494 2140 1108
is_linear=0
shrinkage=0.0321881


Tree=1078
num_leaves=4
num_cat=1
split_feature=31 21 44
split_gain=5.14427 10.9703 17.0465
threshold=-0.40277431163969413 264.86402371243844 0
decision_type=2 2 9
left_child=-1 2 -2
right_child=1 -3 -4
leaf_value=-0.0017758431340576602 0.0017115925969503085 0.0095739960966189693 -0.016034501112419299
leaf_weight=977.25747122186954 488.24798128845214 149.14729112293571 52.84077992725588
leaf_count=42208 8282 2003 2585
internal_value=-0.000239965 0.0018422 -0.000174615
internal_weight=1667.49 690.236 541.089
internal_count=55078 12870 10867
cat_boundaries=0 1
cat_threshold=262215
is_linear=0
shrinkage=0.0321881


Tree=1079
num_leaves=4
num_cat=1
split_feature=36 36 44
split_gain=5.79479 17.6001 19.8766
threshold=0.86415656182753497 0.1178144771612759 0
decision_type=2 2 9
left_child=1 2 -1
right_child=-2 -3 -4
leaf_value=0.023795259312981456 -0.00088761683929901433 0.031048354675597606 -0.0035245954794963473
leaf_weight=22.978079045143204 1479.2304820312202 23.567174571902797 147.40296779000391
leaf_count=1084 40933 439 12715
internal_value=-0.000164743 0.00501492 0.00100253
internal_weight=1673.18 193.948 170.381
internal_count=55171 14238 13799
cat_boundaries=0 1
cat_threshold=12356
is_linear=0
shrinkage=0.0321881


Tree=1080
num_leaves=4
num_cat=0
split_feature=7 22 33
split_gain=5.78343 21.3654 23.147
threshold=1332.978812781181 311.77994801474 -0.73006192561097927
decision_type=2 2 2
left_child=-1 -2 -3
right_child=1 2 -4
leaf_value=-0.0015437222736771248 -0.003812452076372712 0.0012608254087298236 0.012689039728578832
leaf_weight=783.77003140924785 351.74975593020667 246.71518905518315 287.4814428845475
leaf_count=27340 14429 7184 6105
internal_value=0.000422496 0.00223377 0.0063341
internal_weight=1669.72 885.946 534.197
internal_count=55058 27718 13289
is_linear=0
shrinkage=0.0321881


Tree=1081
num_leaves=4
num_cat=1
split_feature=30 10 44
split_gain=5.53505 17.4321 21.243
threshold=-0.60614553664635251 5305.4882687268982 0
decision_type=2 2 9
left_child=1 -1 -3
right_child=-2 2 -4
leaf_value=0.010320679930722033 0.0014508361186407652 0.0011325811390981318 -0.012248626427972998
leaf_weight=89.521915459034972 1122.7529664655317 259.03199356171535 213.42202090132173
leaf_count=1598 43308 3073 7336
internal_value=0.000109672 -0.00245599 -0.00501565
internal_weight=1684.73 561.976 472.454
internal_count=55315 12007 10409
cat_boundaries=0 1
cat_threshold=6
is_linear=0
shrinkage=0.0321881


Tree=1082
num_leaves=4
num_cat=0
split_feature=10 14 17
split_gain=5.21532 26.2662 22.8946
threshold=12578.077861596204 437.28321649372418 4.1262072228490707
decision_type=2 8 10
left_child=-1 2 -2
right_child=1 -3 -4
leaf_value=0.00064005680504504523 -0.0010953487997987714 0.0094583819979041708 -0.021180756683639144
leaf_weight=1311.2265035397095 154.05105366484167 106.10719750435965 102.78587169933076
leaf_count=40946 3488 2112 8836
internal_value=-0.000264065 -0.00370409 -0.00939339
internal_weight=1674.17 362.944 256.837
internal_count=55382 14436 12324
is_linear=0
shrinkage=0.0321881


Tree=1083
num_leaves=4
num_cat=0
split_feature=6 11 4
split_gain=5.85393 9.31775 8.79049
threshold=10.518905262478759 26.607920731938503 1803.8652755559488
decision_type=2 8 2
left_child=-1 2 -2
right_child=1 -3 -4
leaf_value=-0.0020082469522489195 0.004719653728504635 -0.0044109238781801664 -0.011809570782977253
leaf_weight=852.848001029942 591.60541298910994 183.30326987283661 33.124776417470002
leaf_count=29851 16527 7477 1275
internal_value=-0.000112682 0.00180921 0.00373717
internal_weight=1660.88 808.033 624.73
internal_count=55130 25279 17802
is_linear=0
shrinkage=0.0321881


Tree=1084
num_leaves=4
num_cat=2
split_feature=32 44 44
split_gain=5.45681 33.5059 31.6266
threshold=-0.44347521516621685 0 1
decision_type=2 9 9
left_child=2 -2 -1
right_child=1 -3 -4
leaf_value=0.0047516531602310504 0.0080936253135861277 -0.0053951127487824029 -0.0070960473379909281
leaf_weight=460.97284406235121 457.5231562313968 308.95509276060056 449.22691596553886
leaf_count=7818 17379 12258 17818
internal_value=0.000583663 0.00260867 -0.00105187
internal_weight=1676.68 766.478 910.2
internal_count=55273 29637 25636
cat_boundaries=0 1 2
cat_threshold=262677 144450
is_linear=0
shrinkage=0.0321881


Tree=1085
num_leaves=4
num_cat=1
split_feature=10 32 44
split_gain=6.64396 28.7412 23.3585
threshold=8249.6500571155611 0.2330572690754236 0
decision_type=2 2 9
left_child=1 -1 -2
right_child=2 -3 -4
leaf_value=-0.0061430252731461063 0.003208031787144417 0.012922790737729934 -0.01134964207578606
leaf_weight=468.11899941831007 998.40039827188525 97.621743882308238 117.64462232381106
leaf_count=12570 29917 4322 8483
internal_value=6.4281e-05 -0.00273654 0.0015414
internal_weight=1681.79 565.741 1116.05
internal_count=55292 16892 38400
cat_boundaries=0 1
cat_threshold=406531
is_linear=0
shrinkage=0.0321881


Tree=1086
num_leaves=4
num_cat=0
split_feature=1 1 3
split_gain=5.09994 4.6638 13.8102
threshold=31.143406834330715 12.976447344833176 139.41742791143949
decision_type=2 2 2
left_child=1 2 -1
right_child=-2 -3 -4
leaf_value=0.0089652320207083934 -0.0087153074367251216 0.0012294325713852285 -0.0080967397368784371
leaf_weight=63.505228069776422 65.112769513754756 1357.6752659645172 187.22796879690873
leaf_count=4521 855 21026 28774
internal_value=5.36719e-05 0.00044949 -0.00351714
internal_weight=1673.52 1608.41 250.733
internal_count=55176 54321 33295
is_linear=0
shrinkage=0.0321881


Tree=1087
num_leaves=4
num_cat=1
split_feature=34 44 29
split_gain=5.09547 5.3043 19.0361
threshold=0.99723050004309388 0 8.4714136604811525
decision_type=2 9 2
left_child=1 2 -1
right_child=-2 -3 -4
leaf_value=0.016513676118376269 -0.011424258847558986 0 -0.019756635342139704
leaf_weight=70.938625352158851 37.540401841606581 1535.4125534959699 17.406872108664629
leaf_count=13096 1495 35546 4937
internal_value=0.000193746 0.000503196 0.00774067
internal_weight=1661.3 1623.76 88.3455
internal_count=55074 53579 18033
cat_boundaries=0 1
cat_threshold=394244
is_linear=0
shrinkage=0.0321881


Tree=1088
num_leaves=4
num_cat=0
split_feature=32 28 32
split_gain=6.51027 13.2527 11.6642
threshold=0.6535453831768987 0.22798932623287296 0.90676564808898041
decision_type=2 2 2
left_child=-1 -2 -3
right_child=1 2 -4
leaf_value=0.00093551550804928173 -0.031275985966726413 -0.015026264471274597 0.021039887428664771
leaf_weight=1632.887948150357 19.726483911823834 11.340390468280932 16.206488523830558
leaf_count=49814 4456 627 488
internal_value=0.000557861 -0.0110858 0.00122346
internal_weight=1680.16 47.2734 27.5469
internal_count=55385 5571 1115
is_linear=0
shrinkage=0.0321881


Tree=1089
num_leaves=4
num_cat=0
split_feature=7 0 32
split_gain=4.86179 4.69218 12.8178
threshold=29169.022129817862 1504.6299588002055 -0.77094800483583781
decision_type=2 2 2
left_child=1 -1 -3
right_child=-2 2 -4
leaf_value=0.00051333219270459048 -0.017017867587042212 0.0059842498883269984 -0.015521706601398977
leaf_weight=1537.8693458345458 17.24986861858315 44.797349717144243 66.688471930556261
leaf_count=51910 875 782 1791
internal_value=-0.000128168 1.22813e-05 -0.00631569
internal_weight=1666.61 1649.36 111.486
internal_count=55358 54483 2573
is_linear=0
shrinkage=0.0321881


Tree=1090
num_leaves=4
num_cat=0
split_feature=16 17 12
split_gain=5.43843 25.4176 19.335
threshold=160.92441352496181 4.577581172239463 32.79687924688907
decision_type=10 8 10
left_child=2 -2 -1
right_child=1 -3 -4
leaf_value=0.0010689367159990037 -0.026237689143268232 0.0052339254704764351 -0.00969681689084664
leaf_weight=980.89724262780669 27.532249585317913 451.37278970704938 208.28587388818733
leaf_count=30714 605 7874 16060
internal_value=0.00035854 0.00327961 -0.000764695
internal_weight=1668.09 478.905 1189.18
internal_count=55253 8479 46774
is_linear=0
shrinkage=0.0321881


Tree=1091
num_leaves=4
num_cat=1
split_feature=1 44 3
split_gain=4.58977 18.5547 37.2136
threshold=12.504859956219493 0 139.41742791143949
decision_type=2 9 2
left_child=1 -1 -3
right_child=-2 2 -4
leaf_value=0.0071525780407208249 0.00093097113306642024 0.012944675633877257 -0.022447492382861017
leaf_weight=85.464760234761798 1452.3035132495534 41.711151659229927 100.37705775238487
leaf_count=6300 22384 3565 22912
internal_value=0.000229126 -0.00396693 -0.0108441
internal_weight=1679.86 227.553 142.088
internal_count=55161 32777 26477
cat_boundaries=0 1
cat_threshold=135746
is_linear=0
shrinkage=0.0321881


Tree=1092
num_leaves=4
num_cat=1
split_feature=44 0 11
split_gain=5.58456 18.034 23.6932
threshold=0 101.01575596024831 24.643700093750173
decision_type=9 2 10
left_child=1 -1 -3
right_child=-2 2 -4
leaf_value=-0.0030454259105901194 -0.0007488519789509789 0.058175250255592385 -0.0083618394176470309
leaf_weight=30.316261484418646 1617.6438746060451 14.110981871776405 6.5094536851265721
leaf_count=14684 37345 1716 1450
internal_value=-0.000358038 0.0091191 0.0342607
internal_weight=1668.58 50.9367 20.6204
internal_count=55195 17850 3166
cat_boundaries=0 1
cat_threshold=393216
is_linear=0
shrinkage=0.0321881


Tree=1093
num_leaves=4
num_cat=0
split_feature=32 33 21
split_gain=6.64055 24.5171 21.0798
threshold=-0.36088339992162849 -0.74096160492246621 43.1090704658126
decision_type=2 2 2
left_child=1 -1 -2
right_child=2 -3 -4
leaf_value=-0.011788289531461545 -0.021859038339321808 0.00065484859371595832 0.0035373278042294155
leaf_weight=206.30850960203134 34.957053576197723 760.58531879592601 665.24449066382931
leaf_count=6579 8717 20959 19035
internal_value=-0.00017284 -0.00193655 0.00217153
internal_weight=1667.1 966.894 700.202
internal_count=55290 27538 27752
is_linear=0
shrinkage=0.0321881


Tree=1094
num_leaves=4
num_cat=1
split_feature=22 42 29
split_gain=5.93183 4.34085 6.92553
threshold=901.12307251692062 0 6.2264987797304805
decision_type=2 9 2
left_child=1 -1 -3
right_child=-2 2 -4
leaf_value=0.0076304324386255867 0.01499175856810744 -0.004663602911132699 0.00090862981846741579
leaf_weight=69.242450795256445 29.02364015072817 280.85019733763806 1290.322850086498
leaf_count=1220 637 16038 37258
internal_value=0.000581302 0.000285389 -4.71379e-05
internal_weight=1669.44 1640.42 1571.17
internal_count=55153 54516 53296
cat_boundaries=0 1
cat_threshold=131668
is_linear=0
shrinkage=0.0321881


Tree=1095
num_leaves=4
num_cat=1
split_feature=32 44 7
split_gain=8.65507 24.4759 22.4274
threshold=-0.32028511796077225 0 8749.703861246011
decision_type=2 9 2
left_child=-1 2 -2
right_child=1 -3 -4
leaf_value=-0.0019845674569543017 0.0059515968341400556 -0.021757203978125333 -0.019575499170119855
leaf_weight=1000.2034215580229 592.72348890963531 29.14535036786333 36.738459662347395
leaf_count=28600 18231 6986 1430
internal_value=-6.07184e-05 0.00276395 0.0042857
internal_weight=1658.81 658.607 629.462
internal_count=55247 26647 19661
cat_boundaries=0 1
cat_threshold=279055
is_linear=0
shrinkage=0.0321881


Tree=1096
num_leaves=4
num_cat=0
split_feature=2 32 4
split_gain=6.55258 21.1269 21.085
threshold=26.411321495617265 -0.13292918145108887 1302.4090427300587
decision_type=2 2 2
left_child=1 -1 -3
right_child=-2 2 -4
leaf_value=-0.0095959506865796601 0.00087505917754096974 -0.0049348944411727012 0.021109144072955201
leaf_weight=243.17284657725804 1323.9479176691711 67.217618708983309 56.96062307555394
leaf_count=20898 20034 9929 4564
internal_value=-0.000141176 -0.0039752 0.00651703
internal_weight=1691.3 367.351 124.178
internal_count=55425 35391 14493
is_linear=0
shrinkage=0.0321881


Tree=1097
num_leaves=4
num_cat=0
split_feature=30 13 10
split_gain=5.51714 10.9311 19.3953
threshold=-0.85168010870591637 35.956820980740069 5062.0128595555425
decision_type=2 8 2
left_child=1 -1 -3
right_child=-2 2 -4
leaf_value=-0.00028934120970843425 0.0010897650616116419 0.015575243814254134 -0.023833404392970606
leaf_weight=268.40078701861512 1328.4371133737659 14.578515231035452 56.036726022260837
leaf_count=4097 48890 296 1884
internal_value=0.000117577 -0.0035023 -0.0147736
internal_weight=1667.45 339.016 70.6152
internal_count=55167 6277 2180
is_linear=0
shrinkage=0.0321881


Tree=1098
num_leaves=4
num_cat=0
split_feature=30 32 10
split_gain=6.17748 16.5799 15.2474
threshold=-0.73286841445124207 0.19977222063413591 7344.9106173045484
decision_type=2 2 2
left_child=1 -1 -3
right_child=-2 2 -4
leaf_value=-0.0061351119970932287 0.0011318119851812423 0.026708825572271101 -0.00082074456166969707
leaf_weight=380.35716196095473 1203.4439090833396 32.678370729445305 45.526957683690398
leaf_count=6734 46045 662 1724
internal_value=-4.05381e-05 -0.00325506 0.00991654
internal_weight=1662.01 458.562 78.2053
internal_count=55165 9120 2386
is_linear=0
shrinkage=0.0321881


Tree=1099
num_leaves=4
num_cat=0
split_feature=30 10 1
split_gain=5.23438 14.4856 13.6867
threshold=0.79270170449679911 9038.9361489327184 15.805730838668621
decision_type=2 2 2
left_child=-1 -2 -3
right_child=1 2 -4
leaf_value=0.00089987957576279499 -0.012274493819787917 0.015389759462968233 -0.0030773243734627089
leaf_weight=1314.1140790235079 126.32358262024809 54.190335786935066 167.53057900911153
leaf_count=47333 2996 2233 2683
internal_value=0 -0.00353771 0.00116083
internal_weight=1662.16 348.044 221.721
internal_count=55245 7912 4916
is_linear=0
shrinkage=0.0321881


Tree=1100
num_leaves=4
num_cat=0
split_feature=30 10 23
split_gain=7.52742 14.6981 14.4836
threshold=0.70782043976016518 9038.9361489327184 29.667344316312448
decision_type=2 2 2
left_child=-1 -2 -3
right_child=1 2 -4
leaf_value=0.00096888342869403407 -0.011917396458487103 -0.0063640513247224363 0.0086754686124976884
leaf_weight=1251.3495896170668 154.06740623696442 142.44231090769199 122.82545302686776
leaf_count=45422 3670 4270 1850
internal_value=-0.000241164 -0.00400241 0.000361246
internal_weight=1670.68 419.335 265.268
internal_count=55212 9790 6120
is_linear=0
shrinkage=0.0321881


Tree=1101
num_leaves=4
num_cat=1
split_feature=31 14 44
split_gain=4.53167 13.6263 7.19894
threshold=0.45279902193618049 380.9974881544743 0
decision_type=2 8 9
left_child=-1 -2 -3
right_child=1 2 -4
leaf_value=0.00062966579699166977 -0.019104287503781649 -0.0053788079429019321 0.012801155846553312
leaf_weight=1561.2096510588524 48.502743071076111 39.481420063078986 29.15827794242432
leaf_count=53118 976 773 414
internal_value=0.000134183 -0.00591465 0.00251443
internal_weight=1678.35 117.142 68.6397
internal_count=55281 2163 1187
cat_boundaries=0 1
cat_threshold=833
is_linear=0
shrinkage=0.0321881


Tree=1102
num_leaves=4
num_cat=1
split_feature=41 16 12
split_gain=6.1416 9.13995 12.5047
threshold=0 85.136720033529414 33.812959438858734
decision_type=9 10 10
left_child=1 -1 -3
right_child=-2 2 -4
leaf_value=-0.024504796292176848 0.00093466649267204597 0.010130326810769195 -0.022257605384803453
leaf_weight=25.464877009439988 1583.5762569073586 35.258324248970894 18.562375594789046
leaf_count=1320 52522 643 480
internal_value=0.000443343 -0.00769268 0
internal_weight=1662.86 79.2856 53.8207
internal_count=54965 2443 1123
cat_boundaries=0 1
cat_threshold=64
is_linear=0
shrinkage=0.0321881


Tree=1103
num_leaves=4
num_cat=0
split_feature=20 25 10
split_gain=4.47935 4.46567 4.60937
threshold=-2.6316824849666709 -1.3836566663443686 17232.405951515368
decision_type=2 2 2
left_child=-1 -2 -3
right_child=1 2 -4
leaf_value=-0.013499544214512564 -0.0067441451925442731 -5.0375558853413769e-06 0.015558880172832849
leaf_weight=26.946609588939737 102.74734689945581 1516.4075999046256 19.642868778061256
leaf_count=3562 2833 48226 581
internal_value=-0.000494323 -0.000239698 0.000154902
internal_weight=1665.74 1638.8 1536.05
internal_count=55202 51640 48807
is_linear=0
shrinkage=0.0321881


Tree=1104
num_leaves=4
num_cat=0
split_feature=30 5 4
split_gain=5.50142 13.6674 28.6256
threshold=-0.42690215557752093 2.8068663666780971 901.27139509594474
decision_type=2 2 2
left_child=1 -1 -3
right_child=-2 2 -4
leaf_value=5.5183654184003087e-05 0.0013929604160830946 -0.003751556352885663 -0.040860689264872005
leaf_weight=501.10364495739555 1007.2035783894551 126.14481000934938 27.188641730476775
leaf_count=12244 39419 2593 1042
internal_value=-6.02172e-05 -0.0023937 -0.0107993
internal_weight=1661.64 654.437 153.333
internal_count=55298 15879 3635
is_linear=0
shrinkage=0.0321881


Tree=1105
num_leaves=4
num_cat=1
split_feature=33 32 44
split_gain=4.9248 24.9641 23.328
threshold=-0.76787751201446619 -0.44347521516621685 0
decision_type=2 2 9
left_child=1 -1 -3
right_child=-2 2 -4
leaf_value=-0.015183633703467718 0.0016732442157370176 0.0053314159651064756 -0.0064386500968911303
leaf_weight=123.15698563442675 849.83662511165085 415.78527226649749 284.05248721547832
leaf_count=4149 31006 11778 8253
internal_value=-6.5864e-06 -0.00181856 0.000446783
internal_weight=1672.83 822.995 699.838
internal_count=55186 24180 20031
cat_boundaries=0 1
cat_threshold=262677
is_linear=0
shrinkage=0.0321881


Tree=1106
num_leaves=4
num_cat=0
split_feature=30 29 31
split_gain=6.79421 10.1765 7.01937
threshold=-0.96747441913289334 8.7177063799211165 -0.43532334272854623
decision_type=2 2 2
left_child=1 -1 -2
right_child=2 -3 -4
leaf_value=-0.00097247572329645635 -0.0010749684933649627 -0.02144941023354761 0.0033974758335147182
leaf_weight=102.81852919720882 951.79444736936716 36.674040612685531 578.14865142431427
leaf_count=1909 41928 682 10958
internal_value=-8.37547e-06 -0.00683915 0.000573759
internal_weight=1669.44 139.493 1529.94
internal_count=55477 2591 52886
is_linear=0
shrinkage=0.0321881


Tree=1107
num_leaves=4
num_cat=0
split_feature=25 0 1
split_gain=4.48228 5.14412 7.93216
threshold=-2.1560913026213173 59.565486246613858 5.5096940246709991
decision_type=2 2 2
left_child=-1 -2 -3
right_child=1 2 -4
leaf_value=-0.014229926141976164 -0.008869233887643933 0.015532549989071821 6.289476389330149e-05
leaf_weight=22.776639258558134 63.509358656659742 35.124926300182324 1544.3417131929546
leaf_count=660 17799 11653 25029
internal_value=-0.000109703 4.9309e-05 0.000449514
internal_weight=1665.75 1642.98 1579.47
internal_count=55141 54481 36682
is_linear=0
shrinkage=0.0321881


Tree=1108
num_leaves=4
num_cat=0
split_feature=31 14 4
split_gain=6.23873 9.18952 5.62841
threshold=0.5164288074897504 322.86676540698943 1094.5672874658974
decision_type=2 8 2
left_child=-1 -2 -3
right_child=1 2 -4
leaf_value=0.00058902585680183561 -0.026233613832898559 -0.010546000718485595 0.0078426207290643053
leaf_weight=1588.5554251536828 22.080809610328743 35.946250141474593 30.564885584564763
leaf_count=53533 485 762 453
internal_value=8.74275e-05 -0.00816735 -0.00114352
internal_weight=1677.15 88.5919 66.5111
internal_count=55233 1700 1215
is_linear=0
shrinkage=0.0321881


Tree=1109
num_leaves=4
num_cat=1
split_feature=32 7 44
split_gain=4.79749 20.8433 21.4155
threshold=-0.33600599245164037 8749.703861246011 0
decision_type=2 2 9
left_child=-1 2 -2
right_child=1 -3 -4
leaf_value=-0.0012096876341224098 0.0052263973650691813 -0.019457389522224377 -0.01984495965479861
leaf_weight=993.33679218469206 608.12424670499968 41.630404804064938 26.857017368845845
leaf_count=28259 17917 2385 6625
internal_value=0.000172465 0.00229543 0.00382857
internal_weight=1669.95 676.612 634.981
internal_count=55186 26927 24542
cat_boundaries=0 1
cat_threshold=262663
is_linear=0
shrinkage=0.0321881


Tree=1110
num_leaves=4
num_cat=0
split_feature=14 10 5
split_gain=4.55818 16.9718 25.8755
threshold=477.08672232997924 13201.898220196095 1.3084273338524814
decision_type=10 2 2
left_child=-1 2 -2
right_child=1 -3 -4
leaf_value=-0.00054020862854227696 -0.010166774802169562 0.018305889702728981 0.01159786957614185
leaf_weight=1383.047719351769 124.4024374642031 65.30978560053336 103.29344134615894
leaf_count=50172 2020 1056 1880
internal_value=0.000192382 0.00386521 -1.20877e-05
internal_weight=1676.05 293.006 227.696
internal_count=55128 4956 3900
is_linear=0
shrinkage=0.0321881


Tree=1111
num_leaves=4
num_cat=1
split_feature=31 16 44
split_gain=7.2173 12.1039 12.1429
threshold=-0.44580724692767498 69.188978322458595 0
decision_type=2 10 9
left_child=1 -1 -3
right_child=-2 2 -4
leaf_value=-0.011646564078820925 0.0026664400766758124 0.0073987957401542353 -0.0021679918598007703
leaf_weight=109.72641807564241 722.85072473924924 160.82001265885583 681.51815076208095
leaf_count=17561 13656 8652 15466
internal_value=0.000208684 -0.00159067 -0.00020225
internal_weight=1674.92 952.065 842.338
internal_count=55335 41679 24118
cat_boundaries=0 1
cat_threshold=266752
is_linear=0
shrinkage=0.0321881


Tree=1112
num_leaves=4
num_cat=0
split_feature=13 16 1
split_gain=6.33112 18.3842 18.2238
threshold=20.979211237868817 85.684954433832374 6.8449470217183741
decision_type=8 8 2
left_child=-1 -2 -3
right_child=1 2 -4
leaf_value=0.0039649702778315667 -0.024722163407939011 0.018569150597069959 -0.0011080599317998083
leaf_weight=341.85268240262394 32.684363204745296 50.403125403405738 1244.9047229545868
leaf_count=7089 19931 8031 20179
internal_value=2.362e-05 -0.000943538 -0.000289959
internal_weight=1669.84 1327.99 1295.31
internal_count=55230 48141 28210
is_linear=0
shrinkage=0.0321881


Tree=1113
num_leaves=4
num_cat=0
split_feature=13 16 1
split_gain=4.60299 12.7436 13.6701
threshold=18.379975496926868 71.563238738526067 7.3953442159659675
decision_type=8 8 2
left_child=-1 -2 -3
right_child=1 2 -4
leaf_value=0.004244773743752814 -0.02599860937489127 0.0146989684986424 -0.00084408552098349512
leaf_weight=242.8015618911877 19.872059121104257 60.942760948302748 1359.5186901921261
leaf_count=4901 16013 12518 21858
internal_value=0.000116832 -0.000535398 -0.000130061
internal_weight=1683.14 1440.33 1420.46
internal_count=55290 50389 34376
is_linear=0
shrinkage=0.0321881


Tree=1114
num_leaves=4
num_cat=1
split_feature=10 44 30
split_gain=5.43873 36.2186 18.9749
threshold=10375.612113214591 0 0.87218777592816765
decision_type=2 9 2
left_child=2 -2 -1
right_child=1 -3 -4
leaf_value=0.0035329538676740274 -0.02223872405987468 0.00042287987127259869 -0.0095111355854689012
leaf_weight=812.38067357150521 71.712575429753997 635.62821895886054 132.77260938224481
leaf_count=25182 9501 17571 3039
internal_value=0 -0.00209961 0.00163126
internal_weight=1652.49 707.341 945.153
internal_count=55293 27072 28221
cat_boundaries=0 1
cat_threshold=262724
is_linear=0
shrinkage=0.0321881


Tree=1115
num_leaves=4
num_cat=0
split_feature=13 16 1
split_gain=6.46158 10.4807 10.8488
threshold=16.887024117857017 71.563238738526067 6.8449470217183741
decision_type=8 8 2
left_child=-1 -2 -3
right_child=1 2 -4
leaf_value=0.0054919684166738602 -0.019686576052870313 0.013484352847714086 -0.00099780820871594512
leaf_weight=188.04677085380717 29.840589071387512 55.23195674056069 1388.4474243110835
leaf_count=3843 16469 12508 22549
internal_value=-7.94682e-05 -0.000834467 -0.000397519
internal_weight=1661.57 1473.52 1443.68
internal_count=55369 51526 35057
is_linear=0
shrinkage=0.0321881


Tree=1116
num_leaves=4
num_cat=2
split_feature=41 44 30
split_gain=4.78758 10.5805 6.21848
threshold=0 1 0.8024333197399095
decision_type=9 9 2
left_child=1 -1 -3
right_child=-2 2 -4
leaf_value=0.0044767472312302594 -0.00027970141893988499 -0.026732666005924544 0
leaf_weight=32.387830035877414 1584.2801997302288 36.927542171976938 9.5673411563229802
leaf_count=539 52801 1661 224
internal_value=-0.000736287 -0.00802357 -0.0170904
internal_weight=1663.16 78.8827 46.4949
internal_count=55225 2424 1885
cat_boundaries=0 1 2
cat_threshold=64 518
is_linear=0
shrinkage=0.0321881


Tree=1117
num_leaves=4
num_cat=0
split_feature=36 31 11
split_gain=4.89919 4.24062 10.1326
threshold=1.0846979036887305 0.55178974197075792 23.616156429794927
decision_type=2 2 8
left_child=1 -1 -3
right_child=-2 2 -4
leaf_value=-9.512362548049226e-06 -0.012196770790246775 -0.021489328424468025 0.0010630614146156429
leaf_weight=1552.4513229477893 37.833501378730944 32.506861368068712 42.830077184725724
leaf_count=52761 1112 632 820
internal_value=-0.000720745 -0.000413157 -0.00786206
internal_weight=1665.62 1627.79 75.3369
internal_count=55325 54213 1452
is_linear=0
shrinkage=0.0321881


Tree=1118
num_leaves=4
num_cat=0
split_feature=31 11 31
split_gain=5.55748 13.2017 8.00321
threshold=0.55178974197075792 23.616156429794927 -0.41413244050295689
decision_type=2 8 2
left_child=2 -2 -1
right_child=1 -3 -4
leaf_value=-0.0016109488720394893 -0.024612233209262875 0.0010508041558460587 0.0030783207329494987
leaf_weight=968.65333541902078 31.806130917426344 46.837911755337245 614.20974848920218
leaf_count=41951 650 868 11551
internal_value=-0.00020753 -0.00856343 0.000168617
internal_weight=1661.51 78.644 1582.86
internal_count=55020 1518 53502
is_linear=0
shrinkage=0.0321881


Tree=1119
num_leaves=4
num_cat=0
split_feature=13 16 1
split_gain=5.09575 14.6091 14.6268
threshold=19.271860643071957 85.684954433832374 6.8449470217183741
decision_type=8 8 2
left_child=-1 -2 -3
right_child=1 2 -4
leaf_value=0.0039674584640902785 -0.017527466102729341 0.016711790626717973 -0.00085392584413858808
leaf_weight=272.67545972287371 52.147129632275437 50.736829904417391 1296.6231719974185
leaf_count=5596 20749 7920 21012
internal_value=-1.62981e-05 -0.000838524 -0.000142376
internal_weight=1672.18 1399.51 1347.36
internal_count=55277 49681 28932
is_linear=0
shrinkage=0.0321881


Tree=1120
num_leaves=4
num_cat=0
split_feature=31 25 13
split_gain=6.41631 10.4738 10.0676
threshold=-0.44580724692767498 1.481256224711889 36.047955033816031
decision_type=2 2 8
left_child=-1 -2 -3
right_child=1 2 -4
leaf_value=-0.0024152049182989098 0.0041547723997427868 -6.3698766886219145e-05 -0.017238092760540669
leaf_weight=937.77109090821477 510.01026071869273 162.41523944357959 47.936743943234433
leaf_count=41598 7841 3808 2011
internal_value=-0.00063315 0.00159838 -0.00429499
internal_weight=1658.13 720.362 210.352
internal_count=55258 13660 5819
is_linear=0
shrinkage=0.0321881


Tree=1121
num_leaves=4
num_cat=0
split_feature=13 16 1
split_gain=4.89692 19.8407 9.79856
threshold=20.284654078892782 85.684954433832374 7.3953442159659675
decision_type=8 8 2
left_child=-1 -2 -3
right_child=1 2 -4
leaf_value=0.0034483480858818268 -0.024089248423870894 0.012823308945545455 -0.00094290579366740248
leaf_weight=311.96130063488181 37.379632092088514 55.50600790204544 1242.7315931669109
leaf_count=6386 20449 8062 20329
internal_value=-0.000135383 -0.00102058 -0.000303048
internal_weight=1647.58 1335.62 1298.24
internal_count=55226 48840 28391
is_linear=0
shrinkage=0.0321881


Tree=1122
num_leaves=4
num_cat=1
split_feature=10 44 10
split_gain=5.19785 27.2608 29.3354
threshold=8341.5824211915042 0 9870.3486186253213
decision_type=2 9 2
left_child=-1 -2 -3
right_child=1 2 -4
leaf_value=-0.0027143154268604135 0.0028693131925010889 0.0041108516624121932 -0.027928002362468271
leaf_weight=567.4500048070272 990.23678987724588 47.17590758184042 67.341390932349441
leaf_count=17156 29648 1825 6589
internal_value=-0.000178743 0.0010663 -0.0130555
internal_weight=1672.2 1104.75 114.517
internal_count=55218 38062 8414
cat_boundaries=0 1
cat_threshold=406531
is_linear=0
shrinkage=0.0321881


Tree=1123
num_leaves=4
num_cat=0
split_feature=36 32 28
split_gain=6.83425 12.525 13.9853
threshold=0.9066013681922277 0.56476636605733566 0.26965840895936771
decision_type=2 2 2
left_child=1 -1 -3
right_child=-2 2 -4
leaf_value=0.0096238528112281563 -0.001092441889390785 -0.026140318557874725 0.0051198597734525564
leaf_weight=164.06136254010653 1456.347656613194 24.476895464494874 30.914589359947058
leaf_count=8629 40425 5153 1122
internal_value=-0.000258284 0.00498269 -0.0076012
internal_weight=1675.8 219.453 55.3915
internal_count=55329 14904 6275
is_linear=0
shrinkage=0.0321881


Tree=1124
num_leaves=4
num_cat=1
split_feature=10 44 21
split_gain=6.4616 36.3794 21.98
threshold=10375.612113214591 0 43.1090704658126
decision_type=2 9 2
left_child=2 -2 -1
right_child=1 -3 -4
leaf_value=-0.02041996560980594 0.00074433410220354124 -0.020103910718903682 0.0030760136341753848
leaf_weight=42.453882782182518 621.32946658681885 89.73349662583496 916.60984942947471
leaf_count=6395 12334 14764 21910
internal_value=0.000206598 -0.00207508 0.00196476
internal_weight=1670.13 711.063 959.064
internal_count=55403 27098 28305
cat_boundaries=0 1
cat_threshold=132099
is_linear=0
shrinkage=0.0321881


Tree=1125
num_leaves=4
num_cat=0
split_feature=30 4 4
split_gain=7.5546 13.7509 13.322
threshold=0.6988526258145219 260.88000019667879 2080.6902514340359
decision_type=2 2 2
left_child=-1 -2 -3
right_child=1 2 -4
leaf_value=0.0013631534695788237 0.0051664312010932453 -0.009259924422390188 0.018915698138469147
leaf_weight=1228.2817434537403 121.98081708641166 281.85940696279158 16.943038996050745
leaf_count=45305 2337 7319 323
internal_value=5.00596e-05 -0.00363024 -0.00743556
internal_weight=1649.07 420.783 298.802
internal_count=55284 9979 7642
is_linear=0
shrinkage=0.0321881


Tree=1126
num_leaves=4
num_cat=1
split_feature=11 4 41
split_gain=5.01039 11.126 13.7164
threshold=25.202681123443803 1803.8652755559488 0
decision_type=8 2 9
left_child=1 2 -1
right_child=-2 -3 -4
leaf_value=0.0059869120913615126 -0.0027979695569121249 -0.011697745179275854 -0.0012551418676358111
leaf_weight=458.36953670678281 529.17934639603573 65.955523874083156 614.72991817189336
leaf_count=18392 21742 2254 12902
internal_value=-0.000178728 0.000982535 0.00182365
internal_weight=1668.23 1139.05 1073.1
internal_count=55290 33548 31294
cat_boundaries=0 1
cat_threshold=776
is_linear=0
shrinkage=0.0321881


Tree=1127
num_leaves=4
num_cat=0
split_feature=14 1 4
split_gain=5.31746 17.8863 13.8317
threshold=185.03345873648431 24.950109926713754 1585.1294700266974
decision_type=10 2 2
left_child=1 2 -1
right_child=-2 -3 -4
leaf_value=-0.015396978450855716 0.0012422782162131291 0.0098573260764399442 0.01524093933947618
leaf_weight=115.17693002518104 1474.1567544069255 57.706925202335697 15.35642284278765
leaf_count=11926 39932 722 2650
internal_value=0.000557612 -0.00446106 -0.0112845
internal_weight=1662.4 188.24 130.533
internal_count=55230 15298 14576
is_linear=0
shrinkage=0.0321881


Tree=1128
num_leaves=4
num_cat=0
split_feature=35 32 33
split_gain=5.29087 6.33008 13.1318
threshold=-0.0041242242060872507 0.6535453831768987 -0.31155371236345358
decision_type=2 2 2
left_child=-1 -2 -3
right_child=1 2 -4
leaf_value=-0.0085132065473244416 0.00047511050418410917 -0.029974152483276572 0.0031956204409327037
leaf_weight=76.823245798489324 1545.181576877831 21.584483364797507 21.68180244930204
leaf_count=2630 47328 1671 3636
internal_value=-0.000265461 9.45494e-05 -0.011961
internal_weight=1665.27 1588.45 43.2663
internal_count=55265 52635 5307
is_linear=0
shrinkage=0.0321881


Tree=1129
num_leaves=4
num_cat=0
split_feature=37 5 6
split_gain=4.60846 8.66907 4.92227
threshold=0.0073489294301078509 4.5965564026476526 46.185108604003759
decision_type=2 2 2
left_child=-1 2 -2
right_child=1 -3 -4
leaf_value=0.00095924838760102105 -0.0024426551251449341 -0.014410428680947013 0.0075307907039810417
leaf_weight=1145.7204651900013 393.73830879461752 58.722294892723312 56.836141895410037
leaf_count=37395 14876 1092 1963
internal_value=-0.000132437 -0.00271261 -0.00104001
internal_weight=1655.02 509.297 450.574
internal_count=55326 17931 16839
is_linear=0
shrinkage=0.0321881


Tree=1130
num_leaves=4
num_cat=0
split_feature=25 2 10
split_gain=5.79203 6.68061 6.56559
threshold=-1.1286940712738389 42.836526296333176 17232.405951515368
decision_type=2 2 2
left_child=1 -1 -2
right_child=2 -3 -4
leaf_value=-0.0099765272622024358 0.00025797349564003026 0.0057341342022136218 0.019308991091650001
leaf_weight=114.70130595302408 1495.1734880177112 31.372010662540561 18.930925064544226
leaf_count=3808 50605 347 608
internal_value=-1.11211e-05 -0.00616321 0.000541214
internal_weight=1660.18 146.073 1514.1
internal_count=55368 4155 51213
is_linear=0
shrinkage=0.0321881


Tree=1131
num_leaves=4
num_cat=0
split_feature=14 22 1
split_gain=5.77148 16.0427 11.0766
threshold=158.76879771733442 623.09587287198258 23.479417890422003
decision_type=10 2 2
left_child=1 2 -1
right_child=-2 -3 -4
leaf_value=-0.020219648636427372 0.00023075760060733237 0.025430952355410742 0
leaf_weight=63.086328703766867 1534.2754539186108 12.460211715173498 39.985884037756477
leaf_count=7487 46458 746 554
internal_value=-0.000252015 -0.00720077 -0.0118114
internal_weight=1649.81 115.532 103.072
internal_count=55245 8787 8041
is_linear=0
shrinkage=0.0321881


Tree=1132
num_leaves=4
num_cat=0
split_feature=11 12 16
split_gain=4.58737 11.2214 27.2275
threshold=25.202681123443803 28.148673982469834 151.88658669473401
decision_type=10 10 10
left_child=1 2 -1
right_child=-2 -3 -4
leaf_value=0 -0.0028209232980210526 0.0055037307004248831 -0.028180874897395236
leaf_weight=761.10668400476447 514.93286654651729 366.84550679306381 36.892186512835906
leaf_count=17727 20445 16611 712
internal_value=-0.000263375 0.000812893 -0.00126472
internal_weight=1679.78 1164.84 797.999
internal_count=55495 35050 18439
is_linear=0
shrinkage=0.0321881


Tree=1133
num_leaves=4
num_cat=1
split_feature=30 10 44
split_gain=6.98007 14.0627 21.0596
threshold=-0.58555852298651812 5062.0128595555425 0
decision_type=2 2 9
left_child=1 -1 -3
right_child=-2 2 -4
leaf_value=0.0088169446465904688 0.0013105433790641322 0.00079352320680056005 -0.012440690693325233
leaf_weight=83.335160597380195 1100.4811730423446 263.13874916260829 216.51554208707296
leaf_count=1539 43014 3133 7791
internal_value=-0.000140384 -0.00308897 -0.00529356
internal_weight=1663.47 562.989 479.654
internal_count=55477 12463 10924
cat_boundaries=0 1
cat_threshold=6
is_linear=0
shrinkage=0.0321881


Tree=1134
num_leaves=4
num_cat=1
split_feature=29 5 41
split_gain=5.23148 20.4391 16.7099
threshold=6.2073826917886992 4.5965564026476526 0
decision_type=2 2 9
left_child=1 2 -1
right_child=-2 -3 -4
leaf_value=0.010517683265543951 0.00072924371466502917 -0.040499881351046929 -0.0065522568568553022
leaf_weight=70.90104915492816 1362.6136047528339 15.015861287322421 204.01127425036725
leaf_count=6161 38903 727 9539
internal_value=-6.69295e-05 -0.00402586 -0.00176897
internal_weight=1652.54 289.928 274.912
internal_count=55330 16427 15700
cat_boundaries=0 1
cat_threshold=520
is_linear=0
shrinkage=0.0321881


Tree=1135
num_leaves=4
num_cat=0
split_feature=36 22 2
split_gain=5.89738 19.7303 21.9004
threshold=0.86415656182753497 455.59209459291395 33.607589151939479
decision_type=2 2 2
left_child=1 2 -1
right_child=-2 -3 -4
leaf_value=-0.012203767249337989 -0.00080863407816867251 0.042272599935691858 0.010913510490237009
leaf_weight=66.772532729954264 1465.2095244043421 13.721610840148058 112.01901269672817
leaf_count=10650 41058 354 3251
internal_value=-7.47381e-05 0.00517459 0.0019195
internal_weight=1657.72 192.513 178.792
internal_count=55313 14255 13901
is_linear=0
shrinkage=0.0321881


Tree=1136
num_leaves=4
num_cat=1
split_feature=41 30 30
split_gain=4.51351 9.97818 6.22062
threshold=0 0.098961128048522778 0.88741921528336942
decision_type=9 2 2
left_child=1 -1 -2
right_child=2 -3 -4
leaf_value=-0.0015027813945465889 5.1150090073940199e-05 0.017130148297497056 -0.0056251771777819874
leaf_weight=61.684991800043463 1315.2450784268658 49.010278026416927 231.39994722540541
leaf_count=944 48344 757 5193
internal_value=-0.000254263 0.00567974 -0.000752798
internal_weight=1657.34 110.695 1546.65
internal_count=55238 1701 53537
cat_boundaries=0 1
cat_threshold=514
is_linear=0
shrinkage=0.0321881


Tree=1137
num_leaves=4
num_cat=0
split_feature=30 10 13
split_gain=4.90083 14.1632 17.0437
threshold=-0.41744558204952903 5545.5282831530321 36.142901506133164
decision_type=2 2 8
left_child=1 -1 -3
right_child=-2 2 -4
leaf_value=0.0080909075743511288 0.001515666473393383 -0.0012330015273544325 -0.015590624542711677
leaf_weight=113.09635464752773 1005.9521790449915 428.34606915561699 110.99263024532161
leaf_count=2365 39244 8306 5420
internal_value=6.97812e-05 -0.0020617 -0.00431131
internal_weight=1658.39 652.435 539.339
internal_count=55335 16091 13726
is_linear=0
shrinkage=0.0321881


Tree=1138
num_leaves=4
num_cat=0
split_feature=32 5 7
split_gain=4.80224 21.5928 16.6655
threshold=-0.13292918145108887 4.5965564026476526 5151.2707949975375
decision_type=2 2 2
left_child=2 -2 -1
right_child=1 -3 -4
leaf_value=-0.0037420331454700588 0.0040352365461187745 -0.024116156197400509 0.005157847927227773
leaf_weight=877.38354333853022 472.06796943928111 29.368648057412429 285.47223240746689
leaf_count=26086 20763 991 7516
internal_value=-0.000333343 0.00224886 -0.00150181
internal_weight=1664.29 501.437 1162.86
internal_count=55356 21754 33602
is_linear=0
shrinkage=0.0321881


Tree=1139
num_leaves=4
num_cat=1
split_feature=10 44 5
split_gain=6.35434 31.9287 89.9238
threshold=7885.9603567828744 0 2.4078192590856715
decision_type=2 9 2
left_child=1 2 -1
right_child=-2 -3 -4
leaf_value=-0.0040639015445656903 0.0013421921593935156 -0.008190946157625157 0.053456453679888674
leaf_weight=113.73030639053468 1145.277242029711 358.1966097046452 36.515490816062083
leaf_count=1755 39916 13252 348
internal_value=0 -0.00298089 0.00895929
internal_weight=1653.72 508.442 150.246
internal_count=55271 15355 2103
cat_boundaries=0 1
cat_threshold=580
is_linear=0
shrinkage=0.0321881


Tree=1140
num_leaves=4
num_cat=1
split_feature=30 44 5
split_gain=6.87603 13.1043 9.74553
threshold=0.70782043976016518 0 2.2171135793474805
decision_type=2 9 2
left_child=-1 -2 -3
right_child=1 2 -4
leaf_value=0.0017775992130231084 0.0157145523343236 -0.0083199259030537556 0.0023316252676822418
leaf_weight=1237.5481415023075 24.815301737164191 263.89584781332678 122.03188801781016
leaf_count=45447 1720 5984 2117
internal_value=0.000547355 -0.00300322 -0.00466671
internal_weight=1648.29 410.743 385.928
internal_count=55268 9821 8101
cat_boundaries=0 1
cat_threshold=271440
is_linear=0
shrinkage=0.0321881


Tree=1141
num_leaves=4
num_cat=0
split_feature=25 33 25
split_gain=4.64107 12.1666 8.72105
threshold=15.4234992976257 0.23495285824683482 5.7349365267202268
decision_type=2 2 2
left_child=2 -2 -1
right_child=1 -3 -4
leaf_value=0.00025282495562781962 0.031033231590181062 -0.01927479475476114 -0.012307723249144692
leaf_weight=1580.0589498831985 15.608178017873799 5.444875872269221 59.030888563312374
leaf_count=45971 575 3937 4772
internal_value=0 0.0149608 -0.000162396
internal_weight=1660.14 21.0531 1639.09
internal_count=55255 4512 50743
is_linear=0
shrinkage=0.0321881


Tree=1142
num_leaves=4
num_cat=1
split_feature=14 44 12
split_gain=5.29233 17.2407 16.8612
threshold=477.08672232997924 0 39.911750017347217
decision_type=10 9 10
left_child=2 -2 -1
right_child=1 -3 -4
leaf_value=-0.00026776698231526446 0.0064679458969898176 -0.01781557638052934 -0.021313882849658381
leaf_weight=1334.1274102204145 263.6618187965214 23.412729402811237 40.684839051536756
leaf_count=45607 4159 750 4942
internal_value=-7.28711e-05 0.00385777 -0.000940472
internal_weight=1661.89 287.075 1374.81
internal_count=55458 4909 50549
cat_boundaries=0 1
cat_threshold=7
is_linear=0
shrinkage=0.0321881


Tree=1143
num_leaves=4
num_cat=0
split_feature=10 16 4
split_gain=4.31701 5.87441 5.67891
threshold=17232.405951515368 233.13867668544614 1803.8652755559488
decision_type=2 10 2
left_child=1 2 -1
right_child=-2 -3 -4
leaf_value=0.00067708173502032971 0.014435947996765173 -0.015454354893350607 -0.0064828230568174331
leaf_weight=1478.6230913688426 21.116394258705895 25.301012403459026 123.89363462041092
leaf_count=48415 649 1266 4856
internal_value=2.81851e-05 -0.000121667 8.29192e-05
internal_weight=1648.93 1627.82 1602.52
internal_count=55186 54537 53271
is_linear=0
shrinkage=0.0321881


Tree=1144
num_leaves=4
num_cat=0
split_feature=31 16 4
split_gain=5.01185 7.27754 10.2667
threshold=-0.95880987548668395 113.87336741699689 1356.3712162482832
decision_type=2 10 2
left_child=1 -1 -3
right_child=-2 2 -4
leaf_value=-0.012710524264918848 0.00053751753428298574 0.0045991495961324605 -0.017402162180322409
leaf_weight=76.071600420150617 1446.950020428352 101.18281421024585 27.804229973808106
leaf_count=10955 41367 2276 517
internal_value=-9.07085e-05 -0.0048294 0
internal_weight=1652.01 205.059 128.987
internal_count=55115 13748 2793
is_linear=0
shrinkage=0.0321881


Tree=1145
num_leaves=4
num_cat=1
split_feature=2 4 44
split_gain=4.46676 16.224 38.8651
threshold=26.411321495617265 1540.1487939738447 0
decision_type=2 2 9
left_child=1 -1 -3
right_child=-2 2 -4
leaf_value=-0.0074046310605940342 0.0008516294562599902 0.030085192635630986 -0.0084508520056149131
leaf_weight=263.94625362126294 1305.8092703613147 35.58112125656271 56.996407744484259
leaf_count=28078 20096 885 6250
internal_value=0 -0.00321199 0.00804371
internal_weight=1662.33 356.524 92.5775
internal_count=55309 35213 7135
cat_boundaries=0 1
cat_threshold=131073
is_linear=0
shrinkage=0.0321881


Tree=1146
num_leaves=4
num_cat=0
split_feature=8 30 5
split_gain=5.52387 5.14888 14.0823
threshold=7144.3267065379141 -0.60614553664635251 1.9934541756231978
decision_type=2 2 2
left_child=1 2 -1
right_child=-2 -3 -4
leaf_value=0.00090520695099272259 -0.011784479528441253 0.0013961084100674263 -0.010117537140167087
leaf_weight=372.28100498262552 41.48144459764444 1057.7599340966676 171.32021676391219
leaf_count=8012 646 42612 3860
internal_value=-0.000212642 4.90436e-05 -0.00245447
internal_weight=1642.84 1601.36 543.601
internal_count=55130 54484 11872
is_linear=0
shrinkage=0.0321881


Tree=1147
num_leaves=4
num_cat=0
split_feature=30 1 5
split_gain=7.00083 11.6075 10.3111
threshold=0.75529219887725108 8.4253697825265217 2.2599968823303187
decision_type=2 2 2
left_child=-1 -2 -3
right_child=1 2 -4
leaf_value=0.0013113878453313193 0.02147297995388997 -0.0086962562721038996 0.0026587149615018312
leaf_weight=1277.337702036406 17.011816767483197 251.59310474340236 112.4805201873678
leaf_count=46689 2389 4697 1661
internal_value=0.000132141 -0.00365183 -0.00501386
internal_weight=1658.42 381.085 364.074
internal_count=55436 8747 6358
is_linear=0
shrinkage=0.0321881


Tree=1148
num_leaves=4
num_cat=1
split_feature=13 44 10
split_gain=5.88851 17.5415 17.7355
threshold=36.142901506133164 0 13606.132755648234
decision_type=8 9 2
left_child=-1 -2 -3
right_child=1 2 -4
leaf_value=0.0010238036468235838 0.0090586737460384981 -0.011353592390312483 0.0088517131506532752
leaf_weight=1290.3184387862339 76.957001451444512 237.24715433288065 51.774073449053958
leaf_count=32164 11133 10292 1760
internal_value=0 -0.00360079 -0.00725867
internal_weight=1656.3 365.978 289.021
internal_count=55349 23185 12052
cat_boundaries=0 1
cat_threshold=401940
is_linear=0
shrinkage=0.0321881


Tree=1149
num_leaves=4
num_cat=0
split_feature=7 32 36
split_gain=4.06777 14.661 12.9506
threshold=45.412199073351196 -0.29644511849519312 0.86415656182753497
decision_type=2 2 2
left_child=1 2 -1
right_child=-2 -3 -4
leaf_value=0.0082360130531146328 0.00097347023911642527 0.0035686502955921667 -0.0092925356094139943
leaf_weight=47.20765461150495 1067.6125409719546 240.08600588246463 295.95649929526371
leaf_count=1896 34289 10107 8894
internal_value=-0.00016559 -0.0023593 -0.00669171
internal_weight=1650.86 583.25 343.164
internal_count=55186 20897 10790
is_linear=0
shrinkage=0.0321881


Tree=1150
num_leaves=4
num_cat=1
split_feature=31 44 10
split_gain=6.71929 11.8239 29.3803
threshold=-0.43532334272854623 0 5921.7462449622717
decision_type=2 9 2
left_child=-1 -2 -3
right_child=1 2 -4
leaf_value=-0.0017845555466257912 0.0040473869382882839 0.013226152858335043 -0.02275241606552747
leaf_weight=949.48763366755043 614.58489190713578 36.587574097039578 58.821703803007381
leaf_count=41648 10246 650 2631
internal_value=0 0.00235447 -0.00750606
internal_weight=1659.48 709.994 95.4093
internal_count=55175 13527 3281
cat_boundaries=0 1
cat_threshold=263191
is_linear=0
shrinkage=0.0321881


Tree=1151
num_leaves=4
num_cat=1
split_feature=31 42 3
split_gain=5.74664 11.7186 13.9398
threshold=-0.78336330935828302 0 176.42239766566152
decision_type=2 9 2
left_child=1 2 -1
right_child=-2 -3 -4
leaf_value=-0.0081923055159444976 0.0014020687562913481 -0.0040772147232952353 0.02768291438710787
leaf_weight=14.501087966670637 1082.6877727686112 516.93939687553529 28.872833675443417
leaf_count=607 24470 29285 827
internal_value=0 -0.00261226 0.0115912
internal_weight=1643 560.313 43.3739
internal_count=55189 30719 1434
cat_boundaries=0 1
cat_threshold=262692
is_linear=0
shrinkage=0.0321881


Tree=1152
num_leaves=4
num_cat=0
split_feature=5 28 32
split_gain=6.55952 7.33174 6.55068
threshold=5.3371275850235866 1.361946172341858 -0.27076157908106019
decision_type=2 2 2
left_child=2 -2 -1
right_child=1 -3 -4
leaf_value=-0.0022567907167748333 0 0.031982584569887437 0.0019451391545256154
leaf_weight=1015.3074454633077 24.544129353602784 13.315283210133201 605.93390374634009
leaf_count=29350 789 277 24957
internal_value=-0.000299403 0.012825 -0.000646997
internal_weight=1659.1 37.8594 1621.24
internal_count=55373 1066 54307
is_linear=0
shrinkage=0.0321881


Tree=1153
num_leaves=4
num_cat=0
split_feature=11 15 28
split_gain=4.75634 15.0898 12.7708
threshold=28.087313860193799 1.1137227686297184 0.4947202887116246
decision_type=10 10 2
left_child=-1 2 -2
right_child=1 -3 -4
leaf_value=0.00021164375648456452 -0.011971390119900461 -0.016483376416611382 0.0087889216909410664
leaf_weight=1440.294997649984 46.127802542154313 75.580628608281813 87.210601272119675
leaf_count=45444 1321 7571 939
internal_value=-0.000404764 -0.00495425 0.00112166
internal_weight=1649.21 208.919 133.338
internal_count=55275 9831 2260
is_linear=0
shrinkage=0.0321881


Tree=1154
num_leaves=4
num_cat=1
split_feature=36 25 44
split_gain=3.93039 4.82373 6.12715
threshold=1.0118939581807742 -0.17940248031913447 0
decision_type=2 2 9
left_child=-1 -2 -3
right_child=1 2 -4
leaf_value=0.00080596580899830819 -0.0071323258619649258 0.0028865945520328258 -0.0048296143483059417
leaf_weight=1078.2900356098039 165.67037729967524 226.87176884267319 180.34593002429756
leaf_count=39224 4525 6465 5107
internal_value=-0.000294512 -0.00247644 -0.000422898
internal_weight=1651.18 572.888 407.218
internal_count=55321 16097 11572
cat_boundaries=0 1
cat_threshold=393746
is_linear=0
shrinkage=0.0321881


Tree=1155
num_leaves=4
num_cat=1
split_feature=0 44 11
split_gain=4.67012 8.40732 22.2121
threshold=60.645382031005092 0 23.92434763212615
decision_type=2 9 8
left_child=-1 2 -2
right_child=1 -3 -4
leaf_value=-0.0086327388469365912 0.048148414980352591 -3.4641004290123875e-05 -0.0053896375511353406
leaf_weight=62.856536623644615 14.686056823099081 1546.316659958132 13.330827031776606
leaf_count=18340 2179 31237 3370
internal_value=-1.03145e-05 0.000294739 0.0152063
internal_weight=1637.19 1574.33 28.0169
internal_count=55126 36786 5549
cat_boundaries=0 1
cat_threshold=262144
is_linear=0
shrinkage=0.0321881


Tree=1156
num_leaves=4
num_cat=1
split_feature=31 32 44
split_gain=4.7677 10.0951 36.6369
threshold=-0.43532334272854623 -0.72679797909206612 0
decision_type=2 2 9
left_child=1 -1 -3
right_child=-2 2 -4
leaf_value=0.0019234911813054373 0.0016619741698040381 0.0019818523155136392 -0.0148052378707626
leaf_weight=402.39626545482429 704.34128150006654 328.04070535544156 212.10329389265416
leaf_count=13143 13484 18627 9882
internal_value=-0.000294363 -0.0018239 -0.00473312
internal_weight=1646.88 942.54 540.144
internal_count=55136 41652 28509
cat_boundaries=0 1
cat_threshold=393733
is_linear=0
shrinkage=0.0321881


Tree=1157
num_leaves=4
num_cat=0
split_feature=35 30 5
split_gain=5.15201 5.97595 12.5922
threshold=-0.0041242242060872507 -0.48482158737346026 2.2171135793474805
decision_type=2 2 2
left_child=-1 2 -2
right_child=1 -3 -4
leaf_value=-0.0086189128867075106 0 0.0015153804150391124 -0.010883681640521484
leaf_weight=75.360349265345803 439.74454248451798 983.30480015105718 143.10438408892719
leaf_count=2606 10469 38663 3331
internal_value=-0.000411436 0 -0.00259713
internal_weight=1641.51 1566.15 582.849
internal_count=55069 52463 13800
is_linear=0
shrinkage=0.0321881


Tree=1158
num_leaves=4
num_cat=0
split_feature=30 32 4
split_gain=4.67224 8.97073 8.41045
threshold=-0.91654824606251417 -0.93034854255644917 766.93582150437101
decision_type=2 2 2
left_child=1 -1 -3
right_child=-2 2 -4
leaf_value=-0.018746095480573592 0.00050492667255779065 -0.0081841747058015082 0.0050835409054961972
leaf_weight=38.218212656971446 1422.4128684578463 96.870510668225847 96.634636478606467
leaf_count=601 51012 1977 1783
internal_value=-0.000145766 -0.00441101 -0.00123154
internal_weight=1654.14 231.723 193.505
internal_count=55373 4361 3760
is_linear=0
shrinkage=0.0321881


Tree=1159
num_leaves=4
num_cat=0
split_feature=10 33 22
split_gain=4.88187 4.32521 7.52018
threshold=2341.890354427087 0.30389733462793395 206.92958437051769
decision_type=2 2 2
left_child=-1 -2 -3
right_child=1 2 -4
leaf_value=-0.015403277357138057 0.00045219661368945692 -0.029364054869021723 0.004378941769611162
leaf_weight=20.75238840698421 1599.3892063921385 13.522826653018003 8.0718100162011961
leaf_count=1293 46130 7483 273
internal_value=0 0.000219394 -0.0139232
internal_weight=1641.74 1620.98 21.5946
internal_count=55179 53886 7756
is_linear=0
shrinkage=0.0321881


Tree=1160
num_leaves=4
num_cat=0
split_feature=30 5 4
split_gain=5.09213 15.5287 26.6271
threshold=-0.41744558204952903 2.749334418013635 908.1813455512073
decision_type=2 2 2
left_child=1 -1 -3
right_child=-2 2 -4
leaf_value=0.00099970611909550359 0.0020393473402562207 -0.0037758722348188987 -0.039871157064726805
leaf_weight=505.87497242113386 996.8699909476727 123.43169336119718 26.848740672890926
leaf_count=12372 39268 2599 1053
internal_value=0.000561811 -0.00158584 -0.0107004
internal_weight=1653.03 656.155 150.28
internal_count=55292 16024 3652
is_linear=0
shrinkage=0.0321881


Tree=1161
num_leaves=4
num_cat=1
split_feature=2 32 44
split_gain=4.96528 13.8324 17.0822
threshold=26.411321495617265 -0.068927789338999554 0
decision_type=2 2 9
left_child=1 2 -1
right_child=-2 -3 -4
leaf_value=0.016552148951052875 0.0010757648542058171 0.0059429682252126054 -0.0099874943665132325
leaf_weight=18.0982038106049 1294.586209283123 110.7680239112658 230.48506371450753
leaf_count=3270 19906 13552 18335
internal_value=0.00010949 -0.00319286 -0.00752153
internal_weight=1653.94 359.351 248.583
internal_count=55063 35157 21605
cat_boundaries=0 1
cat_threshold=135232
is_linear=0
shrinkage=0.0321881


Tree=1162
num_leaves=4
num_cat=0
split_feature=14 32 16
split_gain=5.54033 11.1143 15.9462
threshold=293.43716918867352 -0.44347521516621685 138.33382070413089
decision_type=10 2 10
left_child=-1 -2 -3
right_child=1 2 -4
leaf_value=-0.002472867063617195 -0.0017164858944779069 0.013400298574369423 0.00075857921675832809
leaf_weight=610.7803457474738 538.98939043917926 157.12885018953511 336.81808929077488
leaf_count=38389 8004 2397 6405
internal_value=-5.11799e-06 0.00139266 0.0049134
internal_weight=1643.72 1032.94 493.947
internal_count=55195 16806 8802
is_linear=0
shrinkage=0.0321881


Tree=1163
num_leaves=4
num_cat=0
split_feature=33 32 22
split_gain=4.8778 16.3324 44.9693
threshold=-0.67058950410137164 -0.44347521516621685 474.45297268909468
decision_type=2 2 2
left_child=1 2 -1
right_child=-2 -3 -4
leaf_value=-0.026704802855220935 0.0022119612326881302 0.000955965057215399 0.003273032344418482
leaf_weight=88.2835906077853 741.71732841070411 705.00168749136355 117.5013635577252
leaf_count=3750 27343 20752 3299
internal_value=0.000242318 -0.00129194 -0.00929449
internal_weight=1652.5 910.787 205.785
internal_count=55144 27801 7049
is_linear=0
shrinkage=0.0321881


Tree=1164
num_leaves=4
num_cat=0
split_feature=10 32 22
split_gain=6.23862 24.1488 34.7732
threshold=8478.6610602780147 0.24090099001102686 274.79203948475339
decision_type=2 2 2
left_child=1 2 -1
right_child=-2 -3 -4
leaf_value=-0.020639348382979449 0.0022638831958282442 0.012307399615736939 -3.0768884365091223e-05
leaf_weight=111.8627011729975 1054.7331737003096 100.71065565451568 374.61602275870428
leaf_count=4757 37487 4569 8671
internal_value=0.000756224 -0.00184329 -0.00490819
internal_weight=1641.92 587.189 486.479
internal_count=55484 17997 13428
is_linear=0
shrinkage=0.0321881


Tree=1165
num_leaves=4
num_cat=0
split_feature=31 30 30
split_gain=6.15134 9.86998 55.2979
threshold=-0.78336330935828302 0.70782043976016518 -0.52496118461778551
decision_type=2 2 2
left_child=-1 2 -2
right_child=1 -3 -4
leaf_value=-0.0023297373123037221 0 -0.002031128920459101 0.023916337636557813
leaf_weight=563.1810858719391 547.56790992608762 408.49167552389645 120.99782867774024
leaf_count=30772 11792 9684 3127
internal_value=0.000346819 0.00180569 0.00424509
internal_weight=1640.24 1077.06 668.566
internal_count=55375 24603 14919
is_linear=0
shrinkage=0.0321881


Tree=1166
num_leaves=4
num_cat=1
split_feature=35 31 44
split_gain=6.54643 5.6956 13.7787
threshold=0.0024702792035329823 -0.80719562366727826 0
decision_type=2 2 9
left_child=1 2 -1
right_child=-2 -3 -4
leaf_value=0.008671211633075231 -0.0053761510860990108 0.0018809962123618428 -0.005143264465152681
leaf_weight=81.091075938328231 231.11298372658985 965.15178159353945 374.34347597632836
leaf_count=3371 8686 21922 21339
internal_value=-0.0003331 0.000443277 -0.00246314
internal_weight=1651.7 1420.59 455.435
internal_count=55318 46632 24710
cat_boundaries=0 1
cat_threshold=131648
is_linear=0
shrinkage=0.0321881


Tree=1167
num_leaves=4
num_cat=0
split_feature=36 30 15
split_gain=5.14553 4.48302 8.75941
threshold=1.0785378629792481 0.97175552524746311 1.1596972362251918
decision_type=2 2 10
left_child=1 -1 -3
right_child=-2 2 -4
leaf_value=0.00071275443158605575 -0.01009717233094154 -0.010059447477818482 0.012719939085056649
leaf_weight=1481.3431133455385 51.585080020440728 97.91358081969156 18.900215935592769
leaf_count=51204 1507 1843 676
internal_value=-8.93808e-05 0.00019525 -0.00581135
internal_weight=1649.74 1598.16 116.814
internal_count=55230 53723 2519
is_linear=0
shrinkage=0.0321881


Tree=1168
num_leaves=4
num_cat=1
split_feature=10 44 5
split_gain=4.80428 30.5101 86.6132
threshold=7885.9603567828744 0 2.4078192590856715
decision_type=2 9 2
left_child=1 2 -1
right_child=-2 -3 -4
leaf_value=-0.0029569902748642889 0.0020660588087917601 -0.0068556891077810028 0.053456203457113986
leaf_weight=110.8645261573256 1133.8875170937299 352.904511116501 36.785336936431122
leaf_count=1762 39884 13193 336
internal_value=0.000881173 -0.00167543 0.0100506
internal_weight=1634.44 500.554 147.65
internal_count=55175 15291 2098
cat_boundaries=0 1
cat_threshold=580
is_linear=0
shrinkage=0.0321881


Tree=1169
num_leaves=4
num_cat=0
split_feature=34 7 14
split_gain=5.43192 5.54356 4.84425
threshold=0.99723050004309388 4478.1745217407124 299.09397811734965
decision_type=2 2 10
left_child=2 -2 -1
right_child=1 -3 -4
leaf_value=-0.0015552733512746229 -0.020120898517930356 0.0029782579951289599 0.0020385796617410521
leaf_weight=625.90112264884169 26.494081451585544 10.856394584469852 982.66539805218326
leaf_count=37521 1112 379 16058
internal_value=0.000280291 -0.0117358 0.00060058
internal_weight=1645.92 37.3505 1608.57
internal_count=55070 1491 53579
is_linear=0
shrinkage=0.0321881


Tree=1170
num_leaves=4
num_cat=0
split_feature=32 10 33
split_gain=4.88992 11.0266 10.8719
threshold=0.58668974911705696 7770.2128353354938 -0.30288096431761563
decision_type=2 2 2
left_child=-1 2 -2
right_child=1 -3 -4
leaf_value=4.5460299015391205e-06 -0.015528912297089708 -0.023837838206732867 0.025865460389571084
leaf_weight=1582.1543359554962 11.506364326178302 28.377736454591741 12.89973100574707
leaf_count=48865 616 4507 1156
internal_value=-0.000277524 -0.00989587 0.00380359
internal_weight=1634.94 52.7838 24.4061
internal_count=55144 6279 1772
is_linear=0
shrinkage=0.0321881


Tree=1171
num_leaves=4
num_cat=2
split_feature=42 15 43
split_gain=4.53799 16.6437 5.58935
threshold=0 0.92970288543168056 1
decision_type=9 8 9
left_child=1 -1 -2
right_child=2 -3 -4
leaf_value=0.022075949362770683 0.0053257366186131791 -0.011091969392938879 -0.0011564411209969057
leaf_weight=39.583341888672294 140.29450552790877 22.822122487372326 1437.1192415041137
leaf_count=584 8839 542 45317
internal_value=-0.00011286 0.00770358 -0.000509179
internal_weight=1639.82 62.4055 1577.41
internal_count=55282 1126 54156
cat_boundaries=0 1 2
cat_threshold=131156 16
is_linear=0
shrinkage=0.0321881


Tree=1172
num_leaves=4
num_cat=0
split_feature=0 12 10
split_gain=4.61251 13.0896 20.0694
threshold=1427.7647101453881 41.64893062074902 14048.506704919271
decision_type=2 10 2
left_child=-1 2 -2
right_child=1 -3 -4
leaf_value=0.00073643323305550739 -0.017696503129237963 0.012892088669117558 0.019024074168765722
leaf_weight=1508.5254968866038 87.389498750664643 28.134830171753492 16.949130932145636
leaf_count=52204 2168 559 311
internal_value=0.000193047 -0.00550502 -0.0110928
internal_weight=1641 132.473 104.339
internal_count=55242 3038 2479
is_linear=0
shrinkage=0.0321881


Tree=1173
num_leaves=4
num_cat=0
split_feature=36 29 10
split_gain=6.11107 5.70707 15.5439
threshold=1.0761319124368394 5.8106660458157622 7885.9603567828744
decision_type=2 2 2
left_child=1 2 -1
right_child=-2 -3 -4
leaf_value=0.007270234641232649 -0.0096440322188652006 0.0015058332142093992 -0.015708009236730894
leaf_weight=49.185132796120229 57.980800965160597 1463.3537553645272 70.372152136746422
leaf_count=3017 1724 43022 7417
internal_value=0.000505114 0.00091849 -0.00572753
internal_weight=1640.89 1582.91 119.557
internal_count=55180 53456 10434
is_linear=0
shrinkage=0.0321881


Tree=1174
num_leaves=4
num_cat=0
split_feature=31 11 33
split_gain=4.67302 12.476 5.89903
threshold=0.55178974197075792 21.3209637312744 -0.68859689965242032
decision_type=2 8 2
left_child=2 -2 -1
right_child=1 -3 -4
leaf_value=-0.0010563830671301471 -0.026440800444247858 0.00012568345822011384 0.0028834083393680177
leaf_weight=845.56150527874615 24.243101900567126 54.8978747826568 715.83993190373508
leaf_count=26612 498 1034 27321
internal_value=0.000284754 -0.00726461 0.00070923
internal_weight=1640.54 79.141 1561.4
internal_count=55465 1532 53933
is_linear=0
shrinkage=0.0321881


Tree=1175
num_leaves=4
num_cat=1
split_feature=14 44 12
split_gain=4.72207 14.5627 13.3003
threshold=477.08672232997924 0 39.650043960462959
decision_type=10 9 10
left_child=2 -2 -1
right_child=1 -3 -4
leaf_value=-0.00042362615355876626 0.0060298035881000125 -0.015747186974565845 -0.018200804566772078
leaf_weight=1303.2253842346008 256.67401888431777 25.346213406770403 45.329284317776455
leaf_count=44957 4096 783 5348
internal_value=-0.000242904 0.00349112 -0.00107149
internal_weight=1630.57 282.02 1348.55
internal_count=55184 4879 50305
cat_boundaries=0 1
cat_threshold=7
is_linear=0
shrinkage=0.0321881


Tree=1176
num_leaves=4
num_cat=0
split_feature=10 16 13
split_gain=5.08513 4.87304 13.1116
threshold=17232.405951515368 222.9449942182288 35.572889945319623
decision_type=2 10 10
left_child=1 -1 -3
right_child=-2 2 -4
leaf_value=3.4693727470933131e-05 0.015667356332946216 0.0059281317752041722 -0.028441444362758726
leaf_weight=1570.4850811717959 20.934410020341602 18.712098019561381 22.061297942280362
leaf_count=52832 663 376 1264
internal_value=0 -0.000210973 -0.011172
internal_weight=1632.19 1611.26 40.7734
internal_count=55135 54472 1640
is_linear=0
shrinkage=0.0321881


Tree=1177
num_leaves=4
num_cat=0
split_feature=8 8 1
split_gain=4.1211 5.13093 9.86341
threshold=7144.3267065379141 4108.9534699085625 26.546474758131481
decision_type=2 2 2
left_child=1 -1 -3
right_child=-2 2 -4
leaf_value=-0.00029231439421209001 -0.010598220128674648 0 0.025852168235931016
leaf_weight=1531.6643040664023 37.876129172733272 59.169146877594358 22.830729104287457
leaf_count=53292 632 1073 263
internal_value=-0.000119833 8.81715e-05 0.00795009
internal_weight=1651.54 1613.66 81.9999
internal_count=55260 54628 1336
is_linear=0
shrinkage=0.0321881


Tree=1178
num_leaves=4
num_cat=0
split_feature=34 17 30
split_gain=4.65556 4.89506 4.68429
threshold=0.99723050004309388 5.470731051605056 0.86426673655850739
decision_type=2 10 2
left_child=2 -2 -1
right_child=1 -3 -4
leaf_value=0.0010777494293502177 -0.020477170794299848 0 -0.0035824799860245319
leaf_weight=1334.7373017506147 23.096010810868506 13.186467287548679 265.76926106672909
leaf_count=47857 406 1122 5869
internal_value=0 -0.0113593 0.000263698
internal_weight=1636.79 36.2825 1600.51
internal_count=55254 1528 53726
is_linear=0
shrinkage=0.0321881


Tree=1179
num_leaves=4
num_cat=1
split_feature=29 32 41
split_gain=7.42408 19.3716 18.7025
threshold=6.2264987797304805 -0.059593443124336003 0
decision_type=2 2 9
left_child=2 -2 -1
right_child=1 -3 -4
leaf_value=0.0077087541278669201 0 0.012855770653293949 -0.0094655734348023917
leaf_weight=82.535858769110064 1214.7487316384454 133.53028280813851 208.24603098013199
leaf_count=6544 35055 3499 9937
internal_value=0.00018582 0.00122914 -0.00442999
internal_weight=1639.06 1348.28 290.782
internal_count=55035 38554 16481
cat_boundaries=0 1
cat_threshold=536
is_linear=0
shrinkage=0.0321881


Tree=1180
num_leaves=4
num_cat=0
split_feature=15 10 14
split_gain=4.42812 13.1261 8.50584
threshold=0.52884813063269687 6940.3108144270882 301.32028458472121
decision_type=8 2 8
left_child=1 -1 -2
right_child=2 -3 -4
leaf_value=-0.01102254156335559 -0.0044366635195385393 0.0085595721920574911 0.00093369545733733284
leaf_weight=42.280899065395715 434.21415953729274 169.19353694711572 996.73369523826022
leaf_count=842 34270 3043 17194
internal_value=0 0.00433564 -0.000651875
internal_weight=1642.42 211.474 1430.95
internal_count=55349 3885 51464
is_linear=0
shrinkage=0.0321881


Tree=1181
num_leaves=4
num_cat=0
split_feature=31 11 33
split_gain=5.13201 10.5766 5.00006
threshold=0.55178974197075792 22.86401313593937 -0.88786947433188546
decision_type=2 8 2
left_child=-1 -2 -3
right_child=1 2 -4
leaf_value=0.00054870268966155419 -0.024068809577985385 0.012492124305544633 -0.0080111876639830295
leaf_weight=1576.357318345815 27.076423718221122 21.472791491032694 27.693755398589246
leaf_count=53874 575 312 593
internal_value=0.000115819 -0.0079754 0
internal_weight=1652.6 76.243 49.1665
internal_count=55354 1480 905
is_linear=0
shrinkage=0.0321881


Tree=1182
num_leaves=4
num_cat=0
split_feature=35 35 2
split_gain=5.19797 4.20224 5.77245
threshold=-0.0044581868075850928 0.0031824864246807823 28.738586783810902
decision_type=2 2 2
left_child=-1 2 -2
right_child=1 -3 -4
leaf_value=-0.0095792163873148709 -0.0023222460360219125 -0.0049126496638319753 0.0021430470333873687
leaf_weight=57.429439034533516 413.27093015173773 144.70024021108202 1024.39950872384
leaf_count=1930 32209 5405 15669
internal_value=-5.64262e-05 0.000250324 0.000814992
internal_weight=1639.8 1582.37 1437.67
internal_count=55213 53283 47878
is_linear=0
shrinkage=0.0321881


Tree=1183
num_leaves=4
num_cat=0
split_feature=30 5 10
split_gain=5.1453 13.5997 18.2032
threshold=0.77434757713232483 2.749334418013635 7942.0623980894043
decision_type=2 2 2
left_child=-1 -2 -3
right_child=1 2 -4
leaf_value=0.00067643548764434447 -0.0079246390615823042 -0.019361820763341326 0.012294195386943017
leaf_weight=1279.0404078108654 250.40368059172761 22.468583621568541 89.338235661072758
leaf_count=47036 6163 548 1507
internal_value=-0.000240977 -0.00365461 0.00533667
internal_weight=1641.25 362.21 111.807
internal_count=55254 8218 2055
is_linear=0
shrinkage=0.0321881


Tree=1184
num_leaves=4
num_cat=0
split_feature=14 15 16
split_gain=5.2111 16.8352 14.5437
threshold=593.95612129041172 1.012167009856193 218.05089909952829
decision_type=10 10 10
left_child=2 -2 -1
right_child=1 -3 -4
leaf_value=-0.00034581632641717089 -0.0066599158494002678 0.019293802969091244 -0.028992571196611402
leaf_weight=1527.2933549732197 44.785333382627869 53.775414870760869 18.461783851347718
leaf_count=52505 958 961 941
internal_value=-0.000238243 0.00686824 -0.00073355
internal_weight=1644.32 98.5607 1545.76
internal_count=55365 1919 53446
is_linear=0
shrinkage=0.0321881


Tree=1185
num_leaves=4
num_cat=1
split_feature=10 44 4
split_gain=7.70943 27.3949 17.7469
threshold=10375.612113214591 0 1401.4511744584784
decision_type=2 9 2
left_child=-1 -2 -3
right_child=1 2 -4
leaf_value=0.0013230365924846979 -0.022748938780084035 -0.0037745779470873967 0.0092490838855648887
leaf_weight=928.7963461279968 56.772980284638379 513.08372962241162 135.99405422854556
leaf_count=28036 9346 14519 3263
internal_value=-0.000556078 -0.00311854 -0.000931063
internal_weight=1634.65 705.851 649.078
internal_count=55164 27128 17782
cat_boundaries=0 1
cat_threshold=262720
is_linear=0
shrinkage=0.0321881


Tree=1186
num_leaves=4
num_cat=1
split_feature=34 42 32
split_gain=5.43598 5.53631 12.536
threshold=-0.026602050230127808 0 -0.716016132407435
decision_type=2 9 2
left_child=-1 -2 -3
right_child=1 2 -4
leaf_value=-0.0054649901270798747 0.0013048187696097836 0.003380604210113439 -0.017116584737415293
leaf_weight=164.86881561431733 1371.443331202993 58.50214815191157 56.957692320509523
leaf_count=5870 47319 805 1415
internal_value=3.41669e-05 0.00068752 -0.0057019
internal_weight=1651.77 1486.9 115.46
internal_count=55409 49539 2220
cat_boundaries=0 1
cat_threshold=393742
is_linear=0
shrinkage=0.0321881


Tree=1187
num_leaves=4
num_cat=0
split_feature=14 5 3
split_gain=5.33015 10.1116 15.7036
threshold=195.25741797120489 1.6905263120775353 159.97300016246598
decision_type=10 2 2
left_child=1 -1 -3
right_child=-2 2 -4
leaf_value=0.0017740858479638885 0.00095708387348150312 0.0023158341016361553 -0.021837695368173485
leaf_weight=113.23608352369638 1423.1337579938818 41.760359933600739 63.613122262532215
leaf_count=11573 35734 2118 5782
internal_value=0.000201104 -0.00442494 -0.0116786
internal_weight=1641.74 218.61 105.373
internal_count=55207 19473 7900
is_linear=0
shrinkage=0.0321881


Tree=1188
num_leaves=4
num_cat=0
split_feature=30 10 17
split_gain=5.03816 11.7054 16.0873
threshold=-0.58555852298651812 5305.4882687268982 5.263792870668266
decision_type=2 2 10
left_child=1 2 -1
right_child=-2 -3 -4
leaf_value=-0.0018403716074424006 0.0015021064112611812 -0.0044181081839999555 0.024915637184579766
leaf_weight=54.985255396630123 1084.7793043881852 463.77658808556487 35.817783055709697
leaf_count=820 42813 10664 878
internal_value=0.000190749 -0.00225906 0.00805145
internal_weight=1639.36 554.58 90.803
internal_count=55175 12362 1698
is_linear=0
shrinkage=0.0321881


Tree=1189
num_leaves=4
num_cat=0
split_feature=30 1 2
split_gain=6.61783 13.583 14.9503
threshold=0.70782043976016518 15.069410067438836 47.687101226567968
decision_type=2 2 2
left_child=-1 -2 -3
right_child=1 2 -4
leaf_value=0.0011792007283755947 0.007278174543375363 -0.0093144814922300773 0.011105231071564799
leaf_weight=1225.2810441440497 89.186237392077146 288.46574546620468 39.742252597687184
leaf_count=45399 4347 5030 552
internal_value=0 -0.00351246 -0.00664173
internal_weight=1642.68 417.394 328.208
internal_count=55328 9929 5582
is_linear=0
shrinkage=0.0321881


Tree=1190
num_leaves=4
num_cat=0
split_feature=10 0 31
split_gain=4.80318 19.534 9.44976
threshold=16847.074621194264 869.4522804115951 -0.81139718599903665
decision_type=2 2 2
left_child=-1 2 -2
right_child=1 -3 -4
leaf_value=-6.5778097108467419e-05 0.014459311444513703 0.040491918859375135 -0.02939044781007041
leaf_weight=1597.5611508154934 7.6597167324866851 14.579588234264518 10.285135912001353
leaf_count=53945 547 210 331
internal_value=0.000144811 0.0123585 -0.00722564
internal_weight=1630.09 32.5244 17.9449
internal_count=55033 1088 878
is_linear=0
shrinkage=0.0321881


Tree=1191
num_leaves=4
num_cat=0
split_feature=10 16 2
split_gain=4.74182 14.0201 19.9678
threshold=14760.007399529963 212.86154465117446 31.267474905394437
decision_type=2 10 2
left_child=-1 2 -2
right_child=1 -3 -4
leaf_value=0.00052459116613242534 -0.02842976668054862 0.025600445470081251 0
leaf_weight=1497.414684448599 38.810885195380024 12.205001024543888 87.211414196361147
leaf_count=49679 3828 195 1391
internal_value=0 -0.00570129 -0.00927962
internal_weight=1635.64 138.227 126.022
internal_count=55093 5414 5219
is_linear=0
shrinkage=0.0321881


Tree=1192
num_leaves=4
num_cat=1
split_feature=25 33 43
split_gain=6.35398 12.1589 5.85774
threshold=15.4234992976257 0.23495285824683482 0
decision_type=2 2 9
left_child=2 -2 -1
right_child=1 -3 -4
leaf_value=0.0053283902006955449 0.033059588326922691 -0.017707591422892702 -0.0011345947286110997
leaf_weight=149.15351055790256 15.510510595120651 5.110636668558981 1472.1975455330983
leaf_count=8430 568 3944 42147
internal_value=-0.000208903 0.0173658 -0.000474211
internal_weight=1641.97 20.6211 1621.35
internal_count=55089 4512 50577
cat_boundaries=0 1
cat_threshold=16
is_linear=0
shrinkage=0.0321881


Tree=1193
num_leaves=4
num_cat=1
split_feature=31 44 10
split_gain=5.26993 11.09 28.4763
threshold=-0.44580724692767498 0 9870.3486186253213
decision_type=2 9 2
left_child=1 2 -1
right_child=-2 -3 -4
leaf_value=0.012819455651867127 0.0022844405171772502 -0.0033052298381489611 -0.012958184237268701
leaf_weight=150.38551414131916 718.48812670594725 723.11523811120355 60.740316584018046
leaf_count=9801 13702 19562 12123
internal_value=0.000178489 -0.00137312 0.00486554
internal_weight=1652.73 934.241 211.126
internal_count=55188 41486 21924
cat_boundaries=0 1
cat_threshold=397888
is_linear=0
shrinkage=0.0321881


Tree=1194
num_leaves=4
num_cat=1
split_feature=31 42 10
split_gain=4.68632 8.38404 14.5013
threshold=-0.78336330935828302 0 9433.5300564201771
decision_type=2 9 2
left_child=1 2 -1
right_child=-2 -3 -4
leaf_value=0.026658223799393272 0.0011907711993439497 -0.0036978674188904363 -0.0087597716895312667
leaf_weight=27.291236492987991 1086.3000920461532 514.58653702673701 17.464677824982118
leaf_count=617 24604 29151 784
internal_value=-2.68955e-06 -0.00243386 0.00936662
internal_weight=1645.64 559.342 44.7559
internal_count=55156 30552 1401
cat_boundaries=0 1
cat_threshold=262692
is_linear=0
shrinkage=0.0321881


Tree=1195
num_leaves=4
num_cat=1
split_feature=25 44 25
split_gain=4.513 11.757 9.20336
threshold=5.7349365267202268 0 13.864037830230194
decision_type=2 9 2
left_child=-1 2 -2
right_child=1 -3 -4
leaf_value=-4.9999367168078107e-05 -0.0050978961896421503 -0.019524516022104272 0.025360810751232588
leaf_weight=1551.2491995287558 27.126367780045257 33.38757852250842 14.590017612463269
leaf_count=45755 754 7989 609
internal_value=-0.000465075 -0.0081658 0.00332674
internal_weight=1626.35 75.104 41.7164
internal_count=55107 9352 1363
cat_boundaries=0 1
cat_threshold=66
is_linear=0
shrinkage=0.0321881


Tree=1196
num_leaves=4
num_cat=0
split_feature=30 2 4
split_gain=6.25692 12.2584 11.3643
threshold=0.70782043976016518 49.581631436322304 2052.3731180687332
decision_type=2 2 2
left_child=-1 2 -2
right_child=1 -3 -4
leaf_value=0.001461580750928925 -0.0061640157012726442 0.017333626913697234 0.018865502703756639
leaf_weight=1229.8347302153131 359.89312699897232 26.741914072277723 18.509060570956535
leaf_count=45232 8943 366 351
internal_value=0.000283137 -0.00313573 -0.00476047
internal_weight=1634.98 405.144 378.402
internal_count=54892 9660 9294
is_linear=0
shrinkage=0.0321881


Tree=1197
num_leaves=4
num_cat=0
split_feature=13 16 2
split_gain=4.65033 15.6919 15.1648
threshold=20.979211237868817 85.684954433832374 11.729826569686852
decision_type=8 8 2
left_child=-1 -2 -3
right_child=1 2 -4
leaf_value=0.0028967578682739669 -0.02421710736438128 0.021642433443274402 -0.0012914775086285636
leaf_weight=343.07171149617704 30.145747194983642 30.187195746909993 1244.9854502812141
leaf_count=7143 20027 7465 20731
internal_value=-0.000380516 -0.00129103 -0.000694703
internal_weight=1648.39 1305.32 1275.17
internal_count=55366 48223 28196
is_linear=0
shrinkage=0.0321881


Tree=1198
num_leaves=4
num_cat=0
split_feature=30 31 30
split_gain=4.89273 8.71924 11.269
threshold=-0.96747441913289334 -0.3916345642423984 0.8024333197399095
decision_type=2 2 2
left_child=-1 -2 -3
right_child=1 2 -4
leaf_value=-0.0058392382760081131 -0.0013334298709487635 0.008207476013496728 -0.00095218250927589564
leaf_weight=140.38280811076925 973.89371564594967 282.256799069914 252.51189808496929
leaf_count=2605 42644 4744 5397
internal_value=-6.41752e-05 0.000431822 0.00376483
internal_weight=1649.05 1508.66 534.769
internal_count=55390 52785 10141
is_linear=0
shrinkage=0.0321881


end of trees

feature_importances:
cell_dist_m=306
lithology_class=289
rain_30d_mm=211
nearest_river_order=197
doy_sin=172
aspect_sin=163
doy_cos=154
soil_soc_0_5cm_dg_kg=150
distance_to_nearest_river_m=135
aspect_cos=134
soil_cfvo_0_5cm_cm3_dm3=131
is_monsoon=113
highway=108
slope_max_deg=105
slope_mean_deg=102
landcover_class=100
upslope_basin_area_km2=89
rain_15d_mm=88
days_since_rain=87
month=70
soil_silt_0_5cm_pct=65
soil_sand_0_5cm_pct=60
aspect_mean_deg=59
nearest_river_discharge_cms=55
soil_bdod_0_5cm_cg_cm3=52
elevation_mean=45
surface=43
soil_clay_0_5cm_pct=42
rain_max_1d_in_3d_mm=40
soil_phh2o_0_5cm_ph10=25
tunnel=25
id_ratio_1d=23
bridge=23
maxspeed=20
id_ratio_7d=19
id_exceed_1d=18
id_exceed_7d=13
api_mm=12
rain_1d_mm=11
id_ratio_3d=11
length_m=8
rain_7d_mm=8
soil_is_missing=8
id_exceed_3d=5
rain_3d_mm=3

parameters:
[boosting: gbdt]
[objective: binary]
[metric: custom]
[tree_learner: serial]
[device_type: cpu]
[data_sample_strategy: bagging]
[data: ]
[valid: ]
[num_iterations: 1200]
[learning_rate: 0.0321881]
[num_leaves: 4]
[num_threads: 0]
[seed: 42]
[deterministic: 1]
[force_col_wise: 0]
[force_row_wise: 1]
[histogram_pool_size: -1]
[max_depth: 11]
[min_data_in_leaf: 364]
[min_sum_hessian_in_leaf: 0.001]
[bagging_fraction: 0.697131]
[pos_bagging_fraction: 1]
[neg_bagging_fraction: 1]
[bagging_freq: 1]
[bagging_seed: 400]
[bagging_by_query: 0]
[feature_fraction: 0.853148]
[feature_fraction_bynode: 1]
[feature_fraction_seed: 30056]
[extra_trees: 0]
[extra_seed: 12879]
[early_stopping_round: 0]
[early_stopping_min_delta: 0]
[first_metric_only: 0]
[max_delta_step: 0]
[lambda_l1: 1.97878]
[lambda_l2: 0.236966]
[linear_lambda: 0]
[min_gain_to_split: 0.839264]
[drop_rate: 0.1]
[max_drop: 50]
[skip_drop: 0.5]
[xgboost_dart_mode: 0]
[uniform_drop: 0]
[drop_seed: 17869]
[top_rate: 0.2]
[other_rate: 0.1]
[min_data_per_group: 100]
[max_cat_threshold: 32]
[cat_l2: 10]
[cat_smooth: 10]
[max_cat_to_onehot: 4]
[top_k: 20]
[monotone_constraints: 0,0,0,0,0,0,0,0,0,0,0,0,0,0,0,0,0,0,1,1,1,1,1,1,1,0,1,1,1,0,0,0,0,0,0,0,0,0,1,1,1,0,0,0,0]
[monotone_constraints_method: basic]
[monotone_penalty: 0]
[feature_contri: ]
[forcedsplits_filename: ]
[refit_decay_rate: 0.9]
[cegb_tradeoff: 1]
[cegb_penalty_split: 0]
[cegb_penalty_feature_lazy: ]
[cegb_penalty_feature_coupled: ]
[path_smooth: 0]
[interaction_constraints: ]
[verbosity: -1]
[saved_feature_importance_type: 0]
[use_quantized_grad: 0]
[num_grad_quant_bins: 4]
[quant_train_renew_leaf: 0]
[stochastic_rounding: 1]
[linear_tree: 0]
[max_bin: 255]
[max_bin_by_feature: ]
[min_data_in_bin: 3]
[bin_construct_sample_cnt: 200000]
[data_random_seed: 175]
[is_enable_sparse: 1]
[enable_bundle: 1]
[use_missing: 1]
[zero_as_missing: 0]
[feature_pre_filter: 1]
[pre_partition: 0]
[two_round: 0]
[header: 0]
[label_column: ]
[weight_column: ]
[group_column: ]
[ignore_column: ]
[categorical_feature: 41,42,43,44]
[forcedbins_filename: ]
[precise_float_parser: 0]
[parser_config_file: ]
[objective_seed: 16083]
[num_class: 1]
[is_unbalance: 0]
[scale_pos_weight: 1.05823]
[sigmoid: 1]
[boost_from_average: 1]
[reg_sqrt: 0]
[alpha: 0.9]
[fair_c: 1]
[poisson_max_delta_step: 0.7]
[tweedie_variance_power: 1.5]
[lambdarank_truncation_level: 30]
[lambdarank_norm: 1]
[label_gain: ]
[lambdarank_position_bias_regularization: 0]
[eval_at: ]
[multi_error_top_k: 1]
[auc_mu_weights: ]
[num_machines: 1]
[local_listen_port: 12400]
[time_out: 120]
[machine_list_filename: ]
[machines: ]
[gpu_platform_id: -1]
[gpu_device_id: -1]
[gpu_device_id_list: ]
[gpu_use_dp: 0]
[num_gpu: 1]

end of parameters

pandas_categorical:[["motorway", "primary", "primary_link", "residential", "secondary", "secondary_link", "tertiary", "tertiary_link", "track", "trunk", "trunk_link", "unclassified"], ["G", "__missing__", "asphalt", "compacted", "concrete", "dirt", "earth", "fine_gravel", "grass", "gravel", "ground", "metal", "metalled", "mud", "paved", "paving_stones", "sand", "unhewn_cobblestone", "unpaved", "wood", "\u00f9np", "\u05d1\u05dc\u05ea\u05d9_\u05e1\u05dc\u05d5\u05dc"], ["10", "100", "30", "40", "50", "60", "80", "90"], ["mt", "mtpu", "pa", "scshbs", "scshmt", "scssmt", "smmx", "smmxcl", "smmxev", "smmxmt", "smshev", "smshmt", "ssmx", "ssmxcl", "sssh", "ssss", "sssscl", "suad", "sumx", "suss", "wb"]]
